# SPR0015_BOWSER_JUMP_FRONT

from smrpgpatchbuilder.datatypes.graphics.classes import CompleteSprite, AnimationPack, AnimationPackProperties, AnimationSequence, AnimationSequenceFrame, Mold, Tile, Clone
sprite = CompleteSprite(
    animation=AnimationPack(1, length=969, unknown=0x0002,
        properties=AnimationPackProperties(vram_size=2048,
            molds=[
                Mold(0, gridplane=False,
                    tiles=[
                        Tile(mirror=False, invert=False, format=0, length=6, subtile_bytes=[
                            None,
                            bytearray(b'\x00\x00\x00@\x04`$b@q\x06x$;\x00?\x00\x00\x00@\x07 \x05\x02\x06\x11\x0fH\x07\x00\x07|'),
                            bytearray(b'\x00\x06\x00\x07\x00\x03\x01\x00\x03\x00\x06\x01\x04\x03\x07\x00\x00\x06\x00\x05\x01\x03\x00\x00\x03\x03\x07\x07\x07\x07\x00\x07'),
                            bytearray(b'Ca\xe8\x81\xec\x01\xfa\x11\x87y#\xfd\xbc\x7f\x8c\x7f\x7f\xa0\xff`\x0f\x19wG\x9b\xe2\x9a\x9c\x80\x81\x001'),
                        ], is_16bit=False, y_plus=0, y_minus=0, x=111, y=96),
                        Tile(mirror=False, invert=False, format=0, length=7, subtile_bytes=[
                            bytearray(b'\x00\x00\x00\x00 \x81!\x91q\x03\xe2\x07=\xf7\xe0\xe3\xc0\x00\xc0\x00h\x81h\x90\xf8\n\xec\x1c\xf8\x00\xe5\x1b'),
                            bytearray(b'\x00\x00\x00\x80\x80\x80\x00\x80\x00\x80\x00\x80\x00\x80\x00\x00\x00\x00\x00\x80\x00\x00\x00\x00\x00\x00\x00\x80\x80\x80\x00\xc0'),
                            bytearray(b'"\xe0\x16\xc0a\xc4\xa4\x90\x1e\xe6\xd5\xe8\xe5\xdag\x98\xef\x11\xdd#\xfe\x0f\x9c\x7f\xfe\xd9\r:%\x1ad\x9b'),
                            bytearray(b'\xc0\xcc\xe0<\xb0H\x88t\xecp\x04\x80\xb40\xac<\xc0,\xe0Dx\xf8\xfc|\xfct|\xf8\xfcx\xfc|'),
                        ], is_16bit=False, y_plus=0, y_minus=0, x=127, y=96),
                        Tile(mirror=False, invert=False, format=0, length=7, subtile_bytes=[
                            bytearray(b'\x0e\x01\x0f\x0f\x07\x06\x03# 0\nxP<S>\x0e\x01\x10\x1e9>\x1c?\x0f?GwCc``'),
                            bytearray(b"\xdf\'l\x93W\xd8\xf2\x98\xf2\x9d\xf3\x1fyo/vx\xe8(\xd3&\xedg\x8a`\x85\xe0\x10\x90\xcf\x89\xd6"),
                            bytearray(b'\x7fN\x18e\x1c!%\x02\x06\x06\x01\x04\x07\x08\x07\x08\x10\x10ee!!\x02\x02\x01\x07\x07\x06\x0f\x0e\x0f\r'),
                            bytearray(b'\x0c\x7f\xdew\xffw\x7fc\xb1\x02\x03\x00\t\x00\x9f\x00\x80\xff\x88w\xc8\xf7\xdc\xe3\xfdN\xff\xfc\xfe\xf7\xfc\xfb'),
                        ], is_16bit=False, y_plus=0, y_minus=0, x=111, y=112),
                        Tile(mirror=False, invert=False, format=0, length=7, subtile_bytes=[
                            bytearray(b'l\xb0\xb8@j\x02\x14\x04\xe4\xb4\x18\xf8\xd2\xf0]\x00O\x97\xb7G\x9d\xff\xfb\x7f\x1b\xff\x07\xff\x0f\xfd\xff\xa2'),
                            bytearray(b'\xbc\xfc\xfe\xe2\xbf\x87\xbc\x9c0\x10\x00\x01\n\x03\x01\x07\xfc\xfc\xfc\xe2\xf8\xc7\xe3\xdf\xef\xdf\xfe\xff\xfc\xfd\xf8\xf8'),
                            bytearray(b'z\xe0\x1d\xf0\xf8\x00\xf6\xc0\xe8\x00\xc9\x00\xfb\x03\xff\x03\x1f\xe5\x0f\xf2\xff\x07?\xc9\xff\x17\xef&\x0c\xf7\x0c\xf3'),
                            bytearray(b"9\x0f?\x0e#4\'\x10\x00\x00\x00\x00\x80\x00\xe0\x90\xe0\xc0\xe1\xc1\xf4\xf4\xf0\xd0\xe0\xe0\xf0\xf0\xf8xx\x98"),
                        ], is_16bit=False, y_plus=0, y_minus=0, x=127, y=112),
                        Tile(mirror=False, invert=False, format=0, length=5, subtile_bytes=[
                            bytearray(b'\x00\x00\x00\x00\x00\x00\x00\x00\x00\x00\x80\x80\x00\xc0@\x80\x00\x00\x00\x00\x00\x00\x80\x80\x80\x80\x00\x80@\xc0@\xc0'),
                            None,
                            bytearray(b'@\x80\xc0@\x00\xc0\x00\x80\x80\x00\x00\x00\x00\x00\x00\x00\xc0\xc0\x00\x00\xc0\xc0\x80\x80\x00\x00\x00\x00\x00\x00\x00\x00'),
                            None,
                        ], is_16bit=False, y_plus=0, y_minus=0, x=143, y=112),
                        Tile(mirror=False, invert=False, format=0, length=5, subtile_bytes=[
                            bytearray(b'\x05\x02\x01\x00\x00\x01\x00\x00\x00\x00\x00\x00\x00\x00\x00\x00\x07\x07\x01\x01\x01\x01\x00\x00\x00\x00\x00\x00\x00\x00\x00\x00'),
                            bytearray(b'\xff\x00\x97\x08\x00\x10\x00\x00\x00\x00\x00\x00\x00\x00\x00\x00\xc8\xaf\x88\x0f\x10\x10\x00\x00\x00\x00\x00\x00\x00\x00\x00\x00'),
                            None,
                            None,
                        ], is_16bit=False, y_plus=0, y_minus=0, x=111, y=128),
                        Tile(mirror=False, invert=False, format=0, length=5, subtile_bytes=[
                            bytearray(b'\xff\x01\xff\x00\x03\x00\x01\x00\x01\x00\x00\x00\x00\x00\x00\x00\x06\xf9\x02\xfe\x00\x02\x00\x00\x01\x01\x00\x00\x00\x00\x00\x00'),
                            bytearray(b'\xe0\xd0x\x80\xfc\x00\xfe\x00<\x02$\x00\x00\x00\x00\x00<\xdc~\x86\xfe\xf2\x8e\xc4\x16\x1e$$\x00\x00\x00\x00'),
                            None,
                            None,
                        ], is_16bit=False, y_plus=0, y_minus=0, x=127, y=128),
                    ]
                ),
                Mold(1, gridplane=False,
                    tiles=[
                        Tile(mirror=False, invert=False, format=0, length=6, subtile_bytes=[
                            None,
                            bytearray(b'\x00\x00\x00 \x00`\x08t\x04x\x00x@8|\x00\x01\x00\x1f\x00\x1fP\x1fT\x07H\x07LO,\x7f\x00'),
                            bytearray(b'\x00\x00\x00\x00\x00\x00\x00\x00\x02\x00\x0f\x00\x0f\x00\x0f\x03\x00\x00\x00\x00\x00\x00\x00\x00\x00\x00\x08\x08\x00\x00\x07\x04'),
                            bytearray(b'8pPp\x00`P@\x81\x90\x8b\x00\xfe\x01\x0e\xf1\x1f@\x1f\x08\x1fx\x7fx\xff\xf8\xfe\xf9\x00\x01\xfe\x0e'),
                        ], is_16bit=False, y_plus=0, y_minus=0, x=112, y=96),
                        Tile(mirror=False, invert=False, format=0, length=7, subtile_bytes=[
                            bytearray(b'\xa0\x80\x11\x008\x01:\x878\x87(\x87\x1c\x03\x1f\x00` \xfd\x11\xfe\x00|\x84x\x84|\x87\xff\x03\xfc\x03'),
                            bytearray(b'\x00\x00\x00\x80\x00\x80\x00\x80\x00\x80\x00\x00\x00\x00\x80\x00\x00\x00\x00\x80\x00\x80\x00\x80\x00\x80\x00\x00\x00\x00\x80\x00'),
                            bytearray(b"\x0c\x00.\x00.\x00-\x05C\x07H\x00\xbf\xc08\xc7\xff\x03\xfc\x02\xf8\x06\xff\x07\xff/\xff\'\x00\xc0?8"),
                            bytearray(b'\x80\x00\x00\x00\x00\x00\x00\x00\xa0\x80\xf8\x00\xf8\x00x\xe0\x80\x00\x00\x00\x00\x00\x00\x00\x80\x80\x88\x88\x00\x00\xf0\x10'),
                        ], is_16bit=False, y_plus=0, y_minus=0, x=128, y=96),
                        Tile(mirror=False, invert=False, format=0, length=7, subtile_bytes=[
                            bytearray(b"\x1cg\\\xc7\x98\x87\xb8\x87\x98\x87\x18\'<\x07\x1c\x17\x17P/\xa9oiohohOhg@\x07\x10"),
                            bytearray(b'\x12\xff\n\xff9\xefx\xdf\x00\xff\x00\xff\x02\xff\x04\xff\x9e\xe0\x1e\xb1\x0f0?\xc0\xff\x00\xff\x00\xfe\x00\xfe\x02'),
                            bytearray(b'\x0e\x03\x0f\x03\x0e\x03\r\x01\x0c\x00\x0b\x04\x1a\x04\x1c\x03\x06\x04\x06\x04\x02\x01\x01\x02\x04\x07\x0c\x0f\x0f\x1d\x07\x1f'),
                            bytearray(b'-\xff>\xfe\xfc\xbc\xf88r1B\x01\x04\xe3\x05\xf3>B~A|\x838\xc73\xcd\x02\xfd\xa4\xfa\x1c\x1a'),
                        ], is_16bit=False, y_plus=0, y_minus=0, x=112, y=112),
                        Tile(mirror=False, invert=False, format=0, length=7, subtile_bytes=[
                            bytearray(b'\xa4\xff(\xffN\xfb\x8f\xfd\x00\xff\x80\xff\xa0\xff\x10\xff<\x03<F\xf8\x86\xfe\x01\xff\x00\xff\x00?\x00? '),
                            bytearray(b'\x1c\xf3\x1d\xf1\x0c\xf0\x0e\xf0\x0c\xf0\x0c\xf2\x1e\xf0\x1c\xf4\xf4\x85z\xca{K{\x8b\xfb\x0b\xf9\x0b\xf3\x01\xf0\x04'),
                            bytearray(b"Z\xff\xbe?\x1f\x1e\x8f\x0e\'\xc6!\xc0\x10\xe3P\xe7>\xa1?\xc1\x1f\xe0\x0e\xf1\xe6\xd9 \xdf\x12/\x1c,"),
                            bytearray(b'8\xe0x\xe0\xb8\xe0\xd8@\x18\x00h\x10(\x90\x18\xe00\x100\x10 \xc0@\xa0\x10\xf0\x18\xf8\xf8\xd8pp'),
                        ], is_16bit=False, y_plus=0, y_minus=0, x=128, y=112),
                        Tile(mirror=False, invert=False, format=0, length=4, subtile_bytes=[
                            bytearray(b'\x00\x00\x00\x80\x80\x80\x80\x80\x80\x80\x00\x00\x00\x00\x00\x00\x00\x00\x00\x80\x00\x00\x00\x00\x00\x00\x00\x00\x00\x00\x00\x00'),
                            None,
                            None,
                            None,
                        ], is_16bit=False, y_plus=0, y_minus=0, x=144, y=112),
                        Tile(mirror=False, invert=False, format=0, length=5, subtile_bytes=[
                            bytearray(b'\x0f\x00\r\x02\x06\x03\x07\x01\x03\x00\x03\x00\x01\x00\x00\x00\x07\x0f\x03\x0f\x01\x07\x02\x05\x01\x02\x00\x03\x00\x01\x00\x00'),
                            bytearray(b'\x10\xe1\x03\xe0\xb6C\xf0\x03\xe5\xc7\xf6\x07\xe1\x01\x00\x00\x18\x0f\x11>\xb0\xbe\xc0\xfe\x18\xfe\x88\x7f\x0e\xef\x07\x07'),
                            None,
                            None,
                        ], is_16bit=False, y_plus=0, y_minus=0, x=112, y=128),
                        Tile(mirror=False, invert=False, format=0, length=5, subtile_bytes=[
                            bytearray(b'\x04\xc3\xe0\x03\xf6\xe1\x9b\xf0%\xfc\xeb\xfe\x8d\xfc\x03\x00\x0cx\xc4>\x06>\t\x17\x02\x1f\x00\x07\x02\xff\xfc\xff'),
                            bytearray(b'p\x88\\\xb0\xbcp\xf80\xf8`\xf0`\xf0\xc0\xe0\x00xxht\xc0\xfc\x80\xf8\x00\xf8\x00\xf0 \xd0@\xa0'),
                            None,
                            None,
                        ], is_16bit=False, y_plus=0, y_minus=0, x=128, y=128),
                    ]
                ),
                Mold(2, gridplane=False,
                    tiles=[
                        Tile(mirror=False, invert=False, format=0, length=7, subtile_bytes=[
                            bytearray(b'\x00\x00\x00\x00\x00\x00\x00\x00\x00\x00\x02\x03\x00\x03f\x7f\x00\x00\x00\x00\x00\x00\x00\x00\x01\x00\x03\x00\x03\x00\x07\t'),
                            bytearray(b'\x00\x07\x00\x05\x00\x0e \x03\xe4`\x04\xe2\x01\xfeA~\x00\x01\n\x05\x11\x0e\xfc\x03\xff\x00\xff\x02\xf9\x0e\xf9\x02'),
                            bytearray(b'v\xfc \xfes\xfcP\xff}\xff\x02\xff\x1d\x03\x1f\x01\x0f\x88\x8f\xd3\x0e\x8a\x03\x8e\x03\x82\xc1\xf9\x1c\x06\x1e\x00'),
                            bytearray(b"@>c=\xc1\x1dD\xdc\x11\xff\'\xefO\xef\xc8\xe8\xf3\x0b\xf3\r_/\xdc#\xff\x00\xef\x10/0(7"),
                        ], is_16bit=False, y_plus=0, y_minus=0, x=110, y=96),
                        Tile(mirror=False, invert=False, format=0, length=6, subtile_bytes=[
                            bytearray(b' \x00\xc0\x00\x00\xf2\x00\x86\x00\x82\x1d\x02\x0c\x00\xe0\x0c\xe0\x00\x80@\x00\xf2x\x86|\x82\xff\x03\xfc\x10\xf2\x0c'),
                            None,
                            bytearray(b'\xc0\xb8\x81\x80\x87\x00\xeb\xc8\xdb\xd6\xb6\xbf\x7f?\xf5\xcb\xc7\xb8\xff\x80\x7f\x80\xff\x1c\xde>\xbe~?\xf8\xcc\xf2'),
                            bytearray(b'\x00\x80\x00\x00\x00\x00 \xf0\xd0\xe0`\x80\x00\x80 \xa0\x00\x80\x00\x00\x00\x00\x80\x90\x10 `\x00\x80\xf0\xa0\xd0'),
                        ], is_16bit=False, y_plus=0, y_minus=0, x=126, y=96),
                        Tile(mirror=False, invert=False, format=0, length=7, subtile_bytes=[
                            bytearray(b' \x190\x19)\x1e\x11\x0e\x08\x180\x115\x13\x13\x13&\x11&\t!\x16\x11\x08\x07\x17\x0e\x0f\x0c\x0e\x0c\x0c'),
                            bytearray(b'\xbf\xd7\x7f\x9e\xce\xdb\xdc\x07\xfc\x83\x1e\xf1\xef\xf8\xf7\xf87_^\xbf\xfb\xfc\xe78O\xac\x13\xf2\r\x1d\x06\n'),
                            bytearray(b'\x03\x07\x04\x03\x03\x03\x00\x00\x00\x00\x00\x00\x00\x00\x01\x00\x08\x0c\x0c\x0b\x00\x03\x00\x00\x00\x00\x00\x00\x01\x01\x03\x02'),
                            bytearray(b'\xa0\xfcd\xfc\xf8\xf8 \x01f\x1dV\x7f\xbc?x\x7f\x03_\x03\xff\x07\xff>?\x00{\x80\xf1\xc0c\x80\xc7'),
                        ], is_16bit=False, y_plus=0, y_minus=0, x=110, y=112),
                        Tile(mirror=False, invert=False, format=0, length=7, subtile_bytes=[
                            bytearray(b'\x85\xff\n\xfc\x15\xe9\x07\xff\x0f\xff\x1f\xff\xff>\xfc\x1d\xf0\x80\xe3\x05\xf5\n\xff\x00\xff\x00\xff\x00\x7f@<#'),
                            bytearray(b'\xa6 LG\xc3\xc6\xc6\xc4\x84\x80\x04\x00\x84\x00.\xc0\xa6X\xc8\xb0\xc1>\xc2<\x84x\x04\xf8\x84x.\x10'),
                            bytearray(b'\xf0\x01y\x00\xf8\x00\xf8\x80\xf8\x00x\x81\xb8A\xb0@\xd0_\xc9\x8e\xf8\x1fh\x8f\xe8/h\xaf\xc8GP\xdf'),
                            bytearray(b"\xc9\xe6\x8e\x00\x04\x00\x04\x06\xcb\x06\'\xc0\xc8\xf0\xc0\x08\t6\x8cr\x0c\xf8\x00\xfa\xc94\'\x18\x08\x10\xc88"),
                        ], is_16bit=False, y_plus=0, y_minus=0, x=126, y=112),
                        Tile(mirror=False, invert=False, format=0, length=5, subtile_bytes=[
                            bytearray(b'\x04\x03\x00\x06\x01\x00\x03\x01\t\x06\x03\x0c\x07\x00\x01\x02\x07\x07\x07\x07\x03\x02\x06\x05\x0f\x0f\x0e\x0e\x01\x05\x02\x03'),
                            bytearray(b"\x84\x7f\xbd\xfb\x8f\xfc\t\xfeI\xfe\xd3>\xff\x00\xdf \x80\x7f\x04\xfb\x00\xff\x00\xc7\x81\x86\x81\x8e8\'`\x7f"),
                            None,
                            None,
                        ], is_16bit=False, y_plus=0, y_minus=0, x=110, y=128),
                        Tile(mirror=False, invert=False, format=0, length=5, subtile_bytes=[
                            bytearray(b'\xe0\x10\xc34\xe4\x9b\xfb\x04\xff\x00\xff\x00\xf9\x00\xf0\x00\xd0_\xb4\xbc[\xdbg\xa6=\xde\x00\xff\x00\xf9\x00\xf0'),
                            bytearray(b'\xf8\x00\x80p\x18\xf8\xe3\x7f\xfe|\xfe\x00\xfc\x00\x00\x00\x08\x08pp\x80\xe0\x80\x7f\x82|x\x86\x00\xfc\x00\x00'),
                            None,
                            None,
                        ], is_16bit=False, y_plus=0, y_minus=0, x=126, y=128),
                    ]
                ),
                Mold(3, gridplane=False,
                    tiles=[
                        Tile(mirror=False, invert=False, format=0, length=7, subtile_bytes=[
                            bytearray(b'\x00\x00\x00\x00\x00\x00\x00\x00\x00\x00\x00\x00\x00\x00\x00\x00\x00\x00\x00\x00\x00\x00\x00\x00\x00\x00\x00\x00\x01\x00\x00\x00'),
                            bytearray(b'@@ \xc0 \xc1\x12\xe12p\tx\x11?8_\x00\x00#\x80&\x81\x16\xa1\x8f\x00\x8fP\xff \xbf@'),
                            bytearray(b'\x00\x00\x00\x01\x00\x01\x02\x01\x00\x03\x06\x03\x06\x03\x0f\x05\x00\x00\x01\x00\x01\x00\x02\x01\x00\x03\x04\x01\x04\x01\x08\x00'),
                            bytearray(b'\x84=\xc4:\xc98\x19\xf0\x17\xf8C\xfc\xdb\xbfv\xf9\xfc\xa3\xfd\x82\x7fA\xbe\xe2\x19!\x03<@$\x06\x89'),
                        ], is_16bit=False, y_plus=0, y_minus=0, x=110, y=98),
                        Tile(mirror=False, invert=False, format=0, length=7, subtile_bytes=[
                            bytearray(b'\x10\x00`\x80\xf8\x01\xa6\x01X\x07RM\xa3\x9d\x869\xf0\x00@\xa0\xf8\x01\xfeI\xba\xc3c\x99\xa1V\xc7\x00'),
                            bytearray(b'\x00\x00\x00\x00\x80\x00\x80\x00\x80\x00\xb0\x0c\xa0\xfc\x80\xf8\x00\x00\x00\x00\x80\x00\x80\x00\x80\x00\xb0\x88\xc0T\xc8\x08'),
                            bytearray(b'D?\xffFN\xc7\xb6\x1f\xbds\x9b\x87\xe77\xbf{\xcf/\xf7O\xff\xff\x9f\xff\xf7\x9f\x87\x7f\xcf\x1f\x8f_'),
                            bytearray(b'\x88\xf0\xf0\xc0\x84\x04\xb2p\xd8\x19\xe0\x01\xe3\x189\xc6\x98p\xe0\x1c\x94\xf8rLXf ?\xb9\xbe\xfe\xff'),
                        ], is_16bit=False, y_plus=0, y_minus=0, x=126, y=98),
                        Tile(mirror=False, invert=False, format=0, length=7, subtile_bytes=[
                            bytearray(b'\x1b\x04\x0e\x10\x17\x18;=#<M~K?+V\x17\x0e\x07\x1d\x03\x04\x02\x02\x01\x1e\x00{P_YZ'),
                            bytearray(b'\x8dpx\xb0\x89\x10\xf9\x81\xbb\xff\xd6>\xe7\x007\xe1\x82w\x8f\xfd\xff\xd1~\x13\x00GA\xaf\xff\x18\x1e\xe9'),
                            bytearray(b'\x1d\xc0\t\x00\x01\x00\x01\x01\x06\x03\x12\r\x07\x18\x0f\x00\xdd\xd8\x01\x00\x01\x00\x02\x03\x0c\x0b\x1f\x1f\x1d\x1d\x02\n'),
                            bytearray(b'\x1f\xe0\xbb\xe0|@<\xe0o\xf0\xaf\xf0\x9fp\xff \x1f\xe0\x1f\xe4\xbf\xc3\x1f\xe3\x0f\x90\x0f\x10\x0e1Po'),
                        ], is_16bit=False, y_plus=0, y_minus=0, x=110, y=114),
                        Tile(mirror=False, invert=False, format=0, length=7, subtile_bytes=[
                            bytearray(b'\x1fpw\xc8\xdb\x81\x93\x81v1\xf7\x03\xf7y\x16\xe9\x81\xfe)\xdef\xbd~\xed\xce\xb9\xfc\n\x8ez\x0c\xfc'),
                            bytearray(b'\xe5\x1a\xb0O5\xf2\xd5\xf2\xd3\xf4\xf5\xf2d\xf2l\xf0_>\xdf\xff\x1f\xfe\x1e?\x0f>\x0f\x1b\x0e\x1a\x0e\x92'),
                            bytearray(b'\xff\xc0\xa3\xde\x7f\x0f#\x1fg\x1f \x1f\xf5\n\xff\x00#\xdd\x19\xf9\xc0\xa0\xe0\xd4\xc0\xb8\xc9\xefr\x9b\x1f\xf9'),
                            bytearray(b'\x8cp\xf8\x00X\x98x\xf8x\xb0\xf8\x00\xc0\x80\xf0\x80^r\xce\xf6\xe6\xfe\x06\xfe\xce\xb6\xff\x07\x7f\xbf\x7f\x8f'),
                        ], is_16bit=False, y_plus=0, y_minus=0, x=126, y=114),
                        Tile(mirror=False, invert=False, format=0, length=5, subtile_bytes=[
                            bytearray(b'\x03\x04\x00\x00\x00\x00\x00\x00\x00\x00\x00\x00\x00\x00\x00\x00\x04\x06\x00\x00\x00\x00\x00\x00\x00\x00\x00\x00\x00\x00\x00\x00'),
                            bytearray(b'\xbf@`\x80\x00\x00\x00\x00\x00\x00\x00\x00\x00\x00\x00\x00\xc0\xff\x80\xe0\x00\x00\x00\x00\x00\x00\x00\x00\x00\x00\x00\x00'),
                            None,
                            None,
                        ], is_16bit=False, y_plus=0, y_minus=0, x=110, y=130),
                        Tile(mirror=False, invert=False, format=0, length=5, subtile_bytes=[
                            bytearray(b'\xf2\x00\x7f\x01~\x03\x1f\x01\x0f\x00\x02\x01\x01\x02\x00\x00\x0f\xff\x02}\x00}\x00\x1c\x01\r\x01\x01\x02\x03\x00\x00'),
                            bytearray(b'\xe0\x80\xe1\x80c\x80B\xa0@\xa2\xda$R$\x00\x00\x7f\x9f\x7f\x9e\x7f\x9c\xff\xbd\xff\xffd\xfe$6\x00\x00'),
                            None,
                            None,
                        ], is_16bit=False, y_plus=0, y_minus=0, x=126, y=130),
                    ]
                ),
                Mold(4, gridplane=False,
                    tiles=[
                        Tile(mirror=False, invert=False, format=0, length=7, subtile_bytes=[
                            bytearray(b'\x00\x00\x00\x00\x00\x00\x00\x00\x00\x01\x01\x01\x01\x01\x00\x01\x00\x00\x00\x00\x00\x00\x00\x00\x00\x01\x00\x00\x00\x00\x00\x01'),
                            bytearray(b'\x00\x00\x00\x00q|\x1d\xec\x10\xe7\x00w\x06\xfeC\xfe\x00\x00\x02\x00\x0f\x08\x1f\xe0\x17\xcb\x87[\x0f\xd8G\xbc'),
                            bytearray(b'\x01\x00\x01\x00\x01\x01\x01\x01\x00\x01\x00\x00\x00\x00\x03\x1c\x01\x01\x01\x01\x00\x00\x00\x00\x00\x01\x00\x00\x00\x00\x03\x10'),
                            bytearray(b'\x01\xff\x18\xfe\xb0\xf0\xd3\xf0\x08\xe2\xc0\x08\x7f\x00\x7f\x00\xe78\xff\x80wN\x1d-?\xff\xff?` \xc0\xc0'),
                        ], is_16bit=False, y_plus=0, y_minus=0, x=111, y=97),
                        Tile(mirror=False, invert=False, format=0, length=6, subtile_bytes=[
                            bytearray(b'\x00\x03#\x03\n\x87\x12/\x0e\x11\x82\x10\x04\x00j\x00@\x03\xe0\x00x\xb1\xd9=\xef\x11\xee\x14\xfc\x80\xfe\x02'),
                            None,
                            bytearray(b' \x080D\x00D\x02 \x0b I\x00\xe9\x00\xff\x00\xf6\x08\xbbD\xbbD\xdf \xdf\xa0\xbe\xc1~`\x01\x01'),
                            bytearray(b'\x00\x00\x00\x00`\x00p\x80x\x80\xfc`\xc0~\x9a\xfc\x00\x00\x00\x00\x00\x00\xe0\xe0\xe0\xe0\xf4\x94\xf0\x92\xe2&'),
                        ], is_16bit=False, y_plus=0, y_minus=0, x=127, y=97),
                        Tile(mirror=False, invert=False, format=0, length=7, subtile_bytes=[
                            bytearray(b"\x111 #+\'\'\'\x07\x0f\x08\x07\x07\x07\x00\x00\x0e/\x1c\x1f\x18\x1c\x18\x18\x10\x18\x18\x17\x00\x07\x00\x00"),
                            bytearray(b'~\x07x\x0f\xf8\x8f\xf0\x8fp\xcf\xf0\x8f0\x0f8\x0f\x8f\x88\x8f\x81\x1e\x13\x1e\x12^\xd1_\x90\x1f\x10\x0f\x00'),
                            bytearray(b'\x00\x00\x00\x00\x00\x00\x00\x01\x00\x01\x00\x03\x02\x03\x02\x03\x00\x00\x00\x00\x00\x00\x00\x01\x00\x01\x00\x03\x00\x03\x00\x03'),
                            bytearray(b'8\x0f\x1cg^\xe7\xdd\xe6\xfb\xe2\xf8\xe06\xe8\xf7\xeb\x0f\x00\x0cH\x0c\x08\x05\x02\x02\x05\x08/\x18\xff\x1f\xfb'),
                        ], is_16bit=False, y_plus=0, y_minus=0, x=111, y=113),
                        Tile(mirror=False, invert=False, format=0, length=7, subtile_bytes=[
                            bytearray(b'\x1c\xe3$\xff\x14\xffr\x9f\xf1?\x00\xff\x01\xff\x03\xff\xfc\x1d<\xc0<b_!\xff\x00\xff\x00\xff\x00\xff\x00'),
                            bytearray(b'o\xf8c\xa2\xb9\x01\xe0\xe0\xe2\xe1\xe1\xe3\xe0\xe1\xb5\xe1\xf7\x93c\x1d\xc1~\xe0\x1f\xe0\x1f\xe0\x1e\xe2\x1f\x93\x0f'),
                            bytearray(b'\x07\xff_\xff\x7f\xff\xfe~\xfc\xfc\xf0p\xc1\x00\x03p\xff\x00\x7f\x80\xff\x80\xfe\x01\xfc\x83p\x8f\x00\xff\xd5\xfe'),
                            bytearray(b'\x1d\xf1K\xf3\x9f\x9f\x0f\x0e/\x0e\x9e|\x9ei\x1e\xe9\x8b\x87\x8f\xb7\xbf\x7f\x1f\xfe\x1f\xfe\xfd\x7f\x99o\x1e\x89'),
                        ], is_16bit=False, y_plus=0, y_minus=0, x=127, y=113),
                        Tile(mirror=False, invert=False, format=0, length=5, subtile_bytes=[
                            bytearray(b'\x00\x00\x00\x00\x00\x00\x80\x00\x00\xc0\x80\xc0\xc0\x00\x00\x00\x00\x00\x00\x00\x00\x00\x80\x80\x00\x80\x00\x00\xc0\x00\x80\x80'),
                            None,
                            bytearray(b'\x80\x00\x80\x00\x00\x00\x00\x00\x00\x00\x80\x00\x00\xc0\x00\xc0\x00\x80\x80\x00\x00\x00\x00\x00\x00\x00\x80\x00@\xc0\x00\xc0'),
                            None,
                        ], is_16bit=False, y_plus=0, y_minus=0, x=143, y=113),
                        Tile(mirror=False, invert=False, format=0, length=5, subtile_bytes=[
                            bytearray(b'\x03\x03\x13\x1d\x1d>|?g\x1f9\x07\x07\x00\x00\x00\x00\x02\x02\x05\x01\x02\x00\x01\x00X\x00>\x00\x07\x00\x00'),
                            bytearray(b'\xb8\xf6_\xf0\xdb\xfc\xe2={\xff\xc7\xfe\x1f\xe0\xe0\x00\x0f\x7f\x0c\xbc\x06\xfe\xc3\x1d\x01\x07\x01>\x00\xff\x00\xe0'),
                            None,
                            None,
                        ], is_16bit=False, y_plus=0, y_minus=0, x=111, y=129),
                        Tile(mirror=False, invert=False, format=0, length=5, subtile_bytes=[
                            bytearray(b'\x85|\x88p\x86pY\xa1\xfe\x03\xfa\x07\x8f\x07\x00\x01\x8f\x0e\x8f\x87\x89\x9f\xde\xde`\xfc\x00\xfc\x00\x8e\x00\x01'),
                            bytearray(b'G\xf0B0#\x00\xff\xa61\xdf\xbf\xc2\xa0\xe0p\xe0\x1f\x98\xae\xfc\xff\xdcY\xa6 \x1f=\x02\x00@\x10\xe0'),
                            None,
                            None,
                        ], is_16bit=False, y_plus=0, y_minus=0, x=127, y=129),
                        Tile(mirror=False, invert=False, format=0, length=4, subtile_bytes=[
                            bytearray(b'\xc0\x00\x00\x00\x00\x00\x00\x00\x00\x00\x00\x00\x00\x00\x00\x00\xc0\x00\x00\x00\x00\x00\x00\x00\x00\x00\x00\x00\x00\x00\x00\x00'),
                            None,
                            None,
                            None,
                        ], is_16bit=False, y_plus=0, y_minus=0, x=143, y=129),
                    ]
                ),
                Mold(5, gridplane=False,
                    tiles=[
                        Tile(mirror=False, invert=False, format=0, length=6, subtile_bytes=[
                            None,
                            bytearray(b'\x00\x00\x00@\x04`$b@q\x06x$;\x00?\x00\x00\x00@\x07 \x05\x02\x06\x11\x0fH\x07\x00\x07|'),
                            bytearray(b'\x00\x06\x00\x07\x00\x03\x01\x00\x03\x00\x06\x01\x04\x03\x07\x00\x00\x06\x00\x05\x01\x03\x00\x00\x03\x03\x07\x07\x07\x07\x00\x07'),
                            bytearray(b'Ca\xe8\x81\xec\x01\xfa\x11\x87y#\xfd\xbc\x7f\x8c\x7f\x7f\xa0\xff`\x0f\x19wG\x9b\xe2\x9a\x9c\x80\x81\x001'),
                        ], is_16bit=False, y_plus=0, y_minus=0, x=111, y=96),
                        Tile(mirror=False, invert=False, format=0, length=7, subtile_bytes=[
                            bytearray(b'\x00\x00\x00\x00 \x81!\x91q\x03\xe2\x07=\xf7\xe0\xe3\xc0\x00\xc0\x00h\x81h\x90\xf8\n\xec\x1c\xf8\x00\xe5\x1b'),
                            bytearray(b'\x00\x00\x00\x80\x80\x80\x00\x80\x00\x80\x00\x80\x00\x80\x00\x00\x00\x00\x00\x80\x00\x00\x00\x00\x00\x00\x00\x80\x80\x80\x00\xc0'),
                            bytearray(b'"\xe0\x16\xc0a\xc4\xa4\x90\x1e\xe6\xd5\xe8\xe5\xdag\x98\xef\x11\xdd#\xfe\x0f\x9c\x7f\xfe\xd9\r:%\x1ad\x9b'),
                            bytearray(b'\xc0\xcc\xe0<\xb0H\x88t\xecp\x04\x80\xb40\xac<\xc0,\xe0Dx\xf8\xfc|\xfct|\xf8\xfcx\xfc|'),
                        ], is_16bit=False, y_plus=0, y_minus=0, x=127, y=96),
                        Tile(mirror=False, invert=False, format=0, length=7, subtile_bytes=[
                            bytearray(b'\x0e\x01\x1f\x1f\x07\x07\x01\x01\x00\xe0\xb4p@\xf8\xec8\x0e\x01\x00\x1e8?>?\x9f\xff\x8f\xcf\x87\x87CC'),
                            bytearray(b"\xdf\'l\x93W\xd8\xf2\x98\xf2\x9d\xf3\x1fyo/vx\xe8(\xd3&\xedg\x8a`\x85\xe0\x10\x90\xcf\x89\xd6"),
                            bytearray(b'|\x98h\x95!\x08\x05\x00\x03\x02\x03\x04\x07\x08\x07\x08\x81\x81\x9d\x9d\t\t\x02\x02\x05\x06\x0f\x0c\x0f\x0e\x0f\r'),
                            bytearray(b'\x0c\x7f\xdew\xffw\xffc\xb1\x02\x03\x00\t\x00\x9f\x00\x80\xff\x88w\xc8\xf7\xdc\xe3\xfdN\xff\xfc\xfe\xf7\xfc\xfb'),
                        ], is_16bit=False, y_plus=0, y_minus=0, x=111, y=112),
                        Tile(mirror=False, invert=False, format=0, length=7, subtile_bytes=[
                            bytearray(b'l\xb0\xb8@j\x02\x14\x04\xe4\xb4\x18\xf8\xd2\xf0]\x00O\x97\xb7G\x9d\xff\xfb\x7f\x1b\xff\x07\xff\x0f\xfd\xff\xa2'),
                            bytearray(b'\xbc\xfc\xfe\xe6\xbf\x8f\xbc\x9c0\x10\x00\x01\n\x03\x01\x07\xfc\xfc\xf8\xe6\xf0\xcf\xe3\xdf\xef\xdf\xfe\xff\xfc\xfd\xf8\xf8'),
                            bytearray(b'z\xe0\x1d\xf0\xf8\x00\xf6\xc0\xe8\x00\xc9\x00\xfb\x03\xff\x03\x1f\xe5\x0f\xf2\xff\x07?\xc9\xff\x17\xef&\x0c\xf7\x0c\xf3'),
                            bytearray(b'<\x07?\x07!*#\x08\x00\x00\x00\x00\x80\x00\xe0\x90\xf0\xc0\xe0\xd0\xea\xea\xe8\xc8\xe0\xe0\xf0\xf0\xf8xx\x98'),
                        ], is_16bit=False, y_plus=0, y_minus=0, x=127, y=112),
                        Tile(mirror=False, invert=False, format=0, length=5, subtile_bytes=[
                            bytearray(b'\x00\x00\x00\x00\x00\x00\x00\x00\x80\x80\x00\xc0@\x80\x00\xc0\x00\x00\x00\x00\x00\x00\x80\x80\x00\x80@\xc0@\xc0@\xc0'),
                            None,
                            bytearray(b'\xc0\x80\x80@\x80@\xc0\x00\x00\x00\x00\x00\x00\x00\x00\x00\x00\x00\xc0\xc0@@\x00\x00\x00\x00\x00\x00\x00\x00\x00\x00'),
                            None,
                        ], is_16bit=False, y_plus=0, y_minus=0, x=143, y=112),
                        Tile(mirror=False, invert=False, format=0, length=5, subtile_bytes=[
                            bytearray(b'\x05\x02\x01\x00\x00\x01\x00\x00\x00\x00\x00\x00\x00\x00\x00\x00\x07\x07\x01\x01\x01\x01\x00\x00\x00\x00\x00\x00\x00\x00\x00\x00'),
                            bytearray(b'\xff\x00\x97\x08\x00\x10\x00\x00\x00\x00\x00\x00\x00\x00\x00\x00\xc8\xaf\x88\x0f\x10\x10\x00\x00\x00\x00\x00\x00\x00\x00\x00\x00'),
                            None,
                            None,
                        ], is_16bit=False, y_plus=0, y_minus=0, x=111, y=128),
                        Tile(mirror=False, invert=False, format=0, length=5, subtile_bytes=[
                            bytearray(b'\xff\x01\xff\x00\x03\x00\x01\x00\x01\x00\x00\x00\x00\x00\x00\x00\x06\xf9\x02\xfe\x00\x02\x00\x00\x01\x01\x00\x00\x00\x00\x00\x00'),
                            bytearray(b'\xe0\xd0x\x80\xfc\x00\xfe\x00<\x02$\x00\x00\x00\x00\x00<\xdc~\x86\xfe\xf2\x8e\xc4\x16\x1e$$\x00\x00\x00\x00'),
                            None,
                            None,
                        ], is_16bit=False, y_plus=0, y_minus=0, x=127, y=128),
                    ]
                ),
                Mold(6, gridplane=False,
                    tiles=[
                        Tile(mirror=False, invert=False, format=0, length=6, subtile_bytes=[
                            None,
                            bytearray(b'\x00\x00\x00 \x00`\x08t\x04x\x00x@8|\x00\x01\x00\x1f\x00\x1fP\x1fT\x07H\x07LO,\x7f\x00'),
                            bytearray(b'\x00\x00\x00\x00\x00\x00\x00\x00\x02\x00\x0f\x00\x0f\x00\x0fs\x00\x00\x00\x00\x00\x00\x00\x00\x00\x00\x08\x08\x00\x00\x07D'),
                            bytearray(b'8pPp\x00`P@\x81\x90\x8b\x00\xfe\x01\x0e\xf1\x1f@\x1f\x08\x1fx\x7fx\xff\xf8\xfe\xf9\x00\x01\xfe\x0e'),
                        ], is_16bit=False, y_plus=0, y_minus=0, x=112, y=96),
                        Tile(mirror=False, invert=False, format=0, length=7, subtile_bytes=[
                            bytearray(b'\xa0\x80\x11\x008\x01:\x878\x87(\x87\x1c\x03\x1f\x00` \xfd\x11\xfe\x00|\x84x\x84|\x87\xff\x03\xfc\x03'),
                            bytearray(b'\x00\x00\x00\x80\x00\x80\x00\x80\x00\x80\x00\x00\x00\x00\x80\x00\x00\x00\x00\x80\x00\x80\x00\x80\x00\x80\x00\x00\x00\x00\x80\x00'),
                            bytearray(b"\x0c\x00.\x00.\x00-\x05C\x07H\x00\xbf\xc08\xc7\xff\x03\xfc\x02\xf8\x06\xff\x07\xff/\xff\'\x00\xc0?8"),
                            bytearray(b'\x80\x00\x00\x00\x00\x00\x00\x00\xa0\x80\xf8\x00\xf8\x00x\xe7\x80\x00\x00\x00\x00\x00\x00\x00\x80\x80\x88\x88\x00\x00\xf0\x11'),
                        ], is_16bit=False, y_plus=0, y_minus=0, x=128, y=96),
                        Tile(mirror=False, invert=False, format=0, length=7, subtile_bytes=[
                            bytearray(b"\\\xc7\x9c\x87\xb8\x87\x98\x87\x18\'8\x07\x1c\x07\x0c\x077\xb0oioiohOhoH\x07\x00\x07\x00"),
                            bytearray(b'\x12\xff\n\xff9\xefx\xdf\x00\xff\x00\xff\x02\xff\x04\xff\x9e\xe0\x1e\xb1\x0f0?\xc0\xff\x00\xff\x00\xfe\x00\xfe\x02'),
                            bytearray(b'\x0e\x03\x0f\x03\x0e\x03\r\x01\x0c\x00\x0b\x04\x1a\x04\x1c\x03\x06\x04\x06\x04\x02\x01\x01\x02\x04\x07\x0c\x0f\x0f\x1d\x07\x1f'),
                            bytearray(b'-\xff>\xfe\xfc\xbc\xf88r1B\x01\x04\xe3\x05\xf3>B~A|\x838\xc73\xcd\x02\xfd\xa4\xfa\x1c\x1a'),
                        ], is_16bit=False, y_plus=0, y_minus=0, x=112, y=112),
                        Tile(mirror=False, invert=False, format=0, length=7, subtile_bytes=[
                            bytearray(b'\xa4\xff(\xffN\xfb\x8f\xfd\x00\xff\x80\xff\xa0\xff\x10\xff<\x03<F\xf8\x86\xfe\x01\xff\x00\xff\x00?\x00? '),
                            bytearray(b'\x1d\xf1\x1c\xf0\x0e\xf0\x0c\xf0\x0c\xf2\x0e\xf0\x1c\xf0\x18\xf0\xf6\x86{\xcb{K{\x8b\xf9\x0b\xfb\t\xf0\x00\xf0\x00'),
                            bytearray(b"Z\xff\xbe?\x1f\x1e\x8f\x0e\'\xc6!\xc0\x10\xe3P\xe7>\xa1?\xc1\x1f\xe0\x0e\xf1\xe6\xd9 \xdf\x12/\x1c,"),
                            bytearray(b'8\xe0x\xe0\xb8\xe0\xd8@\x18\x00h\x10(\x90\x18\xe00\x100\x10 \xc0@\xa0\x10\xf0\x18\xf8\xf8\xd8pp'),
                        ], is_16bit=False, y_plus=0, y_minus=0, x=128, y=112),
                        Tile(mirror=False, invert=False, format=0, length=4, subtile_bytes=[
                            bytearray(b'\x00\x80\x80\x80\x80\x80\x80\x80\x00\x00\x00\x00\x00\x00\x00\x00\x00\x80\x00\x00\x00\x00\x00\x00\x00\x00\x00\x00\x00\x00\x00\x00'),
                            None,
                            None,
                            None,
                        ], is_16bit=False, y_plus=0, y_minus=0, x=144, y=112),
                        Tile(mirror=False, invert=False, format=0, length=5, subtile_bytes=[
                            bytearray(b'\x0f\x00\r\x02\x06\x03\x07\x01\x03\x00\x03\x00\x01\x00\x00\x00\x07\x0f\x03\x0f\x01\x07\x02\x05\x01\x02\x00\x03\x00\x01\x00\x00'),
                            bytearray(b'\x10\xe1\x03\xe0\xb6C\xf0\x03\xe5\xc7\xf6\x07\xe1\x01\x00\x00\x18\x0f\x11>\xb0\xbe\xc0\xfe\x18\xfe\x88\x7f\x0e\xef\x07\x07'),
                            None,
                            None,
                        ], is_16bit=False, y_plus=0, y_minus=0, x=112, y=128),
                        Tile(mirror=False, invert=False, format=0, length=5, subtile_bytes=[
                            bytearray(b'\x04\xc3\xe0\x03\xf6\xe1\x9b\xf0%\xfc\xeb\xfe\x8d\xfc\x03\x00\x0cx\xc4>\x06>\t\x17\x02\x1f\x00\x07\x02\xff\xfc\xff'),
                            bytearray(b'p\x88\\\xb0\xbcp\xf80\xf8`\xf0`\xf0\xc0\xe0\x00xxht\xc0\xfc\x80\xf8\x00\xf8\x00\xf0 \xd0@\xa0'),
                            None,
                            None,
                        ], is_16bit=False, y_plus=0, y_minus=0, x=128, y=128),
                    ]
                ),
                Mold(7, gridplane=False,
                    tiles=[
                        Tile(mirror=False, invert=False, format=0, length=7, subtile_bytes=[
                            bytearray(b'\x00\x00\x00\x00\x00\x00\x00\x00\x00\x00\x02\x03\x00\x03f\x7f\x00\x00\x00\x00\x00\x00\x00\x00\x01\x00\x03\x00\x03\x00\x07\t'),
                            bytearray(b'\x00\x07\x00\x05\x00\x0e \x03\xe4`\x04\xe2\x01\xfeA~\x00\x01\n\x05\x11\x0e\xfc\x03\xff\x00\xff\x02\xf9\x0e\xf9\x02'),
                            bytearray(b'v\xfc \xfes\xfcP\xff}\xff\x02\xff\x1d\x03\x1f\x01\x0f\x88\x8f\xd3\x0e\x8a\x03\x8e\x03\x82\xc1\xf9\x1c\x06\x1e\x00'),
                            bytearray(b"@>c=\xc1\x1dD\xdc\x11\xff\'\xefO\xef\xc8\xe8\xf3\x0b\xf3\r_/\xdc#\xff\x00\xef\x10/0(7"),
                        ], is_16bit=False, y_plus=0, y_minus=0, x=110, y=96),
                        Tile(mirror=False, invert=False, format=0, length=6, subtile_bytes=[
                            bytearray(b' \x00\xc0\x00\x00\xf2\x00\x86\x00\x82\x1d\x02\x0c\x00\xe0\x0c\xe0\x00\x80@\x00\xf2x\x86|\x82\xff\x03\xfc\x10\xf2\x0c'),
                            None,
                            bytearray(b'\xc0\xb8\x81\x80\x87\x00\xeb\xc8\xdb\xd6\xb6\xbf\x7f?\xf5\xcb\xc7\xb8\xff\x80\x7f\x80\xff\x1c\xde>\xbe~?\xf8\xcc\xf2'),
                            bytearray(b'\x00\x80\x00\x00\x00\x00 \xf0\xd0\xe0`\x80\x00\x80 \xa0\x00\x80\x00\x00\x00\x00\x80\x90\x10 `\x00\x80\xf0\xa0\xd0'),
                        ], is_16bit=False, y_plus=0, y_minus=0, x=126, y=96),
                        Tile(mirror=False, invert=False, format=0, length=7, subtile_bytes=[
                            bytearray(b' \x190\x19)\x1e\x1a\x00\x00\x07\x04\x0c\x18\x08\x1a\t&\x11&\t!\x16\x1d\x07\x00\x04\x03\x0b\x07\x07\x06\x07'),
                            bytearray(b'\xbf\xd7\x7f\x9e\xce\xdb\xdc\x07\xfc\x03~q\x0f\xf8\xf7\xf87_^\xbf\xfb\xfc\xe78\xcf,\xb3\xf2\r\xfd\x06\n'),
                            bytearray(b'\t\t\x01\x03\x02\x01\x01\x01\x00\x00\x00\x00\x00\x00\x01\x00\x06\x06\x04\x06\x06\x05\x00\x01\x00\x00\x00\x00\x01\x01\x03\x02'),
                            bytearray(b'\xf0\xfc\xc4\xfc8\xf8\xe0\xc1f\x1dV\x7f\xbc?x\x7f\x03\x0f\x03?\x07\xff>\xff\x00{\x80\xf1\xc0c\x80\xc7'),
                        ], is_16bit=False, y_plus=0, y_minus=0, x=110, y=112),
                        Tile(mirror=False, invert=False, format=0, length=7, subtile_bytes=[
                            bytearray(b'\x85\xff\n\xfc\x15\xe9\x07\xff\x0f\xff\x1f\xff\xff>\xfc\x1d\xf0\x80\xe3\x05\xf5\n\xff\x00\xff\x00\xff\x00\x7f@<#'),
                            bytearray(b'\xa6 LG\xc3\xc6\xc6\xc4\x84\x80\x04\x00\x84\x00.\xc0\xa6X\xc8\xb0\xc1>\xc2<\x84x\x04\xf8\x84x.\x10'),
                            bytearray(b'\xf0\x01y\x00\xf8\x00\xf8\x80\xf8\x00x\x81\xb8A\xb0@\xd0_\xc9\x8e\xf8\x1fh\x8f\xe8/h\xaf\xc8GP\xdf'),
                            bytearray(b"\xc9\xe6\x8e\x00\x04\x00\x04\x06\xcb\x06\'\xc0\xc8\xf0\xc0\x08\t6\x8cr\x0c\xf8\x00\xfa\xc94\'\x18\x08\x10\xc88"),
                        ], is_16bit=False, y_plus=0, y_minus=0, x=126, y=112),
                        Tile(mirror=False, invert=False, format=0, length=5, subtile_bytes=[
                            bytearray(b'\x04\x03\x00\x06\x01\x00\x03\x01\t\x06\x03\x0c\x07\x00\x01\x02\x07\x07\x07\x07\x03\x02\x06\x05\x0f\x0f\x0e\x0e\x01\x05\x02\x03'),
                            bytearray(b"\x84\x7f\xbd\xfb\x8f\xfc\t\xfeI\xfe\xd3>\xff\x00\xdf \x80\x7f\x04\xfb\x00\xff\x00\xc7\x81\x86\x81\x8e8\'`\x7f"),
                            None,
                            None,
                        ], is_16bit=False, y_plus=0, y_minus=0, x=110, y=128),
                        Tile(mirror=False, invert=False, format=0, length=5, subtile_bytes=[
                            bytearray(b'\xe0\x10\xc34\xe4\x9b\xfb\x04\xff\x00\xff\x00\xf9\x00\xf0\x00\xd0_\xb4\xbc[\xdbg\xa6=\xde\x00\xff\x00\xf9\x00\xf0'),
                            bytearray(b'\xf8\x00\x80p\x18\xf8\xe3\x7f\xfe|\xfe\x00\xfc\x00\x00\x00\x08\x08pp\x80\xe0\x80\x7f\x82|x\x86\x00\xfc\x00\x00'),
                            None,
                            None,
                        ], is_16bit=False, y_plus=0, y_minus=0, x=126, y=128),
                    ]
                ),
                Mold(8, gridplane=False,
                    tiles=[
                        Tile(mirror=False, invert=False, format=0, length=7, subtile_bytes=[
                            bytearray(b'\x00\x00\x00\x00\x00\x00\x00\x00\x00\x00\x00\x00\x00\x00\x00\x00\x00\x00\x00\x00\x00\x00\x00\x00\x00\x00\x00\x00\x01\x00\x00\x00'),
                            bytearray(b'@@ \xc0 \xc1\x12\xe12p\tx\x11?8_\x00\x00#\x80&\x81\x16\xa1\x8f\x00\x8fP\xff \xbf@'),
                            bytearray(b'\x00\x00\x00\x01\x00\x01\x02\x01\x00\x03\x0e\x03\x0e\x03\x07\t\x00\x00\x01\x00\x01\x00\x02\x01\x00\x03\x0c\x01\x0c\x01\x00\x0c'),
                            bytearray(b'\x84=\xc4:\xc98\x19\xf0\x17\xf8C\xfc\xdb\xbfv\xf9\xfc\xa3\xfd\x82\x7fA\xbe\xe2\x19!\x03<@$\x06\x89'),
                        ], is_16bit=False, y_plus=0, y_minus=0, x=110, y=98),
                        Tile(mirror=False, invert=False, format=0, length=7, subtile_bytes=[
                            bytearray(b'\x10\x00`\x80\xf8\x01\xa6\x01X\x07RM\xa3\x9d\x869\xf0\x00@\xa0\xf8\x01\xfeI\xba\xc3c\x99\xa1V\xc7\x00'),
                            bytearray(b'\x00\x00\x00\x00\x80\x00\x80\x00\x80\x00\xb0\x0c\xa0\xfc\x80\xf8\x00\x00\x00\x00\x80\x00\x80\x00\x80\x00\xb0\x88\xc0T\xc8\x08'),
                            bytearray(b'D?\xffFN\xc7\xb6\x1f\xbds\x9b\x87\xe77\xbf{\xcf/\xf7O\xff\xff\x9f\xff\xf7\x9f\x87\x7f\xcf\x1f\x8f_'),
                            bytearray(b'\x88\xf0\xf0\xc0\x84\x04\xb2p\xd8\x19\xe0\x01\xe3\x189\xc6\x98p\xe0\x1c\x94\xf8rLXf ?\xb9\xbe\xfe\xff'),
                        ], is_16bit=False, y_plus=0, y_minus=0, x=126, y=98),
                        Tile(mirror=False, invert=False, format=0, length=7, subtile_bytes=[
                            bytearray(b'?8*<\xd3|\x1b\xfdU\xbc7\x8e2\x00\t\x00\x03\x06\x03\x11\x83\xfc\xa0\xb6\xa3\xbe\xb0\xb7\x12\x00\t\x00'),
                            bytearray(b'\x8dpx\xb0\x89\x10\xf9\x81\xbb\xff\xd6>\xe7\x007\xe1\x82w\x8f\xfd\xff\xd1~\x13\x00GA\xaf\xff\x18\x1e\xe9'),
                            bytearray(b'\x01\x00\x01\x00\x01\x00\x01\x01\x06\x03\x12\r\x07\x18\x0f\x00\x01\x00\x01\x00\x01\x00\x02\x03\x0c\x0b\x1f\x1f\x1d\x1d\x02\n'),
                            bytearray(b'\x1f\xe0\xbb\xe0|@<\xe0o\xf0\xaf\xf0\x9fp\xff \x1f\xe0\x1f\xe4\xbf\xc3\x1f\xe3\x0f\x90\x0f\x10\x0e1Po'),
                        ], is_16bit=False, y_plus=0, y_minus=0, x=110, y=114),
                        Tile(mirror=False, invert=False, format=0, length=7, subtile_bytes=[
                            bytearray(b"\x1fpw\xc8\xdb\x81\x93\x81t3\xf5\x02\xf7h9\xce\x81\xfe)\xdef\xbd~\xed\xce\xbb\xfb\x0e\x89\x7f\'\xd7"),
                            bytearray(b'\xe5\x1a\xb0O5\xf2\xd5\xf2\xd3\xf4\xf5rD\xf2\xacp_>\xdf\xff\x1f\xfe\x1e?\x0f>\x8f\x9b\x8e\x9a\xce\xd2'),
                            bytearray(b'\xec\x9f\xe3\x9f\xce?R/r\r\x1f\x00\xd3\x01\xf3\x11a\x91\x00\xf4\xd0\x11\xc5\xed\xef\xed\xf9\xee>\xfd\x0e\xfd'),
                            bytearray(b'\xcc0X\xa0x\x98\xf8\xb8x\xb0\xf8\x00\xc0\x80\xf0\x80\xbe\xb2\xee\xf6\xc6\xfeF\xbeN\xb6\xff\x07\x7f\xbf\x7f\x8f'),
                        ], is_16bit=False, y_plus=0, y_minus=0, x=126, y=114),
                        Tile(mirror=False, invert=False, format=0, length=5, subtile_bytes=[
                            bytearray(b'\x03\x04\x00\x00\x00\x00\x00\x00\x00\x00\x00\x00\x00\x00\x00\x00\x04\x06\x00\x00\x00\x00\x00\x00\x00\x00\x00\x00\x00\x00\x00\x00'),
                            bytearray(b'\xbf@`\x80\x00\x00\x00\x00\x00\x00\x00\x00\x00\x00\x00\x00\xc0\xff\x80\xe0\x00\x00\x00\x00\x00\x00\x00\x00\x00\x00\x00\x00'),
                            None,
                            None,
                        ], is_16bit=False, y_plus=0, y_minus=0, x=110, y=130),
                        Tile(mirror=False, invert=False, format=0, length=5, subtile_bytes=[
                            bytearray(b'\xf9\t{\x03~\x03\x1f\x01\x0f\x00\x02\x01\x01\x02\x00\x00\x06\xff\x04\x7f\x00}\x00\x1c\x01\r\x01\x01\x02\x03\x00\x00'),
                            bytearray(b'\xa0\xc0\xa1\xc0#\xc0\x02\xe0@\xa2\xda$R$\x00\x00?\xdf?\xde?\xdc\xbf\xfd\xff\xffd\xfe$6\x00\x00'),
                            None,
                            None,
                        ], is_16bit=False, y_plus=0, y_minus=0, x=126, y=130),
                    ]
                ),
                Mold(9, gridplane=False,
                    tiles=[
                        Tile(mirror=False, invert=False, format=0, length=7, subtile_bytes=[
                            bytearray(b'\x00\x00\x00\x00\x00\x00\x00\x00\x00\x01\x01\x01\x01\x01\x00\x01\x00\x00\x00\x00\x00\x00\x00\x00\x00\x01\x00\x00\x00\x00\x00\x01'),
                            bytearray(b'\x00\x00\x00\x00q|\x1d\xec\x10\xe7\x00w\x06\xfeC\xfe\x00\x00\x02\x00\x0f\x08\x1f\xe0\x17\xcb\x87[\x0f\xd8G\xbc'),
                            bytearray(b'\x01\x00\x01\x00\x01\x01\x01\x01\x00\x01\x00\x00\x00\x00\x03\x1c\x01\x01\x01\x01\x00\x00\x00\x00\x00\x01\x00\x00\x00\x00\x03\x10'),
                            bytearray(b'\x01\xff\x18\xfe\xb0\xf0\xd3\xf0\x08\xe2\xc0\x08\x7f\x00\x7f\x00\xe78\xff\x80wN\x1d-?\xff\xff?` \xc0\xc0'),
                        ], is_16bit=False, y_plus=0, y_minus=0, x=111, y=97),
                        Tile(mirror=False, invert=False, format=0, length=6, subtile_bytes=[
                            bytearray(b'\x00\x03#\x03\n\x87\x12/\x0e\x11\x82\x10\x04\x00j\x00@\x03\xe0\x00x\xb1\xd9=\xef\x11\xee\x14\xfc\x80\xfe\x02'),
                            None,
                            bytearray(b' \x080D\x00D\x02 \x0b I\x00\xe9\x00\xff\x00\xf6\x08\xbbD\xbbD\xdf \xdf\xa0\xbe\xc1~`\x01\x01'),
                            bytearray(b'\x00\x00\x00\x00`\x00p\x80x\x80\xfc`\xc0~\x9a\xfc\x00\x00\x00\x00\x00\x00\xe0\xe0\xe0\xe0\xf4\x94\xf0\x92\xe2&'),
                        ], is_16bit=False, y_plus=0, y_minus=0, x=127, y=97),
                        Tile(mirror=False, invert=False, format=0, length=7, subtile_bytes=[
                            bytearray(b'\x00\x00\x00\x00\x00\x07\x04\x0c\x08\x08\n\t\t\t\x01\x03\x00\x00\x00\x00\x00\x05\x03\x0b\x07\x07\x06\x07\x06\x06\x04\x06'),
                            bytearray(b'~\x87\xf8\x0fx\x8fp\x0fp\x8f\xf0\xcf\xf0\xcf\xf8\xcf\xcf\xc8\x8f\x81\x1e\x93\x9e\x92\x1e\x91\x1f\x10\x1f\x10\x0f\x00'),
                            bytearray(b'\x02\x01\x01\x01\x00\x00\x00\x01\x00\x01\x00\x03\x02\x03\x02\x03\x06\x05\x00\x01\x00\x00\x00\x01\x00\x01\x00\x03\x00\x03\x00\x03'),
                            bytearray(b'8\xcf\x9c\xe7^\xe7\xdd\xe6\xfb\xe2\xf8\xe06\xe8\xf7\xeb\x0f\xc0\x0c\xc8\x0c\x08\x05\x02\x02\x05\x08/\x18\xff\x1f\xfb'),
                        ], is_16bit=False, y_plus=0, y_minus=0, x=111, y=113),
                        Tile(mirror=False, invert=False, format=0, length=7, subtile_bytes=[
                            bytearray(b'\x1c\xe3$\xff\x14\xffr\x9f\xf1?\x00\xff\x01\xff\x03\xff\xfc\x1d<\xc0<b_!\xff\x00\xff\x00\xff\x00\xff\x00'),
                            bytearray(b'o\xf8c\xa2\xb9\x01\xe0\xe0\xe2\xe1\xe1\xe3\xe0\xe1\xb5\xe1\xf7\x93c\x1d\xc1~\xe0\x1f\xe0\x1f\xe0\x1e\xe2\x1f\x93\x0f'),
                            bytearray(b'\x07\xff_\xff\x7f\xff\xfe~\xfc\xfc\xf0p\xc1\x00\x03p\xff\x00\x7f\x80\xff\x80\xfe\x01\xfc\x83p\x8f\x00\xff\xd5\xfe'),
                            bytearray(b'\x1d\xf1K\xf3\x9f\x9f\x0f\x0e/\x0e\x9e|\x9ei\x1e\xe9\x8b\x87\x8f\xb7\xbf\x7f\x1f\xfe\x1f\xfe\xfd\x7f\x99o\x1e\x89'),
                        ], is_16bit=False, y_plus=0, y_minus=0, x=127, y=113),
                        Tile(mirror=False, invert=False, format=0, length=5, subtile_bytes=[
                            bytearray(b'\x00\x00\x00\x00\x00\x00\x80\x00\x00\xc0\x80\xc0\xc0\x00\x00\x00\x00\x00\x00\x00\x00\x00\x80\x80\x00\x80\x00\x00\xc0\x00\x80\x80'),
                            None,
                            bytearray(b'\x80\x00\x80\x00\x00\x00\x00\x00\x00\x00\x80\x00\x00\xc0\x00\xc0\x00\x80\x80\x00\x00\x00\x00\x00\x00\x00\x80\x00@\xc0\x00\xc0'),
                            None,
                        ], is_16bit=False, y_plus=0, y_minus=0, x=143, y=113),
                        Tile(mirror=False, invert=False, format=0, length=5, subtile_bytes=[
                            bytearray(b'\x03\x03\x13\x1d\x1d>|?g\x1f9\x07\x07\x00\x00\x00\x00\x02\x02\x05\x01\x02\x00\x01\x00X\x00>\x00\x07\x00\x00'),
                            bytearray(b'\xb8\xf6_\xf0\xdb\xfc\xe2={\xff\xc7\xfe\x1f\xe0\xe0\x00\x0f\x7f\x0c\xbc\x06\xfe\xc3\x1d\x01\x07\x01>\x00\xff\x00\xe0'),
                            None,
                            None,
                        ], is_16bit=False, y_plus=0, y_minus=0, x=111, y=129),
                        Tile(mirror=False, invert=False, format=0, length=5, subtile_bytes=[
                            bytearray(b'\x85|\x88p\x86pY\xa1\xfe\x03\xfa\x07\x8f\x07\x00\x01\x8f\x0e\x8f\x87\x89\x9f\xde\xde`\xfc\x00\xfc\x00\x8e\x00\x01'),
                            bytearray(b'G\xf0B0#\x00\xff\xa61\xdf\xbf\xc2\xa0\xe0p\xe0\x1f\x98\xae\xfc\xff\xdcY\xa6 \x1f=\x02\x00@\x10\xe0'),
                            None,
                            None,
                        ], is_16bit=False, y_plus=0, y_minus=0, x=127, y=129),
                        Tile(mirror=False, invert=False, format=0, length=4, subtile_bytes=[
                            bytearray(b'\xc0\x00\x00\x00\x00\x00\x00\x00\x00\x00\x00\x00\x00\x00\x00\x00\xc0\x00\x00\x00\x00\x00\x00\x00\x00\x00\x00\x00\x00\x00\x00\x00'),
                            None,
                            None,
                            None,
                        ], is_16bit=False, y_plus=0, y_minus=0, x=143, y=129),
                    ]
                ),
                Mold(10, gridplane=False,
                    tiles=[
                        Tile(mirror=False, invert=False, format=0, length=7, subtile_bytes=[
                            bytearray(b'\x00\x00\x00\x80\x08\xc1H\xc5\x80\xe2\r\xf0Hw\x01\x7f\x01\x00\x01\x80\x0eA\n\x05\r"\x1f\x90\x0f\x00\x0fx'),
                            bytearray(b'\x00\x00\x00\x01A\x03B#\xe2\x07\xc4\x0fz\xef\xc0\xc6\x80\x00\x80\x01\xd0\x02\xd0 \xf0\x14\xd89\xf1\x01\xca6'),
                            bytearray(b'\x06C\xd0\x03\xd8\x03\xf5#\x8e\xf3\xc7\xfb\xf9\xff\x98\xff\x7f@\xff\xc0\x1f2\xef\x8e\xb7\xc5\xb4\xb8\x80\x82\x80\xe3'),
                            bytearray(b'D\xc0,\x80\xc3\x88I =\xcc\xaa\xd1\xcb\xb4\xcf1\xde"\xbaF\xfc\x1f9\xfe\xfd\xb2\x1auK4\xc97'),
                        ], is_16bit=False, y_plus=0, y_minus=0, x=118, y=112),
                        Tile(mirror=False, invert=False, format=0, length=7, subtile_bytes=[
                            bytearray(b'\xde\xaf\t\x16>\x00u\x0b~@\x0f\x00\x01\x01\x00\x00\xd0\xb1\x01v=\x7fP\xdbb\xa3\x0c\xfc\x01\xfe\x00\x7f'),
                            bytearray(b'\xd9aq\x81\xfd\x01\xce`|\x00\xf0\x00\x00\x00\x00\x00\x9f/a\x8f=\xff:\xfbD\xc70?\x00\xff\x00\xfe'),
                            bytearray(b'pp>>\x0f\x0f\x0f\x0f\x03\x03\x00\x00\x00\x00\x00\x00p\x7f>?\x0f\x0f\x0f\x0f\x03\x03\x00\x00\x00\x00\x00\x00'),
                            bytearray(b'\x0e\x0e||\xf8\xf8\xf0\xf0\xc0\xc0\x00\x00\x00\x00\x00\x00\x0e\xfe|\xfc\xf8\xf8\xf0\xf0\xc0\xc0\x00\x00\x00\x00\x00\x00'),
                        ], is_16bit=False, y_plus=0, y_minus=0, x=118, y=128),
                    ]
                ),
                Mold(11, gridplane=False,
                    tiles=[
                        Tile(mirror=False, invert=False, format=0, length=7, subtile_bytes=[
                            bytearray(b'\x00\x00\x00\x80\x08\xc1H\xc5\x80\xe2\r\xf0Hw\x01\x7f\x01\x00\x01\x80\x0eA\n\x05\r"\x1f\x90\x0f\x00\x0fx'),
                            bytearray(b'\x00\x00\x00\x01A\x03B#\xe2\x07\xc4\x0fz\xef\xc0\xc6\x80\x00\x80\x01\xd0\x02\xd0 \xf0\x14\xd89\xf1\x01\xca6'),
                            bytearray(b'\x06C\xd0\x03\xd8\x03\xf5#\x8e\xf3\xc7\xfb\xf9\xff\x98\xff\x7f@\xff\xc0\x1f2\xef\x8e\xb7\xc5\xb4\xb8\x80\x82\x80\xe3'),
                            bytearray(b'D\xc0,\x80\xc3\x88I =\xcc\xaa\xd1\xcb\xb4\xcf1\xde"\xbaF\xfc\x1f9\xfe\xfd\xb2\x1auK4\xc97'),
                        ], is_16bit=False, y_plus=0, y_minus=0, x=118, y=112),
                        Tile(mirror=False, invert=False, format=0, length=7, subtile_bytes=[
                            bytearray(b'\xde\xaf\x89\x86\x1e\x00=\x03\x1d\x02\x07\x00\x00\x00\x00\x00\xd0\xb1\x81\xf6\x1d\xff(\xeb\x13s\x04\xfc\x00\xff\x00?'),
                            bytearray(b'\xd9as\x83\xfb\x03\xdc`x\x80\xe0\x00  \x80\x80\x9f/c\x8f;\xff4\xf6\xc8\xcf ? \xdf\x80\x7f'),
                            bytearray(b'pp????\x1f\x1f\x01\x01\x00\x00\x00\x00\x00\x00p\x7f????\x1f\x1f\x01\x01\x00\x00\x00\x00\x00\x00'),
                            bytearray(b'\x0e\x0e\x1c\x1c\xf0\xf0\xe0\xe0\xc0\xc0\x00\x00\x00\x00\x00\x00\x0e\xfe\x1c\xfc\xf0\xf0\xe0\xe0\xc0\xc0\x00\x00\x00\x00\x00\x00'),
                        ], is_16bit=False, y_plus=0, y_minus=0, x=118, y=128),
                    ]
                ),
                Mold(12, gridplane=False,
                    tiles=[
                        Tile(mirror=False, invert=False, format=0, length=7, subtile_bytes=[
                            bytearray(b'\x00\x00\x00\x80\x08\xc1H\xc5\x80\xe2\r\xf0Hw\x01\x7f\x01\x00\x01\x80\x0eA\n\x05\r"\x1f\x90\x0f\x00\x0fx'),
                            bytearray(b'\x00\x00\x00\x01A\x03B#\xe2\x07\xc4\x0fz\xef\xc0\xc6\x80\x00\x80\x01\xd0\x02\xd0 \xf0\x14\xd89\xf1\x01\xca6'),
                            bytearray(b'\x06C\xd0\x03\xd8\x03\xf5#\x8e\xf3\xc7\xfb\xf9\xff\x98\xff\x7f@\xff\xc0\x1f2\xef\x8e\xb7\xc5\xb4\xb8\x80\x82\x80\xe3'),
                            bytearray(b'D\xc0,\x80\xc3\x88I =\xcc\xaa\xd1\xcb\xb4\xcf1\xde"\xbaF\xfc\x1f9\xfe\xfd\xb2\x1auK4\xc97'),
                        ], is_16bit=False, y_plus=0, y_minus=0, x=118, y=112),
                        Tile(mirror=False, invert=False, format=0, length=7, subtile_bytes=[
                            bytearray(b'\xde\xafyf~\x00u\x0b>\x00\x1f\x00\x08\x08\x02\x02\xd0\xb1QV}\x7fP[&\xe7\x18\xf8\x08\xf7\x02\xfd'),
                            bytearray(b'\xd9ax\x80\xfe\x00\xce`|\x00\xf8\x00\x10\x10\x80\x80\x9f/h\x8f>\xff:\xfb`\xe3\x18\x1f\x10\xee\x80|'),
                            bytearray(b'``00\x0f\x0f\x07\x07\x07\x07\x00\x00\x00\x00\x00\x00`\x7f0?\x0f\x0f\x07\x07\x07\x07\x00\x00\x00\x00\x00\x00'),
                            bytearray(b'\x0e\x0e\xfe\xfe\xfc\xfc\xf8\xf8\x80\x80\x00\x00\x00\x00\x00\x00\x0e\xfe\xfe\xfe\xfc\xfc\xf8\xf8\x80\x80\x00\x00\x00\x00\x00\x00'),
                        ], is_16bit=False, y_plus=0, y_minus=0, x=118, y=128),
                    ]
                ),
                Mold(13, gridplane=False,
                    tiles=[
                        Tile(mirror=False, invert=False, format=0, length=7, subtile_bytes=[
                            bytearray(b'\x00\x00\x00 \x00`\x08t\x04x\x00x@8|\x00\x01\x00\x1f\x00\x1fP\x1fT\x07H\x07LO,\x7f\x00'),
                            bytearray(b'\xa0\x80\x11\x008\x01:\x878\x87(\x87\x1c\x03\x1f\x00` \xfd\x11\xfe\x00|\x84x\x84|\x87\xff\x03\xfc\x03'),
                            bytearray(b'8pPp\x00`P@\x81\x80\x1b\x00;\x00? \x1f@\x1f\x08\x1fx\x7fx\xcf\xf8^y.i1Q'),
                            bytearray(b'\x0c\x00.\x00.\x00-\x05@\x00N\x00O\x00>\x00\xff\x03\xfc\x02\xf8\x06\xff\x07\xf8/\xfe\'\xfd%"\xe3'),
                        ], is_16bit=False, y_plus=0, y_minus=0, x=118, y=112),
                        Tile(mirror=False, invert=False, format=0, length=5, subtile_bytes=[
                            bytearray(b'\x00\x00\x00\x80\x00\x80\x00\x80\x00\x80\x00\x00\x00\x00\x80\x00\x00\x00\x00\x80\x00\x80\x00\x80\x00\x80\x00\x00\x00\x00\x80\x00'),
                            None,
                            bytearray(b'\x80\x00\x00\x00\x00\x00\x00\x00\x80\x80\xc0\xc0\x00\x00\x00\x00\x80\x00\x00\x00\x00\x00\x00\x00\x80\x80\xc0\xc0\x00\x80\x00\x80'),
                            None,
                        ], is_16bit=False, y_plus=0, y_minus=0, x=134, y=112),
                        Tile(mirror=False, invert=False, format=0, length=5, subtile_bytes=[
                            bytearray(b'\x07\x00\x00\x00\x00\x0088\x1f\x1f\x07\x07\x07\x07\x01\x01\x06~\x00\x7f\x00?8?\x1f\x1f\x07\x07\x07\x07\x01\x01'),
                            bytearray(b'\xf8\x00\x80\x80\x00\x00\x07\x07>>\xfc\xfc\xf8\xf8\xe0\xe0\x18\x1f\x80\x7f\x00\xff\x07\xff>\xfe\xfc\xfc\xf8\xf8\xe0\xe0'),
                            None,
                            None,
                        ], is_16bit=False, y_plus=0, y_minus=0, x=118, y=128),
                        Tile(mirror=False, invert=False, format=0, length=4, subtile_bytes=[
                            bytearray(b'\x00\x00\x00\x00\x00\x00\x00\x00\x00\x00\x00\x00\x00\x00\x00\x00\x00\x80\x00\x80\x00\x00\x00\x00\x00\x00\x00\x00\x00\x00\x00\x00'),
                            None,
                            None,
                            None,
                        ], is_16bit=False, y_plus=0, y_minus=0, x=134, y=128),
                    ]
                ),
                Mold(14, gridplane=False,
                    tiles=[
                        Tile(mirror=False, invert=False, format=0, length=7, subtile_bytes=[
                            bytearray(b'\x00\x00\x00 \x00`\x08t\x04x\x00x@8|\x00\x01\x00\x1f\x00\x1fP\x1fT\x07H\x07LO,\x7f\x00'),
                            bytearray(b'\xa0\x80\x11\x008\x01:\x878\x87(\x87\x1c\x03\x1f\x00` \xfd\x11\xfe\x00|\x84x\x84|\x87\xff\x03\xfc\x03'),
                            bytearray(b'8pPp\x00`@@\x89\x80\x1f\x00\x0f\x00\x03\x00\x1f@\x1f\x08\x1fxGx\x8f\xf8\x16\xf5\t9\x02~'),
                            bytearray(b'\x0c\x00.\x00.\x00)\x01E\x01N\x00\xfc\x00\xf0\x00\xff\x03\xfc\x02\xf8\x06\xf9\x07\xfd/\xfa+\xe4\xe7\x10\x1f'),
                        ], is_16bit=False, y_plus=0, y_minus=0, x=118, y=112),
                        Tile(mirror=False, invert=False, format=0, length=5, subtile_bytes=[
                            bytearray(b'\x00\x00\x00\x80\x00\x80\x00\x80\x00\x80\x00\x00\x00\x00\x80\x00\x00\x00\x00\x80\x00\x80\x00\x80\x00\x80\x00\x00\x00\x00\x80\x00'),
                            None,
                            bytearray(b'\x80\x00\x00\x00\x00\x00\x80\x80\xc0\xc0\x00\x00\x00\x00\x00\x00\x80\x00\x00\x00\x00\x00\x80\x80\xc0\xc0\x00\x00\x00\x80\x00\xc0'),
                            None,
                        ], is_16bit=False, y_plus=0, y_minus=0, x=134, y=112),
                        Tile(mirror=False, invert=False, format=0, length=5, subtile_bytes=[
                            bytearray(b'\x00\x00\x00\x0088\x1f\x1f\x1f\x1f\x0f\x0f\x00\x00\x00\x00\x00\x7f\x00\x1f8?\x1f\x1f\x1f\x1f\x0f\x0f\x00\x00\x00\x00'),
                            bytearray(b'\x10\x10@@\x07\x07\x8e\x8e\xf8\xf8\xf0\xf0\xe0\xe0\x00\x00\x10\xef@\xbf\x07\xff\x8e\xfe\xf8\xf8\xf0\xf0\xe0\xe0\x00\x00'),
                            None,
                            None,
                        ], is_16bit=False, y_plus=0, y_minus=0, x=118, y=128),
                        Tile(mirror=False, invert=False, format=0, length=4, subtile_bytes=[
                            bytearray(b'\x00\x00\x00\x00\x00\x00\x00\x00\x00\x00\x00\x00\x00\x00\x00\x00\x00\xc0\x00\x80\x00\x00\x00\x00\x00\x00\x00\x00\x00\x00\x00\x00'),
                            None,
                            None,
                            None,
                        ], is_16bit=False, y_plus=0, y_minus=0, x=134, y=128),
                    ]
                ),
                Mold(15, gridplane=False,
                    tiles=[
                        Tile(mirror=False, invert=False, format=0, length=7, subtile_bytes=[
                            bytearray(b'\x00\x00\x00 \x00`\x08t\x04x\x00x@8|\x00\x01\x00\x1f\x00\x1fP\x1fT\x07H\x07LO,\x7f\x00'),
                            bytearray(b'\xa0\x80\x11\x008\x01:\x878\x87(\x87\x1c\x03\x1f\x00` \xfd\x11\xfe\x00|\x84x\x84|\x87\xff\x03\xfc\x03'),
                            bytearray(b'8pPp\x00`P@\xf1\x80{\x00>\x00\x1f\x00\x1f@\x1f\x08\x1fx\x7fx\xff\xf8^Y&\xe7\x18\xf8'),
                            bytearray(b'\x0c\x00.\x00.\x00(\x00N\x00N\x00|\x00\xf8\x00\xff\x03\xfc\x02\xf8\x06\xf8\x0f\xfe/\xfa+`\xe3\x18\x1f'),
                        ], is_16bit=False, y_plus=0, y_minus=0, x=118, y=112),
                        Tile(mirror=False, invert=False, format=0, length=5, subtile_bytes=[
                            bytearray(b'\x00\x00\x00\x80\x00\x80\x00\x80\x00\x80\x00\x00\x00\x00\x80\x00\x00\x00\x00\x80\x00\x80\x00\x80\x00\x80\x00\x00\x00\x00\x80\x00'),
                            None,
                            bytearray(b'\x80\x00\x00\x00\x00\x00\x00\x00\x00\x00\x00\x00\x00\x00\x00\x00\x80\x00\x00\x00\x00\x00\x00\x00\x00\x80\x00\x80\x00\x00\x00\x00'),
                            None,
                        ], is_16bit=False, y_plus=0, y_minus=0, x=134, y=112),
                        Tile(mirror=False, invert=False, format=0, length=5, subtile_bytes=[
                            bytearray(b'\x08\x08\x02\x02``00\x0f\x0f\x07\x07\x07\x07\x00\x00\x08\xf7\x02\xfd`\x7f0?\x0f\x0f\x07\x07\x07\x07\x00\x00'),
                            bytearray(b'\x10\x10\x80\x80\x0e\x0e\xfe\xfe\xfc\xfc\xf8\xf8\x80\x80\x00\x00\x10\xee\x80|\x0e\xfe\xfe\xfe\xfc\xfc\xf8\xf8\x80\x80\x00\x00'),
                            None,
                            None,
                        ], is_16bit=False, y_plus=0, y_minus=0, x=118, y=128),
                    ]
                ),
                Mold(16, gridplane=False,
                    tiles=[
                        Tile(mirror=True, invert=False, format=0, length=7, subtile_bytes=[
                            bytearray(b'\x04\x00\x03\x00\x00O\x00a\x00A\xb8@0\x00\x070\x07\x00\x01\x02\x00O\x1ea>A\xff\xc0?\x08O0'),
                            bytearray(b"\x00\xe0\x00\xa0\x00p\x04\xc0\'\x06 G\x80\x7f\x82~\x00\x80P\xa0\x88p?\xc0\xff\x00\xff@\x9fp\x9f@"),
                            bytearray(b'\x03\x1d\x81\x01\xe1\x00\xd7\x13[k-=\x1e\x1c\x0f\x03\xe3\x1d\xff\x01\xfe\x01\xff8{|=>\x1c\x1f\x0b\x1f'),
                            bytearray(b'\x02|\xc6\xbc\x83\xb8";\x88\xff\xe4\xf7\xf2\xf7\x13\x17\xcf\xd0\xcf\xb0\xfa\xf4;\xc4\xff\x00\xf7\x08\xf4\x0c\x14\xec'),
                        ], is_16bit=False, y_plus=0, y_minus=0, x=120, y=112),
                        Tile(mirror=True, invert=False, format=0, length=5, subtile_bytes=[
                            bytearray(b'\x00\x00\x00\x00\x00\x00\x00\x00\x00\x00@\xc0\x00\xc0f\xfe\x00\x00\x00\x00\x00\x00\x00\x00\x80\x00\xc0\x00\xc0\x00\xe0\x90'),
                            None,
                            bytearray(b'n?\x04\x7f\xce?\n\xff\xbe\xff@\xff\xb8\xc0\xf8\x80\xf0\x11\xf1\xcbpQ\xc0q\xc0A\x83\x9f8`x\x00'),
                            None,
                        ], is_16bit=False, y_plus=0, y_minus=0, x=104, y=112),
                        Tile(mirror=True, invert=False, format=0, length=7, subtile_bytes=[
                            bytearray(b'\x1f\x01\x1f\x10\x03\x00\x00\x00\x00\x00\x1c\x1c\x0f\x0f\x03\x03\x157\x18(\x03?\x00?\x00\x1f\x1c\x1f\x0f\x0f\x03\x03'),
                            bytearray(b'\xfd\xeb\xfey\xf3\x1bB@\x00\x00\x03\x03\x9f\x9f\xfe\xfe\xec\xfa\xfa\xfd\x1f\x1fB\xbd\x00\xff\x03\xff\x9f\xff\xfe\xfe'),
                            bytearray(b'\x03\x03\x00\x00\x00\x00\x00\x00\x00\x00\x00\x00\x00\x00\x00\x00\x03\x03\x00\x00\x00\x00\x00\x00\x00\x00\x00\x00\x00\x00\x00\x00'),
                            bytearray(b'\xfc\xfc\xf0\xf0\x00\x00\x00\x00\x00\x00\x00\x00\x00\x00\x00\x00\xfc\xfc\xf0\xf0\x00\x00\x00\x00\x00\x00\x00\x00\x00\x00\x00\x00'),
                        ], is_16bit=False, y_plus=0, y_minus=0, x=120, y=128),
                        Tile(mirror=True, invert=False, format=0, length=4, subtile_bytes=[
                            bytearray(b'\x04\x98\x0c\x98\x94xX\x00\x00\x00\x80\x80\x00\x00\x00\x00d\x88d\x90\x84h8\xe0\x00\x80\x80\x80\x00\x00\x00\x00'),
                            None,
                            None,
                            None,
                        ], is_16bit=False, y_plus=0, y_minus=0, x=104, y=128),
                    ]
                ),
                Mold(17, gridplane=False,
                    tiles=[
                        Tile(mirror=True, invert=False, format=0, length=7, subtile_bytes=[
                            bytearray(b'\x04\x00\x03\x00\x00O\x00a\x00A\xb8@0\x00\x070\x07\x00\x01\x02\x00O\x1ea>A\xff\xc0?\x08O0'),
                            bytearray(b"\x00\xe0\x00\xa0\x00p\x04\xc0\'\x06 G\x80\x7f\x82~\x00\x80P\xa0\x88p?\xc0\xff\x00\xff@\x9fp\x9f@"),
                            bytearray(b'\x03\x1d\x81\x01\xe1\x00\xd7\x13[k-=\x1e\x1c\x07\x03\xe3\x1d\xff\x01\xfe\x01\xff8{|=>\x1c\x1f\x03?'),
                            bytearray(b'\x02|\xc6\xbc\x83\xb8";\x88\xff\xe4\xf7\xf2\xf7\x13\x17\xcf\xd0\xcf\xb0\xfa\xf4;\xc4\xff\x00\xf7\x08\xf4\x0c\x14\xec'),
                        ], is_16bit=False, y_plus=0, y_minus=0, x=120, y=112),
                        Tile(mirror=True, invert=False, format=0, length=5, subtile_bytes=[
                            bytearray(b'\x00\x00\x00\x00\x00\x00\x00\x00\x00\x00@\xc0\x00\xc0f\xfe\x00\x00\x00\x00\x00\x00\x00\x00\x80\x00\xc0\x00\xc0\x00\xe0\x90'),
                            None,
                            bytearray(b'n?\x04\x7f\xce?\n\xff\xbe\xff@\xff\xb8\xc0\xf8\x80\xf0\x11\xf1\xcbpQ\xc0q\xc0A\x83\x9f8`x\x00'),
                            None,
                        ], is_16bit=False, y_plus=0, y_minus=0, x=104, y=112),
                        Tile(mirror=True, invert=False, format=0, length=7, subtile_bytes=[
                            bytearray(b'\x0f\x01\x07\x00\x01\x00\x00\x00\x00\x00\x1c\x1c\x0f\x0f\x0f\x0f\x0b{\x04\x1c\x01?\x00?\x00\x0f\x1c\x1f\x0f\x0f\x0f\x0f'),
                            bytearray(b'\xfd\xeb\xfey\xf3\x1b\n\x08  \x03\x03\xc7\xc7\xfc\xfc\xec\xfa\xfa\xfd\x1f\x1f\n\xf5 \xdf\x03\xff\xc7\xff\xfc\xfc'),
                            bytearray(b'\x07\x07\x00\x00\x00\x00\x00\x00\x00\x00\x00\x00\x00\x00\x00\x00\x07\x07\x00\x00\x00\x00\x00\x00\x00\x00\x00\x00\x00\x00\x00\x00'),
                            bytearray(b'\xf8\xf8pp\x00\x00\x00\x00\x00\x00\x00\x00\x00\x00\x00\x00\xf8\xf8pp\x00\x00\x00\x00\x00\x00\x00\x00\x00\x00\x00\x00'),
                        ], is_16bit=False, y_plus=0, y_minus=0, x=120, y=128),
                        Tile(mirror=True, invert=False, format=0, length=4, subtile_bytes=[
                            bytearray(b'\x04\x98\x0c\x98\x94xX\x00\x00\x00\x80\x80\x00\x00\x00\x00d\x88d\x90\x84h8\xe0\x00\xc0\x80\x80\x00\x00\x00\x00'),
                            None,
                            None,
                            None,
                        ], is_16bit=False, y_plus=0, y_minus=0, x=104, y=128),
                    ]
                ),
                Mold(18, gridplane=False,
                    tiles=[
                        Tile(mirror=True, invert=False, format=0, length=7, subtile_bytes=[
                            bytearray(b'\x04\x00\x03\x00\x00O\x00a\x00A\xb8@0\x00\x070\x07\x00\x01\x02\x00O\x1ea>A\xff\xc0?\x08O0'),
                            bytearray(b"\x00\xe0\x00\xa0\x00p\x04\xc0\'\x06 G\x80\x7f\x82~\x00\x80P\xa0\x88p?\xc0\xff\x00\xff@\x9fp\x9f@"),
                            bytearray(b'\x03\x1d\x81\x01\xe1\x00\xd7\x13[k-=~\x1c\x7f\x03\xe3\x1d\xff\x01\xfe\x01\xff8{|=>|\x7fS_'),
                            bytearray(b'\x02|\xc6\xbc\x83\xb8";\x88\xff\xe4\xf7\xf2\xf7\x13\x17\xcf\xd0\xcf\xb0\xfa\xf4;\xc4\xff\x00\xf7\x08\xf4\x0c\x14\xec'),
                        ], is_16bit=False, y_plus=0, y_minus=0, x=120, y=112),
                        Tile(mirror=True, invert=False, format=0, length=5, subtile_bytes=[
                            bytearray(b'\x00\x00\x00\x00\x00\x00\x00\x00\x00\x00@\xc0\x00\xc0f\xfe\x00\x00\x00\x00\x00\x00\x00\x00\x80\x00\xc0\x00\xc0\x00\xe0\x90'),
                            None,
                            bytearray(b'n?\x04\x7f\xce?\n\xff\xbe\xff@\xff\xb8\xc0\xf8\x80\xf0\x11\xf1\xcbpQ\xc0q\xc0A\x83\x9f8`x\x00'),
                            None,
                        ], is_16bit=False, y_plus=0, y_minus=0, x=104, y=112),
                        Tile(mirror=True, invert=False, format=0, length=7, subtile_bytes=[
                            bytearray(b"?\x01\x1f\x00\x08\x08\x02\x02``00\x0f\x0f\x07\x07\'\xe7\x18\xf8\x08\xf7\x02\xfd`\x7f0?\x0f\x0f\x07\x07"),
                            bytearray(b'\xfd\xeb\xfey\x13\x1b\x82\x80\x0e\x0e\xfe\xfe\xfc\xfc\xf8\xf8\xec\xfaz}\x1f\xff\x82|\x0e\xfe\xfe\xfe\xfc\xfc\xf8\xf8'),
                            bytearray(b'\x07\x07\x00\x00\x00\x00\x00\x00\x00\x00\x00\x00\x00\x00\x00\x00\x07\x07\x00\x00\x00\x00\x00\x00\x00\x00\x00\x00\x00\x00\x00\x00'),
                            bytearray(b'\x80\x80\x00\x00\x00\x00\x00\x00\x00\x00\x00\x00\x00\x00\x00\x00\x80\x80\x00\x00\x00\x00\x00\x00\x00\x00\x00\x00\x00\x00\x00\x00'),
                        ], is_16bit=False, y_plus=0, y_minus=0, x=120, y=128),
                        Tile(mirror=True, invert=False, format=0, length=4, subtile_bytes=[
                            bytearray(b'\x04\x98\x0c\x98\x94xX\x00\x00\x00\x00\x00\x00\x00\x00\x00d\x88d\x90\x84h8`\x00\x00\x00\x00\x00\x00\x00\x00'),
                            None,
                            None,
                            None,
                        ], is_16bit=False, y_plus=0, y_minus=0, x=104, y=128),
                    ]
                ),
                Mold(19, gridplane=False,
                    tiles=[
                        Tile(mirror=False, invert=False, format=0, length=7, subtile_bytes=[
                            bytearray(b'\x08\x08\x04\x18\x04\x18\x02\x1c\x06\x0e\x01\x0f\x02\x07\x07\x0b\x00\x00\x04\x10\x04\x10\x02\x14\x11\x00\x11\n?\x04\x17\x08'),
                            bytearray(b'\x02\x00\x0c\x10\x1f T K\x00*\t4\xf3\x10\xe7\x1e\x00h\x14\xdf \xdf)\xf7\x18\xec\x13\xf4\n\xf8\x00'),
                            bytearray(b"\x10\x07\x18\'\x19\'C>\x02\x7f\xc8\x7f\xdbw\xee\xbf\x1f\x14?\x10/\x08W<\x03d\x80\'\x88$\x00\x11"),
                            bytearray(b'\x88\xa7\x9fH)\x187\x02\xf7\x0er\x90\x7f\xe5\xd7,\x99e\xbeI\xff?\xd2_>3q\x8f\x19\x87\xd0/'),
                        ], is_16bit=False, y_plus=0, y_minus=0, x=118, y=112),
                        Tile(mirror=False, invert=False, format=0, length=5, subtile_bytes=[
                            bytearray(b'\x00\x00\x00\x00\x00\x00\xc0\x00\x00\xc0@\x80@\x80\xc0\x00\x00\x00\x00\x00\x00\x00\xc0\x00@@@\x00\x00\xc0\xc0\x00'),
                            None,
                            bytearray(b'\x80\x80\x80\x80\xc0\xc0\x80@@\xc0\xc0\xc0\xc0@\x80\x00\x80\x80\x80\x80\xc0\xc0\xc0\xc0\xc0\xc0\xc0\xc0\xc0\xc0\x00\x80'),
                            None,
                        ], is_16bit=False, y_plus=0, y_minus=0, x=134, y=112),
                        Tile(mirror=False, invert=False, format=0, length=7, subtile_bytes=[
                            bytearray(b'q\x8e\xcf\x00\xff`n?\xb5\x8f\x86\x80@@88\xf0\xce\xf2\xb9\x1e\x85@\x11\x90\xeb\x86\xff@\x7f8?'),
                            bytearray(b'\x980\xf6 g`\xde\xc0\xf8\x80\x80\x80\x01\x01\x07\x07H\xf7^\xef\x9d\xfd"\xe3\x18\x9f\x80\x7f\x01\xff\x07\xff'),
                            bytearray(b'\x1f\x1f\x07\x07\x07\x07\x01\x01\x00\x00\x00\x00\x00\x00\x00\x00\x1f\x1f\x07\x07\x07\x07\x01\x01\x00\x00\x00\x00\x00\x00\x00\x00'),
                            bytearray(b'>>\xfc\xfc\xf8\xf8\xe0\xe0\x00\x00\x00\x00\x00\x00\x00\x00>\xfe\xfc\xfc\xf8\xf8\xe0\xe0\x00\x00\x00\x00\x00\x00\x00\x00'),
                        ], is_16bit=False, y_plus=0, y_minus=0, x=118, y=128),
                        Tile(mirror=False, invert=False, format=0, length=4, subtile_bytes=[
                            bytearray(b'\x80\x80\x80\x80\x00\x00\x00\x00\x80\x80\x80\x80\x00\x00\x00\x00\x80\x80\x80\x80\x00\x80\x00\x80\x80\x80\x80\x80\x00\x00\x00\x00'),
                            None,
                            None,
                            None,
                        ], is_16bit=False, y_plus=0, y_minus=0, x=134, y=128),
                    ]
                ),
                Mold(20, gridplane=False,
                    tiles=[
                        Tile(mirror=False, invert=False, format=0, length=7, subtile_bytes=[
                            bytearray(b'\x08\x08\x04\x18\x04\x18\x02\x1c\x06\x0e\x01\x0f\x02\x07\x07\x0b\x00\x00\x04\x10\x04\x10\x02\x14\x11\x00\x11\n?\x04\x17\x08'),
                            bytearray(b'\x02\x00\x0c\x10\x1f T K\x00*\t4\xf3\x10\xe7\x1e\x00h\x14\xdf \xdf)\xf7\x18\xec\x13\xf4\n\xf8\x00'),
                            bytearray(b"\x10\x07\x18\'\x19\'C>\x02\x7f\xc8\x7f\xdbw\xee\xbf\x1f\x14?\x10/\x08W<\x03d\x80\'\x88$\x00\x11"),
                            bytearray(b'\x88\xa7\x9fH)\x187\x02\xf7\x0er\x90\x7f\xe5\xd7,\x99e\xbeI\xff?\xd2_>3q\x8f\x19\x87\xd0/'),
                        ], is_16bit=False, y_plus=0, y_minus=0, x=118, y=112),
                        Tile(mirror=False, invert=False, format=0, length=5, subtile_bytes=[
                            bytearray(b'\x00\x00\x00\x00\x00\x00\xc0\x00\x00\xc0@\x80@\x80\xc0\x00\x00\x00\x00\x00\x00\x00\xc0\x00@@@\x00\x00\xc0\xc0\x00'),
                            None,
                            bytearray(b'\x80\x80\x80\x80\xc0\xc0\x80@@\xc0\xc0\xc0\xc0@\x80\x00\x80\x80\x80\x80\xc0\xc0\xc0\xc0\xc0\xc0\xc0\xc0\xc0\xc0\x00\x80'),
                            None,
                        ], is_16bit=False, y_plus=0, y_minus=0, x=134, y=112),
                        Tile(mirror=False, invert=False, format=0, length=7, subtile_bytes=[
                            bytearray(b'q\x8e\xcf\x00\xff`\xee?5\x0f\x01\x00\xc0\xc0pp\xf0\xce\xf2\xb9\x1e\x85@\x91\x10\xeb\x07\xff\xc0\xffp\x7f'),
                            bytearray(b'\x9c0\xf6 g`\xfe\xc0\xb8\x80\xc8\x08  \x03\x03H\xf7Z\xef\x9d\xfd2\xf3H\xcf\x087 \xdf\x03\xff'),
                            bytearray(b'\x1c\x1c\x1f\x0f\x0f\x0f\x07\x07\x00\x00\x00\x00\x00\x00\x00\x00\x1c\x1f\x0f\x1f\x0f\x0f\x07\x07\x00\x00\x00\x00\x00\x00\x00\x00'),
                            bytearray(b'GG\xfc\xfc\xf8\xf8\xf0\xf0\x00\x00\x00\x00\x00\x00\x00\x00G\xff\xfc\xfc\xf8\xf8\xf0\xf0\x00\x00\x00\x00\x00\x00\x00\x00'),
                        ], is_16bit=False, y_plus=0, y_minus=0, x=118, y=128),
                        Tile(mirror=False, invert=False, format=0, length=4, subtile_bytes=[
                            bytearray(b'\xc0\xc0\xc0\xc0@@\x00\x00\x00\x00\x00\x00\x00\x00\x80\x80\xc0\xc0\xc0\xc0@\xc0\x00\xc0\x00\xc0\x00\xc0\x00\xc0\x80\x80'),
                            None,
                            None,
                            None,
                        ], is_16bit=False, y_plus=0, y_minus=0, x=134, y=128),
                    ]
                ),
                Mold(21, gridplane=False,
                    tiles=[
                        Tile(mirror=False, invert=False, format=0, length=7, subtile_bytes=[
                            bytearray(b'\x08\x08\x04\x18\x04\x18\x02\x1c\x06\x0e\x01\x0f\x02\x07\x07\x0b\x00\x00\x04\x10\x04\x10\x02\x14\x11\x00\x11\n?\x04\x17\x08'),
                            bytearray(b'\x02\x00\x0c\x10\x1f T K\x00*\t4\xf3\x10\xe7\x1e\x00h\x14\xdf \xdf)\xf7\x18\xec\x13\xf4\n\xf8\x00'),
                            bytearray(b"\x10\x07\x18\'\x19\'C>\x02\x7f\xc8\x7f\xdbw\xee\xbf\x1f\x14?\x10/\x08W<\x03d\x80\'\x88$\x00\x11"),
                            bytearray(b'\x88\xa7\x9fH)\x187\x02\xf7\x0er\x90\x7f\xe5\xd7,\x99e\xbeI\xff?\xd2_>3q\x8f\x19\x87\xd0/'),
                        ], is_16bit=False, y_plus=0, y_minus=0, x=118, y=112),
                        Tile(mirror=False, invert=False, format=0, length=5, subtile_bytes=[
                            bytearray(b'\x00\x00\x00\x00\x00\x00\xc0\x00\x00\xc0@\x80@\x80\xc0\x00\x00\x00\x00\x00\x00\x00\xc0\x00@@@\x00\x00\xc0\xc0\x00'),
                            None,
                            bytearray(b'\x80\x80\x80\x80\xc0\xc0\x80@@\xc0\xc0\xc0\xc0@\x80\x00\x80\x80\x80\x80\xc0\xc0\xc0\xc0\xc0\xc0\xc0\xc0\xc0\xc0\x00\x80'),
                            None,
                        ], is_16bit=False, y_plus=0, y_minus=0, x=134, y=112),
                        Tile(mirror=False, invert=False, format=0, length=7, subtile_bytes=[
                            bytearray(b'q\x8e\xcf\x00\xff`n?7\x08\x98\x08\xc2\x02``\xf0\xce\xf2\xb9\x1e\x85@\x91\x14\xec\x0e\xf7\x02\xfd`\x7f'),
                            bytearray(b'\x980\xfe n`\xfc\x80\xf8\x00\x11\x11\x83\x83\x0e\x0eH\xff^\xef\x9a\xfb`\xe3\x18\x1f\x11\xef\x83\x7f\x0e\xfe'),
                            bytearray(b'80\x0f\x0f\x07\x07\x07\x07\x00\x00\x00\x00\x00\x00\x00\x000?\x0f\x0f\x07\x07\x07\x07\x00\x00\x00\x00\x00\x00\x00\x00'),
                            bytearray(b'\xfe\xfe\xfc\xfc\xf8\xf8\x80\x80\x00\x00\x00\x00\x00\x00\x00\x00\xfe\xfe\xfc\xfc\xf8\xf8\x80\x80\x00\x00\x00\x00\x00\x00\x00\x00'),
                        ], is_16bit=False, y_plus=0, y_minus=0, x=118, y=128),
                        Tile(mirror=False, invert=False, format=0, length=4, subtile_bytes=[
                            bytearray(b'\x80\x00\x00\x00\x00\x00\xc0\xc0\xc0\xc0\x80\x80\x00\x00\x00\x00\x00\x80\x00\x80\x00\x80\xc0@\xc0\xc0\x80\x80\x00\x00\x00\x00'),
                            None,
                            None,
                            None,
                        ], is_16bit=False, y_plus=0, y_minus=0, x=134, y=128),
                    ]
                ),
                Mold(22, gridplane=False,
                    tiles=[
                        Tile(mirror=False, invert=False, format=0, length=7, subtile_bytes=[
                            bytearray(b'\x00\x00\x00\x008>\x0ev\x08\xf3\x80\xbb\x83\xff!\xff\x00\x00\x01\x00\x07\x04\x0fp\x0b\xe5C-\x07l#\xde'),
                            bytearray(b'\x00\x01\x11\x01\x85C\x89\x17\x07\x88A\x88\x02\x00\xb5\x00 \x01p\x00\xbcX\xec\x1e\xf7\x88\xf7\x8a\xfe@\xff\x01'),
                            bytearray(b"\x80\x7f\x8c\x7f\xd8\xf8\xe9\xf8\x04\xf1@\x04\x1f\x008\x00\xf3\x9c\xff\xc0;\'\x0e\x16\x1f\xffO?\x188/o"),
                            bytearray(b'\x90\x84\x18"\x00"\x81\x10\x05\x10 \x00\xf6\x00\x7f\x00\xfb\x04\xdd"\xdd"\xef\x90\xef\xd0\xd8\xe7>7\x85\x85'),
                        ], is_16bit=False, y_plus=0, y_minus=0, x=118, y=112),
                        Tile(mirror=False, invert=False, format=0, length=5, subtile_bytes=[
                            bytearray(b'\x00\x80\x80\x80\x00\x80\x00\x80\x00\x80\x00\x00\x00\x00\x00\x00\x00\x80\x00\x00\x00\x80\x80\x80\x80\x80\x00\x00\x00\x00\x00\x00'),
                            None,
                            bytearray(b'\x00\x00\x00\x00\x00\x00\x00@\x80@\x80\x80\xc0\xc0\x00\x00\x00\x00\x80\x00\x80\x00\xc0@\xc0@\x80\x80\xc0\xc0\x00\x80'),
                            None,
                        ], is_16bit=False, y_plus=0, y_minus=0, x=134, y=112),
                        Tile(mirror=False, invert=False, format=0, length=5, subtile_bytes=[
                            bytearray(b'? \x07\x00\x00\x00\x00\x0088\x1f\x1f\x07\x07\x07\x071Q\x06~\x00\x7f\x00?8?\x1f\x1f\x07\x07\x07\x07'),
                            bytearray(b'>\x00\xf8\x00\x80\x80\x00\x00\x07\x07>>\xfc\xfc\xf8\xf8"\xe3\x18\x1f\x80\x7f\x00\xff\x07\xff>\xfe\xfc\xfc\xf8\xf8'),
                            None,
                            None,
                        ], is_16bit=False, y_plus=0, y_minus=0, x=118, y=128),
                        Tile(mirror=False, invert=False, format=0, length=4, subtile_bytes=[
                            bytearray(b'\x00\x00\x00\x00\x00\x00\x00\x00\x00\x00\x00\x00\x00\x00\x00\x00\x00\x80\x00\x80\x00\x80\x00\x00\x00\x00\x00\x00\x00\x00\x00\x00'),
                            None,
                            None,
                            None,
                        ], is_16bit=False, y_plus=0, y_minus=0, x=134, y=128),
                    ]
                ),
                Mold(23, gridplane=False,
                    tiles=[
                        Tile(mirror=False, invert=False, format=0, length=7, subtile_bytes=[
                            bytearray(b'\x00\x00\x00\x008>\x0ev\x08\xf3\x80\xbb\x83\xff!\xff\x00\x00\x01\x00\x07\x04\x0fp\x0b\xe5C-\x07l#\xde'),
                            bytearray(b'\x00\x01\x11\x01\x85C\x89\x17\x07\x88A\x88\x02\x00\xb5\x00 \x01p\x00\xbcX\xec\x1e\xf7\x88\xf7\x8a\xfe@\xff\x01'),
                            bytearray(b"\x80\x7f\x8c\x7f\xd8\xf8\xe9\xf8\x04\xf1`\x00\x07\x00\x0e\x00\xf3\x9c\xff\xc0;\'\x0e\x16\x1f\xffc\x1f\x04<\x0b{"),
                            bytearray(b'\x90\x84\x18"\x00"\x81\x10\x05\x10$\x00\xf6\x00\x7f\x00\xfb\x04\xdd"\xdd"\xef\x90\xef\xd0\xdc\xe3>3\x85\x85'),
                        ], is_16bit=False, y_plus=0, y_minus=0, x=118, y=112),
                        Tile(mirror=False, invert=False, format=0, length=5, subtile_bytes=[
                            bytearray(b'\x00\x80\x80\x80\x00\x80\x00\x80\x00\x80\x00\x00\x00\x00\x00\x00\x00\x80\x00\x00\x00\x80\x80\x80\x80\x80\x00\x00\x00\x00\x00\x00'),
                            None,
                            bytearray(b'\x00\x00\x00\x00\x00\x00\x00@\x80@\xc0\xc0\xc0\xc0\x00\x00\x00\x00\x80\x00\x80\x00\xc0@\xc0@\xc0\xc0\xc0\xc0\x00\x80'),
                            None,
                        ], is_16bit=False, y_plus=0, y_minus=0, x=134, y=112),
                        Tile(mirror=False, invert=False, format=0, length=5, subtile_bytes=[
                            bytearray(b'\x07\x00\x01\x00\x00\x00\x00\x00\x1c\x1c\x0f\x0f\x0f\x0f\x07\x07\x04\x1c\x01?\x00?\x00\x0f\x1c\x1f\x0f\x0f\x0f\x0f\x07\x07'),
                            bytearray(b'\xfe\x00\xf8\x00\x08\x08  \x03\x03\xc7\xc7\xfc\xfc\xf8\xf8\xf2\xf3\x08\x0f\x08\xf7 \xdf\x03\xff\xc7\xff\xfc\xfc\xf8\xf8'),
                            None,
                            None,
                        ], is_16bit=False, y_plus=0, y_minus=0, x=118, y=128),
                        Tile(mirror=False, invert=False, format=0, length=4, subtile_bytes=[
                            bytearray(b'\x00\x00\x00\x00\x00\x00\x00\x00\x80\x80\x00\x00\x00\x00\x00\x00\x00\xc0\x00\xc0\x00\xc0\x00\xc0\x80\x80\x00\x00\x00\x00\x00\x00'),
                            None,
                            None,
                            None,
                        ], is_16bit=False, y_plus=0, y_minus=0, x=134, y=128),
                    ]
                ),
                Mold(24, gridplane=False,
                    tiles=[
                        Tile(mirror=False, invert=False, format=0, length=7, subtile_bytes=[
                            bytearray(b'\x00\x00\x00\x008>\x0ev\x08\xf3\x80\xbb\x83\xff!\xff\x00\x00\x01\x00\x07\x04\x0fp\x0b\xe5C-\x07l#\xde'),
                            bytearray(b'\x00\x01\x11\x01\x85C\x89\x17\x07\x88A\x88\x02\x00\xb5\x00 \x01p\x00\xbcX\xec\x1e\xf7\x88\xf7\x8a\xfe@\xff\x01'),
                            bytearray(b"\x80\x7f\x8c\x7f\xd8\xf8\xe9\xf8\x0c\xf1x\x04?\x00\x1f\x00\xf3\x9c\xff\xc0;\'\x0e\x16\x1f\xff\x7f?((\x13s"),
                            bytearray(b'\x90\x84\x18"\x00"\x81\x10\x04\x10\'\x00\xf7\x00\xfe\x00\xfb\x04\xdd"\xdd"\xef\x90\xec\xd7\xdf\xe7=5\xf0\xf1'),
                        ], is_16bit=False, y_plus=0, y_minus=0, x=118, y=112),
                        Tile(mirror=False, invert=False, format=0, length=5, subtile_bytes=[
                            bytearray(b'\x00\x80\x80\x80\x00\x80\x00\x80\x00\x80\x00\x00\x00\x00\x00\x00\x00\x80\x00\x00\x00\x80\x80\x80\x80\x80\x00\x00\x00\x00\x00\x00'),
                            None,
                            bytearray(b'\x00\x00\x00\x00\x00\x00\x00@\x00@\x00\x00\x00\x00\x00\x00\x00\x00\x80\x00\x80\x00\xc0@@\xc0\x00\xc0\x00\xc0\x00\x80'),
                            None,
                        ], is_16bit=False, y_plus=0, y_minus=0, x=134, y=112),
                        Tile(mirror=False, invert=False, format=0, length=5, subtile_bytes=[
                            bytearray(b'\x0f\x00\x04\x04\x01\x0100\x18\x18\x07\x07\x03\x03\x03\x03\x0c|\x04\xfb\x01~0?\x18\x1f\x07\x07\x03\x03\x03\x03'),
                            bytearray(b'\xfc\x00\x08\x08@@\x07\x07\x7f\x7f\xfe\xfe\xfc\xfc\xc0\xc0\x0c\x0f\x08\xf7@\xbe\x07\xff\x7f\xff\xfe\xfe\xfc\xfc\xc0\xc0'),
                            None,
                            None,
                        ], is_16bit=False, y_plus=0, y_minus=0, x=118, y=128),
                        Tile(mirror=False, invert=False, format=0, length=4, subtile_bytes=[
                            bytearray(b'\x00\x00\x00\x00\x00\x00\x00\x00\x00\x00\x00\x00\x00\x00\x00\x00\x00\x80\x00\x00\x00\x00\x00\x00\x00\x00\x00\x00\x00\x00\x00\x00'),
                            None,
                            None,
                            None,
                        ], is_16bit=False, y_plus=0, y_minus=0, x=134, y=128),
                    ]
                ),
                Mold(25, gridplane=False,
                    tiles=[
                        Tile(mirror=True, invert=False, format=0, length=7, subtile_bytes=[
                            bytearray(b'\x00\x00\x00\x00\x00\x00\x00\x00\x00\x00\x02\x03\x00\x03f\x7f\x00\x00\x00\x00\x00\x00\x00\x00\x01\x00\x03\x00\x03\x00\x07\t'),
                            bytearray(b'\x00\x07\x00\x05\x00\x0e \x03\xe4`\x04\xe2\x01\xfeA~\x00\x01\n\x05\x11\x0e\xfc\x03\xff\x00\xff\x02\xf9\x0e\xf9\x02'),
                            bytearray(b'v\xfc \xfes\xfcP\xff}\xff\x02\xff\x1d\x03\x1f\x01\x0f\x88\x8f\xd3\x0e\x8a\x03\x8e\x03\x82\xc1\xf9\x1c\x06\x1e\x00'),
                            bytearray(b"@>c=\xc1\x1dD\xdc\x11\xff\'\xefO\xef\xc8\xe8\xf3\x0b\xf3\r_/\xdc#\xff\x00\xef\x10/0(7"),
                        ], is_16bit=False, y_plus=0, y_minus=0, x=126, y=96),
                        Tile(mirror=True, invert=False, format=0, length=6, subtile_bytes=[
                            bytearray(b' \x00\xc0\x00\x00\xf2\x00\x86\x00\x82\x1d\x02\x0c\x00\xe0\x0c\xe0\x00\x80@\x00\xf2x\x86|\x82\xff\x03\xfc\x10\xf2\x0c'),
                            None,
                            bytearray(b'\xc0\xb8\x81\x80\x87\x00\xeb\xc8\xdb\xd6\xb6\xbf\x7f?\xf5\xcb\xc7\xb8\xff\x80\x7f\x80\xff\x1c\xde>\xbe~?\xf8\xcc\xf2'),
                            bytearray(b'\x00\x80\x00\x00\x00\x00 \xf0\xd0\xe0`\x80\x00\x80 \xa0\x00\x80\x00\x00\x00\x00\x80\x90\x10 `\x00\x80\xf0\xa0\xd0'),
                        ], is_16bit=False, y_plus=0, y_minus=0, x=110, y=96),
                        Tile(mirror=True, invert=False, format=0, length=7, subtile_bytes=[
                            bytearray(b' \x190\x19)\x1e\x1a\x00\x00\x07\x04\x0c\x18\x08\x1a\t&\x11&\t!\x16\x1d\x07\x00\x04\x03\x0b\x07\x07\x06\x07'),
                            bytearray(b'\xbf\xd7\x7f\x9e\xce\xdb\xdc\x07\xfc\x03~q\x0f\xf8\xf7\xf87_^\xbf\xfb\xfc\xe78\xcf,\xb3\xf2\r\xfd\x06\n'),
                            bytearray(b'\t\t\x01\x03\x02\x01\x01\x01\x00\x00\x00\x00\x00\x00\x01\x00\x06\x06\x04\x06\x06\x05\x00\x01\x00\x00\x00\x00\x01\x01\x03\x02'),
                            bytearray(b'\xf0\xfc\xc4\xfc8\xf8\xe0\xc1f\x1dV\x7f\xbc?x\x7f\x03\x0f\x03?\x07\xff>\xff\x00{\x80\xf1\xc0c\x80\xc7'),
                        ], is_16bit=False, y_plus=0, y_minus=0, x=126, y=112),
                        Tile(mirror=True, invert=False, format=0, length=7, subtile_bytes=[
                            bytearray(b'\x85\xff\n\xfc\x15\xe9\x07\xff\x0f\xff\x1f\xff\xff>\xfc\x1d\xf0\x80\xe3\x05\xf5\n\xff\x00\xff\x00\xff\x00\x7f@<#'),
                            bytearray(b'\xa6 LG\xc3\xc6\xc6\xc4\x84\x80\x04\x00\x84\x00.\xc0\xa6X\xc8\xb0\xc1>\xc2<\x84x\x04\xf8\x84x.\x10'),
                            bytearray(b'\xf0\x01y\x00\xf8\x00\xf8\x80\xf8\x00x\x81\xb8A\xb0@\xd0_\xc9\x8e\xf8\x1fh\x8f\xe8/h\xaf\xc8GP\xdf'),
                            bytearray(b"\xc9\xe6\x8e\x00\x04\x00\x04\x06\xcb\x06\'\xc0\xc8\xf0\xc0\x08\t6\x8cr\x0c\xf8\x00\xfa\xc94\'\x18\x08\x10\xc88"),
                        ], is_16bit=False, y_plus=0, y_minus=0, x=110, y=112),
                        Tile(mirror=True, invert=False, format=0, length=5, subtile_bytes=[
                            bytearray(b'\x04\x03\x00\x06\x01\x00\x03\x01\t\x06\x03\x0c\x07\x00\x01\x02\x07\x07\x07\x07\x03\x02\x06\x05\x0f\x0f\x0e\x0e\x01\x05\x02\x03'),
                            bytearray(b"\x84\x7f\xbd\xfb\x8f\xfc\t\xfeI\xfe\xd3>\xff\x00\xdf \x80\x7f\x04\xfb\x00\xff\x00\xc7\x81\x86\x81\x8e8\'`\x7f"),
                            None,
                            None,
                        ], is_16bit=False, y_plus=0, y_minus=0, x=126, y=128),
                        Tile(mirror=True, invert=False, format=0, length=5, subtile_bytes=[
                            bytearray(b'\xe0\x10\xc34\xe4\x9b\xfb\x04\xff\x00\xff\x00\xf9\x00\xf0\x00\xd0_\xb4\xbc[\xdbg\xa6=\xde\x00\xff\x00\xf9\x00\xf0'),
                            bytearray(b'\xf8\x00\x80p\x18\xf8\xe3\x7f\xfe|\xfe\x00\xfc\x00\x00\x00\x08\x08pp\x80\xe0\x80\x7f\x82|x\x86\x00\xfc\x00\x00'),
                            None,
                            None,
                        ], is_16bit=False, y_plus=0, y_minus=0, x=110, y=128),
                    ]
                ),
                Mold(26, gridplane=False,
                    tiles=[
                        Tile(mirror=True, invert=False, format=0, length=7, subtile_bytes=[
                            bytearray(b'\x00\x00\x00\x00\x00\x00\x00\x00\x00\x00\x00\x00\x00\x00\x00\x00\x00\x00\x00\x00\x00\x00\x00\x00\x00\x00\x00\x00\x01\x00\x00\x00'),
                            bytearray(b'@@ \xc0 \xc1\x12\xe12p\tx\x11?8_\x00\x00#\x80&\x81\x16\xa1\x8f\x00\x8fP\xff \xbf@'),
                            bytearray(b'\x00\x00\x00\x01\x00\x01\x02\x01\x00\x03\x0e\x03\x0e\x03\x07\t\x00\x00\x01\x00\x01\x00\x02\x01\x00\x03\x0c\x01\x0c\x01\x00\x0c'),
                            bytearray(b'\x84=\xc4:\xc98\x19\xf0\x17\xf8C\xfc\xdb\xbfv\xf9\xfc\xa3\xfd\x82\x7fA\xbe\xe2\x19!\x03<@$\x06\x89'),
                        ], is_16bit=False, y_plus=0, y_minus=0, x=128, y=98),
                        Tile(mirror=True, invert=False, format=0, length=7, subtile_bytes=[
                            bytearray(b'\x10\x00`\x80\xf8\x01\xa6\x01X\x07RM\xa3\x9d\x869\xf0\x00@\xa0\xf8\x01\xfeI\xba\xc3c\x99\xa1V\xc7\x00'),
                            bytearray(b'\x00\x00\x00\x00\x80\x00\x80\x00\x80\x00\xb0\x0c\xa0\xfc\x80\xf8\x00\x00\x00\x00\x80\x00\x80\x00\x80\x00\xb0\x88\xc0T\xc8\x08'),
                            bytearray(b'D?\xffFN\xc7\xb6\x1f\xbds\x9b\x87\xe77\xbf{\xcf/\xf7O\xff\xff\x9f\xff\xf7\x9f\x87\x7f\xcf\x1f\x8f_'),
                            bytearray(b'\x88\xf0\xf0\xc0\x84\x04\xb2p\xd8\x19\xe0\x01\xe3\x189\xc6\x98p\xe0\x1c\x94\xf8rLXf ?\xb9\xbe\xfe\xff'),
                        ], is_16bit=False, y_plus=0, y_minus=0, x=112, y=98),
                        Tile(mirror=True, invert=False, format=0, length=7, subtile_bytes=[
                            bytearray(b'?8*<\xd3|\x1b\xfdU\xbc7\x8e2\x00\t\x00\x03\x06\x03\x11\x83\xfc\xa0\xb6\xa3\xbe\xb0\xb7\x12\x00\t\x00'),
                            bytearray(b'\x8dpx\xb0\x89\x10\xf9\x81\xbb\xff\xd6>\xe7\x007\xe1\x82w\x8f\xfd\xff\xd1~\x13\x00GA\xaf\xff\x18\x1e\xe9'),
                            bytearray(b'\x01\x00\x01\x00\x01\x00\x01\x01\x06\x03\x12\r\x07\x18\x0f\x00\x01\x00\x01\x00\x01\x00\x02\x03\x0c\x0b\x1f\x1f\x1d\x1d\x02\n'),
                            bytearray(b'\x1f\xe0\xbb\xe0|@<\xe0o\xf0\xaf\xf0\x9fp\xff \x1f\xe0\x1f\xe4\xbf\xc3\x1f\xe3\x0f\x90\x0f\x10\x0e1Po'),
                        ], is_16bit=False, y_plus=0, y_minus=0, x=128, y=114),
                        Tile(mirror=True, invert=False, format=0, length=7, subtile_bytes=[
                            bytearray(b"\x1fpw\xc8\xdb\x81\x93\x81t3\xf5\x02\xf7h9\xce\x81\xfe)\xdef\xbd~\xed\xce\xbb\xfb\x0e\x89\x7f\'\xd7"),
                            bytearray(b'\xe5\x1a\xb0O5\xf2\xd5\xf2\xd3\xf4\xf5rD\xf2\xacp_>\xdf\xff\x1f\xfe\x1e?\x0f>\x8f\x9b\x8e\x9a\xce\xd2'),
                            bytearray(b'\xec\x9f\xe3\x9f\xce?R/r\r\x1f\x00\xd3\x01\xf3\x11a\x91\x00\xf4\xd0\x11\xc5\xed\xef\xed\xf9\xee>\xfd\x0e\xfd'),
                            bytearray(b'\xcc0X\xa0x\x98\xf8\xb8x\xb0\xf8\x00\xc0\x80\xf0\x80\xbe\xb2\xee\xf6\xc6\xfeF\xbeN\xb6\xff\x07\x7f\xbf\x7f\x8f'),
                        ], is_16bit=False, y_plus=0, y_minus=0, x=112, y=114),
                        Tile(mirror=True, invert=False, format=0, length=5, subtile_bytes=[
                            bytearray(b'\x03\x04\x00\x00\x00\x00\x00\x00\x00\x00\x00\x00\x00\x00\x00\x00\x04\x06\x00\x00\x00\x00\x00\x00\x00\x00\x00\x00\x00\x00\x00\x00'),
                            bytearray(b'\xbf@`\x80\x00\x00\x00\x00\x00\x00\x00\x00\x00\x00\x00\x00\xc0\xff\x80\xe0\x00\x00\x00\x00\x00\x00\x00\x00\x00\x00\x00\x00'),
                            None,
                            None,
                        ], is_16bit=False, y_plus=0, y_minus=0, x=128, y=130),
                        Tile(mirror=True, invert=False, format=0, length=5, subtile_bytes=[
                            bytearray(b'\xf9\t{\x03~\x03\x1f\x01\x0f\x00\x02\x01\x01\x02\x00\x00\x06\xff\x04\x7f\x00}\x00\x1c\x01\r\x01\x01\x02\x03\x00\x00'),
                            bytearray(b'\xa0\xc0\xa1\xc0#\xc0\x02\xe0@\xa2\xda$R$\x00\x00?\xdf?\xde?\xdc\xbf\xfd\xff\xffd\xfe$6\x00\x00'),
                            None,
                            None,
                        ], is_16bit=False, y_plus=0, y_minus=0, x=112, y=130),
                    ]
                ),
                Mold(27, gridplane=False,
                    tiles=[
                        Tile(mirror=True, invert=False, format=0, length=7, subtile_bytes=[
                            bytearray(b'\x00\x03/\x03\n\x87\x12/\x0e\x11\x82\x10\x05\x00j\x00P\x03\xfc\x04x\xb1\xd9=\xef\x11\xef\x15\xff\x80\xff\x02'),
                            bytearray(b'\x00\xc0\xc0\xc0\x80\xc0\x80\xc0\x80@\x80\x00\x00\x00\x80\x00\x00\xc0\x00\x00\x00@@@\xc0@\x80\x00\x00\x00\x80\x80'),
                            bytearray(b' \x080D\x00D\x02 \x0b I\x00\xe9\x00\xff\x00\xf7\x08\xbbD\xbbD\xdf \xdf\xa0\xbe\xc1~`\x01\x01'),
                            bytearray(b'\x00\x00\x00\x00`\x00p\x80x\x80\xfc`\xc0|\x9a\xfc\x80\x00\xc0\x00\x80\x00\xe0\xe0\xe0\xe0\xf4\x94\xf0\x90\xe2&'),
                        ], is_16bit=False, y_plus=0, y_minus=0, x=114, y=97),
                        Tile(mirror=True, invert=False, format=0, length=7, subtile_bytes=[
                            bytearray(b'\x00\x00\x00\x00\x00\x00\x00\x00\x00\x01\x01\x01\x01\x01\x00\x01\x00\x00\x00\x00\x00\x00\x00\x00\x00\x01\x00\x00\x00\x00\x00\x01'),
                            bytearray(b'\x00\x00\x00\x04q|\x1d\xec\x10\xe7\x00w\x06\xfeC\xfe\x00\x00\x02\x00\x0f\x08\x1f\xe0\x17\xcb\x87[\x0f\xd8G\xbc'),
                            bytearray(b'\x01\x00\x01\x00\x01\x01\x01\x01\x00\x01\x00\x00\x00\x00\x00\x00\x01\x01\x01\x01\x00\x00\x00\x00\x00\x01\x00\x00\x00\x00\x00\x00'),
                            bytearray(b'\x01\xff\x18\xfe\xb0\xf0\xd3\xf0\x08\xe2\xc0\x08\x7f\x00\x7f\x00\xe78\xff\x80wN\x1d-?\xff\xff?` @@'),
                        ], is_16bit=False, y_plus=0, y_minus=0, x=130, y=97),
                        Tile(mirror=True, invert=False, format=0, length=7, subtile_bytes=[
                            bytearray(b'\x00\x00\x00\x00\x00\x07\x04\x0c\x08\x08\n\t\t\t\x01\x03\x00\x00\x00\x00\x00\x05\x03\x0b\x07\x07\x06\x07\x06\x06\x04\x06'),
                            bytearray(b'~\x87\xf8\x0fx\x8fp\x0fp\x8f\xf0\xcf\xf0\xcf\xf8\xcf\xcf\xc8\x8f\x81\x1e\x93\x9e\x92\x1e\x91\x1f\x10\x1f\x10\x0f\x00'),
                            bytearray(b'\x02\x01\x01\x01\x00\x00\x00\x01\x00\x01\x00\x03\x02\x03\x02\x03\x06\x05\x00\x01\x00\x00\x00\x01\x00\x01\x00\x03\x00\x03\x00\x03'),
                            bytearray(b'8\xcf\x9c\xe7^\xe7\xdd\xe6\xfb\xe2\xf8\xe06\xe8\xf7\xeb\x0f\xc0\x0c\xc8\x0c\x08\x05\x02\x02\x05\x08/\x18\xff\x1f\xfb'),
                        ], is_16bit=False, y_plus=0, y_minus=0, x=130, y=113),
                        Tile(mirror=True, invert=False, format=0, length=7, subtile_bytes=[
                            bytearray(b'\x1c\xe3$\xff\x14\xffr\x9f\xf1?\x00\xff\x01\xff\x03\xff\xfc\x1d<\xc0<b_!\xff\x00\xff\x00\xff\x00\xff\x00'),
                            bytearray(b'o\xf8c\xa2\xb9\x01\xe0\xe0\xe2\xe1\xe1\xe3\xe0\xe1\xb5\xe1\xf7\x93c\x1d\xc1~\xe0\x1f\xe0\x1f\xe0\x1e\xe2\x1f\x93\x0f'),
                            bytearray(b'\x07\xff_\xff\x7f\xff\xfe~\xfc\xfc\xf0p\xc1\x00\x03p\xff\x00\x7f\x80\xff\x80\xfe\x01\xfc\x83p\x8f\x00\xff\xd5\xfe'),
                            bytearray(b'\x1d\xf1K\xf3\x9f\x9f\x0f\x0e/\x0e\x9e|\x9ei\x1e\xe9\x8b\x87\x8f\xb7\xbf\x7f\x1f\xfe\x1f\xfe\xfd\x7f\x99o\x1e\x89'),
                        ], is_16bit=False, y_plus=0, y_minus=0, x=114, y=113),
                        Tile(mirror=True, invert=False, format=0, length=5, subtile_bytes=[
                            bytearray(b'\x00\x00\x00\x00\x00\x00\x80\x00\x00\xc0\x80\xc0\xc0\x00\x00\x00\x00\x00\x00\x00\x00\x00\x80\x80\x00\x80\x00\x00\xc0\x00\x80\x80'),
                            None,
                            bytearray(b'\x80\x00\x80\x00\x00\x00\x00\x00\x00\x00\x80\x00\x00\xc0\x00\xc0\x00\x80\x80\x00\x00\x00\x00\x00\x00\x00\x80\x00@\xc0\x00\xc0'),
                            None,
                        ], is_16bit=False, y_plus=0, y_minus=0, x=98, y=113),
                        Tile(mirror=True, invert=False, format=0, length=5, subtile_bytes=[
                            bytearray(b'\x03\x03\x13\x1d\x1d>|?g\x1f9\x07\x07\x00\x00\x00\x00\x02\x02\x05\x01\x02\x00\x01\x00X\x00>\x00\x07\x00\x00'),
                            bytearray(b'\xb8\xf6_\xf0\xdb\xfc\xe2={\xff\xc7\xfe\x1f\xe0\xf8\x00\x0f\x7f\x0c\xbc\x06\xfe\xc3\x1d\x01\x07\x01>\x00\xff\x00\xf8'),
                            None,
                            None,
                        ], is_16bit=False, y_plus=0, y_minus=0, x=130, y=129),
                        Tile(mirror=True, invert=False, format=0, length=5, subtile_bytes=[
                            bytearray(b'\x85|\x88p\x86pX\xa0\xff\x00\xfe\x01\xeb\x01\x00\x00\x8f\x0e\x8f\x87\x89\x9f\xdf\xdf`\xff\x00\xff\x00\xeb\x00\x00'),
                            bytearray(b'G\xf0B0#\x00\x7ff\x81\xff\xaf\xf2\xe8\xf8\x1cx\x1f\x98\xaf\xfd\xff\xdc\x99\xa6\x00\x0f\r\x02\x00\x90\x04x'),
                            None,
                            None,
                        ], is_16bit=False, y_plus=0, y_minus=0, x=114, y=129),
                        Tile(mirror=True, invert=False, format=0, length=4, subtile_bytes=[
                            bytearray(b'\xc0\x00\x00\x00\x80\x00\x80\x80\x00\x80\x80\x80\x00\x00\x00\x00\xc0\x00\x00\x00\x80\x00\x00\x80\x00\x80\x00\x80\x00\x00\x00\x00'),
                            None,
                            None,
                            None,
                        ], is_16bit=False, y_plus=0, y_minus=0, x=98, y=129),
                    ]
                ),
            ],
            sequences=[
                AnimationSequence(
                    frames=[
                        AnimationSequenceFrame(duration=8, mold_id=0),
                    ]
                ),
                AnimationSequence(
                    frames=[
                        AnimationSequenceFrame(duration=8, mold_id=1),
                    ]
                ),
                AnimationSequence(
                    frames=[
                        AnimationSequenceFrame(duration=8, mold_id=2),
                    ]
                ),
                AnimationSequence(
                    frames=[
                        AnimationSequenceFrame(duration=8, mold_id=3),
                    ]
                ),
                AnimationSequence(
                    frames=[
                        AnimationSequenceFrame(duration=8, mold_id=4),
                    ]
                ),
                AnimationSequence(
                    frames=[
                        AnimationSequenceFrame(duration=8, mold_id=5),
                    ]
                ),
                AnimationSequence(
                    frames=[
                        AnimationSequenceFrame(duration=8, mold_id=6),
                    ]
                ),
                AnimationSequence(
                    frames=[
                        AnimationSequenceFrame(duration=8, mold_id=7),
                    ]
                ),
                AnimationSequence(
                    frames=[
                        AnimationSequenceFrame(duration=8, mold_id=8),
                    ]
                ),
                AnimationSequence(
                    frames=[
                        AnimationSequenceFrame(duration=8, mold_id=9),
                    ]
                ),
                AnimationSequence(
                    frames=[
                        AnimationSequenceFrame(duration=8, mold_id=10),
                        AnimationSequenceFrame(duration=8, mold_id=11),
                        AnimationSequenceFrame(duration=8, mold_id=10),
                        AnimationSequenceFrame(duration=8, mold_id=12),
                    ]
                ),
                AnimationSequence(
                    frames=[
                        AnimationSequenceFrame(duration=8, mold_id=13),
                        AnimationSequenceFrame(duration=8, mold_id=14),
                        AnimationSequenceFrame(duration=8, mold_id=13),
                        AnimationSequenceFrame(duration=8, mold_id=15),
                    ]
                ),
                AnimationSequence(
                    frames=[
                        AnimationSequenceFrame(duration=8, mold_id=16),
                        AnimationSequenceFrame(duration=8, mold_id=17),
                        AnimationSequenceFrame(duration=8, mold_id=16),
                        AnimationSequenceFrame(duration=8, mold_id=18),
                    ]
                ),
                AnimationSequence(
                    frames=[
                        AnimationSequenceFrame(duration=8, mold_id=19),
                        AnimationSequenceFrame(duration=8, mold_id=20),
                        AnimationSequenceFrame(duration=8, mold_id=19),
                        AnimationSequenceFrame(duration=8, mold_id=21),
                    ]
                ),
                AnimationSequence(
                    frames=[
                        AnimationSequenceFrame(duration=8, mold_id=22),
                        AnimationSequenceFrame(duration=8, mold_id=23),
                        AnimationSequenceFrame(duration=8, mold_id=22),
                        AnimationSequenceFrame(duration=8, mold_id=24),
                    ]
                ),
                AnimationSequence(
                    frames=[
                        AnimationSequenceFrame(duration=2, mold_id=1),
                        AnimationSequenceFrame(duration=2, mold_id=9),
                        AnimationSequenceFrame(duration=2, mold_id=7),
                        AnimationSequenceFrame(duration=2, mold_id=8),
                        AnimationSequenceFrame(duration=2, mold_id=5),
                        AnimationSequenceFrame(duration=2, mold_id=26),
                        AnimationSequenceFrame(duration=2, mold_id=25),
                        AnimationSequenceFrame(duration=2, mold_id=27),
                    ]
                ),
            ]
        )
    ),
    palette_id=664,
    palette_offset=0,
    unknown_num=0
)
