# SPR0033_GENO_FINGER_SHOT

from smrpgpatchbuilder.datatypes.graphics.classes import CompleteSprite, AnimationPack, AnimationPackProperties, AnimationSequence, AnimationSequenceFrame, Mold, Tile, Clone
sprite = CompleteSprite(
    animation=AnimationPack(270, length=689, unknown=0x0000,
        properties=AnimationPackProperties(vram_size=2048,
            molds=[
                Mold(0, gridplane=False,
                    tiles=[
                        Tile(mirror=False, invert=False, format=0, length=5, subtile_bytes=[
                            bytearray(b'\x10\x00\xd8\xc0\xec\xe0\xec\xe0\xec\xe0\xc0\x80\xc0\x80\x00\x00\x00\xf0\xc08\xe0\x1c\xe0\x1c\xe0\x1c\xc00\xc0\x10\x00\x90'),
                            None,
                            bytearray(b'\x00\x00\xc0\xc0\xe0\xe0\xe0 \xa0 \xe0 \xc0\xc0\x00\x00\x00\x00\xc0\xc0\xe0\xe0\xe0 \xe0`\xe0 \xc0\xc0\x00\x00'),
                            None,
                        ], is_16bit=False, y_plus=0, y_minus=0, x=132, y=116),
                        Tile(mirror=False, invert=False, format=0, length=7, subtile_bytes=[
                            bytearray(b'\x1f\x1c\x1c\x109!< \x1c\x00\x1c\x00\x05\x00\x04\x00\x1c\x1f\x10\x1f!> ?\x00\x1f\x00\x1f\x00\x07\x00\x06'),
                            bytearray(b'\xff\xfcy\x01\xfc\xff\xfc\xff>?>/6\x17;;\xfc\xff\x01\xfe\xff\x00\xff\x00?\xc0/\xd0\x17\xf8;\xfc'),
                            bytearray(b'\x01\x00\x06\x06\x0e\x0c\x0e\x08\x0f\x08\x07\x04\x03\x03\x00\x00\x01\x00\x07\x06\x0f\x0c\x0f\x08\x0f\x08\x07\x04\x03\x03\x00\x00'),
                            bytearray(b'\xdc\xdd^P\xb7\xb5\xb1\xb4q4\xf9`\xff\xe0\x1f\x1f\xdd^\xdeQ{1{0\xfb\xb0\xfff\xff\xe0\x1f\x1f'),
                        ], is_16bit=False, y_plus=0, y_minus=0, x=116, y=116),
                        Tile(mirror=False, invert=False, format=0, length=5, subtile_bytes=[
                            bytearray(b'\x00\x00\x00\x00\x00\x00\xc0\xc0@@\x80\x80\x80\x80 \x00\x00\x00\x00\x00\x80\x00\x00\xc0\x80@\xc0\x00\x80@\x00\xe0'),
                            None,
                            bytearray(b'\xa0\x80\xa0\x80` \xa0```\x10\x10\xe4 \x80\x80\x80`\x80`\x00\xc0\x80\x00\x80\x00\xe8`\xc0\x1c\x80\xf0'),
                            None,
                        ], is_16bit=False, y_plus=0, y_minus=0, x=131, y=100),
                        Tile(mirror=False, invert=False, format=0, length=7, subtile_bytes=[
                            bytearray(b'\x00\x00\x00\x00\x00\x00\x00\x00\x01\x01\x00\x01\x02\x03\x07\x03\x00\x00\x00\x00\x00\x00\x00\x01\x01\x00\x01\x02\x03\x00\x03\x04'),
                            bytearray(b'\x00\x00\x08\x08\x19\x19\x81\xfd\x05\xf7\x0b\xfb\x13\xf3s\xf3\x00\x004\x08&A\xfc\x02\xf7\x08\xfb\x04\xf3\x0c\xf3\x0c'),
                            bytearray(b'\x07\x03\x03\x03\x0b\x03\x1c\x10\x07\x10\x07\x02\x0f\x0e\x1f\x1f\x03\x04\x03\x04\x0b\x04\x08\x07\x08\x17\x0f\n\x0f\x0e\x1f\x1f'),
                            bytearray(b'\xe7\xe7\xdf\xcf\x7f/\xfen\xf0\xc0\xf3C\x1e\x1e\xf3\xe1\xe7\x18\xcf0/\xf0n\xf1\xc0\xff\xccp\xe1\x80\xff\xed'),
                        ], is_16bit=False, y_plus=0, y_minus=0, x=115, y=100),
                    ]
                ),
                Mold(1, gridplane=False,
                    tiles=[
                        Tile(mirror=False, invert=False, format=0, length=4, subtile_bytes=[
                            bytearray(b'\x00\x00\x80\x80\xc0@@@\xc0@\xc0@\x80\x80\x00\x00\x00\x00\x80\x80\xc0@\xc0\xc0\xc0@\xc0@\x80\x80\x00\x00'),
                            None,
                            None,
                            None,
                        ], is_16bit=False, y_plus=0, y_minus=0, x=132, y=124),
                        Tile(mirror=False, invert=False, format=0, length=5, subtile_bytes=[
                            bytearray(b'\x03\x00\x0c\x0c\x1d\x19\x1d\x11\x1e\x10\x0f\x08\x07\x07\x00\x00\x03\x00\x0f\x0c\x1e\x18\x1e\x10\x1f\x11\x0f\x08\x07\x07\x00\x00'),
                            bytearray(b'\x9c\x9d\x9e\x90WTQT\xf1t\xf9\xe0\xbf\xa0\x1f\x1f\x9d\x1e\x9e\x91\xdbP\xdbP\xfbp\xff\xe6\xbf\xa0\x1f\x1f'),
                            None,
                            None,
                        ], is_16bit=False, y_plus=0, y_minus=0, x=116, y=124),
                        Tile(mirror=False, invert=False, format=0, length=4, subtile_bytes=[
                            bytearray(b'\x10\x00\xd8\xc0\xec\xe0\xec\xe0\xec\xe0\xc0\x80\xc0\x80\x00\x00\x00\xf0\xc08\xe0\x1c\xe0\x1c\xe0\x1c\xc00\xc0\x10\x00\x90'),
                            None,
                            None,
                            None,
                        ], is_16bit=False, y_plus=0, y_minus=0, x=131, y=116),
                        Tile(mirror=False, invert=False, format=0, length=5, subtile_bytes=[
                            bytearray(b'\x1f\x1c\x1c\x109!< \x1c\x00\x1c\x00\x05\x00\x04\x00\x1c\x1f\x10\x1f!> ?\x00\x1f\x00\x1f\x00\x07\x00\x06'),
                            bytearray(b'\xff\xfcy\x01\xfc\xff\xfc\xff>?>/6\x17;;\xfc\xff\x01\xfe\xff\x00\xff\x00?\xc0/\xd0\x17\xf8;\xfc'),
                            None,
                            None,
                        ], is_16bit=False, y_plus=0, y_minus=0, x=115, y=116),
                        Tile(mirror=False, invert=False, format=0, length=5, subtile_bytes=[
                            bytearray(b'\x00\x00\x00\x00\x00\x00\xc0\xc0@@\x80\x80\x80\x80 \x00\x00\x00\x00\x00\x80\x00\x00\xc0\x80@\xc0\x00\x80@\x00\xe0'),
                            None,
                            bytearray(b'\xa0\x80\xa0\x80` \xa0```\x10\x10\xe4 \x80\x80\x80`\x80`\x00\xc0\x80\x00\x80\x00\xe8`\xc0\x1c\x80\xf0'),
                            None,
                        ], is_16bit=False, y_plus=0, y_minus=0, x=386, y=100),
                        Tile(mirror=False, invert=False, format=0, length=7, subtile_bytes=[
                            bytearray(b'\x00\x00\x00\x00\x00\x00\x00\x00\x01\x01\x00\x01\x02\x03\x07\x03\x00\x00\x00\x00\x00\x00\x00\x01\x01\x00\x01\x02\x03\x00\x03\x04'),
                            bytearray(b'\x00\x00\x08\x08\x19\x19\x81\xfd\x05\xf7\x0b\xfb\x13\xf3s\xf3\x00\x004\x08&A\xfc\x02\xf7\x08\xfb\x04\xf3\x0c\xf3\x0c'),
                            bytearray(b'\x07\x03\x03\x03\x0b\x03\x1c\x10\x07\x10\x07\x02\x0f\x0e\x1f\x1f\x03\x04\x03\x04\x0b\x04\x08\x07\x08\x17\x0f\n\x0f\x0e\x1f\x1f'),
                            bytearray(b'\xe7\xe7\xdf\xcf\x7f/\xfen\xf0\xc0\xf3C\x1e\x1e\xf3\xe1\xe7\x18\xcf0/\xf0n\xf1\xc0\xff\xccp\xe1\x80\xff\xed'),
                        ], is_16bit=False, y_plus=0, y_minus=0, x=370, y=100),
                    ]
                ),
                Mold(2, gridplane=False,
                    tiles=[
                        Tile(mirror=False, invert=False, format=0, length=5, subtile_bytes=[
                            bytearray(b'\xe0\x00\xd0\x10tp0\xf0\xb0\xf0\xf0\xf0\xc0\xc0@@\x00\xf0\x10\xe8p\x8c\xf0\x0c\xf0\x0c\xf0\x0c\xc0<@\xf8'),
                            None,
                            bytearray(b'\xc0@\xe0`\xf0\xf0pp\xf0\x10\xe0 \xc0\xc0\x00\x00@\xc0`\xe0\xf0\xf0\xf0p\xf0\x10\xe0 \xc0\xc0\x00\x00'),
                            None,
                        ], is_16bit=False, y_plus=0, y_minus=0, x=130, y=118),
                        Tile(mirror=False, invert=False, format=0, length=7, subtile_bytes=[
                            bytearray(b'\x0e\x04\x1f\x06\x1f\x07?\x00x\x000\x000\x00(\x00\x04\x0f\x06\x1f\x07\x1f\x00?\x00\x7f\x00?\x00?\x00/'),
                            bytearray(b'\xfc\x00\x8f\x00\xff\x00\x81\x01\xff\xff\xff\xff??\x07\x07\x00\xff\x00\xff\x00\xff\x01\xfe\xff\x00\xff\x00?\xc0\x07\xf8'),
                            bytearray(b'\x08\x00\x04\x00\x0b\x0b\x13\x13\x13\x13\x1f\x11\x0f\x0c\x03\x03\x08\x07\x0c\x03\x07\x03\x1f\x1b\x1f\x1f\x1f\x11\x0f\x0c\x03\x03'),
                            bytearray(b'\x00\x00\x82\x00\xc3\xc2\xc3\xc3\xe7\xe7\xe7\xe6\xe3c\xc0\xc0\x00\xdf@\xcf\xc2\xc7\xc3\xc3\xe7\xe7\xe7\xe6\xe3c\xc0\xc0'),
                        ], is_16bit=False, y_plus=0, y_minus=0, x=114, y=118),
                        Tile(mirror=False, invert=False, format=0, length=5, subtile_bytes=[
                            bytearray(b'\x00\x00\x00\x00\x00\x00\xc0\xc0@@\x80\x80\x80\x80 \x00\x00\x00\x00\x00\x80\x00\x00\xc0\x80@\xc0\x00\x80@\x00\xe0'),
                            None,
                            bytearray(b'\xa0\x80\xa0\x80` \xa0```\x18\x08\xe8\xe8\x00\x00\x80`\x80`\x00\xc0\x90\x00\x98\x10\xf0\xe0\xe0\xf0\x08\xf0'),
                            None,
                        ], is_16bit=False, y_plus=0, y_minus=0, x=130, y=102),
                        Tile(mirror=False, invert=False, format=0, length=7, subtile_bytes=[
                            bytearray(b'\x00\x00\x00\x00\x00\x00\x00\x00\x01\x01\x00\x01\x02\x03\x07\x03\x00\x00\x00\x00\x00\x00\x00\x01\x01\x00\x01\x02\x03\x00\x03\x04'),
                            bytearray(b'\x00\x00\x08\x08\x19\x19\x81\xfd\x05\xf7\x0b\xfb\x13\xf3s\xf3\x00\x004\x08&A\xfc\x02\xf7\x08\xfb\x04\xf3\x0c\xf3\x0c'),
                            bytearray(b'\x07\x03\x03\x03\x03\x03\x04\x00\x07\x04\x06\x06\x07\x03\x0f\x0f\x03\x04\x03\x04\x03\x04\x00\x07\x0c\x0f\x1f\x1f\x0f\x0b\x0f\x0f'),
                            bytearray(b'\xe7\xe7\xdf\xcf\x7f/\xfen\xf0\xc0`@\x81\x81\xff\xfe\xe7\x18\xcf0/\xf0n\xf1\xc0\xff\xc3\xfc\xff\xff\xfe\xff'),
                        ], is_16bit=False, y_plus=0, y_minus=0, x=114, y=102),
                    ]
                ),
                Mold(3, gridplane=False,
                    tiles=[
                        Tile(mirror=False, invert=False, format=0, length=5, subtile_bytes=[
                            bytearray(b'\xe0\x00\xd0\x10tp0\xf0\xb0\xf0\xf0\xf0\xc0\xc0@@\x00\xf0\x10\xe8p\x8c\xf0\x0c\xf0\x0c\xf0\x0c\xc0<@\xf8'),
                            None,
                            bytearray(b'\xc0@\xe0`\xf0\xf0pp\xf0\x10\xe0 \xc0\xc0\x00\x00@\xc0`\xe0\xf0\xf0\xf0p\xf0\x10\xe0 \xc0\xc0\x00\x00'),
                            None,
                        ], is_16bit=False, y_plus=0, y_minus=0, x=130, y=118),
                        Tile(mirror=False, invert=False, format=0, length=7, subtile_bytes=[
                            bytearray(b'\x0e\x04\x1f\x06\x1f\x07?\x00x\x000\x000\x00(\x00\x04\x0f\x06\x1f\x07\x1f\x00?\x00\x7f\x00?\x00?\x00/'),
                            bytearray(b'\xfc\x00\x8f\x00\xff\x00\x81\x01\xff\xff\xff\xff??\x07\x07\x00\xff\x00\xff\x00\xff\x01\xfe\xff\x00\xff\x00?\xc0\x07\xf8'),
                            bytearray(b'\x08\x00\x04\x00\x0b\x0b\x13\x13\x13\x13\x1f\x11\x0f\x0c\x03\x03\x08\x07\x0c\x03\x07\x03\x1f\x1b\x1f\x1f\x1f\x11\x0f\x0c\x03\x03'),
                            bytearray(b'\x00\x00\x82\x00\xc3\xc2\xc3\xc3\xe7\xe7\xe7\xe6\xe3c\xc0\xc0\x00\xdf@\xcf\xc2\xc7\xc3\xc3\xe7\xe7\xe7\xe6\xe3c\xc0\xc0'),
                        ], is_16bit=False, y_plus=0, y_minus=0, x=114, y=118),
                        Tile(mirror=False, invert=False, format=0, length=5, subtile_bytes=[
                            bytearray(b'\x00\x00\x00\x00\x00\x00\xc0\xc0@@\x80\x80\x80\x80 \x00\x00\x00\x00\x00\x80\x00\x00\xc0\x80@\xc0\x00\x80@\x00\xe0'),
                            None,
                            bytearray(b'\xa0\x80\xa0\x80` \xa0```\x18\x08\xe8\xe8\x00\x00\x80`\x80`\x00\xc0\x90\x00\x98\x10\xf0\xe0\xe0\xf0\x08\xf0'),
                            None,
                        ], is_16bit=False, y_plus=0, y_minus=0, x=130, y=102),
                        Tile(mirror=False, invert=False, format=0, length=7, subtile_bytes=[
                            bytearray(b'\x00\x00\x00\x00\x00\x00\x00\x00\x01\x01\x00\x01\x02\x03\x07\x03\x00\x00\x00\x00\x00\x00\x00\x01\x01\x00\x01\x02\x03\x00\x03\x04'),
                            bytearray(b'\x00\x00\x08\x08\x19\x19\x81\xfd\x05\xf7\x0b\xfb\x13\xf3s\xf3\x00\x004\x08&A\xfc\x02\xf7\x08\xfb\x04\xf3\x0c\xf3\x0c'),
                            bytearray(b'\x07\x03\x03\x03\x03\x03\x04\x00\x07\x04\x06\x06\x07\x03\x0f\x0f\x03\x04\x03\x04\x03\x04\x00\x07\x0c\x0f\x1f\x1f\x0f\x0b\x0f\x0f'),
                            bytearray(b'\xe7\xe7\xdf\xcf\x7f/\xfen\xf0\xc0`@\x81\x81\xff\xfe\xe7\x18\xcf0/\xf0n\xf1\xc0\xff\xc3\xfc\xff\xff\xfe\xff'),
                        ], is_16bit=False, y_plus=0, y_minus=0, x=114, y=102),
                        Tile(mirror=False, invert=False, format=0, length=4, subtile_bytes=[
                            bytearray(b'\x05\x07\x06\x06":\x88\xf8\xe0\xe0\x00\x00\x00\x00\x00\x00\x00\x00\t\x00\x05\x00\x07\x00\x18\x00\xe0\x00\x00\x00\x00\x00'),
                            None,
                            None,
                            None,
                        ], is_16bit=False, y_plus=0, y_minus=0, x=132, y=112),
                        Tile(mirror=False, invert=False, format=0, length=4, subtile_bytes=[
                            bytearray(b'\x00\x00\x00\x00\x00\x1e\x01?#?$<\x19\x1b\x05\x07\x00\x00\x00\x00\x00\x00\x00\x00\x00\x00\x03\x00\x04\x00\x00\x00'),
                            None,
                            None,
                            None,
                        ], is_16bit=False, y_plus=0, y_minus=0, x=131, y=104),
                    ]
                ),
                Mold(4, gridplane=False,
                    tiles=[
                        Tile(mirror=False, invert=False, format=0, length=5, subtile_bytes=[
                            bytearray(b'\xe0\x00\xd0\x10tp0\xf0\xb0\xf0\xf0\xf0\xc0\xc0@@\x00\xf0\x10\xe8p\x8c\xf0\x0c\xf0\x0c\xf0\x0c\xc0<@\xf8'),
                            None,
                            bytearray(b'\xc0@\xe0`\xf0\xf0pp\xf0\x10\xe0 \xc0\xc0\x00\x00@\xc0`\xe0\xf0\xf0\xf0p\xf0\x10\xe0 \xc0\xc0\x00\x00'),
                            None,
                        ], is_16bit=False, y_plus=0, y_minus=0, x=130, y=118),
                        Tile(mirror=False, invert=False, format=0, length=7, subtile_bytes=[
                            bytearray(b'\x0e\x04\x1f\x06\x1f\x07?\x00x\x000\x000\x00(\x00\x04\x0f\x06\x1f\x07\x1f\x00?\x00\x7f\x00?\x00?\x00/'),
                            bytearray(b'\xfc\x00\x8f\x00\xff\x00\x81\x01\xff\xff\xff\xff??\x07\x07\x00\xff\x00\xff\x00\xff\x01\xfe\xff\x00\xff\x00?\xc0\x07\xf8'),
                            bytearray(b'\x08\x00\x04\x00\x0b\x0b\x13\x13\x13\x13\x1f\x11\x0f\x0c\x03\x03\x08\x07\x0c\x03\x07\x03\x1f\x1b\x1f\x1f\x1f\x11\x0f\x0c\x03\x03'),
                            bytearray(b'\x00\x00\x82\x00\xc3\xc2\xc3\xc3\xe7\xe7\xe7\xe6\xe3c\xc0\xc0\x00\xdf@\xcf\xc2\xc7\xc3\xc3\xe7\xe7\xe7\xe6\xe3c\xc0\xc0'),
                        ], is_16bit=False, y_plus=0, y_minus=0, x=114, y=118),
                        Tile(mirror=False, invert=False, format=0, length=5, subtile_bytes=[
                            bytearray(b'\x00\x00\x00\x00\x00\x00\xc0\xc0@@\x80\x80\x80\x80 \x00\x00\x00\x00\x00\x80\x00\x00\xc0\x80@\xc0\x00\x80@\x00\xe0'),
                            None,
                            bytearray(b'\xa0\x80\xa0\x80` \xa0```\x18\x08\xe8\xe8\x00\x00\x80`\x80`\x00\xc0\x90\x00\x98\x10\xf0\xe0\xe0\xf0\x08\xf0'),
                            None,
                        ], is_16bit=False, y_plus=0, y_minus=0, x=130, y=102),
                        Tile(mirror=False, invert=False, format=0, length=7, subtile_bytes=[
                            bytearray(b'\x00\x00\x00\x00\x00\x00\x00\x00\x01\x01\x00\x01\x02\x03\x07\x03\x00\x00\x00\x00\x00\x00\x00\x01\x01\x00\x01\x02\x03\x00\x03\x04'),
                            bytearray(b'\x00\x00\x08\x08\x19\x19\x81\xfd\x05\xf7\x0b\xfb\x13\xf3s\xf3\x00\x004\x08&A\xfc\x02\xf7\x08\xfb\x04\xf3\x0c\xf3\x0c'),
                            bytearray(b'\x07\x03\x03\x03\x03\x03\x04\x00\x07\x04\x06\x06\x07\x03\x0f\x0f\x03\x04\x03\x04\x03\x04\x00\x07\x0c\x0f\x1f\x1f\x0f\x0b\x0f\x0f'),
                            bytearray(b'\xe7\xe7\xdf\xcf\x7f/\xfen\xf0\xc0`@\x81\x81\xff\xfe\xe7\x18\xcf0/\xf0n\xf1\xc0\xff\xc3\xfc\xff\xff\xfe\xff'),
                        ], is_16bit=False, y_plus=0, y_minus=0, x=114, y=102),
                        Tile(mirror=False, invert=False, format=0, length=5, subtile_bytes=[
                            bytearray(b'\x00\x00\x00\x00\x00\x1e\x01?#?$<\x19\x1b\x05\x07\x00\x00\x00\x00\x00\x00\x00\x00\x00\x00\x03\x00\x04\x00\x00\x00'),
                            None,
                            bytearray(b'\x05\x07\x06\x06":\x88\xf8\xe0\xe0\x00\x00\x00\x00\x00\x00\x00\x00\t\x00\x05\x00\x07\x00\x18\x00\xe0\x00\x00\x00\x00\x00'),
                            None,
                        ], is_16bit=False, y_plus=0, y_minus=0, x=133, y=105),
                    ]
                ),
                Mold(5, gridplane=False,
                    tiles=[
                        Tile(mirror=False, invert=False, format=0, length=5, subtile_bytes=[
                            bytearray(b'\xe0\x00\xd0\x10tp0\xf0\xb0\xf0\xf0\xf0\xc0\xc0@@\x00\xf0\x10\xe8p\x8c\xf0\x0c\xf0\x0c\xf0\x0c\xc0<@\xf8'),
                            None,
                            bytearray(b'\xc0@\xe0`\xf0\xf0pp\xf0\x10\xe0 \xc0\xc0\x00\x00@\xc0`\xe0\xf0\xf0\xf0p\xf0\x10\xe0 \xc0\xc0\x00\x00'),
                            None,
                        ], is_16bit=False, y_plus=0, y_minus=0, x=130, y=118),
                        Tile(mirror=False, invert=False, format=0, length=7, subtile_bytes=[
                            bytearray(b'\x0e\x04\x1f\x06\x1f\x07?\x00x\x000\x000\x00(\x00\x04\x0f\x06\x1f\x07\x1f\x00?\x00\x7f\x00?\x00?\x00/'),
                            bytearray(b'\xfc\x00\x8f\x00\xff\x00\x81\x01\xff\xff\xff\xff??\x07\x07\x00\xff\x00\xff\x00\xff\x01\xfe\xff\x00\xff\x00?\xc0\x07\xf8'),
                            bytearray(b'\x08\x00\x04\x00\x0b\x0b\x13\x13\x13\x13\x1f\x11\x0f\x0c\x03\x03\x08\x07\x0c\x03\x07\x03\x1f\x1b\x1f\x1f\x1f\x11\x0f\x0c\x03\x03'),
                            bytearray(b'\x00\x00\x82\x00\xc3\xc2\xc3\xc3\xe7\xe7\xe7\xe6\xe3c\xc0\xc0\x00\xdf@\xcf\xc2\xc7\xc3\xc3\xe7\xe7\xe7\xe6\xe3c\xc0\xc0'),
                        ], is_16bit=False, y_plus=0, y_minus=0, x=114, y=118),
                        Tile(mirror=False, invert=False, format=0, length=5, subtile_bytes=[
                            bytearray(b'\x00\x00\x00\x00\x00\x00\xc0\xc0@@\x80\x80\x80\x80 \x00\x00\x00\x00\x00\x80\x00\x00\xc0\x80@\xc0\x00\x80@\x00\xe0'),
                            None,
                            bytearray(b'\xa0\x80\xa0\x80` \xa0```\x18\x08\xe8\xe8\x00\x00\x80`\x80`\x00\xc0\x90\x00\x98\x10\xf0\xe0\xe0\xf0\x08\xf0'),
                            None,
                        ], is_16bit=False, y_plus=0, y_minus=0, x=130, y=102),
                        Tile(mirror=False, invert=False, format=0, length=7, subtile_bytes=[
                            bytearray(b'\x00\x00\x00\x00\x00\x00\x00\x00\x01\x01\x00\x01\x02\x03\x07\x03\x00\x00\x00\x00\x00\x00\x00\x01\x01\x00\x01\x02\x03\x00\x03\x04'),
                            bytearray(b'\x00\x00\x08\x08\x19\x19\x81\xfd\x05\xf7\x0b\xfb\x13\xf3s\xf3\x00\x004\x08&A\xfc\x02\xf7\x08\xfb\x04\xf3\x0c\xf3\x0c'),
                            bytearray(b'\x07\x03\x03\x03\x03\x03\x04\x00\x07\x04\x06\x06\x07\x03\x0f\x0f\x03\x04\x03\x04\x03\x04\x00\x07\x0c\x0f\x1f\x1f\x0f\x0b\x0f\x0f'),
                            bytearray(b'\xe7\xe7\xdf\xcf\x7f/\xfen\xf0\xc0`@\x81\x81\xff\xfe\xe7\x18\xcf0/\xf0n\xf1\xc0\xff\xc3\xfc\xff\xff\xfe\xff'),
                        ], is_16bit=False, y_plus=0, y_minus=0, x=114, y=102),
                        Tile(mirror=False, invert=False, format=0, length=4, subtile_bytes=[
                            bytearray(b'\x00\x00 8\x88\xf8\xe0\xe0\x00\x00\x00\x00\x00\x00\x00\x00\x08\x00\x04\x00\x04\x00\x18\x00\xe0\x00\x00\x00\x00\x00\x00\x00'),
                            None,
                            None,
                            None,
                        ], is_16bit=False, y_plus=0, y_minus=0, x=134, y=114),
                        Tile(mirror=False, invert=False, format=0, length=6, subtile_bytes=[
                            None,
                            bytearray(b'\x00\x00\x00\x00\x00\x00\x00\x00\x00\x00\x00\x00\x00\x0c\x10\x98\x00\x00\x00\x00\x00\x00\x00\x00\x00\x00\x00\x00\x00\x00&\x00'),
                            bytearray(b'\x01\x01\x01\x01\x00\x00\x00\x00\x02\x03\x08\x0f\x02\x06\x00\x00\x00\x00\x00\x00\x01\x00\x01\x00\x00\x00\x10\x00\x19\x00\x0e\x00'),
                            bytearray(b'\x90\xb6\x84\xfc\x92\xeb\x8c\xfc\xf8\xf8\x80\x80\x00\x00\x00\x00I\x00\x03\x00\x04\x00\x03\x00\x06\x00\x7f\x00\x80\x00\x00\x00'),
                        ], is_16bit=False, y_plus=0, y_minus=0, x=135, y=100),
                    ]
                ),
                Mold(6, gridplane=False,
                    tiles=[
                        Tile(mirror=False, invert=False, format=0, length=5, subtile_bytes=[
                            bytearray(b'\xe0\x00\xd0\x10tp0\xf0\xb0\xf0\xf0\xf0\xc0\xc0@@\x00\xf0\x10\xe8p\x8c\xf0\x0c\xf0\x0c\xf0\x0c\xc0<@\xf8'),
                            None,
                            bytearray(b'\xc0@\xe0`\xf0\xf0pp\xf0\x10\xe0 \xc0\xc0\x00\x00@\xc0`\xe0\xf0\xf0\xf0p\xf0\x10\xe0 \xc0\xc0\x00\x00'),
                            None,
                        ], is_16bit=False, y_plus=0, y_minus=0, x=130, y=118),
                        Tile(mirror=False, invert=False, format=0, length=7, subtile_bytes=[
                            bytearray(b'\x0e\x04\x1f\x06\x1f\x07?\x00x\x000\x000\x00(\x00\x04\x0f\x06\x1f\x07\x1f\x00?\x00\x7f\x00?\x00?\x00/'),
                            bytearray(b'\xfc\x00\x8f\x00\xff\x00\x81\x01\xff\xff\xff\xff??\x07\x07\x00\xff\x00\xff\x00\xff\x01\xfe\xff\x00\xff\x00?\xc0\x07\xf8'),
                            bytearray(b'\x08\x00\x04\x00\x0b\x0b\x13\x13\x13\x13\x1f\x11\x0f\x0c\x03\x03\x08\x07\x0c\x03\x07\x03\x1f\x1b\x1f\x1f\x1f\x11\x0f\x0c\x03\x03'),
                            bytearray(b'\x00\x00\x82\x00\xc3\xc2\xc3\xc3\xe7\xe7\xe7\xe6\xe3c\xc0\xc0\x00\xdf@\xcf\xc2\xc7\xc3\xc3\xe7\xe7\xe7\xe6\xe3c\xc0\xc0'),
                        ], is_16bit=False, y_plus=0, y_minus=0, x=114, y=118),
                        Tile(mirror=False, invert=False, format=0, length=5, subtile_bytes=[
                            bytearray(b'\x00\x00\x00\x00\x00\x00\xc0\xc0@@\x80\x80\x80\x80 \x00\x00\x00\x00\x00\x80\x00\x00\xc0\x80@\xc0\x00\x80@\x00\xe0'),
                            None,
                            bytearray(b'\xa0\x80\xa0\x80` \xa0```\x18\x08\xe8\xe8\x00\x00\x80`\x80`\x00\xc0\x90\x00\x98\x10\xf0\xe0\xe0\xf0\x08\xf0'),
                            None,
                        ], is_16bit=False, y_plus=0, y_minus=0, x=130, y=102),
                        Tile(mirror=False, invert=False, format=0, length=7, subtile_bytes=[
                            bytearray(b'\x00\x00\x00\x00\x00\x00\x00\x00\x01\x01\x00\x01\x02\x03\x07\x03\x00\x00\x00\x00\x00\x00\x00\x01\x01\x00\x01\x02\x03\x00\x03\x04'),
                            bytearray(b'\x00\x00\x08\x08\x19\x19\x81\xfd\x05\xf7\x0b\xfb\x13\xf3s\xf3\x00\x004\x08&A\xfc\x02\xf7\x08\xfb\x04\xf3\x0c\xf3\x0c'),
                            bytearray(b'\x07\x03\x03\x03\x03\x03\x04\x00\x07\x04\x06\x06\x07\x03\x0f\x0f\x03\x04\x03\x04\x03\x04\x00\x07\x0c\x0f\x1f\x1f\x0f\x0b\x0f\x0f'),
                            bytearray(b'\xe7\xe7\xdf\xcf\x7f/\xfen\xf0\xc0`@\x81\x81\xff\xfe\xe7\x18\xcf0/\xf0n\xf1\xc0\xff\xc3\xfc\xff\xff\xfe\xff'),
                        ], is_16bit=False, y_plus=0, y_minus=0, x=114, y=102),
                        Tile(mirror=False, invert=False, format=0, length=4, subtile_bytes=[
                            bytearray(b'\x00\x00 8\x88\xf8\xe0\xe0\x00\x00\x00\x00\x00\x00\x00\x00\x08\x00\x04\x00\x04\x00\x18\x00\xe0\x00\x00\x00\x00\x00\x00\x00'),
                            None,
                            None,
                            None,
                        ], is_16bit=False, y_plus=0, y_minus=0, x=134, y=114),
                        Tile(mirror=False, invert=False, format=0, length=6, subtile_bytes=[
                            None,
                            bytearray(b'\x00\x00\x00\x00\x00\x00\x00\x00\x00\x00\x00\x00\x00\x0c\x10\x98\x00\x00\x00\x00\x00\x00\x00\x00\x00\x00\x00\x00\x00\x00&\x00'),
                            bytearray(b'\x01\x01\x01\x01\x00\x00\x00\x00\x02\x03\x08\x0f\x02\x06\x00\x00\x00\x00\x00\x00\x01\x00\x01\x00\x00\x00\x10\x00\x19\x00\x0e\x00'),
                            bytearray(b'\x90\xb6\x84\xfc\x92\xeb\x8c\xfc\xf8\xf8\x80\x80\x00\x00\x00\x00I\x00\x03\x00\x04\x00\x03\x00\x06\x00\x7f\x00\x80\x00\x00\x00'),
                        ], is_16bit=False, y_plus=0, y_minus=0, x=134, y=101),
                    ]
                ),
                Mold(7, gridplane=False,
                    tiles=[
                        Tile(mirror=False, invert=False, format=0, length=5, subtile_bytes=[
                            bytearray(b'\xe0\x00\xd0\x10tp0\xf0\xb0\xf0\xf0\xf0\xc0\xc0@@\x00\xf0\x10\xe8p\x8c\xf0\x0c\xf0\x0c\xf0\x0c\xc0<@\xf8'),
                            None,
                            bytearray(b'\xc0@\xe0`\xf0\xf0pp\xf0\x10\xe0 \xc0\xc0\x00\x00@\xc0`\xe0\xf0\xf0\xf0p\xf0\x10\xe0 \xc0\xc0\x00\x00'),
                            None,
                        ], is_16bit=False, y_plus=0, y_minus=0, x=130, y=118),
                        Tile(mirror=False, invert=False, format=0, length=7, subtile_bytes=[
                            bytearray(b'\x0e\x04\x1f\x06\x1f\x07?\x00x\x000\x000\x00(\x00\x04\x0f\x06\x1f\x07\x1f\x00?\x00\x7f\x00?\x00?\x00/'),
                            bytearray(b'\xfc\x00\x8f\x00\xff\x00\x81\x01\xff\xff\xff\xff??\x07\x07\x00\xff\x00\xff\x00\xff\x01\xfe\xff\x00\xff\x00?\xc0\x07\xf8'),
                            bytearray(b'\x08\x00\x04\x00\x0b\x0b\x13\x13\x13\x13\x1f\x11\x0f\x0c\x03\x03\x08\x07\x0c\x03\x07\x03\x1f\x1b\x1f\x1f\x1f\x11\x0f\x0c\x03\x03'),
                            bytearray(b'\x00\x00\x82\x00\xc3\xc2\xc3\xc3\xe7\xe7\xe7\xe6\xe3c\xc0\xc0\x00\xdf@\xcf\xc2\xc7\xc3\xc3\xe7\xe7\xe7\xe6\xe3c\xc0\xc0'),
                        ], is_16bit=False, y_plus=0, y_minus=0, x=114, y=118),
                        Tile(mirror=False, invert=False, format=0, length=5, subtile_bytes=[
                            bytearray(b'\x00\x00\x00\x00\x00\x00\xc0\xc0@@\x80\x80\x80\x80 \x00\x00\x00\x00\x00\x80\x00\x00\xc0\x80@\xc0\x00\x80@\x00\xe0'),
                            None,
                            bytearray(b'\xa0\x80\xa0\x80` \xa0```\x18\x08\xe8\xe8\x00\x00\x80`\x80`\x00\xc0\x90\x00\x98\x10\xf0\xe0\xe0\xf0\x08\xf0'),
                            None,
                        ], is_16bit=False, y_plus=0, y_minus=0, x=130, y=102),
                        Tile(mirror=False, invert=False, format=0, length=7, subtile_bytes=[
                            bytearray(b'\x00\x00\x00\x00\x00\x00\x00\x00\x01\x01\x00\x01\x02\x03\x07\x03\x00\x00\x00\x00\x00\x00\x00\x01\x01\x00\x01\x02\x03\x00\x03\x04'),
                            bytearray(b'\x00\x00\x08\x08\x19\x19\x81\xfd\x05\xf7\x0b\xfb\x13\xf3s\xf3\x00\x004\x08&A\xfc\x02\xf7\x08\xfb\x04\xf3\x0c\xf3\x0c'),
                            bytearray(b'\x07\x03\x03\x03\x03\x03\x04\x00\x07\x04\x06\x06\x07\x03\x0f\x0f\x03\x04\x03\x04\x03\x04\x00\x07\x0c\x0f\x1f\x1f\x0f\x0b\x0f\x0f'),
                            bytearray(b'\xe7\xe7\xdf\xcf\x7f/\xfen\xf0\xc0`@\x81\x81\xff\xfe\xe7\x18\xcf0/\xf0n\xf1\xc0\xff\xc3\xfc\xff\xff\xfe\xff'),
                        ], is_16bit=False, y_plus=0, y_minus=0, x=114, y=102),
                        Tile(mirror=False, invert=False, format=0, length=4, subtile_bytes=[
                            bytearray(b'\x00\x00\x08\x0e >\x8c\xfc\xe0\xe0\x00\x00\x00\x00\x00\x00\x06\x00\x11\x00\xc1\x00\x03\x00\x1c\x00\xe0\x00\x00\x00\x00\x00'),
                            None,
                            None,
                            None,
                        ], is_16bit=False, y_plus=0, y_minus=0, x=132, y=111),
                    ]
                ),
                Mold(8, gridplane=False,
                    tiles=[
                        Tile(mirror=False, invert=False, format=0, length=5, subtile_bytes=[
                            bytearray(b'\xe0\x00\xd0\x10tp0\xf0\xb0\xf0\xf0\xf0\xc0\xc0@@\x00\xf0\x10\xe8p\x8c\xf0\x0c\xf0\x0c\xf0\x0c\xc0<@\xf8'),
                            None,
                            bytearray(b'\xc0@\xe0`\xf0\xf0pp\xf0\x10\xe0 \xc0\xc0\x00\x00@\xc0`\xe0\xf0\xf0\xf0p\xf0\x10\xe0 \xc0\xc0\x00\x00'),
                            None,
                        ], is_16bit=False, y_plus=0, y_minus=0, x=130, y=118),
                        Tile(mirror=False, invert=False, format=0, length=7, subtile_bytes=[
                            bytearray(b'\x0e\x04\x1f\x06\x1f\x07?\x00x\x000\x000\x00(\x00\x04\x0f\x06\x1f\x07\x1f\x00?\x00\x7f\x00?\x00?\x00/'),
                            bytearray(b'\xfc\x00\x8f\x00\xff\x00\x81\x01\xff\xff\xff\xff??\x07\x07\x00\xff\x00\xff\x00\xff\x01\xfe\xff\x00\xff\x00?\xc0\x07\xf8'),
                            bytearray(b'\x08\x00\x04\x00\x0b\x0b\x13\x13\x13\x13\x1f\x11\x0f\x0c\x03\x03\x08\x07\x0c\x03\x07\x03\x1f\x1b\x1f\x1f\x1f\x11\x0f\x0c\x03\x03'),
                            bytearray(b'\x00\x00\x82\x00\xc3\xc2\xc3\xc3\xe7\xe7\xe7\xe6\xe3c\xc0\xc0\x00\xdf@\xcf\xc2\xc7\xc3\xc3\xe7\xe7\xe7\xe6\xe3c\xc0\xc0'),
                        ], is_16bit=False, y_plus=0, y_minus=0, x=114, y=118),
                        Tile(mirror=False, invert=False, format=0, length=5, subtile_bytes=[
                            bytearray(b'\x00\x00\x00\x00\x00\x00\xc0\xc0@@\x80\x80\x80\x80 \x00\x00\x00\x00\x00\x80\x00\x00\xc0\x80@\xc0\x00\x80@\x00\xe0'),
                            None,
                            bytearray(b'\xa0\x80\xa0\x80` \xa0```\x18\x08\xe8\xe8\x00\x00\x80`\x80`\x00\xc0\x90\x00\x98\x10\xf0\xe0\xe0\xf0\x08\xf0'),
                            None,
                        ], is_16bit=False, y_plus=0, y_minus=0, x=130, y=102),
                        Tile(mirror=False, invert=False, format=0, length=7, subtile_bytes=[
                            bytearray(b'\x00\x00\x00\x00\x00\x00\x00\x00\x01\x01\x00\x01\x02\x03\x07\x03\x00\x00\x00\x00\x00\x00\x00\x01\x01\x00\x01\x02\x03\x00\x03\x04'),
                            bytearray(b'\x00\x00\x08\x08\x19\x19\x81\xfd\x05\xf7\x0b\xfb\x13\xf3s\xf3\x00\x004\x08&A\xfc\x02\xf7\x08\xfb\x04\xf3\x0c\xf3\x0c'),
                            bytearray(b'\x07\x03\x03\x03\x03\x03\x04\x00\x07\x04\x06\x06\x07\x03\x0f\x0f\x03\x04\x03\x04\x03\x04\x00\x07\x0c\x0f\x1f\x1f\x0f\x0b\x0f\x0f'),
                            bytearray(b'\xe7\xe7\xdf\xcf\x7f/\xfen\xf0\xc0`@\x81\x81\xff\xfe\xe7\x18\xcf0/\xf0n\xf1\xc0\xff\xc3\xfc\xff\xff\xfe\xff'),
                        ], is_16bit=False, y_plus=0, y_minus=0, x=114, y=102),
                        Tile(mirror=False, invert=False, format=0, length=4, subtile_bytes=[
                            bytearray(b'\x00\x00\x08\x0e >\x8c\xfc\xe0\xe0\x00\x00\x00\x00\x00\x00\x06\x00\x11\x00\xc1\x00\x03\x00\x1c\x00\xe0\x00\x00\x00\x00\x00'),
                            None,
                            None,
                            None,
                        ], is_16bit=False, y_plus=0, y_minus=0, x=133, y=112),
                    ]
                ),
                Mold(9, gridplane=False,
                    tiles=[
                        Tile(mirror=False, invert=False, format=0, length=5, subtile_bytes=[
                            bytearray(b'\xe0\x00\xd0\x10tp0\xf0\xb0\xf0\xf0\xf0\xc0\xc0@@\x00\xf0\x10\xe8p\x8c\xf0\x0c\xf0\x0c\xf0\x0c\xc0<@\xf8'),
                            None,
                            bytearray(b'\xc0@\xe0`\xf0\xf0pp\xf0\x10\xe0 \xc0\xc0\x00\x00@\xc0`\xe0\xf0\xf0\xf0p\xf0\x10\xe0 \xc0\xc0\x00\x00'),
                            None,
                        ], is_16bit=False, y_plus=0, y_minus=0, x=130, y=118),
                        Tile(mirror=False, invert=False, format=0, length=7, subtile_bytes=[
                            bytearray(b'\x0e\x04\x1f\x06\x1f\x07?\x00x\x000\x000\x00(\x00\x04\x0f\x06\x1f\x07\x1f\x00?\x00\x7f\x00?\x00?\x00/'),
                            bytearray(b'\xfc\x00\x8f\x00\xff\x00\x81\x01\xff\xff\xff\xff??\x07\x07\x00\xff\x00\xff\x00\xff\x01\xfe\xff\x00\xff\x00?\xc0\x07\xf8'),
                            bytearray(b'\x08\x00\x04\x00\x0b\x0b\x13\x13\x13\x13\x1f\x11\x0f\x0c\x03\x03\x08\x07\x0c\x03\x07\x03\x1f\x1b\x1f\x1f\x1f\x11\x0f\x0c\x03\x03'),
                            bytearray(b'\x00\x00\x82\x00\xc3\xc2\xc3\xc3\xe7\xe7\xe7\xe6\xe3c\xc0\xc0\x00\xdf@\xcf\xc2\xc7\xc3\xc3\xe7\xe7\xe7\xe6\xe3c\xc0\xc0'),
                        ], is_16bit=False, y_plus=0, y_minus=0, x=114, y=118),
                        Tile(mirror=False, invert=False, format=0, length=5, subtile_bytes=[
                            bytearray(b'\x00\x00\x00\x00\x00\x00\xc0\xc0@@\x80\x80\x80\x80 \x00\x00\x00\x00\x00\x80\x00\x00\xc0\x80@\xc0\x00\x80@\x00\xe0'),
                            None,
                            bytearray(b'\xa0\x80\xa0\x80` \xa0```\x18\x08\xe8\xe8\x00\x00\x80`\x80`\x00\xc0\x90\x00\x98\x10\xf0\xe0\xe0\xf0\x08\xf0'),
                            None,
                        ], is_16bit=False, y_plus=0, y_minus=0, x=130, y=102),
                        Tile(mirror=False, invert=False, format=0, length=7, subtile_bytes=[
                            bytearray(b'\x00\x00\x00\x00\x00\x00\x00\x00\x01\x01\x00\x01\x02\x03\x07\x03\x00\x00\x00\x00\x00\x00\x00\x01\x01\x00\x01\x02\x03\x00\x03\x04'),
                            bytearray(b'\x00\x00\x08\x08\x19\x19\x81\xfd\x05\xf7\x0b\xfb\x13\xf3s\xf3\x00\x004\x08&A\xfc\x02\xf7\x08\xfb\x04\xf3\x0c\xf3\x0c'),
                            bytearray(b'\x07\x03\x03\x03\x03\x03\x04\x00\x07\x04\x06\x06\x07\x03\x0f\x0f\x03\x04\x03\x04\x03\x04\x00\x07\x0c\x0f\x1f\x1f\x0f\x0b\x0f\x0f'),
                            bytearray(b'\xe7\xe7\xdf\xcf\x7f/\xfen\xf0\xc0`@\x81\x81\xff\xfe\xe7\x18\xcf0/\xf0n\xf1\xc0\xff\xc3\xfc\xff\xff\xfe\xff'),
                        ], is_16bit=False, y_plus=0, y_minus=0, x=114, y=102),
                        Tile(mirror=False, invert=False, format=0, length=4, subtile_bytes=[
                            bytearray(b'\x00\x00\x08\x0e >\x8c\xfc\xe0\xe0\x00\x00\x00\x00\x00\x00\x06\x00\x11\x00\xc1\x00\x03\x00\x1c\x00\xe0\x00\x00\x00\x00\x00'),
                            None,
                            None,
                            None,
                        ], is_16bit=False, y_plus=0, y_minus=0, x=134, y=113),
                    ]
                ),
                Mold(10, gridplane=False,
                    tiles=[
                        Tile(mirror=False, invert=False, format=0, length=5, subtile_bytes=[
                            bytearray(b'\xe0\x00\xd0\x10tp0\xf0\xb0\xf0\xf0\xf0\xc0\xc0@@\x00\xf0\x10\xe8p\x8c\xf0\x0c\xf0\x0c\xf0\x0c\xc0<@\xf8'),
                            None,
                            bytearray(b'\xc0@\xe0`\xf0\xf0pp\xf0\x10\xe0 \xc0\xc0\x00\x00@\xc0`\xe0\xf0\xf0\xf0p\xf0\x10\xe0 \xc0\xc0\x00\x00'),
                            None,
                        ], is_16bit=False, y_plus=0, y_minus=0, x=130, y=118),
                        Tile(mirror=False, invert=False, format=0, length=7, subtile_bytes=[
                            bytearray(b'\x0e\x04\x1f\x06\x1f\x07?\x00x\x000\x000\x00(\x00\x04\x0f\x06\x1f\x07\x1f\x00?\x00\x7f\x00?\x00?\x00/'),
                            bytearray(b'\xfc\x00\x8f\x00\xff\x00\x81\x01\xff\xff\xff\xff??\x07\x07\x00\xff\x00\xff\x00\xff\x01\xfe\xff\x00\xff\x00?\xc0\x07\xf8'),
                            bytearray(b'\x08\x00\x04\x00\x0b\x0b\x13\x13\x13\x13\x1f\x11\x0f\x0c\x03\x03\x08\x07\x0c\x03\x07\x03\x1f\x1b\x1f\x1f\x1f\x11\x0f\x0c\x03\x03'),
                            bytearray(b'\x00\x00\x82\x00\xc3\xc2\xc3\xc3\xe7\xe7\xe7\xe6\xe3c\xc0\xc0\x00\xdf@\xcf\xc2\xc7\xc3\xc3\xe7\xe7\xe7\xe6\xe3c\xc0\xc0'),
                        ], is_16bit=False, y_plus=0, y_minus=0, x=114, y=118),
                        Tile(mirror=False, invert=False, format=0, length=5, subtile_bytes=[
                            bytearray(b'\x00\x00\x00\x00\x00\x00\xc0\xc0@@\x80\x80\x80\x80 \x00\x00\x00\x00\x00\x80\x00\x00\xc0\x80@\xc0\x00\x80@\x00\xe0'),
                            None,
                            bytearray(b'\xa0\x80\xa0\x80` \xa0```\x18\x08\xe8\xe8\x00\x00\x80`\x80`\x00\xc0\x90\x00\x98\x10\xf0\xe0\xe0\xf0\x08\xf0'),
                            None,
                        ], is_16bit=False, y_plus=0, y_minus=0, x=130, y=102),
                        Tile(mirror=False, invert=False, format=0, length=7, subtile_bytes=[
                            bytearray(b'\x00\x00\x00\x00\x00\x00\x00\x00\x01\x01\x00\x01\x02\x03\x07\x03\x00\x00\x00\x00\x00\x00\x00\x01\x01\x00\x01\x02\x03\x00\x03\x04'),
                            bytearray(b'\x00\x00\x08\x08\x19\x19\x81\xfd\x05\xf7\x0b\xfb\x13\xf3s\xf3\x00\x004\x08&A\xfc\x02\xf7\x08\xfb\x04\xf3\x0c\xf3\x0c'),
                            bytearray(b'\x07\x03\x03\x03\x03\x03\x04\x00\x07\x04\x06\x06\x07\x03\x0f\x0f\x03\x04\x03\x04\x03\x04\x00\x07\x0c\x0f\x1f\x1f\x0f\x0b\x0f\x0f'),
                            bytearray(b'\xe7\xe7\xdf\xcf\x7f/\xfen\xf0\xc0`@\x81\x81\xff\xfe\xe7\x18\xcf0/\xf0n\xf1\xc0\xff\xc3\xfc\xff\xff\xfe\xff'),
                        ], is_16bit=False, y_plus=0, y_minus=0, x=114, y=102),
                        Tile(mirror=False, invert=False, format=0, length=4, subtile_bytes=[
                            bytearray(b'\x00\x00\x08\x0e >\x8c\xfc\xe0\xe0\x00\x00\x00\x00\x00\x00\x06\x00\x11\x00\xc1\x00\x03\x00\x1c\x00\xe0\x00\x00\x00\x00\x00'),
                            None,
                            None,
                            None,
                        ], is_16bit=False, y_plus=0, y_minus=0, x=134, y=113),
                        Tile(mirror=False, invert=False, format=0, length=4, subtile_bytes=[
                            bytearray(b'\x00\x06\x01\x0fnv\x08\xf8\xa0`@@\x00\x00\x00\x00\x06\x06\t\t~~\xf8\xf8\xe0\xe0\xc0@\x00\x00\x00\x00'),
                            None,
                            None,
                            None,
                        ], is_16bit=False, y_plus=0, y_minus=0, x=139, y=111),
                    ]
                ),
                Mold(11, gridplane=False,
                    tiles=[
                        Tile(mirror=False, invert=False, format=0, length=5, subtile_bytes=[
                            bytearray(b'\xe0\x00\xd0\x10tp0\xf0\xb0\xf0\xf0\xf0\xc0\xc0@@\x00\xf0\x10\xe8p\x8c\xf0\x0c\xf0\x0c\xf0\x0c\xc0<@\xf8'),
                            None,
                            bytearray(b'\xc0@\xe0`\xf0\xf0pp\xf0\x10\xe0 \xc0\xc0\x00\x00@\xc0`\xe0\xf0\xf0\xf0p\xf0\x10\xe0 \xc0\xc0\x00\x00'),
                            None,
                        ], is_16bit=False, y_plus=0, y_minus=0, x=130, y=118),
                        Tile(mirror=False, invert=False, format=0, length=7, subtile_bytes=[
                            bytearray(b'\x0e\x04\x1f\x06\x1f\x07?\x00x\x000\x000\x00(\x00\x04\x0f\x06\x1f\x07\x1f\x00?\x00\x7f\x00?\x00?\x00/'),
                            bytearray(b'\xfc\x00\x8f\x00\xff\x00\x81\x01\xff\xff\xff\xff??\x07\x07\x00\xff\x00\xff\x00\xff\x01\xfe\xff\x00\xff\x00?\xc0\x07\xf8'),
                            bytearray(b'\x08\x00\x04\x00\x0b\x0b\x13\x13\x13\x13\x1f\x11\x0f\x0c\x03\x03\x08\x07\x0c\x03\x07\x03\x1f\x1b\x1f\x1f\x1f\x11\x0f\x0c\x03\x03'),
                            bytearray(b'\x00\x00\x82\x00\xc3\xc2\xc3\xc3\xe7\xe7\xe7\xe6\xe3c\xc0\xc0\x00\xdf@\xcf\xc2\xc7\xc3\xc3\xe7\xe7\xe7\xe6\xe3c\xc0\xc0'),
                        ], is_16bit=False, y_plus=0, y_minus=0, x=114, y=118),
                        Tile(mirror=False, invert=False, format=0, length=5, subtile_bytes=[
                            bytearray(b'\x00\x00\x00\x00\x00\x00\xc0\xc0@@\x80\x80\x80\x80 \x00\x00\x00\x00\x00\x80\x00\x00\xc0\x80@\xc0\x00\x80@\x00\xe0'),
                            None,
                            bytearray(b'\xa0\x80\xa0\x80` \xa0```\x18\x08\xe8\xe8\x00\x00\x80`\x80`\x00\xc0\x90\x00\x98\x10\xf0\xe0\xe0\xf0\x08\xf0'),
                            None,
                        ], is_16bit=False, y_plus=0, y_minus=0, x=130, y=102),
                        Tile(mirror=False, invert=False, format=0, length=7, subtile_bytes=[
                            bytearray(b'\x00\x00\x00\x00\x00\x00\x00\x00\x01\x01\x00\x01\x02\x03\x07\x03\x00\x00\x00\x00\x00\x00\x00\x01\x01\x00\x01\x02\x03\x00\x03\x04'),
                            bytearray(b'\x00\x00\x08\x08\x19\x19\x81\xfd\x05\xf7\x0b\xfb\x13\xf3s\xf3\x00\x004\x08&A\xfc\x02\xf7\x08\xfb\x04\xf3\x0c\xf3\x0c'),
                            bytearray(b'\x07\x03\x03\x03\x03\x03\x04\x00\x07\x04\x06\x06\x07\x03\x0f\x0f\x03\x04\x03\x04\x03\x04\x00\x07\x0c\x0f\x1f\x1f\x0f\x0b\x0f\x0f'),
                            bytearray(b'\xe7\xe7\xdf\xcf\x7f/\xfen\xf0\xc0`@\x81\x81\xff\xfe\xe7\x18\xcf0/\xf0n\xf1\xc0\xff\xc3\xfc\xff\xff\xfe\xff'),
                        ], is_16bit=False, y_plus=0, y_minus=0, x=114, y=102),
                        Tile(mirror=False, invert=False, format=0, length=4, subtile_bytes=[
                            bytearray(b'\x00\x00\x08\x0e >\x8c\xfc\xe0\xe0\x00\x00\x00\x00\x00\x00\x06\x00\x11\x00\xc1\x00\x03\x00\x1c\x00\xe0\x00\x00\x00\x00\x00'),
                            None,
                            None,
                            None,
                        ], is_16bit=False, y_plus=0, y_minus=0, x=134, y=113),
                        Tile(mirror=False, invert=False, format=0, length=4, subtile_bytes=[
                            bytearray(b'\x00\x06\x01\x0fnv\x08\xf8\xa0`@@\x00\x00\x00\x00\x06\x06\t\t~~\xf8\xf8\xe0\xe0\xc0@\x00\x00\x00\x00'),
                            None,
                            None,
                            None,
                        ], is_16bit=False, y_plus=0, y_minus=0, x=141, y=110),
                    ]
                ),
                Mold(12, gridplane=False,
                    tiles=[
                        Tile(mirror=False, invert=False, format=0, length=5, subtile_bytes=[
                            bytearray(b'\xe0\x00\xd0\x10tp0\xf0\xb0\xf0\xf0\xf0\xc0\xc0@@\x00\xf0\x10\xe8p\x8c\xf0\x0c\xf0\x0c\xf0\x0c\xc0<@\xf8'),
                            None,
                            bytearray(b'\xc0@\xe0`\xf0\xf0pp\xf0\x10\xe0 \xc0\xc0\x00\x00@\xc0`\xe0\xf0\xf0\xf0p\xf0\x10\xe0 \xc0\xc0\x00\x00'),
                            None,
                        ], is_16bit=False, y_plus=0, y_minus=0, x=130, y=118),
                        Tile(mirror=False, invert=False, format=0, length=7, subtile_bytes=[
                            bytearray(b'\x0e\x04\x1f\x06\x1f\x07?\x00x\x000\x000\x00(\x00\x04\x0f\x06\x1f\x07\x1f\x00?\x00\x7f\x00?\x00?\x00/'),
                            bytearray(b'\xfc\x00\x8f\x00\xff\x00\x81\x01\xff\xff\xff\xff??\x07\x07\x00\xff\x00\xff\x00\xff\x01\xfe\xff\x00\xff\x00?\xc0\x07\xf8'),
                            bytearray(b'\x08\x00\x04\x00\x0b\x0b\x13\x13\x13\x13\x1f\x11\x0f\x0c\x03\x03\x08\x07\x0c\x03\x07\x03\x1f\x1b\x1f\x1f\x1f\x11\x0f\x0c\x03\x03'),
                            bytearray(b'\x00\x00\x82\x00\xc3\xc2\xc3\xc3\xe7\xe7\xe7\xe6\xe3c\xc0\xc0\x00\xdf@\xcf\xc2\xc7\xc3\xc3\xe7\xe7\xe7\xe6\xe3c\xc0\xc0'),
                        ], is_16bit=False, y_plus=0, y_minus=0, x=114, y=118),
                        Tile(mirror=False, invert=False, format=0, length=5, subtile_bytes=[
                            bytearray(b'\x00\x00\x00\x00\x00\x00\xc0\xc0@@\x80\x80\x80\x80 \x00\x00\x00\x00\x00\x80\x00\x00\xc0\x80@\xc0\x00\x80@\x00\xe0'),
                            None,
                            bytearray(b'\xa0\x80\xa0\x80` \xa0```\x18\x08\xe8\xe8\x00\x00\x80`\x80`\x00\xc0\x90\x00\x98\x10\xf0\xe0\xe0\xf0\x08\xf0'),
                            None,
                        ], is_16bit=False, y_plus=0, y_minus=0, x=130, y=102),
                        Tile(mirror=False, invert=False, format=0, length=7, subtile_bytes=[
                            bytearray(b'\x00\x00\x00\x00\x00\x00\x00\x00\x01\x01\x00\x01\x02\x03\x07\x03\x00\x00\x00\x00\x00\x00\x00\x01\x01\x00\x01\x02\x03\x00\x03\x04'),
                            bytearray(b'\x00\x00\x08\x08\x19\x19\x81\xfd\x05\xf7\x0b\xfb\x13\xf3s\xf3\x00\x004\x08&A\xfc\x02\xf7\x08\xfb\x04\xf3\x0c\xf3\x0c'),
                            bytearray(b'\x07\x03\x03\x03\x03\x03\x04\x00\x07\x04\x06\x06\x07\x03\x0f\x0f\x03\x04\x03\x04\x03\x04\x00\x07\x0c\x0f\x1f\x1f\x0f\x0b\x0f\x0f'),
                            bytearray(b'\xe7\xe7\xdf\xcf\x7f/\xfen\xf0\xc0`@\x81\x81\xff\xfe\xe7\x18\xcf0/\xf0n\xf1\xc0\xff\xc3\xfc\xff\xff\xfe\xff'),
                        ], is_16bit=False, y_plus=0, y_minus=0, x=114, y=102),
                        Tile(mirror=False, invert=False, format=0, length=4, subtile_bytes=[
                            bytearray(b'\x00\x00 8\x88\xf8\xe0\xe0\x00\x00\x00\x00\x00\x00\x00\x00\x08\x00\x04\x00\x04\x00\x18\x00\xe0\x00\x00\x00\x00\x00\x00\x00'),
                            None,
                            None,
                            None,
                        ], is_16bit=False, y_plus=0, y_minus=0, x=134, y=114),
                        Tile(mirror=False, invert=False, format=0, length=5, subtile_bytes=[
                            bytearray(b'\x00\x00\x00\x00\x00\x00\x00\x00\x02\x03\x08\x0f\x02\x06\x00\x00\x00\x00\x00\x00\x00\x00\x00\x00\x00\x00\x10\x00\x19\x00\x0e\x00'),
                            bytearray(b'\x088\x84\xfc\x94\xec\x8c\xfc\xf8\xf8\x90\x90\x00\x00\x00\x00\x00\x00\x00\x00\x02\x00\x02\x00\x04\x00h\x00\x80\x00\x00\x00'),
                            None,
                            None,
                        ], is_16bit=False, y_plus=0, y_minus=0, x=135, y=108),
                    ]
                ),
                Mold(13, gridplane=False,
                    tiles=[
                        Tile(mirror=False, invert=False, format=0, length=5, subtile_bytes=[
                            bytearray(b'\xe0\x00\xd0\x10tp0\xf0\xb0\xf0\xf0\xf0\xc0\xc0@@\x00\xf0\x10\xe8p\x8c\xf0\x0c\xf0\x0c\xf0\x0c\xc0<@\xf8'),
                            None,
                            bytearray(b'\xc0@\xe0`\xf0\xf0pp\xf0\x10\xe0 \xc0\xc0\x00\x00@\xc0`\xe0\xf0\xf0\xf0p\xf0\x10\xe0 \xc0\xc0\x00\x00'),
                            None,
                        ], is_16bit=False, y_plus=0, y_minus=0, x=130, y=118),
                        Tile(mirror=False, invert=False, format=0, length=7, subtile_bytes=[
                            bytearray(b'\x0e\x04\x1f\x06\x1f\x07?\x00x\x000\x000\x00(\x00\x04\x0f\x06\x1f\x07\x1f\x00?\x00\x7f\x00?\x00?\x00/'),
                            bytearray(b'\xfc\x00\x8f\x00\xff\x00\x81\x01\xff\xff\xff\xff??\x07\x07\x00\xff\x00\xff\x00\xff\x01\xfe\xff\x00\xff\x00?\xc0\x07\xf8'),
                            bytearray(b'\x08\x00\x04\x00\x0b\x0b\x13\x13\x13\x13\x1f\x11\x0f\x0c\x03\x03\x08\x07\x0c\x03\x07\x03\x1f\x1b\x1f\x1f\x1f\x11\x0f\x0c\x03\x03'),
                            bytearray(b'\x00\x00\x82\x00\xc3\xc2\xc3\xc3\xe7\xe7\xe7\xe6\xe3c\xc0\xc0\x00\xdf@\xcf\xc2\xc7\xc3\xc3\xe7\xe7\xe7\xe6\xe3c\xc0\xc0'),
                        ], is_16bit=False, y_plus=0, y_minus=0, x=114, y=118),
                        Tile(mirror=False, invert=False, format=0, length=5, subtile_bytes=[
                            bytearray(b'\x00\x00\x00\x00\x00\x00\xc0\xc0@@\x80\x80\x80\x80 \x00\x00\x00\x00\x00\x80\x00\x00\xc0\x80@\xc0\x00\x80@\x00\xe0'),
                            None,
                            bytearray(b'\xa0\x80\xa0\x80` \xa0```\x18\x08\xe8\xe8\x00\x00\x80`\x80`\x00\xc0\x90\x00\x98\x10\xf0\xe0\xe0\xf0\x08\xf0'),
                            None,
                        ], is_16bit=False, y_plus=0, y_minus=0, x=130, y=102),
                        Tile(mirror=False, invert=False, format=0, length=7, subtile_bytes=[
                            bytearray(b'\x00\x00\x00\x00\x00\x00\x00\x00\x01\x01\x00\x01\x02\x03\x07\x03\x00\x00\x00\x00\x00\x00\x00\x01\x01\x00\x01\x02\x03\x00\x03\x04'),
                            bytearray(b'\x00\x00\x08\x08\x19\x19\x81\xfd\x05\xf7\x0b\xfb\x13\xf3s\xf3\x00\x004\x08&A\xfc\x02\xf7\x08\xfb\x04\xf3\x0c\xf3\x0c'),
                            bytearray(b'\x07\x03\x03\x03\x03\x03\x04\x00\x07\x04\x06\x06\x07\x03\x0f\x0f\x03\x04\x03\x04\x03\x04\x00\x07\x0c\x0f\x1f\x1f\x0f\x0b\x0f\x0f'),
                            bytearray(b'\xe7\xe7\xdf\xcf\x7f/\xfen\xf0\xc0`@\x81\x81\xff\xfe\xe7\x18\xcf0/\xf0n\xf1\xc0\xff\xc3\xfc\xff\xff\xfe\xff'),
                        ], is_16bit=False, y_plus=0, y_minus=0, x=114, y=102),
                        Tile(mirror=False, invert=False, format=0, length=4, subtile_bytes=[
                            bytearray(b'\x00\x00 8\x88\xf8\xe0\xe0\x00\x00\x00\x00\x00\x00\x00\x00\x08\x00\x04\x00\x04\x00\x18\x00\xe0\x00\x00\x00\x00\x00\x00\x00'),
                            None,
                            None,
                            None,
                        ], is_16bit=False, y_plus=0, y_minus=0, x=134, y=114),
                        Tile(mirror=False, invert=False, format=0, length=5, subtile_bytes=[
                            bytearray(b'\x00\x00\x00\x00\x00\x00\x00\x00\x02\x03\x08\x0f\x02\x06\x00\x00\x00\x00\x00\x00\x00\x00\x00\x00\x00\x00\x10\x00\x19\x00\x0e\x00'),
                            bytearray(b'\x088\x84\xfc\x94\xec\x8c\xfc\xf8\xf8\x90\x90\x00\x00\x00\x00\x00\x00\x00\x00\x02\x00\x02\x00\x04\x00h\x00\x80\x00\x00\x00'),
                            None,
                            None,
                        ], is_16bit=False, y_plus=0, y_minus=0, x=134, y=109),
                    ]
                ),
                Mold(14, gridplane=False,
                    tiles=[
                        Tile(mirror=False, invert=False, format=0, length=5, subtile_bytes=[
                            bytearray(b'\x00\x00\x00\x00\x00\x00\x00\x00\x00\x00\x04\x1c,4((\x00\x00\x00\x00\x00\x00\x00\x00\x00\x00 \x00B\x00V\x00'),
                            None,
                            bytearray(b'D\x1cJ\x08,\x00\x0c\x0c\x14\x1c\x10\x1c\x10\x1c\x00\x00b\x00v\x00<\x00\x10\x00\x00\x00\x00\x00\x00\x00\x18\x00'),
                            None,
                        ], is_16bit=False, y_plus=0, y_minus=0, x=135, y=99),
                        Tile(mirror=False, invert=False, format=0, length=5, subtile_bytes=[
                            bytearray(b'\xe0\x00\xd0\x10tp0\xf0\xb0\xf0\xf0\xf0\xc0\xc0@@\x00\xf0\x10\xe8p\x8c\xf0\x0c\xf0\x0c\xf0\x0c\xc0<@\xf8'),
                            None,
                            bytearray(b'\xc0@\xe0`\xf0\xf0pp\xf0\x10\xe0 \xc0\xc0\x00\x00@\xc0`\xe0\xf0\xf0\xf0p\xf0\x10\xe0 \xc0\xc0\x00\x00'),
                            None,
                        ], is_16bit=False, y_plus=0, y_minus=0, x=130, y=118),
                        Tile(mirror=False, invert=False, format=0, length=7, subtile_bytes=[
                            bytearray(b'\x0e\x04\x1f\x06\x1f\x07?\x00x\x000\x000\x00(\x00\x04\x0f\x06\x1f\x07\x1f\x00?\x00\x7f\x00?\x00?\x00/'),
                            bytearray(b'\xfc\x00\x8f\x00\xff\x00\x81\x01\xff\xff\xff\xff??\x07\x07\x00\xff\x00\xff\x00\xff\x01\xfe\xff\x00\xff\x00?\xc0\x07\xf8'),
                            bytearray(b'\x08\x00\x04\x00\x0b\x0b\x13\x13\x13\x13\x1f\x11\x0f\x0c\x03\x03\x08\x07\x0c\x03\x07\x03\x1f\x1b\x1f\x1f\x1f\x11\x0f\x0c\x03\x03'),
                            bytearray(b'\x00\x00\x82\x00\xc3\xc2\xc3\xc3\xe7\xe7\xe7\xe6\xe3c\xc0\xc0\x00\xdf@\xcf\xc2\xc7\xc3\xc3\xe7\xe7\xe7\xe6\xe3c\xc0\xc0'),
                        ], is_16bit=False, y_plus=0, y_minus=0, x=114, y=118),
                        Tile(mirror=False, invert=False, format=0, length=5, subtile_bytes=[
                            bytearray(b'\x00\x00\x00\x00\x00\x00\xc0\xc0@@\x80\x80\x80\x80 \x00\x00\x00\x00\x00\x80\x00\x00\xc0\x80@\xc0\x00\x80@\x00\xe0'),
                            None,
                            bytearray(b'\xa0\x80\xa0\x80` \xa0```\x18\x08\xe8\xe8\x00\x00\x80`\x80`\x00\xc0\x90\x00\x98\x10\xf0\xe0\xe0\xf0\x08\xf0'),
                            None,
                        ], is_16bit=False, y_plus=0, y_minus=0, x=130, y=102),
                        Tile(mirror=False, invert=False, format=0, length=7, subtile_bytes=[
                            bytearray(b'\x00\x00\x00\x00\x00\x00\x00\x00\x01\x01\x00\x01\x02\x03\x07\x03\x00\x00\x00\x00\x00\x00\x00\x01\x01\x00\x01\x02\x03\x00\x03\x04'),
                            bytearray(b'\x00\x00\x08\x08\x19\x19\x81\xfd\x05\xf7\x0b\xfb\x13\xf3s\xf3\x00\x004\x08&A\xfc\x02\xf7\x08\xfb\x04\xf3\x0c\xf3\x0c'),
                            bytearray(b'\x07\x03\x03\x03\x03\x03\x04\x00\x07\x04\x06\x06\x07\x03\x0f\x0f\x03\x04\x03\x04\x03\x04\x00\x07\x0c\x0f\x1f\x1f\x0f\x0b\x0f\x0f'),
                            bytearray(b'\xe7\xe7\xdf\xcf\x7f/\xfen\xf0\xc0`@\x81\x81\xff\xfe\xe7\x18\xcf0/\xf0n\xf1\xc0\xff\xc3\xfc\xff\xff\xfe\xff'),
                        ], is_16bit=False, y_plus=0, y_minus=0, x=114, y=102),
                        Tile(mirror=False, invert=False, format=0, length=4, subtile_bytes=[
                            bytearray(b'\x00\x00 8\x88\xf8\xe0\xe0\x00\x00\x00\x00\x00\x00\x00\x00\x08\x00\x04\x00\x04\x00\x18\x00\xe0\x00\x00\x00\x00\x00\x00\x00'),
                            None,
                            None,
                            None,
                        ], is_16bit=False, y_plus=0, y_minus=0, x=134, y=114),
                    ]
                ),
                Mold(15, gridplane=False,
                    tiles=[
                        Tile(mirror=False, invert=False, format=0, length=5, subtile_bytes=[
                            bytearray(b'\x00\x00\x00\x00\x00\x00\x00\x0088D|Tlhh\x00\x00\x00\x00\x00\x00\x00\x00\x00\x00\x00\x00\x02\x00\x16\x00'),
                            None,
                            bytearray(b'\x04\x1cJ\x082\x00\x0c\x0c\n\x0e\x00\x06\x00\x06\x00\x00b\x00v\x00>\x00\x02\x00\x00\x00\x08\x00\x08\x00\x06\x00'),
                            None,
                        ], is_16bit=False, y_plus=0, y_minus=0, x=133, y=99),
                        Tile(mirror=False, invert=False, format=0, length=5, subtile_bytes=[
                            bytearray(b'\xe0\x00\xd0\x10tp0\xf0\xb0\xf0\xf0\xf0\xc0\xc0@@\x00\xf0\x10\xe8p\x8c\xf0\x0c\xf0\x0c\xf0\x0c\xc0<@\xf8'),
                            None,
                            bytearray(b'\xc0@\xe0`\xf0\xf0pp\xf0\x10\xe0 \xc0\xc0\x00\x00@\xc0`\xe0\xf0\xf0\xf0p\xf0\x10\xe0 \xc0\xc0\x00\x00'),
                            None,
                        ], is_16bit=False, y_plus=0, y_minus=0, x=130, y=118),
                        Tile(mirror=False, invert=False, format=0, length=7, subtile_bytes=[
                            bytearray(b'\x0e\x04\x1f\x06\x1f\x07?\x00x\x000\x000\x00(\x00\x04\x0f\x06\x1f\x07\x1f\x00?\x00\x7f\x00?\x00?\x00/'),
                            bytearray(b'\xfc\x00\x8f\x00\xff\x00\x81\x01\xff\xff\xff\xff??\x07\x07\x00\xff\x00\xff\x00\xff\x01\xfe\xff\x00\xff\x00?\xc0\x07\xf8'),
                            bytearray(b'\x08\x00\x04\x00\x0b\x0b\x13\x13\x13\x13\x1f\x11\x0f\x0c\x03\x03\x08\x07\x0c\x03\x07\x03\x1f\x1b\x1f\x1f\x1f\x11\x0f\x0c\x03\x03'),
                            bytearray(b'\x00\x00\x82\x00\xc3\xc2\xc3\xc3\xe7\xe7\xe7\xe6\xe3c\xc0\xc0\x00\xdf@\xcf\xc2\xc7\xc3\xc3\xe7\xe7\xe7\xe6\xe3c\xc0\xc0'),
                        ], is_16bit=False, y_plus=0, y_minus=0, x=114, y=118),
                        Tile(mirror=False, invert=False, format=0, length=5, subtile_bytes=[
                            bytearray(b'\x00\x00\x00\x00\x00\x00\xc0\xc0@@\x80\x80\x80\x80 \x00\x00\x00\x00\x00\x80\x00\x00\xc0\x80@\xc0\x00\x80@\x00\xe0'),
                            None,
                            bytearray(b'\xa0\x80\xa0\x80` \xa0```\x18\x08\xe8\xe8\x00\x00\x80`\x80`\x00\xc0\x90\x00\x98\x10\xf0\xe0\xe0\xf0\x08\xf0'),
                            None,
                        ], is_16bit=False, y_plus=0, y_minus=0, x=130, y=102),
                        Tile(mirror=False, invert=False, format=0, length=7, subtile_bytes=[
                            bytearray(b'\x00\x00\x00\x00\x00\x00\x00\x00\x01\x01\x00\x01\x02\x03\x07\x03\x00\x00\x00\x00\x00\x00\x00\x01\x01\x00\x01\x02\x03\x00\x03\x04'),
                            bytearray(b'\x00\x00\x08\x08\x19\x19\x81\xfd\x05\xf7\x0b\xfb\x13\xf3s\xf3\x00\x004\x08&A\xfc\x02\xf7\x08\xfb\x04\xf3\x0c\xf3\x0c'),
                            bytearray(b'\x07\x03\x03\x03\x03\x03\x04\x00\x07\x04\x06\x06\x07\x03\x0f\x0f\x03\x04\x03\x04\x03\x04\x00\x07\x0c\x0f\x1f\x1f\x0f\x0b\x0f\x0f'),
                            bytearray(b'\xe7\xe7\xdf\xcf\x7f/\xfen\xf0\xc0`@\x81\x81\xff\xfe\xe7\x18\xcf0/\xf0n\xf1\xc0\xff\xc3\xfc\xff\xff\xfe\xff'),
                        ], is_16bit=False, y_plus=0, y_minus=0, x=114, y=102),
                        Tile(mirror=False, invert=False, format=0, length=4, subtile_bytes=[
                            bytearray(b'\x00\x00 8\x88\xf8\xe0\xe0\x00\x00\x00\x00\x00\x00\x00\x00\x08\x00\x04\x00\x04\x00\x18\x00\xe0\x00\x00\x00\x00\x00\x00\x00'),
                            None,
                            None,
                            None,
                        ], is_16bit=False, y_plus=0, y_minus=0, x=134, y=114),
                    ]
                ),
                Mold(16, gridplane=False,
                    tiles=[
                        Tile(mirror=False, invert=False, format=0, length=4, subtile_bytes=[
                            bytearray(b'\x04\x1cJ\x082\x00\x0c\x0c\n\x0e\x00\x06\x00\x06\x00\x00b\x00v\x00>\x00\x02\x00\x00\x00\x08\x00\x08\x00\x06\x00'),
                            None,
                            None,
                            None,
                        ], is_16bit=False, y_plus=0, y_minus=0, x=132, y=107),
                        Tile(mirror=False, invert=False, format=0, length=4, subtile_bytes=[
                            bytearray(b'\x00\x00\x00\x00\x00\x00\x00\x0088D|Tlhh\x00\x00\x00\x00\x00\x00\x00\x00\x00\x00\x00\x00\x02\x00\x16\x00'),
                            None,
                            None,
                            None,
                        ], is_16bit=False, y_plus=0, y_minus=0, x=131, y=99),
                        Tile(mirror=False, invert=False, format=0, length=5, subtile_bytes=[
                            bytearray(b'\xe0\x00\xd0\x10tp0\xf0\xb0\xf0\xf0\xf0\xc0\xc0@@\x00\xf0\x10\xe8p\x8c\xf0\x0c\xf0\x0c\xf0\x0c\xc0<@\xf8'),
                            None,
                            bytearray(b'\xc0@\xe0`\xf0\xf0pp\xf0\x10\xe0 \xc0\xc0\x00\x00@\xc0`\xe0\xf0\xf0\xf0p\xf0\x10\xe0 \xc0\xc0\x00\x00'),
                            None,
                        ], is_16bit=False, y_plus=0, y_minus=0, x=130, y=118),
                        Tile(mirror=False, invert=False, format=0, length=7, subtile_bytes=[
                            bytearray(b'\x0e\x04\x1f\x06\x1f\x07?\x00x\x000\x000\x00(\x00\x04\x0f\x06\x1f\x07\x1f\x00?\x00\x7f\x00?\x00?\x00/'),
                            bytearray(b'\xfc\x00\x8f\x00\xff\x00\x81\x01\xff\xff\xff\xff??\x07\x07\x00\xff\x00\xff\x00\xff\x01\xfe\xff\x00\xff\x00?\xc0\x07\xf8'),
                            bytearray(b'\x08\x00\x04\x00\x0b\x0b\x13\x13\x13\x13\x1f\x11\x0f\x0c\x03\x03\x08\x07\x0c\x03\x07\x03\x1f\x1b\x1f\x1f\x1f\x11\x0f\x0c\x03\x03'),
                            bytearray(b'\x00\x00\x82\x00\xc3\xc2\xc3\xc3\xe7\xe7\xe7\xe6\xe3c\xc0\xc0\x00\xdf@\xcf\xc2\xc7\xc3\xc3\xe7\xe7\xe7\xe6\xe3c\xc0\xc0'),
                        ], is_16bit=False, y_plus=0, y_minus=0, x=114, y=118),
                        Tile(mirror=False, invert=False, format=0, length=5, subtile_bytes=[
                            bytearray(b'\x00\x00\x00\x00\x00\x00\xc0\xc0@@\x80\x80\x80\x80 \x00\x00\x00\x00\x00\x80\x00\x00\xc0\x80@\xc0\x00\x80@\x00\xe0'),
                            None,
                            bytearray(b'\xa0\x80\xa0\x80` \xa0```\x18\x08\xe8\xe8\x00\x00\x80`\x80`\x00\xc0\x90\x00\x98\x10\xf0\xe0\xe0\xf0\x08\xf0'),
                            None,
                        ], is_16bit=False, y_plus=0, y_minus=0, x=130, y=102),
                        Tile(mirror=False, invert=False, format=0, length=7, subtile_bytes=[
                            bytearray(b'\x00\x00\x00\x00\x00\x00\x00\x00\x01\x01\x00\x01\x02\x03\x07\x03\x00\x00\x00\x00\x00\x00\x00\x01\x01\x00\x01\x02\x03\x00\x03\x04'),
                            bytearray(b'\x00\x00\x08\x08\x19\x19\x81\xfd\x05\xf7\x0b\xfb\x13\xf3s\xf3\x00\x004\x08&A\xfc\x02\xf7\x08\xfb\x04\xf3\x0c\xf3\x0c'),
                            bytearray(b'\x07\x03\x03\x03\x03\x03\x04\x00\x07\x04\x06\x06\x07\x03\x0f\x0f\x03\x04\x03\x04\x03\x04\x00\x07\x0c\x0f\x1f\x1f\x0f\x0b\x0f\x0f'),
                            bytearray(b'\xe7\xe7\xdf\xcf\x7f/\xfen\xf0\xc0`@\x81\x81\xff\xfe\xe7\x18\xcf0/\xf0n\xf1\xc0\xff\xc3\xfc\xff\xff\xfe\xff'),
                        ], is_16bit=False, y_plus=0, y_minus=0, x=114, y=102),
                        Tile(mirror=False, invert=False, format=0, length=4, subtile_bytes=[
                            bytearray(b'\x00\x00 8\x88\xf8\xe0\xe0\x00\x00\x00\x00\x00\x00\x00\x00\x08\x00\x04\x00\x04\x00\x18\x00\xe0\x00\x00\x00\x00\x00\x00\x00'),
                            None,
                            None,
                            None,
                        ], is_16bit=False, y_plus=0, y_minus=0, x=134, y=114),
                    ]
                ),
                Mold(17, gridplane=False,
                    tiles=[
                        Tile(mirror=False, invert=False, format=0, length=4, subtile_bytes=[
                            bytearray(b'\x00\x00\x00\x00\xc0\x00\xe0\x00\xe0\x00\xe0\x00\xc0\x00\x80\x00\x00\x00\x00\x00@@\x00\x00  ``\xe0\xc0\xc0\x80'),
                            None,
                            None,
                            None,
                        ], is_16bit=False, y_plus=0, y_minus=0, x=140, y=112),
                        Tile(mirror=False, invert=False, format=0, length=7, subtile_bytes=[
                            bytearray(b'\x1f\x00\x07\x00\x00\x00\x00\x00\x00\x00\x1f\x00?\x00\x1c\x00\x11\x11?\x07\x03\x00\x00\x00\x03\x00\x7f\x1f\x01\x01\x04\x04'),
                            bytearray(b'\x80\x00\xf7\x00\xff\x00?\x00\xff\x00\xff\x00\xff\x00?\x00\x80\x80\x17\x17\xe0\xe0\xf88\x80\x80\xfc\xfc\xff\xff\xff?'),
                            bytearray(b'`\x00\xc0\x00\x00\x00\x00\x00\x03\x00\x0f\x00>\x00p\x00x`\xe0\xc0\x00\x00\x00\x00\x02\x02\t\t?>\x7fp'),
                            bytearray(b'\x1f\x00<\x00p\x00\xc0\x00\x80\x00\x00\x00\x00\x00\x00\x00\x13\x13?<\x1c\x10`@\x00\x00\x80\x00\x00\x00\x00\x00'),
                        ], is_16bit=False, y_plus=0, y_minus=0, x=124, y=112),
                        Tile(mirror=False, invert=False, format=0, length=5, subtile_bytes=[
                            bytearray(b'\x00\x00\x00\x00\x00\x00\x00\x0088D|Tlhh\x00\x00\x00\x00\x00\x00\x00\x00\x00\x00\x00\x00\x02\x00\x16\x00'),
                            None,
                            bytearray(b'\x04\x1cJ\x082\x00\x0c\x0c\n\x0e\x00\x06\x00\x06\x00\x00b\x00v\x00>\x00\x02\x00\x00\x00\x08\x00\x08\x00\x06\x00'),
                            None,
                        ], is_16bit=False, y_plus=0, y_minus=0, x=133, y=99),
                        Tile(mirror=False, invert=False, format=0, length=5, subtile_bytes=[
                            bytearray(b'\xe0\x00\xd0\x10tp0\xf0\xb0\xf0\xf0\xf0\xc0\xc0@@\x00\xf0\x10\xe8p\x8c\xf0\x0c\xf0\x0c\xf0\x0c\xc0<@\xf8'),
                            None,
                            bytearray(b'\xc0@\xe0`\xf0\xf0pp\xf0\x10\xe0 \xc0\xc0\x00\x00@\xc0`\xe0\xf0\xf0\xf0p\xf0\x10\xe0 \xc0\xc0\x00\x00'),
                            None,
                        ], is_16bit=False, y_plus=0, y_minus=0, x=130, y=118),
                        Tile(mirror=False, invert=False, format=0, length=7, subtile_bytes=[
                            bytearray(b'\x0e\x04\x1f\x06\x1f\x07?\x00x\x000\x000\x00(\x00\x04\x0f\x06\x1f\x07\x1f\x00?\x00\x7f\x00?\x00?\x00/'),
                            bytearray(b'\xfc\x00\x8f\x00\xff\x00\x81\x01\xff\xff\xff\xff??\x07\x07\x00\xff\x00\xff\x00\xff\x01\xfe\xff\x00\xff\x00?\xc0\x07\xf8'),
                            bytearray(b'\x08\x00\x04\x00\x0b\x0b\x13\x13\x13\x13\x1f\x11\x0f\x0c\x03\x03\x08\x07\x0c\x03\x07\x03\x1f\x1b\x1f\x1f\x1f\x11\x0f\x0c\x03\x03'),
                            bytearray(b'\x00\x00\x82\x00\xc3\xc2\xc3\xc3\xe7\xe7\xe7\xe6\xe3c\xc0\xc0\x00\xdf@\xcf\xc2\xc7\xc3\xc3\xe7\xe7\xe7\xe6\xe3c\xc0\xc0'),
                        ], is_16bit=False, y_plus=0, y_minus=0, x=114, y=118),
                        Tile(mirror=False, invert=False, format=0, length=5, subtile_bytes=[
                            bytearray(b'\x00\x00\x00\x00\x00\x00\xc0\xc0@@\x80\x80\x80\x80 \x00\x00\x00\x00\x00\x80\x00\x00\xc0\x80@\xc0\x00\x80@\x00\xe0'),
                            None,
                            bytearray(b'\xa0\x80\xa0\x80` \xa0```\x18\x08\xe8\xe8\x00\x00\x80`\x80`\x00\xc0\x90\x00\x98\x10\xf0\xe0\xe0\xf0\x08\xf0'),
                            None,
                        ], is_16bit=False, y_plus=0, y_minus=0, x=130, y=102),
                        Tile(mirror=False, invert=False, format=0, length=7, subtile_bytes=[
                            bytearray(b'\x00\x00\x00\x00\x00\x00\x00\x00\x01\x01\x00\x01\x02\x03\x07\x03\x00\x00\x00\x00\x00\x00\x00\x01\x01\x00\x01\x02\x03\x00\x03\x04'),
                            bytearray(b'\x00\x00\x08\x08\x19\x19\x81\xfd\x05\xf7\x0b\xfb\x13\xf3s\xf3\x00\x004\x08&A\xfc\x02\xf7\x08\xfb\x04\xf3\x0c\xf3\x0c'),
                            bytearray(b'\x07\x03\x03\x03\x03\x03\x04\x00\x07\x04\x06\x06\x07\x03\x0f\x0f\x03\x04\x03\x04\x03\x04\x00\x07\x0c\x0f\x1f\x1f\x0f\x0b\x0f\x0f'),
                            bytearray(b'\xe7\xe7\xdf\xcf\x7f/\xfen\xf0\xc0`@\x81\x81\xff\xfe\xe7\x18\xcf0/\xf0n\xf1\xc0\xff\xc3\xfc\xff\xff\xfe\xff'),
                        ], is_16bit=False, y_plus=0, y_minus=0, x=114, y=102),
                        Tile(mirror=False, invert=False, format=0, length=4, subtile_bytes=[
                            bytearray(b'\x00\x00 8\x88\xf8\xe0\xe0\x00\x00\x00\x00\x00\x00\x00\x00\x08\x00\x04\x00\x04\x00\x18\x00\xe0\x00\x00\x00\x00\x00\x00\x00'),
                            None,
                            None,
                            None,
                        ], is_16bit=False, y_plus=0, y_minus=0, x=134, y=114),
                    ]
                ),
                Mold(18, gridplane=False,
                    tiles=[
                        Tile(mirror=False, invert=False, format=0, length=5, subtile_bytes=[
                            bytearray(b'\x03\x00g\x00\xff\x00\xff\x00\xff\x00\xf8\x00\xc0\x00\x00\x00\x00\x00DD\x08\x08\x00\x00\x07\x07\x88\x88\xe0\xc0\x80\x00'),
                            bytearray(b'\xc0\x00\xc0\x00\xc0\x00\xc0\x00\x00\x00\x00\x00\x00\x00\x00\x00\x00\x00\x00\x00\x00\x00@@\x00\x00\x00\x00\x00\x00\x00\x00'),
                            None,
                            None,
                        ], is_16bit=False, y_plus=0, y_minus=0, x=132, y=114),
                        Tile(mirror=False, invert=False, format=0, length=7, subtile_bytes=[
                            bytearray(b'\x00\x00\x00\x00\x00\x00\x00\x00\x00\x00\x00\x00\x00\x00\x00\x00\x00\x00\x00\x00\x00\x00\x00\x00\x03\x00\x00\x00\x00\x00\x00\x00'),
                            bytearray(b'\x00\x00\x00\x00\x0f\x00\x0f\x00\xff\x00\x07\x00\x0f\x00?\x00\x00\x00\x00\x00\x0c\x0c\x00\x00\xe0\xe0\x1f\x07\x08\x08??'),
                            bytearray(b'\x00\x00\x00\x00\x03\x00\x0f\x00\xfe\x00x\x00\x00\x00\x00\x00\x00\x00\x00\x00\x07\x03\x1d\r\x82\x82\xf8x \x00\x00\x00'),
                            bytearray(b'8\x00\xe0\x00\x80\x00\x00\x00\x00\x00\x00\x00\x00\x00\x00\x00\x0c\x08\xf0\xe0\xc0\x80\x00\x00\x00\x00\x00\x00\x00\x00\x00\x00'),
                        ], is_16bit=False, y_plus=0, y_minus=0, x=116, y=114),
                        Tile(mirror=False, invert=False, format=0, length=5, subtile_bytes=[
                            bytearray(b'\x00\x00\x00\x00\x00\x00\x00\x0088D|Tlhh\x00\x00\x00\x00\x00\x00\x00\x00\x00\x00\x00\x00\x02\x00\x16\x00'),
                            None,
                            bytearray(b'\x04\x1cJ\x082\x00\x0c\x0c\n\x0e\x00\x06\x00\x06\x00\x00b\x00v\x00>\x00\x02\x00\x00\x00\x08\x00\x08\x00\x06\x00'),
                            None,
                        ], is_16bit=False, y_plus=0, y_minus=0, x=133, y=99),
                        Tile(mirror=False, invert=False, format=0, length=5, subtile_bytes=[
                            bytearray(b'\xe0\x00\xd0\x10tp0\xf0\xb0\xf0\xf0\xf0\xc0\xc0@@\x00\xf0\x10\xe8p\x8c\xf0\x0c\xf0\x0c\xf0\x0c\xc0<@\xf8'),
                            None,
                            bytearray(b'\xc0@\xe0`\xf0\xf0pp\xf0\x10\xe0 \xc0\xc0\x00\x00@\xc0`\xe0\xf0\xf0\xf0p\xf0\x10\xe0 \xc0\xc0\x00\x00'),
                            None,
                        ], is_16bit=False, y_plus=0, y_minus=0, x=130, y=118),
                        Tile(mirror=False, invert=False, format=0, length=7, subtile_bytes=[
                            bytearray(b'\x0e\x04\x1f\x06\x1f\x07?\x00x\x000\x000\x00(\x00\x04\x0f\x06\x1f\x07\x1f\x00?\x00\x7f\x00?\x00?\x00/'),
                            bytearray(b'\xfc\x00\x8f\x00\xff\x00\x81\x01\xff\xff\xff\xff??\x07\x07\x00\xff\x00\xff\x00\xff\x01\xfe\xff\x00\xff\x00?\xc0\x07\xf8'),
                            bytearray(b'\x08\x00\x04\x00\x0b\x0b\x13\x13\x13\x13\x1f\x11\x0f\x0c\x03\x03\x08\x07\x0c\x03\x07\x03\x1f\x1b\x1f\x1f\x1f\x11\x0f\x0c\x03\x03'),
                            bytearray(b'\x00\x00\x82\x00\xc3\xc2\xc3\xc3\xe7\xe7\xe7\xe6\xe3c\xc0\xc0\x00\xdf@\xcf\xc2\xc7\xc3\xc3\xe7\xe7\xe7\xe6\xe3c\xc0\xc0'),
                        ], is_16bit=False, y_plus=0, y_minus=0, x=114, y=118),
                        Tile(mirror=False, invert=False, format=0, length=5, subtile_bytes=[
                            bytearray(b'\x00\x00\x00\x00\x00\x00\xc0\xc0@@\x80\x80\x80\x80 \x00\x00\x00\x00\x00\x80\x00\x00\xc0\x80@\xc0\x00\x80@\x00\xe0'),
                            None,
                            bytearray(b'\xa0\x80\xa0\x80` \xa0```\x18\x08\xe8\xe8\x00\x00\x80`\x80`\x00\xc0\x90\x00\x98\x10\xf0\xe0\xe0\xf0\x08\xf0'),
                            None,
                        ], is_16bit=False, y_plus=0, y_minus=0, x=130, y=102),
                        Tile(mirror=False, invert=False, format=0, length=7, subtile_bytes=[
                            bytearray(b'\x00\x00\x00\x00\x00\x00\x00\x00\x01\x01\x00\x01\x02\x03\x07\x03\x00\x00\x00\x00\x00\x00\x00\x01\x01\x00\x01\x02\x03\x00\x03\x04'),
                            bytearray(b'\x00\x00\x08\x08\x19\x19\x81\xfd\x05\xf7\x0b\xfb\x13\xf3s\xf3\x00\x004\x08&A\xfc\x02\xf7\x08\xfb\x04\xf3\x0c\xf3\x0c'),
                            bytearray(b'\x07\x03\x03\x03\x03\x03\x04\x00\x07\x04\x06\x06\x07\x03\x0f\x0f\x03\x04\x03\x04\x03\x04\x00\x07\x0c\x0f\x1f\x1f\x0f\x0b\x0f\x0f'),
                            bytearray(b'\xe7\xe7\xdf\xcf\x7f/\xfen\xf0\xc0`@\x81\x81\xff\xfe\xe7\x18\xcf0/\xf0n\xf1\xc0\xff\xc3\xfc\xff\xff\xfe\xff'),
                        ], is_16bit=False, y_plus=0, y_minus=0, x=114, y=102),
                        Tile(mirror=False, invert=False, format=0, length=4, subtile_bytes=[
                            bytearray(b'\x00\x00 8\x88\xf8\xe0\xe0\x00\x00\x00\x00\x00\x00\x00\x00\x08\x00\x04\x00\x04\x00\x18\x00\xe0\x00\x00\x00\x00\x00\x00\x00'),
                            None,
                            None,
                            None,
                        ], is_16bit=False, y_plus=0, y_minus=0, x=134, y=114),
                    ]
                ),
                Mold(19, gridplane=False,
                    tiles=[
                        Tile(mirror=False, invert=False, format=0, length=4, subtile_bytes=[
                            bytearray(b'@\x00@\x00\xe0\x00\xf8\x00p\x00 \x00@\x00\x00\x00@@\x00\x00\xa0\xa0\x98\x98PP0 @@\x00\x00'),
                            None,
                            None,
                            None,
                        ], is_16bit=False, y_plus=0, y_minus=0, x=138, y=113),
                        Tile(mirror=False, invert=False, format=0, length=6, subtile_bytes=[
                            None,
                            bytearray(b'\x00\x00\x00\x00\x00\x00\x00\x00\x00\x00\x00\x00\x02\x00\x1c\x00\x00\x00\x00\x00\x00\x00\x00\x00\x00\x00\x00\x00\x02\x02\x14\x14'),
                            bytearray(b'\x00\x00\x03\x00\x1f\x00|\x00`\x00\x00\x00\x00\x00\x00\x00\x00\x00\x02\x02\x11\x11\x7f|p`\xc0\x00\x80\x00\x00\x00'),
                            bytearray(b'\xf0\x00\xc0\x00\x00\x00\x00\x00\x00\x00\x00\x00\x00\x00\x00\x00\x90\x90@@\x00\x00\x00\x00\x00\x00\x00\x00\x00\x00\x00\x00'),
                        ], is_16bit=False, y_plus=0, y_minus=0, x=112, y=116),
                        Tile(mirror=False, invert=False, format=0, length=5, subtile_bytes=[
                            bytearray(b'\x00\x00\x00\x00\x00\x00\x00\x0088D|Tlhh\x00\x00\x00\x00\x00\x00\x00\x00\x00\x00\x00\x00\x02\x00\x16\x00'),
                            None,
                            bytearray(b'\x04\x1cJ\x082\x00\x0c\x0c\n\x0e\x00\x06\x00\x06\x00\x00b\x00v\x00>\x00\x02\x00\x00\x00\x08\x00\x08\x00\x06\x00'),
                            None,
                        ], is_16bit=False, y_plus=0, y_minus=0, x=133, y=99),
                        Tile(mirror=False, invert=False, format=0, length=5, subtile_bytes=[
                            bytearray(b'\xe0\x00\xd0\x10tp0\xf0\xb0\xf0\xf0\xf0\xc0\xc0@@\x00\xf0\x10\xe8p\x8c\xf0\x0c\xf0\x0c\xf0\x0c\xc0<@\xf8'),
                            None,
                            bytearray(b'\xc0@\xe0`\xf0\xf0pp\xf0\x10\xe0 \xc0\xc0\x00\x00@\xc0`\xe0\xf0\xf0\xf0p\xf0\x10\xe0 \xc0\xc0\x00\x00'),
                            None,
                        ], is_16bit=False, y_plus=0, y_minus=0, x=130, y=118),
                        Tile(mirror=False, invert=False, format=0, length=7, subtile_bytes=[
                            bytearray(b'\x0e\x04\x1f\x06\x1f\x07?\x00x\x000\x000\x00(\x00\x04\x0f\x06\x1f\x07\x1f\x00?\x00\x7f\x00?\x00?\x00/'),
                            bytearray(b'\xfc\x00\x8f\x00\xff\x00\x81\x01\xff\xff\xff\xff??\x07\x07\x00\xff\x00\xff\x00\xff\x01\xfe\xff\x00\xff\x00?\xc0\x07\xf8'),
                            bytearray(b'\x08\x00\x04\x00\x0b\x0b\x13\x13\x13\x13\x1f\x11\x0f\x0c\x03\x03\x08\x07\x0c\x03\x07\x03\x1f\x1b\x1f\x1f\x1f\x11\x0f\x0c\x03\x03'),
                            bytearray(b'\x00\x00\x82\x00\xc3\xc2\xc3\xc3\xe7\xe7\xe7\xe6\xe3c\xc0\xc0\x00\xdf@\xcf\xc2\xc7\xc3\xc3\xe7\xe7\xe7\xe6\xe3c\xc0\xc0'),
                        ], is_16bit=False, y_plus=0, y_minus=0, x=114, y=118),
                        Tile(mirror=False, invert=False, format=0, length=5, subtile_bytes=[
                            bytearray(b'\x00\x00\x00\x00\x00\x00\xc0\xc0@@\x80\x80\x80\x80 \x00\x00\x00\x00\x00\x80\x00\x00\xc0\x80@\xc0\x00\x80@\x00\xe0'),
                            None,
                            bytearray(b'\xa0\x80\xa0\x80` \xa0```\x18\x08\xe8\xe8\x00\x00\x80`\x80`\x00\xc0\x90\x00\x98\x10\xf0\xe0\xe0\xf0\x08\xf0'),
                            None,
                        ], is_16bit=False, y_plus=0, y_minus=0, x=130, y=102),
                        Tile(mirror=False, invert=False, format=0, length=7, subtile_bytes=[
                            bytearray(b'\x00\x00\x00\x00\x00\x00\x00\x00\x01\x01\x00\x01\x02\x03\x07\x03\x00\x00\x00\x00\x00\x00\x00\x01\x01\x00\x01\x02\x03\x00\x03\x04'),
                            bytearray(b'\x00\x00\x08\x08\x19\x19\x81\xfd\x05\xf7\x0b\xfb\x13\xf3s\xf3\x00\x004\x08&A\xfc\x02\xf7\x08\xfb\x04\xf3\x0c\xf3\x0c'),
                            bytearray(b'\x07\x03\x03\x03\x03\x03\x04\x00\x07\x04\x06\x06\x07\x03\x0f\x0f\x03\x04\x03\x04\x03\x04\x00\x07\x0c\x0f\x1f\x1f\x0f\x0b\x0f\x0f'),
                            bytearray(b'\xe7\xe7\xdf\xcf\x7f/\xfen\xf0\xc0`@\x81\x81\xff\xfe\xe7\x18\xcf0/\xf0n\xf1\xc0\xff\xc3\xfc\xff\xff\xfe\xff'),
                        ], is_16bit=False, y_plus=0, y_minus=0, x=114, y=102),
                        Tile(mirror=False, invert=False, format=0, length=4, subtile_bytes=[
                            bytearray(b'\x00\x00 8\x88\xf8\xe0\xe0\x00\x00\x00\x00\x00\x00\x00\x00\x08\x00\x04\x00\x04\x00\x18\x00\xe0\x00\x00\x00\x00\x00\x00\x00'),
                            None,
                            None,
                            None,
                        ], is_16bit=False, y_plus=0, y_minus=0, x=134, y=114),
                    ]
                ),
                Mold(20, gridplane=False,
                    tiles=[
                        Tile(mirror=False, invert=False, format=0, length=4, subtile_bytes=[
                            bytearray(b'\x00\x00\x0c\x0c\x03\x1f\x01\x1f3?\x0e\xee@\xc0\x00\x00\x00\x00\x13\x00 \x00 \x00\xc0\x00\x11\x008\x00\x00\x00'),
                            None,
                            None,
                            None,
                        ], is_16bit=False, y_plus=0, y_minus=0, x=134, y=116),
                        Tile(mirror=False, invert=False, format=0, length=5, subtile_bytes=[
                            bytearray(b'\x10\x00\xd8\xc0\xec\xe0\xec\xe0\xec\xe0\xc0\x80\xc0\x80\x00\x00\x00\xf0\xc08\xe0\x1c\xe0\x1c\xe0\x1c\xc00\xc0\x10\x00\x90'),
                            None,
                            bytearray(b'\x80\x80\x80\x80\xc0\xc0` \xe0 \xc0\xc0\x00\x00\x00\x00\x80\x80\x80\x80\xc0\xc0\xe0\xa0\xe0 \xc0\xc0\x00\x00\x00\x00'),
                            None,
                        ], is_16bit=False, y_plus=0, y_minus=0, x=132, y=116),
                        Tile(mirror=False, invert=False, format=0, length=7, subtile_bytes=[
                            bytearray(b'\x1f\x1c\x1c\x109!< \x1c\x00\x1c\x00\x05\x00\x04\x00\x1c\x1f\x10\x1f!> ?\x00\x1f\x00\x1f\x00\x07\x00\x06'),
                            bytearray(b'\xff\xfcy\x01\xfc\xff\xfc\xff>?>/6\x17;;\xfc\xff\x01\xfe\xff\x00\xff\x00?\xc0/\xd0\x17\xf8;\xfc'),
                            bytearray(b'\x00\x00\x00\x00\x00\x00\x01\x01\x01\x01\x00\x00\x00\x00\x00\x00\x00\x00\x00\x00\x00\x00\x01\x01\x01\x01\x00\x00\x00\x00\x00\x00'),
                            bytearray(b']AZJ\xa9)\xf10> \xf1\xe0\x1f\x1f\x00\x00=\x82\xb6\x83\xf7s\xff>\xff\xe0\xff\xee\x1f\x1f\x00\x00'),
                        ], is_16bit=False, y_plus=0, y_minus=0, x=116, y=116),
                        Tile(mirror=False, invert=False, format=0, length=5, subtile_bytes=[
                            bytearray(b'\x00\x00\x00\x00\x00\x00\xc0\xc0@@\x80\x80\x80\x80 \x00\x00\x00\x00\x00\x80\x00\x00\xc0\x80@\xc0\x00\x80@\x00\xe0'),
                            None,
                            bytearray(b'\xa0\x80\xa0\x80` \xa0```\x10\x10\xe4 \x80\x80\x80`\x80`\x00\xc0\x80\x00\x80\x00\xe8`\xc0\x1c\x80\xf0'),
                            None,
                        ], is_16bit=False, y_plus=0, y_minus=0, x=132, y=100),
                        Tile(mirror=False, invert=False, format=0, length=7, subtile_bytes=[
                            bytearray(b'\x00\x00\x00\x00\x00\x00\x00\x00\x01\x01\x00\x01\x02\x03\x07\x03\x00\x00\x00\x00\x00\x00\x00\x01\x01\x00\x01\x02\x03\x00\x03\x04'),
                            bytearray(b'\x00\x00\x08\x08\x19\x19\x81\xfd\x05\xf7\x0b\xfb\x13\xf3s\xf3\x00\x004\x08&A\xfc\x02\xf7\x08\xfb\x04\xf3\x0c\xf3\x0c'),
                            bytearray(b'\x07\x03\x03\x03\x0b\x03\x1c\x10\x07\x10\x07\x02\x0f\x0e\x1f\x1f\x03\x04\x03\x04\x0b\x04\x08\x07\x08\x17\x0f\n\x0f\x0e\x1f\x1f'),
                            bytearray(b'\xe7\xe7\xdf\xcf\x7f/\xfen\xf0\xc0\xf3C\x1e\x1e\xf3\xe1\xe7\x18\xcf0/\xf0n\xf1\xc0\xff\xccp\xe1\x80\xff\xed'),
                        ], is_16bit=False, y_plus=0, y_minus=0, x=116, y=100),
                    ]
                ),
                Mold(21, gridplane=False,
                    tiles=[
                        Tile(mirror=True, invert=False, format=0, length=4, subtile_bytes=[
                            None,
                            bytearray(b'\x00\x00 8\x88\xf8\xe0\xe0\x00\x00\x00\x00\x00\x00\x00\x00\x08\x00\x04\x00\x04\x00\x18\x00\xe0\x00\x00\x00\x00\x00\x00\x00'),
                            None,
                            None,
                        ], is_16bit=False, y_plus=0, y_minus=0, x=130, y=116),
                        Tile(mirror=False, invert=False, format=0, length=5, subtile_bytes=[
                            bytearray(b'\x00\x00\x00\x00\x00\x00\x00\x00\x02\x03\x08\x0f\x02\x06\x00\x00\x00\x00\x00\x00\x00\x00\x00\x00\x00\x00\x10\x00\x19\x00\x0e\x00'),
                            bytearray(b'\x088\x84\xfc\x94\xec\x8c\xfc\xf8\xf8\x90\x90\x00\x00\x00\x00\x00\x00\x00\x00\x02\x00\x02\x00\x04\x00h\x00\x80\x00\x00\x00'),
                            None,
                            None,
                        ], is_16bit=False, y_plus=0, y_minus=0, x=131, y=113),
                        Tile(mirror=False, invert=False, format=0, length=5, subtile_bytes=[
                            bytearray(b'\x10\x00\xd8\xc0\xec\xe0\xec\xe0\xec\xe0\xc0\x80\xc0\x80\x00\x00\x00\xf0\xc08\xe0\x1c\xe0\x1c\xe0\x1c\xc00\xc0\x10\x00\x90'),
                            None,
                            bytearray(b'\x80\x80\x80\x80\xc0\xc0` \xe0 \xc0\xc0\x00\x00\x00\x00\x80\x80\x80\x80\xc0\xc0\xe0\xa0\xe0 \xc0\xc0\x00\x00\x00\x00'),
                            None,
                        ], is_16bit=False, y_plus=0, y_minus=0, x=132, y=116),
                        Tile(mirror=False, invert=False, format=0, length=7, subtile_bytes=[
                            bytearray(b'\x1f\x1c\x1c\x109!< \x1c\x00\x1c\x00\x05\x00\x04\x00\x1c\x1f\x10\x1f!> ?\x00\x1f\x00\x1f\x00\x07\x00\x06'),
                            bytearray(b'\xff\xfcy\x01\xfc\xff\xfc\xff>?>/6\x17;;\xfc\xff\x01\xfe\xff\x00\xff\x00?\xc0/\xd0\x17\xf8;\xfc'),
                            bytearray(b'\x00\x00\x00\x00\x00\x00\x01\x01\x01\x01\x00\x00\x00\x00\x00\x00\x00\x00\x00\x00\x00\x00\x01\x01\x01\x01\x00\x00\x00\x00\x00\x00'),
                            bytearray(b']AZJ\xa9)\xf10> \xf1\xe0\x1f\x1f\x00\x00=\x82\xb6\x83\xf7s\xff>\xff\xe0\xff\xee\x1f\x1f\x00\x00'),
                        ], is_16bit=False, y_plus=0, y_minus=0, x=116, y=116),
                        Tile(mirror=False, invert=False, format=0, length=5, subtile_bytes=[
                            bytearray(b'\x00\x00\x00\x00\x00\x00\xc0\xc0@@\x80\x80\x80\x80 \x00\x00\x00\x00\x00\x80\x00\x00\xc0\x80@\xc0\x00\x80@\x00\xe0'),
                            None,
                            bytearray(b'\xa0\x80\xa0\x80` \xa0```\x10\x10\xe4 \x80\x80\x80`\x80`\x00\xc0\x80\x00\x80\x00\xe8`\xc0\x1c\x80\xf0'),
                            None,
                        ], is_16bit=False, y_plus=0, y_minus=0, x=132, y=100),
                        Tile(mirror=False, invert=False, format=0, length=7, subtile_bytes=[
                            bytearray(b'\x00\x00\x00\x00\x00\x00\x00\x00\x01\x01\x00\x01\x02\x03\x07\x03\x00\x00\x00\x00\x00\x00\x00\x01\x01\x00\x01\x02\x03\x00\x03\x04'),
                            bytearray(b'\x00\x00\x08\x08\x19\x19\x81\xfd\x05\xf7\x0b\xfb\x13\xf3s\xf3\x00\x004\x08&A\xfc\x02\xf7\x08\xfb\x04\xf3\x0c\xf3\x0c'),
                            bytearray(b'\x07\x03\x03\x03\x0b\x03\x1c\x10\x07\x10\x07\x02\x0f\x0e\x1f\x1f\x03\x04\x03\x04\x0b\x04\x08\x07\x08\x17\x0f\n\x0f\x0e\x1f\x1f'),
                            bytearray(b'\xe7\xe7\xdf\xcf\x7f/\xfen\xf0\xc0\xf3C\x1e\x1e\xf3\xe1\xe7\x18\xcf0/\xf0n\xf1\xc0\xff\xccp\xe1\x80\xff\xed'),
                        ], is_16bit=False, y_plus=0, y_minus=0, x=116, y=100),
                        Tile(mirror=False, invert=False, format=0, length=4, subtile_bytes=[
                            bytearray(b'88L|\xa4\xd4\x84\xf4\xf8\xf8\x98\x98\x00\x00\x00\x00\x00\x00\x00\x00\n\x00\n\x00\x04\x00`\x00\x80\x00\x00\x00'),
                            None,
                            None,
                            None,
                        ], is_16bit=False, y_plus=0, y_minus=0, x=133, y=109),
                    ]
                ),
                Mold(22, gridplane=False,
                    tiles=[
                        Tile(mirror=False, invert=False, format=0, length=4, subtile_bytes=[
                            bytearray(b'\x00\x00\x08\x0e >\x8c\xfc\xe0\xe0\x00\x00\x00\x00\x00\x00\x06\x00\x11\x00\xc1\x00\x03\x00\x1c\x00\xe0\x00\x00\x00\x00\x00'),
                            None,
                            None,
                            None,
                        ], is_16bit=False, y_plus=0, y_minus=0, x=134, y=113),
                        Tile(mirror=False, invert=False, format=0, length=5, subtile_bytes=[
                            bytearray(b'\x00\x00\x00\x00\x00\x00\x00\x00\x02\x03\x08\x0f\x02\x06\x00\x00\x00\x00\x00\x00\x00\x00\x00\x00\x00\x00\x10\x00\x19\x00\x0e\x00'),
                            bytearray(b'\x088\x84\xfc\x94\xec\x8c\xfc\xf8\xf8\x90\x90\x00\x00\x00\x00\x00\x00\x00\x00\x02\x00\x02\x00\x04\x00h\x00\x80\x00\x00\x00'),
                            None,
                            None,
                        ], is_16bit=False, y_plus=0, y_minus=0, x=137, y=108),
                        Tile(mirror=False, invert=False, format=0, length=5, subtile_bytes=[
                            bytearray(b'\x10\x00\xd8\xc0\xec\xe0\xec\xe0\xec\xe0\xc0\x80\xc0\x80\x00\x00\x00\xf0\xc08\xe0\x1c\xe0\x1c\xe0\x1c\xc00\xc0\x10\x00\x90'),
                            None,
                            bytearray(b'\x80\x80\x80\x80\xc0\xc0` \xe0 \xc0\xc0\x00\x00\x00\x00\x80\x80\x80\x80\xc0\xc0\xe0\xa0\xe0 \xc0\xc0\x00\x00\x00\x00'),
                            None,
                        ], is_16bit=False, y_plus=0, y_minus=0, x=132, y=116),
                        Tile(mirror=False, invert=False, format=0, length=7, subtile_bytes=[
                            bytearray(b'\x1f\x1c\x1c\x109!< \x1c\x00\x1c\x00\x05\x00\x04\x00\x1c\x1f\x10\x1f!> ?\x00\x1f\x00\x1f\x00\x07\x00\x06'),
                            bytearray(b'\xff\xfcy\x01\xfc\xff\xfc\xff>?>/6\x17;;\xfc\xff\x01\xfe\xff\x00\xff\x00?\xc0/\xd0\x17\xf8;\xfc'),
                            bytearray(b'\x00\x00\x00\x00\x00\x00\x01\x01\x01\x01\x00\x00\x00\x00\x00\x00\x00\x00\x00\x00\x00\x00\x01\x01\x01\x01\x00\x00\x00\x00\x00\x00'),
                            bytearray(b']AZJ\xa9)\xf10> \xf1\xe0\x1f\x1f\x00\x00=\x82\xb6\x83\xf7s\xff>\xff\xe0\xff\xee\x1f\x1f\x00\x00'),
                        ], is_16bit=False, y_plus=0, y_minus=0, x=116, y=116),
                        Tile(mirror=False, invert=False, format=0, length=5, subtile_bytes=[
                            bytearray(b'\x00\x00\x00\x00\x00\x00\xc0\xc0@@\x80\x80\x80\x80 \x00\x00\x00\x00\x00\x80\x00\x00\xc0\x80@\xc0\x00\x80@\x00\xe0'),
                            None,
                            bytearray(b'\xa0\x80\xa0\x80` \xa0```\x10\x10\xe4 \x80\x80\x80`\x80`\x00\xc0\x80\x00\x80\x00\xe8`\xc0\x1c\x80\xf0'),
                            None,
                        ], is_16bit=False, y_plus=0, y_minus=0, x=132, y=100),
                        Tile(mirror=False, invert=False, format=0, length=7, subtile_bytes=[
                            bytearray(b'\x00\x00\x00\x00\x00\x00\x00\x00\x01\x01\x00\x01\x02\x03\x07\x03\x00\x00\x00\x00\x00\x00\x00\x01\x01\x00\x01\x02\x03\x00\x03\x04'),
                            bytearray(b'\x00\x00\x08\x08\x19\x19\x81\xfd\x05\xf7\x0b\xfb\x13\xf3s\xf3\x00\x004\x08&A\xfc\x02\xf7\x08\xfb\x04\xf3\x0c\xf3\x0c'),
                            bytearray(b'\x07\x03\x03\x03\x0b\x03\x1c\x10\x07\x10\x07\x02\x0f\x0e\x1f\x1f\x03\x04\x03\x04\x0b\x04\x08\x07\x08\x17\x0f\n\x0f\x0e\x1f\x1f'),
                            bytearray(b'\xe7\xe7\xdf\xcf\x7f/\xfen\xf0\xc0\xf3C\x1e\x1e\xf3\xe1\xe7\x18\xcf0/\xf0n\xf1\xc0\xff\xccp\xe1\x80\xff\xed'),
                        ], is_16bit=False, y_plus=0, y_minus=0, x=116, y=100),
                        Tile(mirror=False, invert=False, format=0, length=5, subtile_bytes=[
                            bytearray(b'\x00\x00\x00\x00\x00\x00\x00\x00\x02\x03\x08\x0f\x02\x06\x00\x00\x00\x00\x00\x00\x00\x00\x00\x00\x00\x00\x10\x00\x19\x00\x0e\x00'),
                            bytearray(b'88L|\xa4\xd4\x84\xf4\xf8\xf8\x98\x98\x00\x00\x00\x00\x00\x00\x00\x00\n\x00\n\x00\x04\x00`\x00\x80\x00\x00\x00'),
                            None,
                            None,
                        ], is_16bit=False, y_plus=0, y_minus=0, x=129, y=105),
                    ]
                ),
                Mold(23, gridplane=False,
                    tiles=[
                        Tile(mirror=False, invert=False, format=0, length=4, subtile_bytes=[
                            bytearray(b'\x00\x00\x08\x0e >\x8c\xfc\xe0\xe0\x00\x00\x00\x00\x00\x00\x06\x00\x11\x00\xc1\x00\x03\x00\x1c\x00\xe0\x00\x00\x00\x00\x00'),
                            None,
                            None,
                            None,
                        ], is_16bit=False, y_plus=0, y_minus=0, x=134, y=113),
                        Tile(mirror=False, invert=False, format=0, length=5, subtile_bytes=[
                            bytearray(b'\x00\x00\x00\x00\x00\x00\x00\x00\x02\x03\x08\x0f\x02\x06\x00\x00\x00\x00\x00\x00\x00\x00\x00\x00\x00\x00\x10\x00\x19\x00\x0e\x00'),
                            bytearray(b'\x088\x84\xfc\x94\xec\x8c\xfc\xf8\xf8\x90\x90\x00\x00\x00\x00\x00\x00\x00\x00\x02\x00\x02\x00\x04\x00h\x00\x80\x00\x00\x00'),
                            None,
                            None,
                        ], is_16bit=False, y_plus=0, y_minus=0, x=135, y=109),
                        Tile(mirror=False, invert=False, format=0, length=5, subtile_bytes=[
                            bytearray(b'\x10\x00\xd8\xc0\xec\xe0\xec\xe0\xec\xe0\xc0\x80\xc0\x80\x00\x00\x00\xf0\xc08\xe0\x1c\xe0\x1c\xe0\x1c\xc00\xc0\x10\x00\x90'),
                            None,
                            bytearray(b'\x80\x80\x80\x80\xc0\xc0` \xe0 \xc0\xc0\x00\x00\x00\x00\x80\x80\x80\x80\xc0\xc0\xe0\xa0\xe0 \xc0\xc0\x00\x00\x00\x00'),
                            None,
                        ], is_16bit=False, y_plus=0, y_minus=0, x=132, y=116),
                        Tile(mirror=False, invert=False, format=0, length=7, subtile_bytes=[
                            bytearray(b'\x1f\x1c\x1c\x109!< \x1c\x00\x1c\x00\x05\x00\x04\x00\x1c\x1f\x10\x1f!> ?\x00\x1f\x00\x1f\x00\x07\x00\x06'),
                            bytearray(b'\xff\xfcy\x01\xfc\xff\xfc\xff>?>/6\x17;;\xfc\xff\x01\xfe\xff\x00\xff\x00?\xc0/\xd0\x17\xf8;\xfc'),
                            bytearray(b'\x00\x00\x00\x00\x00\x00\x01\x01\x01\x01\x00\x00\x00\x00\x00\x00\x00\x00\x00\x00\x00\x00\x01\x01\x01\x01\x00\x00\x00\x00\x00\x00'),
                            bytearray(b']AZJ\xa9)\xf10> \xf1\xe0\x1f\x1f\x00\x00=\x82\xb6\x83\xf7s\xff>\xff\xe0\xff\xee\x1f\x1f\x00\x00'),
                        ], is_16bit=False, y_plus=0, y_minus=0, x=116, y=116),
                        Tile(mirror=False, invert=False, format=0, length=5, subtile_bytes=[
                            bytearray(b'\x00\x00\x00\x00\x00\x00\xc0\xc0@@\x80\x80\x80\x80 \x00\x00\x00\x00\x00\x80\x00\x00\xc0\x80@\xc0\x00\x80@\x00\xe0'),
                            None,
                            bytearray(b'\xa0\x80\xa0\x80` \xa0```\x10\x10\xe4 \x80\x80\x80`\x80`\x00\xc0\x80\x00\x80\x00\xe8`\xc0\x1c\x80\xf0'),
                            None,
                        ], is_16bit=False, y_plus=0, y_minus=0, x=132, y=100),
                        Tile(mirror=False, invert=False, format=0, length=7, subtile_bytes=[
                            bytearray(b'\x00\x00\x00\x00\x00\x00\x00\x00\x01\x01\x00\x01\x02\x03\x07\x03\x00\x00\x00\x00\x00\x00\x00\x01\x01\x00\x01\x02\x03\x00\x03\x04'),
                            bytearray(b'\x00\x00\x08\x08\x19\x19\x81\xfd\x05\xf7\x0b\xfb\x13\xf3s\xf3\x00\x004\x08&A\xfc\x02\xf7\x08\xfb\x04\xf3\x0c\xf3\x0c'),
                            bytearray(b'\x07\x03\x03\x03\x0b\x03\x1c\x10\x07\x10\x07\x02\x0f\x0e\x1f\x1f\x03\x04\x03\x04\x0b\x04\x08\x07\x08\x17\x0f\n\x0f\x0e\x1f\x1f'),
                            bytearray(b'\xe7\xe7\xdf\xcf\x7f/\xfen\xf0\xc0\xf3C\x1e\x1e\xf3\xe1\xe7\x18\xcf0/\xf0n\xf1\xc0\xff\xccp\xe1\x80\xff\xed'),
                        ], is_16bit=False, y_plus=0, y_minus=0, x=116, y=100),
                        Tile(mirror=False, invert=False, format=0, length=5, subtile_bytes=[
                            bytearray(b'\x00\x00\x00\x00\x00\x00\x00\x00\x02\x03\x08\x0f\x02\x06\x00\x00\x00\x00\x00\x00\x00\x00\x00\x00\x00\x00\x10\x00\x19\x00\x0e\x00'),
                            bytearray(b'88L|\xa4\xd4\x84\xf4\xf8\xf8\x98\x98\x00\x00\x00\x00\x00\x00\x00\x00\n\x00\n\x00\x04\x00`\x00\x80\x00\x00\x00'),
                            None,
                            None,
                        ], is_16bit=False, y_plus=0, y_minus=0, x=127, y=106),
                    ]
                ),
                Mold(24, gridplane=False,
                    tiles=[
                        Tile(mirror=False, invert=False, format=0, length=4, subtile_bytes=[
                            bytearray(b'\x00\x00\x08\x0e >\x8c\xfc\xe0\xe0\x00\x00\x00\x00\x00\x00\x06\x00\x11\x00\xc1\x00\x03\x00\x1c\x00\xe0\x00\x00\x00\x00\x00'),
                            None,
                            None,
                            None,
                        ], is_16bit=False, y_plus=0, y_minus=0, x=134, y=113),
                        Tile(mirror=False, invert=False, format=0, length=4, subtile_bytes=[
                            bytearray(b'\x088\x84\xfc\x94\xec\x8c\xfc\xf8\xf8\x90\x90\x00\x00\x00\x00\x00\x00\x00\x00\x02\x00\x02\x00\x04\x00h\x00\x80\x00\x00\x00'),
                            None,
                            None,
                            None,
                        ], is_16bit=False, y_plus=0, y_minus=0, x=141, y=110),
                        Tile(mirror=False, invert=False, format=0, length=5, subtile_bytes=[
                            bytearray(b'\x10\x00\xd8\xc0\xec\xe0\xec\xe0\xec\xe0\xc0\x80\xc0\x80\x00\x00\x00\xf0\xc08\xe0\x1c\xe0\x1c\xe0\x1c\xc00\xc0\x10\x00\x90'),
                            None,
                            bytearray(b'\x80\x80\x80\x80\xc0\xc0` \xe0 \xc0\xc0\x00\x00\x00\x00\x80\x80\x80\x80\xc0\xc0\xe0\xa0\xe0 \xc0\xc0\x00\x00\x00\x00'),
                            None,
                        ], is_16bit=False, y_plus=0, y_minus=0, x=132, y=116),
                        Tile(mirror=False, invert=False, format=0, length=7, subtile_bytes=[
                            bytearray(b'\x1f\x1c\x1c\x109!< \x1c\x00\x1c\x00\x05\x00\x04\x00\x1c\x1f\x10\x1f!> ?\x00\x1f\x00\x1f\x00\x07\x00\x06'),
                            bytearray(b'\xff\xfcy\x01\xfc\xff\xfc\xff>?>/6\x17;;\xfc\xff\x01\xfe\xff\x00\xff\x00?\xc0/\xd0\x17\xf8;\xfc'),
                            bytearray(b'\x00\x00\x00\x00\x00\x00\x01\x01\x01\x01\x00\x00\x00\x00\x00\x00\x00\x00\x00\x00\x00\x00\x01\x01\x01\x01\x00\x00\x00\x00\x00\x00'),
                            bytearray(b']AZJ\xa9)\xf10> \xf1\xe0\x1f\x1f\x00\x00=\x82\xb6\x83\xf7s\xff>\xff\xe0\xff\xee\x1f\x1f\x00\x00'),
                        ], is_16bit=False, y_plus=0, y_minus=0, x=116, y=116),
                        Tile(mirror=False, invert=False, format=0, length=5, subtile_bytes=[
                            bytearray(b'\x00\x00\x00\x00\x00\x00\xc0\xc0@@\x80\x80\x80\x80 \x00\x00\x00\x00\x00\x80\x00\x00\xc0\x80@\xc0\x00\x80@\x00\xe0'),
                            None,
                            bytearray(b'\xa0\x80\xa0\x80` \xa0```\x10\x10\xe4 \x80\x80\x80`\x80`\x00\xc0\x80\x00\x80\x00\xe8`\xc0\x1c\x80\xf0'),
                            None,
                        ], is_16bit=False, y_plus=0, y_minus=0, x=132, y=100),
                        Tile(mirror=False, invert=False, format=0, length=7, subtile_bytes=[
                            bytearray(b'\x00\x00\x00\x00\x00\x00\x00\x00\x01\x01\x00\x01\x02\x03\x07\x03\x00\x00\x00\x00\x00\x00\x00\x01\x01\x00\x01\x02\x03\x00\x03\x04'),
                            bytearray(b'\x00\x00\x08\x08\x19\x19\x81\xfd\x05\xf7\x0b\xfb\x13\xf3s\xf3\x00\x004\x08&A\xfc\x02\xf7\x08\xfb\x04\xf3\x0c\xf3\x0c'),
                            bytearray(b'\x07\x03\x03\x03\x0b\x03\x1c\x10\x07\x10\x07\x02\x0f\x0e\x1f\x1f\x03\x04\x03\x04\x0b\x04\x08\x07\x08\x17\x0f\n\x0f\x0e\x1f\x1f'),
                            bytearray(b'\xe7\xe7\xdf\xcf\x7f/\xfen\xf0\xc0\xf3C\x1e\x1e\xf3\xe1\xe7\x18\xcf0/\xf0n\xf1\xc0\xff\xccp\xe1\x80\xff\xed'),
                        ], is_16bit=False, y_plus=0, y_minus=0, x=116, y=100),
                        Tile(mirror=False, invert=False, format=0, length=5, subtile_bytes=[
                            bytearray(b'\x00\x00\x00\x00\x00\x00\x00\x00\x02\x03\x08\x0f\x02\x06\x00\x00\x00\x00\x00\x00\x00\x00\x00\x00\x00\x00\x10\x00\x19\x00\x0e\x00'),
                            bytearray(b'88L|\xa4\xd4\x84\xf4\xf8\xf8\x98\x98\x00\x00\x00\x00\x00\x00\x00\x00\n\x00\n\x00\x04\x00`\x00\x80\x00\x00\x00'),
                            None,
                            None,
                        ], is_16bit=False, y_plus=0, y_minus=0, x=125, y=107),
                    ]
                ),
                Mold(25, gridplane=False,
                    tiles=[
                        Tile(mirror=False, invert=False, format=0, length=4, subtile_bytes=[
                            bytearray(b'\x00\x00\x08\x0e >\x8c\xfc\xe0\xe0\x00\x00\x00\x00\x00\x00\x06\x00\x11\x00\xc1\x00\x03\x00\x1c\x00\xe0\x00\x00\x00\x00\x00'),
                            None,
                            None,
                            None,
                        ], is_16bit=False, y_plus=0, y_minus=0, x=134, y=113),
                        Tile(mirror=False, invert=False, format=0, length=5, subtile_bytes=[
                            bytearray(b'\x10\x00\xd8\xc0\xec\xe0\xec\xe0\xec\xe0\xc0\x80\xc0\x80\x00\x00\x00\xf0\xc08\xe0\x1c\xe0\x1c\xe0\x1c\xc00\xc0\x10\x00\x90'),
                            None,
                            bytearray(b'\x80\x80\x80\x80\xc0\xc0` \xe0 \xc0\xc0\x00\x00\x00\x00\x80\x80\x80\x80\xc0\xc0\xe0\xa0\xe0 \xc0\xc0\x00\x00\x00\x00'),
                            None,
                        ], is_16bit=False, y_plus=0, y_minus=0, x=132, y=116),
                        Tile(mirror=False, invert=False, format=0, length=7, subtile_bytes=[
                            bytearray(b'\x1f\x1c\x1c\x109!< \x1c\x00\x1c\x00\x05\x00\x04\x00\x1c\x1f\x10\x1f!> ?\x00\x1f\x00\x1f\x00\x07\x00\x06'),
                            bytearray(b'\xff\xfcy\x01\xfc\xff\xfc\xff>?>/6\x17;;\xfc\xff\x01\xfe\xff\x00\xff\x00?\xc0/\xd0\x17\xf8;\xfc'),
                            bytearray(b'\x00\x00\x00\x00\x00\x00\x01\x01\x01\x01\x00\x00\x00\x00\x00\x00\x00\x00\x00\x00\x00\x00\x01\x01\x01\x01\x00\x00\x00\x00\x00\x00'),
                            bytearray(b']AZJ\xa9)\xf10> \xf1\xe0\x1f\x1f\x00\x00=\x82\xb6\x83\xf7s\xff>\xff\xe0\xff\xee\x1f\x1f\x00\x00'),
                        ], is_16bit=False, y_plus=0, y_minus=0, x=116, y=116),
                        Tile(mirror=False, invert=False, format=0, length=5, subtile_bytes=[
                            bytearray(b'\x00\x00\x00\x00\x00\x00\xc0\xc0@@\x80\x80\x80\x80 \x00\x00\x00\x00\x00\x80\x00\x00\xc0\x80@\xc0\x00\x80@\x00\xe0'),
                            None,
                            bytearray(b'\xa0\x80\xa0\x80` \xa0```\x10\x10\xe4 \x80\x80\x80`\x80`\x00\xc0\x80\x00\x80\x00\xe8`\xc0\x1c\x80\xf0'),
                            None,
                        ], is_16bit=False, y_plus=0, y_minus=0, x=132, y=100),
                        Tile(mirror=False, invert=False, format=0, length=7, subtile_bytes=[
                            bytearray(b'\x00\x00\x00\x00\x00\x00\x00\x00\x01\x01\x00\x01\x02\x03\x07\x03\x00\x00\x00\x00\x00\x00\x00\x01\x01\x00\x01\x02\x03\x00\x03\x04'),
                            bytearray(b'\x00\x00\x08\x08\x19\x19\x81\xfd\x05\xf7\x0b\xfb\x13\xf3s\xf3\x00\x004\x08&A\xfc\x02\xf7\x08\xfb\x04\xf3\x0c\xf3\x0c'),
                            bytearray(b'\x07\x03\x03\x03\x0b\x03\x1c\x10\x07\x10\x07\x02\x0f\x0e\x1f\x1f\x03\x04\x03\x04\x0b\x04\x08\x07\x08\x17\x0f\n\x0f\x0e\x1f\x1f'),
                            bytearray(b'\xe7\xe7\xdf\xcf\x7f/\xfen\xf0\xc0\xf3C\x1e\x1e\xf3\xe1\xe7\x18\xcf0/\xf0n\xf1\xc0\xff\xccp\xe1\x80\xff\xed'),
                        ], is_16bit=False, y_plus=0, y_minus=0, x=116, y=100),
                    ]
                ),
                Mold(26, gridplane=False,
                    tiles=[
                        Tile(mirror=False, invert=False, format=0, length=4, subtile_bytes=[
                            bytearray(b'\x00\x00\x08\x0e >\x8c\xfc\xe0\xe0\x00\x00\x00\x00\x00\x00\x06\x00\x11\x00\xc1\x00\x03\x00\x1c\x00\xe0\x00\x00\x00\x00\x00'),
                            None,
                            None,
                            None,
                        ], is_16bit=False, y_plus=0, y_minus=0, x=134, y=113),
                        Tile(mirror=False, invert=False, format=0, length=5, subtile_bytes=[
                            bytearray(b'\x10\x00\xd8\xc0\xec\xe0\xec\xe0\xec\xe0\xc0\x80\xc0\x80\x00\x00\x00\xf0\xc08\xe0\x1c\xe0\x1c\xe0\x1c\xc00\xc0\x10\x00\x90'),
                            None,
                            bytearray(b'\x80\x80\x80\x80\xc0\xc0` \xe0 \xc0\xc0\x00\x00\x00\x00\x80\x80\x80\x80\xc0\xc0\xe0\xa0\xe0 \xc0\xc0\x00\x00\x00\x00'),
                            None,
                        ], is_16bit=False, y_plus=0, y_minus=0, x=132, y=116),
                        Tile(mirror=False, invert=False, format=0, length=7, subtile_bytes=[
                            bytearray(b'\x1f\x1c\x1c\x109!< \x1c\x00\x1c\x00\x05\x00\x04\x00\x1c\x1f\x10\x1f!> ?\x00\x1f\x00\x1f\x00\x07\x00\x06'),
                            bytearray(b'\xff\xfcy\x01\xfc\xff\xfc\xff>?>/6\x17;;\xfc\xff\x01\xfe\xff\x00\xff\x00?\xc0/\xd0\x17\xf8;\xfc'),
                            bytearray(b'\x00\x00\x00\x00\x00\x00\x01\x01\x01\x01\x00\x00\x00\x00\x00\x00\x00\x00\x00\x00\x00\x00\x01\x01\x01\x01\x00\x00\x00\x00\x00\x00'),
                            bytearray(b']AZJ\xa9)\xf10> \xf1\xe0\x1f\x1f\x00\x00=\x82\xb6\x83\xf7s\xff>\xff\xe0\xff\xee\x1f\x1f\x00\x00'),
                        ], is_16bit=False, y_plus=0, y_minus=0, x=116, y=116),
                        Tile(mirror=False, invert=False, format=0, length=5, subtile_bytes=[
                            bytearray(b'\x00\x00\x00\x00\x00\x00\xc0\xc0@@\x80\x80\x80\x80 \x00\x00\x00\x00\x00\x80\x00\x00\xc0\x80@\xc0\x00\x80@\x00\xe0'),
                            None,
                            bytearray(b'\xa0\x80\xa0\x80` \xa0```\x10\x10\xe4 \x80\x80\x80`\x80`\x00\xc0\x80\x00\x80\x00\xe8`\xc0\x1c\x80\xf0'),
                            None,
                        ], is_16bit=False, y_plus=0, y_minus=0, x=132, y=100),
                        Tile(mirror=False, invert=False, format=0, length=7, subtile_bytes=[
                            bytearray(b'\x00\x00\x00\x00\x00\x00\x00\x00\x01\x01\x00\x01\x02\x03\x07\x03\x00\x00\x00\x00\x00\x00\x00\x01\x01\x00\x01\x02\x03\x00\x03\x04'),
                            bytearray(b'\x00\x00\x08\x08\x19\x19\x81\xfd\x05\xf7\x0b\xfb\x13\xf3s\xf3\x00\x004\x08&A\xfc\x02\xf7\x08\xfb\x04\xf3\x0c\xf3\x0c'),
                            bytearray(b'\x07\x03\x03\x03\x0b\x03\x1c\x10\x07\x10\x07\x02\x0f\x0e\x1f\x1f\x03\x04\x03\x04\x0b\x04\x08\x07\x08\x17\x0f\n\x0f\x0e\x1f\x1f'),
                            bytearray(b'\xe7\xe7\xdf\xcf\x7f/\xfen\xf0\xc0\xf3C\x1e\x1e\xf3\xe1\xe7\x18\xcf0/\xf0n\xf1\xc0\xff\xccp\xe1\x80\xff\xed'),
                        ], is_16bit=False, y_plus=0, y_minus=0, x=116, y=100),
                        Tile(mirror=False, invert=False, format=0, length=4, subtile_bytes=[
                            bytearray(b'\x00\x06\x01\x0fnv\x08\xf8\xa0`@@\x00\x00\x00\x00\x06\x06\t\t~~\xf8\xf8\xe0\xe0\xc0@\x00\x00\x00\x00'),
                            None,
                            None,
                            None,
                        ], is_16bit=False, y_plus=0, y_minus=0, x=131, y=108),
                        Tile(mirror=False, invert=False, format=0, length=4, subtile_bytes=[
                            bytearray(b'\x00\x06\x01\x0fnv\x08\xf8\xa0`@@\x00\x00\x00\x00\x06\x06\t\t~~\xf8\xf8\xe0\xe0\xc0@\x00\x00\x00\x00'),
                            None,
                            None,
                            None,
                        ], is_16bit=False, y_plus=0, y_minus=0, x=139, y=111),
                    ]
                ),
                Mold(27, gridplane=False,
                    tiles=[
                        Tile(mirror=False, invert=False, format=0, length=4, subtile_bytes=[
                            bytearray(b'\x00\x00\x08\x0e >\x8c\xfc\xe0\xe0\x00\x00\x00\x00\x00\x00\x06\x00\x11\x00\xc1\x00\x03\x00\x1c\x00\xe0\x00\x00\x00\x00\x00'),
                            None,
                            None,
                            None,
                        ], is_16bit=False, y_plus=0, y_minus=0, x=134, y=113),
                        Tile(mirror=False, invert=False, format=0, length=5, subtile_bytes=[
                            bytearray(b'\x10\x00\xd8\xc0\xec\xe0\xec\xe0\xec\xe0\xc0\x80\xc0\x80\x00\x00\x00\xf0\xc08\xe0\x1c\xe0\x1c\xe0\x1c\xc00\xc0\x10\x00\x90'),
                            None,
                            bytearray(b'\x80\x80\x80\x80\xc0\xc0` \xe0 \xc0\xc0\x00\x00\x00\x00\x80\x80\x80\x80\xc0\xc0\xe0\xa0\xe0 \xc0\xc0\x00\x00\x00\x00'),
                            None,
                        ], is_16bit=False, y_plus=0, y_minus=0, x=132, y=116),
                        Tile(mirror=False, invert=False, format=0, length=7, subtile_bytes=[
                            bytearray(b'\x1f\x1c\x1c\x109!< \x1c\x00\x1c\x00\x05\x00\x04\x00\x1c\x1f\x10\x1f!> ?\x00\x1f\x00\x1f\x00\x07\x00\x06'),
                            bytearray(b'\xff\xfcy\x01\xfc\xff\xfc\xff>?>/6\x17;;\xfc\xff\x01\xfe\xff\x00\xff\x00?\xc0/\xd0\x17\xf8;\xfc'),
                            bytearray(b'\x00\x00\x00\x00\x00\x00\x01\x01\x01\x01\x00\x00\x00\x00\x00\x00\x00\x00\x00\x00\x00\x00\x01\x01\x01\x01\x00\x00\x00\x00\x00\x00'),
                            bytearray(b']AZJ\xa9)\xf10> \xf1\xe0\x1f\x1f\x00\x00=\x82\xb6\x83\xf7s\xff>\xff\xe0\xff\xee\x1f\x1f\x00\x00'),
                        ], is_16bit=False, y_plus=0, y_minus=0, x=116, y=116),
                        Tile(mirror=False, invert=False, format=0, length=5, subtile_bytes=[
                            bytearray(b'\x00\x00\x00\x00\x00\x00\xc0\xc0@@\x80\x80\x80\x80 \x00\x00\x00\x00\x00\x80\x00\x00\xc0\x80@\xc0\x00\x80@\x00\xe0'),
                            None,
                            bytearray(b'\xa0\x80\xa0\x80` \xa0```\x10\x10\xe4 \x80\x80\x80`\x80`\x00\xc0\x80\x00\x80\x00\xe8`\xc0\x1c\x80\xf0'),
                            None,
                        ], is_16bit=False, y_plus=0, y_minus=0, x=132, y=100),
                        Tile(mirror=False, invert=False, format=0, length=7, subtile_bytes=[
                            bytearray(b'\x00\x00\x00\x00\x00\x00\x00\x00\x01\x01\x00\x01\x02\x03\x07\x03\x00\x00\x00\x00\x00\x00\x00\x01\x01\x00\x01\x02\x03\x00\x03\x04'),
                            bytearray(b'\x00\x00\x08\x08\x19\x19\x81\xfd\x05\xf7\x0b\xfb\x13\xf3s\xf3\x00\x004\x08&A\xfc\x02\xf7\x08\xfb\x04\xf3\x0c\xf3\x0c'),
                            bytearray(b'\x07\x03\x03\x03\x0b\x03\x1c\x10\x07\x10\x07\x02\x0f\x0e\x1f\x1f\x03\x04\x03\x04\x0b\x04\x08\x07\x08\x17\x0f\n\x0f\x0e\x1f\x1f'),
                            bytearray(b'\xe7\xe7\xdf\xcf\x7f/\xfen\xf0\xc0\xf3C\x1e\x1e\xf3\xe1\xe7\x18\xcf0/\xf0n\xf1\xc0\xff\xccp\xe1\x80\xff\xed'),
                        ], is_16bit=False, y_plus=0, y_minus=0, x=116, y=100),
                        Tile(mirror=False, invert=False, format=0, length=4, subtile_bytes=[
                            bytearray(b'\x00\x06\x01\x0fnv\x08\xf8\xa0`@@\x00\x00\x00\x00\x06\x06\t\t~~\xf8\xf8\xe0\xe0\xc0@\x00\x00\x00\x00'),
                            None,
                            None,
                            None,
                        ], is_16bit=False, y_plus=0, y_minus=0, x=133, y=363),
                        Tile(mirror=False, invert=False, format=0, length=4, subtile_bytes=[
                            bytearray(b'\x00\x06\x01\x0fnv\x08\xf8\xa0`@@\x00\x00\x00\x00\x06\x06\t\t~~\xf8\xf8\xe0\xe0\xc0@\x00\x00\x00\x00'),
                            None,
                            None,
                            None,
                        ], is_16bit=False, y_plus=0, y_minus=0, x=141, y=366),
                    ]
                ),
                Mold(28, gridplane=True,
                    tiles=[
                        Tile(mirror=False, invert=False, format=1, length=13, subtile_bytes=[
                            bytearray(b'\x00\x00\x00\x00\x00\x00\x0c\x0c\t\t\x01\x01\x01\x01\x02\x00\x00\x00\x00\x00\x00\x00\x03\x0c\x16\t\x1e\x07\x0e\x03\x07\x04'),
                            bytearray(b'\x00\x00\x00\x00\x00\x1fF\xbb\xd8\xdf\xc4\xc7\xdc\xd8?\x18\x00\x00\x00\x1f\x1f`\xdf\xec%\x879\xc38\xff\xf8\x1f'),
                            bytearray(b'\x00\x00\x00\x00\x80\x80`\xe0\xe8\xe0\xc8\xc0\x04\x00\xe4\x00\x00\x00\x00\x80\x80`\xe0\x10\xe0\x18\xc08\x00\xfc\x00\xfc'),
                            bytearray(b'\x00\x02\x01\x03\x02\x03\x00\x01\x00\x00\x14\x1c\x02\x1e\t\x07\x01\x01\x00\x00\x00\x00\x02\x00\x0f\x06\x03\x0b\x01\x1d\x00\x0e'),
                            bytearray(b'q\x00.\xee9\xf9\n\ny8c`oa\x1e\x0f\xfe\x81\x1f\x0e\x07\x01\xf5\x00\xf70\x9f\x00\x9f\x01\xfe\xef'),
                            bytearray(b'\xfc\x00\xf8\x00\xf00\x80\x00\x80\x00\xe0\x00\xf0`xp\x00\xfc\x80x\xc8\x08\xf8\x10\xf0\x10\xf0\x10\xe0p\xf0x'),
                            bytearray(b'\x1c\x01\x14\x00\x07\x07\x0f\r\r\t\n\x02\x02\x02\x00\x00\x02\x1d\x00\x1f\x079\x0f1\x0f!\x05\t\x05\x01\x06\x06'),
                            bytearray(b'\x08\x0f\x94\xfd\x7f`\x03\x1f\x01\x1f\xd7\xff\x87\x8bw\x02\xf0\xe7\x02\t\x80\x1f\xdf\xe0\xff\x80\x9f\x80\xef\xd0\xf6\x8b'),
                            bytearray(b'p@\xc0\x00\xc2\x80\x04\x00\x86\x80\xd0\xc0\xe0\xc0\xa0\x80\xc0|\x80|\x80\xfe\x00\xfc\x80~\xc00\xc0 \x80`'),
                            bytearray(b'\x00\x00\x00\x00\x00\x00\x00\x00\x00\x00\x07\x07\x00\x00\x00\x00\x00\x00\x00\x00\x03\x03\x07\x04\x07\x07\x07\x07\x00\x00\x00\x00'),
                            bytearray(b'7\x03{;z:r"\xe3c\xe7\xc3gC>>\xfe\x82\xf6\xb2\xf6\xb2\xfe\xa6\xffo\xff\xcb\x7f[>>'),
                            bytearray(b' \x00@\x00\x00\x00\x00\x00\x00\x00\x00\x00\x00\x00\x00\x00\xa0@\xc0\x00\x00\x00\x00\x00\x00\x00\x00\x00\x00\x00\x00\x00'),
                        ], is_16bit=False, y_plus=0, y_minus=0, x=0, y=0),
                    ]
                ),
                Mold(29, gridplane=True,
                    tiles=[
                        Tile(mirror=False, invert=False, format=1, length=13, subtile_bytes=[
                            bytearray(b'\x00\x00\x00\x00\x0c\x0c\t\t\x01\x01\x01\x01\x02\x00\x00\x02\x00\x00\x00\x00\x03\x0c\x16\t\x1e\x07\x0e\x03\x07\x04\x01\x01'),
                            bytearray(b'\x00\x00\x00\x1fF\xbb\xd8\xdf\xc4\xc7\xdc\xd8?\x18q\x00\x00\x1f\x1f`\xdf\xec%\x879\xc38\xff\xf8\x1f\xfe\x81'),
                            bytearray(b'\x00\x00\x80\x80`\xe0\xe8\xe0\xc8\xc0\x04\x00\xe4\x00\xfc\x00\x00\x80\x80`\xe0\x10\xe0\x18\xc08\x00\xfc\x00\xfc\x00\xfc'),
                            bytearray(b'\x01\x03\x02\x03\x00\x01\x00\x00\x14\x1c\x02\x1e\t\x07\x1c\x01\x00\x00\x00\x00\x02\x00\x0f\x06\x03\x0b\x01\x1d\x00\x0e\x02\x1d'),
                            bytearray(b'.\xee9\xf9\n\ny8c\x00oa\x1e\x0f\x08\x0f\x1f\x0e\x07\x01\xf5\x00\xf70\xff\x00\x9f\x01\xfe\xef\xf0\xe7'),
                            bytearray(b'\xf8\x00\xf00\x80\x00\x80\x00\xe0\x00\xf0`xpp@\x80x\xc8\x08\xf8\x10\xf0\x10\xf0\x10\xe0p\xf0x\xc0|'),
                            bytearray(b'\x14\x00\x07\x06\x0f\r\x1f\t%\x01\n\x02\x02\x02\x00\x00\x00\x1f\x069\r3\x0b5\x07)\x05\t\x05\x01\x06\x06'),
                            bytearray(b'\x94\xfd\x7f`C\x1f!\x1f\x17\x1f\xc7\xeb\x97\x80\x7f\x03\x02\t\x80\x1f\x9f\xe0\xdf\xe0\xff\x80\x8b\x94\xe4\xdb\xf6\x8a'),
                            bytearray(b'\xc0\x00\xc2\x80\x04\x00\x86\x80\xdc\xc0\xf0\xc0\xa0\x80\xa0\x00\x80|\x80\xfe\x00\xfc\x80~\xc0<\xc00\x80` \xc0'),
                            bytearray(b'\x00\x00\x00\x00\x00\x00\x00\x00\x00\x00\x07\x07\x00\x00\x00\x00\x00\x00\x00\x00\x03\x03\x07\x04\x07\x07\x07\x07\x00\x00\x00\x00'),
                            bytearray(b'7\x03{;z:r"\xe3c\xe7\xc3gC>>\xfe\x82\xf6\xb2\xf6\xb2\xfe\xa6\xffo\xff\xcb\x7f[>>'),
                            bytearray(b'`\x00@\x00\x00\x00\x00\x00\x00\x00\x00\x00\x00\x00\x00\x00\xa0@\xc0\x00\x00\x00\x00\x00\x00\x00\x00\x00\x00\x00\x00\x00'),
                        ], is_16bit=False, y_plus=0, y_minus=0, x=0, y=0),
                    ]
                ),
                Mold(30, gridplane=True,
                    tiles=[
                        Tile(mirror=False, invert=False, format=1, length=13, subtile_bytes=[
                            bytearray(b'\x00\x00\x00\x00\x00\x00\x00\x00\x00\x00\x00\x00\x00\x00\x02\x00\x00\x00\x00\x00\x01\x01\x01\x00\x01\x00\x00\x00\x00\x01\x00\x03'),
                            bytearray(b'\x00\x00ggGG\x00\x00\xa0\xbf\x00\x7f\xe0\xff\xf3\xff\x00\x00\x98g\xb8F\xe0_?\xc0\x7f\x80\xff\x00\xff\x00'),
                            bytearray(b'\x00\x00\x00\x00\x00\x00\x00\x00\x00\x00@\xc0\xe0\xe0\xc0\xc0\x00\x00\x00\x00\x00\x00\x00\x00\x00\xc0\xc0 \xe0\x00\xc00'),
                            bytearray(b"\x01\x01\x01\x01\x05\x07\x04\x06\x02\x02\x0c\x08\'\x04\x01\x01\x01\x02\x03\x00\x01\x00\x01\x00\x05\x00\x17\x02\x038\x01\x0f"),
                            bytearray(b'\xf3\xff\xff\xff\xf7\xf7\xf1\xf1D@\x86\x00\xff\x02\xff\xff\xff\x00\xff\x00\xf7\x08\xf1\x0e@\xbf\x00\xff\x82\x7f\xff\xff'),
                            bytearray(b'\xc0\xc0\xc0\xc0\x98\x80\x98\x80\x18\x008\x008\x08\xb8\x08\xc00\xc00\x80x\x80x\x00\xf8\x00\xf8\x08\xf8\x08\xf8'),
                            bytearray(b'\x08\x00\x1b\x037\x077\x077\x07\x03\x01\x03\x01\x04\x04\x00\x0f\x03\x1c\x078\x078\x078\x03\x0c\x07\x08\x02\t'),
                            bytearray(b'\xff?\x9e\x80?\xff?\xff|\xfc|\xf4l\xe8\xdc\xdc?\xff\x80\x7f\xff\x00\xff\x00\xfc\x03\xf4\x0b\xe8\x1f\xdc?'),
                            bytearray(b'\xf888\x08\x9c\x84<\x048\x008\x00\xa0\x00 \x008\xf8\x08\xf8\x84|\x04\xfc\x00\xf8\x00\xf8\x00\xe0\x00`'),
                            bytearray(b'\x03\x03\x01\x03\x03\x03\x06\x04\x07\x04\x03\x03\x00\x00\x00\x00\x05\x01\x05\x01\x03\x03\x07\x05\x07\x04\x03\x03\x00\x00\x00\x00'),
                            bytearray(b'\xba\x82ZR\x95\x94\x8f\x0c|\x04\x8f\x07\xf8\xf8\x00\x00\xbcAm\xc1\xef\xce\xff|\xff\x07\xffw\xf8\xf8\x00\x00'),
                            bytearray(b'\x00\x00\x00\x00\x00\x00\x80\x80\x80\x80\x00\x00\x00\x00\x00\x00\x00\x00\x00\x00\x00\x00\x80\x80\x80\x80\x00\x00\x00\x00\x00\x00'),
                        ], is_16bit=False, y_plus=0, y_minus=0, x=0, y=0),
                    ]
                ),
                Mold(31, gridplane=True,
                    tiles=[
                        Tile(mirror=False, invert=False, format=1, length=13, subtile_bytes=[
                            bytearray(b'\x00\x00\x00\x00\x00\x00\x00\x00\x00\x00\x00\x00\x02\x00\x01\x01\x00\x00\x01\x01\x01\x00\x01\x00\x00\x00\x00\x01\x00\x03\x01\x02'),
                            bytearray(b'ggGG\x00\x00\xa0\xbf\x00\x7f\xe0\xff\xf3\xff\xf3\xff\x98g\xb8F\xe0_?\xc0\x7f\x80\xff\x00\xff\x00\xff\x00'),
                            bytearray(b'\x00\x00\x00\x00\x00\x00\x00\x00@\xc0\xe0\xe0\xc0\xc0\xc0\xc0\x00\x00\x00\x00\x00\x00\x00\xc0\xc0 \xe0\x00\xc00\xc00'),
                            bytearray(b"\x01\x01\x05\x07\x04\x06\x02\x02\x0c\x08\'\x04\x01\x01\x08\x00\x03\x00\x01\x00\x01\x00\x05\x00\x17\x02\x038\x01\x0f\x00\x0f"),
                            bytearray(b'\xff\xff\xf7\xf7\xf1\xf1D@\x86\x00\xff\x02\xff\xff\xff?\xff\x00\xf7\x08\xf1\x0e@\xbf\x00\xff\x82\x7f\xff\xff?\xff'),
                            bytearray(b'\xc0\xc0\x98\x80\x98\x80\x18\x008\x008\x08\xb8\x08\xf88\xc00\x80x\x80x\x00\xf8\x00\xf8\x08\xf8\x08\xf88\xf8'),
                            bytearray(b'\x1b\x037\x077\x077\x07\x13\x01\x07\x01\x02\x00\r\x04\x03\x1c\x078\x078\x078\x01\x1e\x03\x0c\x06\t\x02\t'),
                            bytearray(b'\x9e\x80?\xff?\xff|\xfc|\xf4l\xe0\xdc\xc8\xbe\x80\x80\x7f\xff\x00\xff\x00\xfc\x03\xf4\x0b\xe0\x1f\xc8?\x9cc'),
                            bytearray(b'8\x08\x9c\x84<\x048\x008\x00\xb0\x00\xa0\x00`\x00\x08\xf8\x84|\x04\xfc\x00\xf8\x00\xf8\x00\xf0\x00\xe0\x80`'),
                            bytearray(b'\x03\x03\x01\x03\x03\x03\x06\x04\x07\x04\x03\x03\x00\x00\x00\x00\x05\x01\x05\x01\x03\x03\x07\x05\x07\x04\x03\x03\x00\x00\x00\x00'),
                            bytearray(b'{B\xda\x92\x95\x14\x8f\x0c|\x04\x8f\x07\xf8\xf8\x00\x00}\xc0\xed\x81\xefN\xff|\xff\x07\xffw\xf8\xf8\x00\x00'),
                            bytearray(b'\x00\x00\x00\x00\x00\x00\x80\x80\x80\x80\x00\x00\x00\x00\x00\x00\x00\x00\x00\x00\x00\x00\x80\x80\x80\x80\x00\x00\x00\x00\x00\x00'),
                        ], is_16bit=False, y_plus=0, y_minus=0, x=0, y=0),
                    ]
                ),
            ],
            sequences=[
                AnimationSequence(
                    frames=[
                        AnimationSequenceFrame(duration=4, mold_id=0),
                        AnimationSequenceFrame(duration=4, mold_id=1),
                        AnimationSequenceFrame(duration=8, mold_id=2),
                        AnimationSequenceFrame(duration=2, mold_id=3),
                        AnimationSequenceFrame(duration=2, mold_id=4),
                        AnimationSequenceFrame(duration=2, mold_id=5),
                        AnimationSequenceFrame(duration=4, mold_id=6),
                    ]
                ),
                AnimationSequence(
                    frames=[
                        AnimationSequenceFrame(duration=4, mold_id=0),
                        AnimationSequenceFrame(duration=4, mold_id=1),
                        AnimationSequenceFrame(duration=8, mold_id=2),
                        AnimationSequenceFrame(duration=2, mold_id=7),
                        AnimationSequenceFrame(duration=2, mold_id=8),
                        AnimationSequenceFrame(duration=8, mold_id=9),
                        AnimationSequenceFrame(duration=2, mold_id=10),
                        AnimationSequenceFrame(duration=4, mold_id=11),
                    ]
                ),
                AnimationSequence(
                    frames=[
                        AnimationSequenceFrame(duration=4, mold_id=0),
                        AnimationSequenceFrame(duration=4, mold_id=1),
                        AnimationSequenceFrame(duration=8, mold_id=2),
                        AnimationSequenceFrame(duration=2, mold_id=3),
                        AnimationSequenceFrame(duration=2, mold_id=4),
                        AnimationSequenceFrame(duration=2, mold_id=12),
                        AnimationSequenceFrame(duration=8, mold_id=13),
                        AnimationSequenceFrame(duration=4, mold_id=14),
                        AnimationSequenceFrame(duration=4, mold_id=15),
                        AnimationSequenceFrame(duration=4, mold_id=16),
                        AnimationSequenceFrame(duration=4, mold_id=15),
                        AnimationSequenceFrame(duration=4, mold_id=17),
                        AnimationSequenceFrame(duration=4, mold_id=18),
                        AnimationSequenceFrame(duration=4, mold_id=19),
                        AnimationSequenceFrame(duration=2, mold_id=17),
                        AnimationSequenceFrame(duration=2, mold_id=18),
                        AnimationSequenceFrame(duration=2, mold_id=19),
                        AnimationSequenceFrame(duration=2, mold_id=15),
                    ]
                ),
                AnimationSequence(
                    frames=[
                        AnimationSequenceFrame(duration=4, mold_id=20),
                        AnimationSequenceFrame(duration=4, mold_id=21),
                        AnimationSequenceFrame(duration=8, mold_id=22),
                        AnimationSequenceFrame(duration=2, mold_id=23),
                        AnimationSequenceFrame(duration=2, mold_id=24),
                        AnimationSequenceFrame(duration=8, mold_id=25),
                        AnimationSequenceFrame(duration=2, mold_id=26),
                        AnimationSequenceFrame(duration=4, mold_id=27),
                    ]
                ),
                AnimationSequence(
                    frames=[
                        AnimationSequenceFrame(duration=8, mold_id=28),
                        AnimationSequenceFrame(duration=8, mold_id=29),
                    ]
                ),
                AnimationSequence(
                    frames=[
                        AnimationSequenceFrame(duration=8, mold_id=30),
                        AnimationSequenceFrame(duration=8, mold_id=31),
                    ]
                ),
            ]
        )
    ),
    palette_id=691,
    palette_offset=0,
    unknown_num=0
)
