# SPR0974_BOWSER_SWING_BALL_CHAIN

from smrpgpatchbuilder.datatypes.graphics.classes import CompleteSprite, AnimationPack, AnimationPackProperties, AnimationSequence, AnimationSequenceFrame, Mold, Tile, Clone
from randomizer.data.variables.sprite_palette_names import SPAL669_BOWSER_CLAW_ATTACK
sprite = CompleteSprite(
    animation=AnimationPack(5, length=696, unknown=0x0002,
        properties=AnimationPackProperties(vram_size=4096,
            molds=[
                Mold(0, gridplane=False,
                    tiles=[
                        Tile(mirror=False, invert=False, format=0, length=5, subtile_bytes=[
                            bytearray(b'\x1f\xf8\x07\xfc\x07\xfc\x83|\xc3<\x03\xfc\x03\xfc\x07\xfc\xfc\x04<\xe0\x1e\xb2\x9e\x12\xde"\xfe\x02\xfe\x02\xfc\x00'),
                            bytearray(b'\x80@\xc0\x00\x80\x00\x80\x00\x80\x00\x00\x00\x00\x00\x00\x00\xc0\xc0@@\x00\x00\x00\x00\x00\x00\x00\x00\x00\x00\x00\x00'),
                            None,
                            None,
                        ], is_16bit=False, y_plus=0, y_minus=0, x=127, y=113),
                        Tile(mirror=False, invert=False, format=0, length=5, subtile_bytes=[
                            bytearray(b"=\x071\x11\' A\x01\x11\xe1a\xf1\xc1!+!;21. \x1fA~\x01~\x01\x1e\xd1>r|"),
                            bytearray(b'\x8e\xf1\x89\x7fJ?\xd3\xfe\xe3\xff\xc0\xff\xe0\xffp\xff\xcfn\x8f\x00\xcf\x91\xfe!\xff\x00\xff\x00\xff\x00\x7f\x00'),
                            None,
                            None,
                        ], is_16bit=False, y_plus=0, y_minus=0, x=111, y=113),
                        Tile(mirror=False, invert=False, format=0, length=7, subtile_bytes=[
                            bytearray(b'\x07\xfc\x8e\xf9\x9e\xf9\xee\xb9\xf7\xd1\xc7\x81\xda\x05;\xb5\xfc\x00\x8cD\xccD\xc80\xd0h\x84|\x06\xff\xfe\xf7'),
                            bytearray(b'\x00\x00\x00\x80\x80\xc0\xc0\xe0\xc0\xe0\x80\xe0 \xc0\xa0@\x00\x00\x00\x80\x00\x00\x00 \x00 \x00` \xc0\xa0@'),
                            bytearray(b'F\x9b\x7f\x83u\x8b\x9fc\xe3\x7f\xef?\xf0\x1f\x1f\x00|?LN\\[\xfc\xe3\xc0\xfc@\xb0\x00\xff\x00\x1f'),
                            bytearray(b'\xe0\xe0H\xf8\xb8\xfc>\xfcr\xfc\xce\xf0p\x80\x80\x00\x00 \x00\xe0\x00\xc0\x00\x80\x00\x0c\x00>\x00\xf0\x00\x80'),
                        ], is_16bit=False, y_plus=0, y_minus=0, x=127, y=121),
                        Tile(mirror=False, invert=False, format=0, length=7, subtile_bytes=[
                            bytearray(b'n#t7>><\x1c=\x1c^\x0f\x1e\xe5\x1e\xe54xx???>\x1f>\x1fo?\xa6\xfd\x1e\xe4'),
                            bytearray(b'8\xff\xbe\xff\x7f\x7f\x1f\x1f\x0f\x0fC\x83`\x800\xc3\x7f@\x7f@\x7f\x80\x1f\xe0\x0f\xf0\xc3\xbc@\xbf*_'),
                            bytearray(b'\xf8\x03\x10\x03\x11\x00\x0f\x01\x0c\x07\x12\x1f+?8\x1f\xfe\x06\x1d\x0f\x1f\x1e\x0c\x03\x08\x04\x00\x1c\x000 \x1f'),
                            bytearray(b'\xa8\xcf\x84\x03\x18\x03\x86\xe1\x8f\xe0O\xe0\xb0\xf0\xe0\xc0<\\|\xf8\xe4\xfe>>\x11?\x10?\x00p \xc0'),
                        ], is_16bit=False, y_plus=0, y_minus=0, x=111, y=121),
                        Tile(mirror=False, invert=False, format=0, length=4, subtile_bytes=[
                            bytearray(b'\x00\x00\x00\x00\x01\x00\x03\x00\x07\x00\x0f\x01\x00\x1f\x16\x0f\x00\x00\x00\x00\x00\x00\x01\x01\x01\x01\x0b\n\x03\x12\x11\x19'),
                            None,
                            None,
                            None,
                        ], is_16bit=False, y_plus=0, y_minus=0, x=112, y=105),
                        Tile(mirror=False, invert=False, format=0, length=5, subtile_bytes=[
                            bytearray(b'\x00\x00\x00\x00\x80\x80\x00\xc0\x00\xe0 \xa0 \xe0\x80\xe0\x00\x00\x00\x00\x00\x00\x00\xc0\x00\xe0@\x80\x00\xc0\x80`'),
                            None,
                            bytearray(b' \xc0 \xc0`\xe0\xe0\xe0\x00\xe0\xc0\x00\x80\x00\x80\x00\xe0 \xe0`\x80\x80\x00\x00\x00\xe0\xc0\x00\x80\x00\x80\x80'),
                            None,
                        ], is_16bit=False, y_plus=0, y_minus=0, x=136, y=97),
                        Tile(mirror=False, invert=False, format=0, length=7, subtile_bytes=[
                            bytearray(b'\x00030\x148\x12=\x1c"\x10\x02\x08\x00\x15\x00\x000\x03\x02\x07#&/="\x1d\n\x0f\x00\x1f\x10'),
                            bytearray(b'\x00\x00\x01\x03#O.\r\x029@;\x18\x1f\xb0\x1f\x80\x00\xd0\x00\xbcD\xfe\x01\xfa4\xf86\xfcF\xf8\x0f'),
                            bytearray(b'\x01\x04\x03\x08\x80\x08\x90A\xb4A\xe4\x80\xe5\x80\x7f\xc0\x1b\x047\x087\x08\xfe\xc1\xfe\xc1\xdf`\xdfA\xe0 '),
                            bytearray(b' ?\x06\x9f\x03\x832\x03\x04\x11\x80\x04\xff\x00\xff\x00\xf9\x07\x7f\x80{\x9c\xee-\xff\x7f\x7f\xff\x81\x81\x00\x00'),
                        ], is_16bit=False, y_plus=0, y_minus=0, x=120, y=97),
                        Tile(mirror=False, invert=False, format=0, length=6, subtile_bytes=[
                            None,
                            bytearray(b'\x00\x00\x00\x00\x00\x00\x00\x00\x0c\xc2\xfe8\xe5>\x05\x1e\x00\x00\x00\x00\x00\x00\x00\x00\xc2\xc2\x84\x84\x83\x83\xe1\xe3'),
                            bytearray(b'\x00\x00\x03\x03\x06\x07\x01\x07\x10\x03\x00\x05\x00\x00\x00\x02\x01\x01\x00\x00\x00\x00\x18\x1c\x1c\x1f\x1e\x1f\x0f\x0f\x07\x07'),
                            bytearray(b'H\x0f\x13\x86\x84\xc6\x00\xf0`\xe0\xc0\xc0\x00\x00\x00\x00\xf1\xf7y\xff:~\x18\xf8\x10\xf0\x00\xc0\x00\x00\x00\x00'),
                        ], is_16bit=False, y_plus=0, y_minus=0, x=133, y=100),
                    ]
                ),
                Mold(1, gridplane=False,
                    tiles=[
                        Tile(mirror=False, invert=False, format=0, length=5, subtile_bytes=[
                            bytearray(b'F\x9b\x7f\x83u\x8b\x9fc\xe3\x7f\xef?\xf0\x1f\x1f\x00|?LN\\[\xfc\xe3\xc0\xfc@\xb0\x00\xff\x00\x1f'),
                            bytearray(b'\xe0\xe0H\xf8\xb8\xfc>\xfcr\xfc\xce\xf0p\x80\x80\x00\x00 \x00\xe0\x00\xc0\x00\x80\x00\x0c\x00>\x00\xf0\x00\x80'),
                            None,
                            None,
                        ], is_16bit=False, y_plus=0, y_minus=0, x=127, y=129),
                        Tile(mirror=False, invert=False, format=0, length=5, subtile_bytes=[
                            bytearray(b'\xf8\x03\x10\x03\x11\x00\x0f\x01\x0c\x07\x12\x1f+?8\x1f\xfe\x06\x1d\x0f\x1f\x1e\x0c\x03\x08\x04\x00\x1c\x000 \x1f'),
                            bytearray(b'\xa8\xcf\x84\x03\x18\x03\x86\xe1\x8f\xe0O\xe0\xb0\xf0\xe0\xc0<\\|\xf8\xe4\xfe>>\x11?\x10?\x00p \xc0'),
                            None,
                            None,
                        ], is_16bit=False, y_plus=0, y_minus=0, x=111, y=129),
                        Tile(mirror=False, invert=False, format=0, length=7, subtile_bytes=[
                            bytearray(b'\x1f\xf8\x07\xfc\x07\xfc\x83|\xc3<\x03\xfc\x03\xfc\x07\xfc\xfc\x04<\xe0\x1e\xb2\x9e\x12\xde"\xfe\x02\xfe\x02\xfc\x00'),
                            bytearray(b'\x80@\xc0\x00\x80\x00\x80\x00\x80\x00\x00\x00\x00\x00\x00\x00\xc0\xc0@@\x00\x00\x00\x00\x00\x00\x00\x00\x00\x00\x00\x00'),
                            bytearray(b'\x07\xfc\x8e\xf9\x9e\xf9\xee\xb9\xf7\xd1\xc7\x81\xda\x05;\xb5\xfc\x00\x8cD\xccD\xc80\xd0h\x84|\x06\xff\xfe\xf7'),
                            bytearray(b'\x00\x00\x00\x80\x80\xc0\xc0\xe0\xc0\xe0\x80\xe0 \xc0\xa0@\x00\x00\x00\x80\x00\x00\x00 \x00 \x00` \xc0\xa0@'),
                        ], is_16bit=False, y_plus=0, y_minus=0, x=128, y=113),
                        Tile(mirror=False, invert=False, format=0, length=7, subtile_bytes=[
                            bytearray(b"=\x071\x11\' A\x01\x11\xe1a\xf1\xc1!+!;21. \x1fA~\x01~\x01\x1e\xd1>r|"),
                            bytearray(b'\x8e\xf1\x89\x7fJ?\xd3\xfe\xe3\xff\xc0\xff\xe0\xffp\xff\xcfn\x8f\x00\xcf\x91\xfe!\xff\x00\xff\x00\xff\x00\x7f\x00'),
                            bytearray(b'n#t7>><\x1c=\x1c^\x0f\x1e\xe5\x1e\xe54xx???>\x1f>\x1fo?\xa6\xfd\x1e\xe4'),
                            bytearray(b'8\xff\xbe\xff\x7f\x7f\x1f\x1f\x0f\x0fC\x83`\x800\xc3\x7f@\x7f@\x7f\x80\x1f\xe0\x0f\xf0\xc3\xbc@\xbf*_'),
                        ], is_16bit=False, y_plus=0, y_minus=0, x=112, y=113),
                        Tile(mirror=False, invert=False, format=0, length=4, subtile_bytes=[
                            bytearray(b'\x00\x00\x00\x00\x01\x00\x03\x00\x07\x00\x0f\x01\x00\x1f\x16\x0f\x00\x00\x00\x00\x00\x00\x01\x01\x01\x01\x0b\n\x03\x12\x11\x19'),
                            None,
                            None,
                            None,
                        ], is_16bit=False, y_plus=0, y_minus=0, x=113, y=105),
                        Tile(mirror=False, invert=False, format=0, length=5, subtile_bytes=[
                            bytearray(b'\x00\x00\x00\x00\x80\x80\x00\xc0\x00\xe0 \xa0 \xe0\x80\xe0\x00\x00\x00\x00\x00\x00\x00\xc0\x00\xe0@\x80\x00\xc0\x80`'),
                            None,
                            bytearray(b' \xc0 \xc0`\xe0\xe0\xe0\x00\xe0\xc0\x00\x80\x00\x80\x00\xe0 \xe0`\x80\x80\x00\x00\x00\xe0\xc0\x00\x80\x00\x80\x80'),
                            None,
                        ], is_16bit=False, y_plus=0, y_minus=0, x=137, y=97),
                        Tile(mirror=False, invert=False, format=0, length=7, subtile_bytes=[
                            bytearray(b'\x00030\x148\x12=\x1c"\x10\x02\x08\x00\x15\x00\x000\x03\x02\x07#&/="\x1d\n\x0f\x00\x1f\x10'),
                            bytearray(b'\x00\x00\x01\x03#O.\r\x029@;\x18\x1f\xb0\x1f\x80\x00\xd0\x00\xbcD\xfe\x01\xfa4\xf86\xfcF\xf8\x0f'),
                            bytearray(b'\x01\x04\x03\x08\x80\x08\x90A\xb4A\xe4\x80\xe5\x80\x7f\xc0\x1b\x047\x087\x08\xfe\xc1\xfe\xc1\xdf`\xdfA\xe0 '),
                            bytearray(b' ?\x06\x9f\x03\x832\x03\x04\x11\x80\x04\xff\x00\xff\x00\xf9\x07\x7f\x80{\x9c\xee-\xff\x7f\x7f\xff\x81\x81\x00\x00'),
                        ], is_16bit=False, y_plus=0, y_minus=0, x=121, y=97),
                        Tile(mirror=False, invert=False, format=0, length=6, subtile_bytes=[
                            None,
                            bytearray(b'\x00\x00\x00\x00\x00\x00\x00\x00\x0c\xc2\xfe8\xe5>\x05\x1e\x00\x00\x00\x00\x00\x00\x00\x00\xc2\xc2\x84\x84\x83\x83\xe1\xe3'),
                            bytearray(b'\x00\x00\x03\x03\x06\x07\x01\x07\x10\x03\x00\x05\x00\x00\x00\x02\x01\x01\x00\x00\x00\x00\x18\x1c\x1c\x1f\x1e\x1f\x0f\x0f\x07\x07'),
                            bytearray(b'H\x0f\x13\x86\x84\xc6\x00\xf0`\xe0\xc0\xc0\x00\x00\x00\x00\xf1\xf7y\xff:~\x18\xf8\x10\xf0\x00\xc0\x00\x00\x00\x00'),
                        ], is_16bit=False, y_plus=0, y_minus=0, x=133, y=100),
                    ]
                ),
                Mold(2, gridplane=False,
                    tiles=[
                        Tile(mirror=False, invert=False, format=0, length=5, subtile_bytes=[
                            bytearray(b'F\x9b\x7f\x83u\x8b\x9fc\xe3\x7f\xef?\xf0\x1f\x1f\x00|?LN\\[\xfc\xe3\xc0\xfc@\xb0\x00\xff\x00\x1f'),
                            bytearray(b'\xe0\xe0H\xf8\xb8\xfc>\xfcr\xfc\xce\xf0p\x80\x80\x00\x00 \x00\xe0\x00\xc0\x00\x80\x00\x0c\x00>\x00\xf0\x00\x80'),
                            None,
                            None,
                        ], is_16bit=False, y_plus=0, y_minus=0, x=127, y=129),
                        Tile(mirror=False, invert=False, format=0, length=5, subtile_bytes=[
                            bytearray(b'\xf8\x03\x10\x03\x11\x00\x0f\x01\x0c\x07\x12\x1f+?8\x1f\xfe\x06\x1d\x0f\x1f\x1e\x0c\x03\x08\x04\x00\x1c\x000 \x1f'),
                            bytearray(b'\xa8\xcf\x84\x03\x18\x03\x86\xe1\x8f\xe0O\xe0\xb0\xf0\xe0\xc0<\\|\xf8\xe4\xfe>>\x11?\x10?\x00p \xc0'),
                            None,
                            None,
                        ], is_16bit=False, y_plus=0, y_minus=0, x=111, y=129),
                        Tile(mirror=False, invert=False, format=0, length=7, subtile_bytes=[
                            bytearray(b'\x1f\xf8\x07\xfc\x07\xfc\x83|\xc3<\x03\xfc\x03\xfc\x07\xfc\xfc\x04<\xe0\x1e\xb2\x9e\x12\xde"\xfe\x02\xfe\x02\xfc\x00'),
                            bytearray(b'\x80@\xc0\x00\x80\x00\x80\x00\x80\x00\x00\x00\x00\x00\x00\x00\xc0\xc0@@\x00\x00\x00\x00\x00\x00\x00\x00\x00\x00\x00\x00'),
                            bytearray(b'\x07\xfc\x8e\xf9\x9e\xf9\xee\xb9\xf7\xd1\xc7\x81\xda\x05;\xb5\xfc\x00\x8cD\xccD\xc80\xd0h\x84|\x06\xff\xfe\xf7'),
                            bytearray(b'\x00\x00\x00\x80\x80\xc0\xc0\xe0\xc0\xe0\x80\xe0 \xc0\xa0@\x00\x00\x00\x80\x00\x00\x00 \x00 \x00` \xc0\xa0@'),
                        ], is_16bit=False, y_plus=0, y_minus=0, x=128, y=113),
                        Tile(mirror=False, invert=False, format=0, length=7, subtile_bytes=[
                            bytearray(b"=\x071\x11\' A\x01\x11\xe1a\xf1\xc1!+!;21. \x1fA~\x01~\x01\x1e\xd1>r|"),
                            bytearray(b'\x8e\xf1\x89\x7fJ?\xd3\xfe\xe3\xff\xc0\xff\xe0\xffp\xff\xcfn\x8f\x00\xcf\x91\xfe!\xff\x00\xff\x00\xff\x00\x7f\x00'),
                            bytearray(b'n#t7>><\x1c=\x1c^\x0f\x1e\xe5\x1e\xe54xx???>\x1f>\x1fo?\xa6\xfd\x1e\xe4'),
                            bytearray(b'8\xff\xbe\xff\x7f\x7f\x1f\x1f\x0f\x0fC\x83`\x800\xc3\x7f@\x7f@\x7f\x80\x1f\xe0\x0f\xf0\xc3\xbc@\xbf*_'),
                        ], is_16bit=False, y_plus=0, y_minus=0, x=112, y=113),
                        Tile(mirror=False, invert=False, format=0, length=4, subtile_bytes=[
                            bytearray(b'\x00\x00\x00\x00\x01\x00\x03\x00\x07\x00\x0f\x01\x00\x1f\x16\x0f\x00\x00\x00\x00\x00\x00\x01\x01\x01\x01\x0b\n\x03\x12\x11\x19'),
                            None,
                            None,
                            None,
                        ], is_16bit=False, y_plus=0, y_minus=0, x=113, y=105),
                        Tile(mirror=False, invert=False, format=0, length=5, subtile_bytes=[
                            bytearray(b'\x00\x00\x00\x00\x80\x80\x00\xc0\x00\xe0 \xa0 \xe0\x80\xe0\x00\x00\x00\x00\x00\x00\x00\xc0\x00\xe0@\x80\x00\xc0\x80`'),
                            None,
                            bytearray(b' \xc0 \xc0`\xe0\xe0\xe0\x00\xe0\xc0\x00\x80\x00\x80\x00\xe0 \xe0`\x80\x80\x00\x00\x00\xe0\xc0\x00\x80\x00\x80\x80'),
                            None,
                        ], is_16bit=False, y_plus=0, y_minus=0, x=137, y=97),
                        Tile(mirror=False, invert=False, format=0, length=7, subtile_bytes=[
                            bytearray(b'\x00030\x148\x12=\x1c"\x10\x02\x08\x00\x15\x00\x000\x03\x02\x07#&/="\x1d\n\x0f\x00\x1f\x10'),
                            bytearray(b'\x00\x00\x01\x03#O.\r\x029@;\x18\x1f\xb0\x1f\x80\x00\xd0\x00\xbcD\xfe\x01\xfa4\xf86\xfcF\xf8\x0f'),
                            bytearray(b'\x01\x04\x03\x08\x80\x08\x90A\xb4A\xe4\x80\xe5\x80\x7f\xc0\x1b\x047\x087\x08\xfe\xc1\xfe\xc1\xdf`\xdfA\xe0 '),
                            bytearray(b' ?\x06\x9f\x03\x832\x03\x04\x11\x80\x04\xff\x00\xff\x00\xf9\x07\x7f\x80{\x9c\xee-\xff\x7f\x7f\xff\x81\x81\x00\x00'),
                        ], is_16bit=False, y_plus=0, y_minus=0, x=121, y=97),
                        Tile(mirror=False, invert=False, format=0, length=6, subtile_bytes=[
                            None,
                            bytearray(b'\x00\x00\x00\x00\x00\x00\x00\x00\x0c\xc2\xfe8\xe5>\x05\x1e\x00\x00\x00\x00\x00\x00\x00\x00\xc2\xc2\x84\x84\x83\x83\xe1\xe3'),
                            bytearray(b'\x00\x00\x03\x03\x06\x07\x01\x07\x10\x03\x00\x05\x00\x00\x00\x02\x01\x01\x00\x00\x00\x00\x18\x1c\x1c\x1f\x1e\x1f\x0f\x0f\x07\x07'),
                            bytearray(b'H\x0f\x13\x86\x84\xc6\x00\xf0`\xe0\xc0\xc0\x00\x00\x00\x00\xf1\xf7y\xff:~\x18\xf8\x10\xf0\x00\xc0\x00\x00\x00\x00'),
                        ], is_16bit=False, y_plus=0, y_minus=0, x=132, y=100),
                    ]
                ),
                Mold(3, gridplane=False,
                    tiles=[
                        Tile(mirror=False, invert=False, format=0, length=5, subtile_bytes=[
                            bytearray(b'F\x9b\x7f\x83u\x8b\x9fc\xe3\x7f\xef?\xf0\x1f\x1f\x00|?LN\\[\xfc\xe3\xc0\xfc@\xb0\x00\xff\x00\x1f'),
                            bytearray(b'\xe0\xe0H\xf8\xb8\xfc>\xfcr\xfc\xce\xf0p\x80\x80\x00\x00 \x00\xe0\x00\xc0\x00\x80\x00\x0c\x00>\x00\xf0\x00\x80'),
                            None,
                            None,
                        ], is_16bit=False, y_plus=0, y_minus=0, x=127, y=129),
                        Tile(mirror=False, invert=False, format=0, length=5, subtile_bytes=[
                            bytearray(b'\xf8\x03\x10\x03\x11\x00\x0f\x01\x0c\x07\x12\x1f+?8\x1f\xfe\x06\x1d\x0f\x1f\x1e\x0c\x03\x08\x04\x00\x1c\x000 \x1f'),
                            bytearray(b'\xa8\xcf\x84\x03\x18\x03\x86\xe1\x8f\xe0O\xe0\xb0\xf0\xe0\xc0<\\|\xf8\xe4\xfe>>\x11?\x10?\x00p \xc0'),
                            None,
                            None,
                        ], is_16bit=False, y_plus=0, y_minus=0, x=111, y=129),
                        Tile(mirror=False, invert=False, format=0, length=7, subtile_bytes=[
                            bytearray(b'\x1f\xf8\x07\xfc\x07\xfc\x83|\xc3<\x03\xfc\x03\xfc\x07\xfc\xfc\x04<\xe0\x1e\xb2\x9e\x12\xde"\xfe\x02\xfe\x02\xfc\x00'),
                            bytearray(b'\x80@\xc0\x00\x80\x00\x80\x00\x80\x00\x00\x00\x00\x00\x00\x00\xc0\xc0@@\x00\x00\x00\x00\x00\x00\x00\x00\x00\x00\x00\x00'),
                            bytearray(b'\x07\xfc\x8e\xf9\x9e\xf9\xee\xb9\xf7\xd1\xc7\x81\xda\x05;\xb5\xfc\x00\x8cD\xccD\xc80\xd0h\x84|\x06\xff\xfe\xf7'),
                            bytearray(b'\x00\x00\x00\x80\x80\xc0\xc0\xe0\xc0\xe0\x80\xe0 \xc0\xa0@\x00\x00\x00\x80\x00\x00\x00 \x00 \x00` \xc0\xa0@'),
                        ], is_16bit=False, y_plus=0, y_minus=0, x=128, y=113),
                        Tile(mirror=False, invert=False, format=0, length=7, subtile_bytes=[
                            bytearray(b"=\x071\x11\' A\x01\x11\xe1a\xf1\xc1!+!;21. \x1fA~\x01~\x01\x1e\xd1>r|"),
                            bytearray(b'\x8e\xf1\x89\x7fJ?\xd3\xfe\xe3\xff\xc0\xff\xe0\xffp\xff\xcfn\x8f\x00\xcf\x91\xfe!\xff\x00\xff\x00\xff\x00\x7f\x00'),
                            bytearray(b'n#t7>><\x1c=\x1c^\x0f\x1e\xe5\x1e\xe54xx???>\x1f>\x1fo?\xa6\xfd\x1e\xe4'),
                            bytearray(b'8\xff\xbe\xff\x7f\x7f\x1f\x1f\x0f\x0fC\x83`\x800\xc3\x7f@\x7f@\x7f\x80\x1f\xe0\x0f\xf0\xc3\xbc@\xbf*_'),
                        ], is_16bit=False, y_plus=0, y_minus=0, x=112, y=113),
                        Tile(mirror=False, invert=False, format=0, length=4, subtile_bytes=[
                            bytearray(b'\x00\x00\x00\x00\x01\x00\x03\x00\x07\x00\x0f\x01\x00\x1f\x16\x0f\x00\x00\x00\x00\x00\x00\x01\x01\x01\x01\x0b\n\x03\x12\x11\x19'),
                            None,
                            None,
                            None,
                        ], is_16bit=False, y_plus=0, y_minus=0, x=113, y=105),
                        Tile(mirror=False, invert=False, format=0, length=5, subtile_bytes=[
                            bytearray(b'\x00\x00\x00\x00\x80\x80\x00\xc0\x00\xe0 \xa0 \xe0\x80\xe0\x00\x00\x00\x00\x00\x00\x00\xc0\x00\xe0@\x80\x00\xc0\x80`'),
                            None,
                            bytearray(b' \xc0 \xc0`\xe0\xe0\xe0\x00\xe0\xc0\x00\x80\x00\x80\x00\xe0 \xe0`\x80\x80\x00\x00\x00\xe0\xc0\x00\x80\x00\x80\x80'),
                            None,
                        ], is_16bit=False, y_plus=0, y_minus=0, x=137, y=97),
                        Tile(mirror=False, invert=False, format=0, length=7, subtile_bytes=[
                            bytearray(b'\x00030\x148\x12=\x1c"\x10\x02\x08\x00\x15\x00\x000\x03\x02\x07#&/="\x1d\n\x0f\x00\x1f\x10'),
                            bytearray(b'\x00\x00\x01\x03#O.\r\x029@;\x18\x1f\xb0\x1f\x80\x00\xd0\x00\xbcD\xfe\x01\xfa4\xf86\xfcF\xf8\x0f'),
                            bytearray(b'\x01\x04\x03\x08\x80\x08\x90A\xb4A\xe4\x80\xe5\x80\x7f\xc0\x1b\x047\x087\x08\xfe\xc1\xfe\xc1\xdf`\xdfA\xe0 '),
                            bytearray(b' ?\x06\x9f\x03\x832\x03\x04\x11\x80\x04\xff\x00\xff\x00\xf9\x07\x7f\x80{\x9c\xee-\xff\x7f\x7f\xff\x81\x81\x00\x00'),
                        ], is_16bit=False, y_plus=0, y_minus=0, x=121, y=97),
                        Tile(mirror=False, invert=False, format=0, length=6, subtile_bytes=[
                            None,
                            bytearray(b'\x00\x00\x00\x00\x00\x00\x00\x00\x0c\xc2\xfe8\xe5>\x05\x1e\x00\x00\x00\x00\x00\x00\x00\x00\xc2\xc2\x84\x84\x83\x83\xe1\xe3'),
                            bytearray(b'\x00\x00\x03\x03\x06\x07\x01\x07\x10\x03\x00\x05\x00\x00\x00\x02\x01\x01\x00\x00\x00\x00\x18\x1c\x1c\x1f\x1e\x1f\x0f\x0f\x07\x07'),
                            bytearray(b'H\x0f\x13\x86\x84\xc6\x00\xf0`\xe0\xc0\xc0\x00\x00\x00\x00\xf1\xf7y\xff:~\x18\xf8\x10\xf0\x00\xc0\x00\x00\x00\x00'),
                        ], is_16bit=False, y_plus=0, y_minus=0, x=131, y=100),
                    ]
                ),
                Mold(4, gridplane=False,
                    tiles=[
                        Tile(mirror=False, invert=False, format=0, length=5, subtile_bytes=[
                            bytearray(b'F\x9b\x7f\x83u\x8b\x9fc\xe3\x7f\xef?\xf0\x1f\x1f\x00|?LN\\[\xfc\xe3\xc0\xfc@\xb0\x00\xff\x00\x1f'),
                            bytearray(b'\xe0\xe0H\xf8\xb8\xfc>\xfcr\xfc\xce\xf0p\x80\x80\x00\x00 \x00\xe0\x00\xc0\x00\x80\x00\x0c\x00>\x00\xf0\x00\x80'),
                            None,
                            None,
                        ], is_16bit=False, y_plus=0, y_minus=0, x=127, y=129),
                        Tile(mirror=False, invert=False, format=0, length=5, subtile_bytes=[
                            bytearray(b'\xf8\x03\x10\x03\x11\x00\x0f\x01\x0c\x07\x12\x1f+?8\x1f\xfe\x06\x1d\x0f\x1f\x1e\x0c\x03\x08\x04\x00\x1c\x000 \x1f'),
                            bytearray(b'\xa8\xcf\x84\x03\x18\x03\x86\xe1\x8f\xe0O\xe0\xb0\xf0\xe0\xc0<\\|\xf8\xe4\xfe>>\x11?\x10?\x00p \xc0'),
                            None,
                            None,
                        ], is_16bit=False, y_plus=0, y_minus=0, x=111, y=129),
                        Tile(mirror=False, invert=False, format=0, length=7, subtile_bytes=[
                            bytearray(b'\x1f\xf8\x07\xfc\x07\xfc\x83|\xc3<\x03\xfc\x03\xfc\x07\xfc\xfc\x04<\xe0\x1e\xb2\x9e\x12\xde"\xfe\x02\xfe\x02\xfc\x00'),
                            bytearray(b'\x80@\xc0\x00\x80\x00\x80\x00\x80\x00\x00\x00\x00\x00\x00\x00\xc0\xc0@@\x00\x00\x00\x00\x00\x00\x00\x00\x00\x00\x00\x00'),
                            bytearray(b'\x07\xfc\x8e\xf9\x9e\xf9\xee\xb9\xf7\xd1\xc7\x81\xda\x05;\xb5\xfc\x00\x8cD\xccD\xc80\xd0h\x84|\x06\xff\xfe\xf7'),
                            bytearray(b'\x00\x00\x00\x80\x80\xc0\xc0\xe0\xc0\xe0\x80\xe0 \xc0\xa0@\x00\x00\x00\x80\x00\x00\x00 \x00 \x00` \xc0\xa0@'),
                        ], is_16bit=False, y_plus=0, y_minus=0, x=128, y=113),
                        Tile(mirror=False, invert=False, format=0, length=7, subtile_bytes=[
                            bytearray(b"=\x071\x11\' A\x01\x11\xe1a\xf1\xc1!+!;21. \x1fA~\x01~\x01\x1e\xd1>r|"),
                            bytearray(b'\x8e\xf1\x89\x7fJ?\xd3\xfe\xe3\xff\xc0\xff\xe0\xffp\xff\xcfn\x8f\x00\xcf\x91\xfe!\xff\x00\xff\x00\xff\x00\x7f\x00'),
                            bytearray(b'n#t7>><\x1c=\x1c^\x0f\x1e\xe5\x1e\xe54xx???>\x1f>\x1fo?\xa6\xfd\x1e\xe4'),
                            bytearray(b'8\xff\xbe\xff\x7f\x7f\x1f\x1f\x0f\x0fC\x83`\x800\xc3\x7f@\x7f@\x7f\x80\x1f\xe0\x0f\xf0\xc3\xbc@\xbf*_'),
                        ], is_16bit=False, y_plus=0, y_minus=0, x=112, y=113),
                        Tile(mirror=False, invert=False, format=0, length=4, subtile_bytes=[
                            bytearray(b'\x00\x00\x00\x00\x01\x00\x03\x00\x07\x00\x0f\x01\x00\x1f\x16\x0f\x00\x00\x00\x00\x00\x00\x01\x01\x01\x01\x0b\n\x03\x12\x11\x19'),
                            None,
                            None,
                            None,
                        ], is_16bit=False, y_plus=0, y_minus=0, x=113, y=105),
                        Tile(mirror=False, invert=False, format=0, length=5, subtile_bytes=[
                            bytearray(b'\x00\x00\x00\x00\x80\x80\x00\xc0\x00\xe0 \xa0 \xe0\x80\xe0\x00\x00\x00\x00\x00\x00\x00\xc0\x00\xe0@\x80\x00\xc0\x80`'),
                            None,
                            bytearray(b' \xc0 \xc0`\xe0\xe0\xe0\x00\xe0\xc0\x00\x80\x00\x80\x00\xe0 \xe0`\x80\x80\x00\x00\x00\xe0\xc0\x00\x80\x00\x80\x80'),
                            None,
                        ], is_16bit=False, y_plus=0, y_minus=0, x=137, y=97),
                        Tile(mirror=False, invert=False, format=0, length=7, subtile_bytes=[
                            bytearray(b'\x00030\x148\x12=\x1c"\x10\x02\x08\x00\x15\x00\x000\x03\x02\x07#&/="\x1d\n\x0f\x00\x1f\x10'),
                            bytearray(b'\x00\x00\x01\x03#O.\r\x029@;\x18\x1f\xb0\x1f\x80\x00\xd0\x00\xbcD\xfe\x01\xfa4\xf86\xfcF\xf8\x0f'),
                            bytearray(b'\x01\x04\x03\x08\x80\x08\x90A\xb4A\xe4\x80\xe5\x80\x7f\xc0\x1b\x047\x087\x08\xfe\xc1\xfe\xc1\xdf`\xdfA\xe0 '),
                            bytearray(b' ?\x06\x9f\x03\x832\x03\x04\x11\x80\x04\xff\x00\xff\x00\xf9\x07\x7f\x80{\x9c\xee-\xff\x7f\x7f\xff\x81\x81\x00\x00'),
                        ], is_16bit=False, y_plus=0, y_minus=0, x=121, y=97),
                        Tile(mirror=False, invert=False, format=0, length=6, subtile_bytes=[
                            None,
                            bytearray(b'\x00\x00\x00\x00\x00\x00\x00\x00\x0c\xc2\xfe8\xe5>\x05\x1e\x00\x00\x00\x00\x00\x00\x00\x00\xc2\xc2\x84\x84\x83\x83\xe1\xe3'),
                            bytearray(b'\x00\x00\x03\x03\x06\x07\x01\x07\x10\x03\x00\x05\x00\x00\x00\x02\x01\x01\x00\x00\x00\x00\x18\x1c\x1c\x1f\x1e\x1f\x0f\x0f\x07\x07'),
                            bytearray(b'H\x0f\x13\x86\x84\xc6\x00\xf0`\xe0\xc0\xc0\x00\x00\x00\x00\xf1\xf7y\xff:~\x18\xf8\x10\xf0\x00\xc0\x00\x00\x00\x00'),
                        ], is_16bit=False, y_plus=0, y_minus=0, x=130, y=100),
                    ]
                ),
                Mold(5, gridplane=False,
                    tiles=[
                        Tile(mirror=False, invert=False, format=0, length=5, subtile_bytes=[
                            bytearray(b'F\x9b\x7f\x83u\x8b\x9fc\xe3\x7f\xef?\xf0\x1f\x1f\x00|?LN\\[\xfc\xe3\xc0\xfc@\xb0\x00\xff\x00\x1f'),
                            bytearray(b'\xe0\xe0H\xf8\xb8\xfc>\xfcr\xfc\xce\xf0p\x80\x80\x00\x00 \x00\xe0\x00\xc0\x00\x80\x00\x0c\x00>\x00\xf0\x00\x80'),
                            None,
                            None,
                        ], is_16bit=False, y_plus=0, y_minus=0, x=127, y=129),
                        Tile(mirror=False, invert=False, format=0, length=5, subtile_bytes=[
                            bytearray(b'\xf8\x03\x10\x03\x11\x00\x0f\x01\x0c\x07\x12\x1f+?8\x1f\xfe\x06\x1d\x0f\x1f\x1e\x0c\x03\x08\x04\x00\x1c\x000 \x1f'),
                            bytearray(b'\xa8\xcf\x84\x03\x18\x03\x86\xe1\x8f\xe0O\xe0\xb0\xf0\xe0\xc0<\\|\xf8\xe4\xfe>>\x11?\x10?\x00p \xc0'),
                            None,
                            None,
                        ], is_16bit=False, y_plus=0, y_minus=0, x=111, y=129),
                        Tile(mirror=False, invert=False, format=0, length=7, subtile_bytes=[
                            bytearray(b'\x1f\xf8\x07\xfc\x07\xfc\x83|\xc3<\x03\xfc\x03\xfc\x07\xfc\xfc\x04<\xe0\x1e\xb2\x9e\x12\xde"\xfe\x02\xfe\x02\xfc\x00'),
                            bytearray(b'\x80@\xc0\x00\x80\x00\x80\x00\x80\x00\x00\x00\x00\x00\x00\x00\xc0\xc0@@\x00\x00\x00\x00\x00\x00\x00\x00\x00\x00\x00\x00'),
                            bytearray(b'\x07\xfc\x8e\xf9\x9e\xf9\xee\xb9\xf7\xd1\xc7\x81\xda\x05;\xb5\xfc\x00\x8cD\xccD\xc80\xd0h\x84|\x06\xff\xfe\xf7'),
                            bytearray(b'\x00\x00\x00\x80\x80\xc0\xc0\xe0\xc0\xe0\x80\xe0 \xc0\xa0@\x00\x00\x00\x80\x00\x00\x00 \x00 \x00` \xc0\xa0@'),
                        ], is_16bit=False, y_plus=0, y_minus=0, x=128, y=113),
                        Tile(mirror=False, invert=False, format=0, length=7, subtile_bytes=[
                            bytearray(b"=\x071\x11\' A\x01\x11\xe1a\xf1\xc1!+!;21. \x1fA~\x01~\x01\x1e\xd1>r|"),
                            bytearray(b'\x8e\xf1\x89\x7fJ?\xd3\xfe\xe3\xff\xc0\xff\xe0\xffp\xff\xcfn\x8f\x00\xcf\x91\xfe!\xff\x00\xff\x00\xff\x00\x7f\x00'),
                            bytearray(b'n#t7>><\x1c=\x1c^\x0f\x1e\xe5\x1e\xe54xx???>\x1f>\x1fo?\xa6\xfd\x1e\xe4'),
                            bytearray(b'8\xff\xbe\xff\x7f\x7f\x1f\x1f\x0f\x0fC\x83`\x800\xc3\x7f@\x7f@\x7f\x80\x1f\xe0\x0f\xf0\xc3\xbc@\xbf*_'),
                        ], is_16bit=False, y_plus=0, y_minus=0, x=112, y=113),
                        Tile(mirror=False, invert=False, format=0, length=4, subtile_bytes=[
                            bytearray(b'\x00\x00\x00\x00\x01\x00\x03\x00\x07\x00\x0f\x01\x00\x1f\x16\x0f\x00\x00\x00\x00\x00\x00\x01\x01\x01\x01\x0b\n\x03\x12\x11\x19'),
                            None,
                            None,
                            None,
                        ], is_16bit=False, y_plus=0, y_minus=0, x=113, y=105),
                        Tile(mirror=False, invert=False, format=0, length=5, subtile_bytes=[
                            bytearray(b'\x00\x00\x00\x00\x80\x80\x00\xc0\x00\xe0 \xa0 \xe0\x80\xe0\x00\x00\x00\x00\x00\x00\x00\xc0\x00\xe0@\x80\x00\xc0\x80`'),
                            None,
                            bytearray(b' \xc0 \xc0`\xe0\xe0\xe0\x00\xe0\xc0\x00\x80\x00\x80\x00\xe0 \xe0`\x80\x80\x00\x00\x00\xe0\xc0\x00\x80\x00\x80\x80'),
                            None,
                        ], is_16bit=False, y_plus=0, y_minus=0, x=137, y=97),
                        Tile(mirror=False, invert=False, format=0, length=7, subtile_bytes=[
                            bytearray(b'\x00030\x148\x12=\x1c"\x10\x02\x08\x00\x15\x00\x000\x03\x02\x07#&/="\x1d\n\x0f\x00\x1f\x10'),
                            bytearray(b'\x00\x00\x01\x03#O.\r\x029@;\x18\x1f\xb0\x1f\x80\x00\xd0\x00\xbcD\xfe\x01\xfa4\xf86\xfcF\xf8\x0f'),
                            bytearray(b'\x01\x04\x03\x08\x80\x08\x90A\xb4A\xe4\x80\xe5\x80\x7f\xc0\x1b\x047\x087\x08\xfe\xc1\xfe\xc1\xdf`\xdfA\xe0 '),
                            bytearray(b' ?\x06\x9f\x03\x832\x03\x04\x11\x80\x04\xff\x00\xff\x00\xf9\x07\x7f\x80{\x9c\xee-\xff\x7f\x7f\xff\x81\x81\x00\x00'),
                        ], is_16bit=False, y_plus=0, y_minus=0, x=121, y=97),
                        Tile(mirror=False, invert=False, format=0, length=6, subtile_bytes=[
                            None,
                            bytearray(b'\x00\x00\x00\x00\x00\x00\x00\x00\x0c\xc2\xfe8\xe5>\x05\x1e\x00\x00\x00\x00\x00\x00\x00\x00\xc2\xc2\x84\x84\x83\x83\xe1\xe3'),
                            bytearray(b'\x00\x00\x03\x03\x06\x07\x01\x07\x10\x03\x00\x05\x00\x00\x00\x02\x01\x01\x00\x00\x00\x00\x18\x1c\x1c\x1f\x1e\x1f\x0f\x0f\x07\x07'),
                            bytearray(b'H\x0f\x13\x86\x84\xc6\x00\xf0`\xe0\xc0\xc0\x00\x00\x00\x00\xf1\xf7y\xff:~\x18\xf8\x10\xf0\x00\xc0\x00\x00\x00\x00'),
                        ], is_16bit=False, y_plus=0, y_minus=0, x=130, y=100),
                    ]
                ),
                Mold(6, gridplane=False,
                    tiles=[
                        Tile(mirror=False, invert=False, format=0, length=5, subtile_bytes=[
                            bytearray(b'F\x9b\x7f\x83u\x8b\x9fc\xe3\x7f\xef?\xf0\x1f\x1f\x00|?LN\\[\xfc\xe3\xc0\xfc@\xb0\x00\xff\x00\x1f'),
                            bytearray(b'\xe0\xe0H\xf8\xb8\xfc>\xfcr\xfc\xce\xf0p\x80\x80\x00\x00 \x00\xe0\x00\xc0\x00\x80\x00\x0c\x00>\x00\xf0\x00\x80'),
                            None,
                            None,
                        ], is_16bit=False, y_plus=0, y_minus=0, x=127, y=129),
                        Tile(mirror=False, invert=False, format=0, length=5, subtile_bytes=[
                            bytearray(b'\xf8\x03\x10\x03\x11\x00\x0f\x01\x0c\x07\x12\x1f+?8\x1f\xfe\x06\x1d\x0f\x1f\x1e\x0c\x03\x08\x04\x00\x1c\x000 \x1f'),
                            bytearray(b'\xa8\xcf\x84\x03\x18\x03\x86\xe1\x8f\xe0O\xe0\xb0\xf0\xe0\xc0<\\|\xf8\xe4\xfe>>\x11?\x10?\x00p \xc0'),
                            None,
                            None,
                        ], is_16bit=False, y_plus=0, y_minus=0, x=111, y=129),
                        Tile(mirror=False, invert=False, format=0, length=7, subtile_bytes=[
                            bytearray(b'\x1f\xf8\x07\xfc\x07\xfc\x83|\xc3<\x03\xfc\x03\xfc\x07\xfc\xfc\x04<\xe0\x1e\xb2\x9e\x12\xde"\xfe\x02\xfe\x02\xfc\x00'),
                            bytearray(b'\x80@\xc0\x00\x80\x00\x80\x00\x80\x00\x00\x00\x00\x00\x00\x00\xc0\xc0@@\x00\x00\x00\x00\x00\x00\x00\x00\x00\x00\x00\x00'),
                            bytearray(b'\x07\xfc\x8e\xf9\x9e\xf9\xee\xb9\xf7\xd1\xc7\x81\xda\x05;\xb5\xfc\x00\x8cD\xccD\xc80\xd0h\x84|\x06\xff\xfe\xf7'),
                            bytearray(b'\x00\x00\x00\x80\x80\xc0\xc0\xe0\xc0\xe0\x80\xe0 \xc0\xa0@\x00\x00\x00\x80\x00\x00\x00 \x00 \x00` \xc0\xa0@'),
                        ], is_16bit=False, y_plus=0, y_minus=0, x=128, y=113),
                        Tile(mirror=False, invert=False, format=0, length=7, subtile_bytes=[
                            bytearray(b"=\x071\x11\' A\x01\x11\xe1a\xf1\xc1!+!;21. \x1fA~\x01~\x01\x1e\xd1>r|"),
                            bytearray(b'\x8e\xf1\x89\x7fJ?\xd3\xfe\xe3\xff\xc0\xff\xe0\xffp\xff\xcfn\x8f\x00\xcf\x91\xfe!\xff\x00\xff\x00\xff\x00\x7f\x00'),
                            bytearray(b'n#t7>><\x1c=\x1c^\x0f\x1e\xe5\x1e\xe54xx???>\x1f>\x1fo?\xa6\xfd\x1e\xe4'),
                            bytearray(b'8\xff\xbe\xff\x7f\x7f\x1f\x1f\x0f\x0fC\x83`\x800\xc3\x7f@\x7f@\x7f\x80\x1f\xe0\x0f\xf0\xc3\xbc@\xbf*_'),
                        ], is_16bit=False, y_plus=0, y_minus=0, x=112, y=113),
                        Tile(mirror=False, invert=False, format=0, length=4, subtile_bytes=[
                            bytearray(b'\x00\x00\x00\x00\x01\x00\x03\x00\x07\x00\x0f\x01\x00\x1f\x16\x0f\x00\x00\x00\x00\x00\x00\x01\x01\x01\x01\x0b\n\x03\x12\x11\x19'),
                            None,
                            None,
                            None,
                        ], is_16bit=False, y_plus=0, y_minus=0, x=113, y=105),
                        Tile(mirror=False, invert=False, format=0, length=5, subtile_bytes=[
                            bytearray(b'\x00\x00\x00\x00\x80\x80\x00\xc0\x00\xe0 \xa0 \xe0\x80\xe0\x00\x00\x00\x00\x00\x00\x00\xc0\x00\xe0@\x80\x00\xc0\x80`'),
                            None,
                            bytearray(b' \xc0 \xc0`\xe0\xe0\xe0\x00\xe0\xc0\x00\x80\x00\x80\x00\xe0 \xe0`\x80\x80\x00\x00\x00\xe0\xc0\x00\x80\x00\x80\x80'),
                            None,
                        ], is_16bit=False, y_plus=0, y_minus=0, x=137, y=97),
                        Tile(mirror=False, invert=False, format=0, length=7, subtile_bytes=[
                            bytearray(b'\x00030\x148\x12=\x1c"\x10\x02\x08\x00\x15\x00\x000\x03\x02\x07#&/="\x1d\n\x0f\x00\x1f\x10'),
                            bytearray(b'\x00\x00\x01\x03#O.\r\x029@;\x18\x1f\xb0\x1f\x80\x00\xd0\x00\xbcD\xfe\x01\xfa4\xf86\xfcF\xf8\x0f'),
                            bytearray(b'\x01\x04\x03\x08\x80\x08\x90A\xb4A\xe4\x80\xe5\x80\x7f\xc0\x1b\x047\x087\x08\xfe\xc1\xfe\xc1\xdf`\xdfA\xe0 '),
                            bytearray(b' ?\x06\x9f\x03\x832\x03\x04\x11\x80\x04\xff\x00\xff\x00\xf9\x07\x7f\x80{\x9c\xee-\xff\x7f\x7f\xff\x81\x81\x00\x00'),
                        ], is_16bit=False, y_plus=0, y_minus=0, x=121, y=97),
                        Tile(mirror=False, invert=False, format=0, length=6, subtile_bytes=[
                            None,
                            bytearray(b'\x00\x00\x00\x00\x00\x00\x00\x00\x0c\xc2\xfe8\xe5>\x05\x1e\x00\x00\x00\x00\x00\x00\x00\x00\xc2\xc2\x84\x84\x83\x83\xe1\xe3'),
                            bytearray(b'\x00\x00\x03\x03\x06\x07\x01\x07\x10\x03\x00\x05\x00\x00\x00\x02\x01\x01\x00\x00\x00\x00\x18\x1c\x1c\x1f\x1e\x1f\x0f\x0f\x07\x07'),
                            bytearray(b'H\x0f\x13\x86\x84\xc6\x00\xf0`\xe0\xc0\xc0\x00\x00\x00\x00\xf1\xf7y\xff:~\x18\xf8\x10\xf0\x00\xc0\x00\x00\x00\x00'),
                        ], is_16bit=False, y_plus=0, y_minus=0, x=131, y=100),
                    ]
                ),
                Mold(7, gridplane=False,
                    tiles=[
                        Tile(mirror=False, invert=False, format=0, length=5, subtile_bytes=[
                            bytearray(b'F\x9b\x7f\x83u\x8b\x9fc\xe3\x7f\xef?\xf0\x1f\x1f\x00|?LN\\[\xfc\xe3\xc0\xfc@\xb0\x00\xff\x00\x1f'),
                            bytearray(b'\xe0\xe0H\xf8\xb8\xfc>\xfcr\xfc\xce\xf0p\x80\x80\x00\x00 \x00\xe0\x00\xc0\x00\x80\x00\x0c\x00>\x00\xf0\x00\x80'),
                            None,
                            None,
                        ], is_16bit=False, y_plus=0, y_minus=0, x=127, y=129),
                        Tile(mirror=False, invert=False, format=0, length=5, subtile_bytes=[
                            bytearray(b'\xf8\x03\x10\x03\x11\x00\x0f\x01\x0c\x07\x12\x1f+?8\x1f\xfe\x06\x1d\x0f\x1f\x1e\x0c\x03\x08\x04\x00\x1c\x000 \x1f'),
                            bytearray(b'\xa8\xcf\x84\x03\x18\x03\x86\xe1\x8f\xe0O\xe0\xb0\xf0\xe0\xc0<\\|\xf8\xe4\xfe>>\x11?\x10?\x00p \xc0'),
                            None,
                            None,
                        ], is_16bit=False, y_plus=0, y_minus=0, x=111, y=129),
                        Tile(mirror=False, invert=False, format=0, length=7, subtile_bytes=[
                            bytearray(b'\x1f\xf8\x07\xfc\x07\xfc\x83|\xc3<\x03\xfc\x03\xfc\x07\xfc\xfc\x04<\xe0\x1e\xb2\x9e\x12\xde"\xfe\x02\xfe\x02\xfc\x00'),
                            bytearray(b'\x80@\xc0\x00\x80\x00\x80\x00\x80\x00\x00\x00\x00\x00\x00\x00\xc0\xc0@@\x00\x00\x00\x00\x00\x00\x00\x00\x00\x00\x00\x00'),
                            bytearray(b'\x07\xfc\x8e\xf9\x9e\xf9\xee\xb9\xf7\xd1\xc7\x81\xda\x05;\xb5\xfc\x00\x8cD\xccD\xc80\xd0h\x84|\x06\xff\xfe\xf7'),
                            bytearray(b'\x00\x00\x00\x80\x80\xc0\xc0\xe0\xc0\xe0\x80\xe0 \xc0\xa0@\x00\x00\x00\x80\x00\x00\x00 \x00 \x00` \xc0\xa0@'),
                        ], is_16bit=False, y_plus=0, y_minus=0, x=128, y=113),
                        Tile(mirror=False, invert=False, format=0, length=7, subtile_bytes=[
                            bytearray(b"=\x071\x11\' A\x01\x11\xe1a\xf1\xc1!+!;21. \x1fA~\x01~\x01\x1e\xd1>r|"),
                            bytearray(b'\x8e\xf1\x89\x7fJ?\xd3\xfe\xe3\xff\xc0\xff\xe0\xffp\xff\xcfn\x8f\x00\xcf\x91\xfe!\xff\x00\xff\x00\xff\x00\x7f\x00'),
                            bytearray(b'n#t7>><\x1c=\x1c^\x0f\x1e\xe5\x1e\xe54xx???>\x1f>\x1fo?\xa6\xfd\x1e\xe4'),
                            bytearray(b'8\xff\xbe\xff\x7f\x7f\x1f\x1f\x0f\x0fC\x83`\x800\xc3\x7f@\x7f@\x7f\x80\x1f\xe0\x0f\xf0\xc3\xbc@\xbf*_'),
                        ], is_16bit=False, y_plus=0, y_minus=0, x=112, y=113),
                        Tile(mirror=False, invert=False, format=0, length=4, subtile_bytes=[
                            bytearray(b'\x00\x00\x00\x00\x01\x00\x03\x00\x07\x00\x0f\x01\x00\x1f\x16\x0f\x00\x00\x00\x00\x00\x00\x01\x01\x01\x01\x0b\n\x03\x12\x11\x19'),
                            None,
                            None,
                            None,
                        ], is_16bit=False, y_plus=0, y_minus=0, x=113, y=105),
                        Tile(mirror=False, invert=False, format=0, length=5, subtile_bytes=[
                            bytearray(b'\x00\x00\x00\x00\x80\x80\x00\xc0\x00\xe0 \xa0 \xe0\x80\xe0\x00\x00\x00\x00\x00\x00\x00\xc0\x00\xe0@\x80\x00\xc0\x80`'),
                            None,
                            bytearray(b' \xc0 \xc0`\xe0\xe0\xe0\x00\xe0\xc0\x00\x80\x00\x80\x00\xe0 \xe0`\x80\x80\x00\x00\x00\xe0\xc0\x00\x80\x00\x80\x80'),
                            None,
                        ], is_16bit=False, y_plus=0, y_minus=0, x=137, y=97),
                        Tile(mirror=False, invert=False, format=0, length=7, subtile_bytes=[
                            bytearray(b'\x00030\x148\x12=\x1c"\x10\x02\x08\x00\x15\x00\x000\x03\x02\x07#&/="\x1d\n\x0f\x00\x1f\x10'),
                            bytearray(b'\x00\x00\x01\x03#O.\r\x029@;\x18\x1f\xb0\x1f\x80\x00\xd0\x00\xbcD\xfe\x01\xfa4\xf86\xfcF\xf8\x0f'),
                            bytearray(b'\x01\x04\x03\x08\x80\x08\x90A\xb4A\xe4\x80\xe5\x80\x7f\xc0\x1b\x047\x087\x08\xfe\xc1\xfe\xc1\xdf`\xdfA\xe0 '),
                            bytearray(b' ?\x06\x9f\x03\x832\x03\x04\x11\x80\x04\xff\x00\xff\x00\xf9\x07\x7f\x80{\x9c\xee-\xff\x7f\x7f\xff\x81\x81\x00\x00'),
                        ], is_16bit=False, y_plus=0, y_minus=0, x=121, y=97),
                        Tile(mirror=False, invert=False, format=0, length=6, subtile_bytes=[
                            None,
                            bytearray(b'\x00\x00\x00\x00\x00\x00\x00\x00\x0c\xc2\xfe8\xe5>\x05\x1e\x00\x00\x00\x00\x00\x00\x00\x00\xc2\xc2\x84\x84\x83\x83\xe1\xe3'),
                            bytearray(b'\x00\x00\x03\x03\x06\x07\x01\x07\x10\x03\x00\x05\x00\x00\x00\x02\x01\x01\x00\x00\x00\x00\x18\x1c\x1c\x1f\x1e\x1f\x0f\x0f\x07\x07'),
                            bytearray(b'H\x0f\x13\x86\x84\xc6\x00\xf0`\xe0\xc0\xc0\x00\x00\x00\x00\xf1\xf7y\xff:~\x18\xf8\x10\xf0\x00\xc0\x00\x00\x00\x00'),
                        ], is_16bit=False, y_plus=0, y_minus=0, x=132, y=100),
                    ]
                ),
                Mold(8, gridplane=False,
                    tiles=[
                        Tile(mirror=False, invert=False, format=0, length=5, subtile_bytes=[
                            bytearray(b'F\x9b\x7f\x83u\x8b\x9fc\xe3\x7f\xef?\xf0\x1f\x1f\x00|?LN\\[\xfc\xe3\xc0\xfc@\xb0\x00\xff\x00\x1f'),
                            bytearray(b'\xe0\xe0H\xf8\xb8\xfc>\xfcr\xfc\xce\xf0p\x80\x80\x00\x00 \x00\xe0\x00\xc0\x00\x80\x00\x0c\x00>\x00\xf0\x00\x80'),
                            None,
                            None,
                        ], is_16bit=False, y_plus=0, y_minus=0, x=127, y=129),
                        Tile(mirror=False, invert=False, format=0, length=5, subtile_bytes=[
                            bytearray(b'\xf8\x03\x10\x03\x11\x00\x0f\x01\x0c\x07\x12\x1f+?8\x1f\xfe\x06\x1d\x0f\x1f\x1e\x0c\x03\x08\x04\x00\x1c\x000 \x1f'),
                            bytearray(b'\xa8\xcf\x84\x03\x18\x03\x86\xe1\x8f\xe0O\xe0\xb0\xf0\xe0\xc0<\\|\xf8\xe4\xfe>>\x11?\x10?\x00p \xc0'),
                            None,
                            None,
                        ], is_16bit=False, y_plus=0, y_minus=0, x=111, y=129),
                        Tile(mirror=False, invert=False, format=0, length=7, subtile_bytes=[
                            bytearray(b'\x1f\xf8\x07\xfc\x07\xfc\x83|\xc3<\x03\xfc\x03\xfc\x07\xfc\xfc\x04<\xe0\x1e\xb2\x9e\x12\xde"\xfe\x02\xfe\x02\xfc\x00'),
                            bytearray(b'\x80@\xc0\x00\x80\x00\x80\x00\x80\x00\x00\x00\x00\x00\x00\x00\xc0\xc0@@\x00\x00\x00\x00\x00\x00\x00\x00\x00\x00\x00\x00'),
                            bytearray(b'\x07\xfc\x8e\xf9\x9e\xf9\xee\xb9\xf7\xd1\xc7\x81\xda\x05;\xb5\xfc\x00\x8cD\xccD\xc80\xd0h\x84|\x06\xff\xfe\xf7'),
                            bytearray(b'\x00\x00\x00\x80\x80\xc0\xc0\xe0\xc0\xe0\x80\xe0 \xc0\xa0@\x00\x00\x00\x80\x00\x00\x00 \x00 \x00` \xc0\xa0@'),
                        ], is_16bit=False, y_plus=0, y_minus=0, x=128, y=113),
                        Tile(mirror=False, invert=False, format=0, length=7, subtile_bytes=[
                            bytearray(b"=\x071\x11\' A\x01\x11\xe1a\xf1\xc1!+!;21. \x1fA~\x01~\x01\x1e\xd1>r|"),
                            bytearray(b'\x8e\xf1\x89\x7fJ?\xd3\xfe\xe3\xff\xc0\xff\xe0\xffp\xff\xcfn\x8f\x00\xcf\x91\xfe!\xff\x00\xff\x00\xff\x00\x7f\x00'),
                            bytearray(b'n#t7>><\x1c=\x1c^\x0f\x1e\xe5\x1e\xe54xx???>\x1f>\x1fo?\xa6\xfd\x1e\xe4'),
                            bytearray(b'8\xff\xbe\xff\x7f\x7f\x1f\x1f\x0f\x0fC\x83`\x800\xc3\x7f@\x7f@\x7f\x80\x1f\xe0\x0f\xf0\xc3\xbc@\xbf*_'),
                        ], is_16bit=False, y_plus=0, y_minus=0, x=112, y=113),
                        Tile(mirror=False, invert=False, format=0, length=4, subtile_bytes=[
                            bytearray(b'\x00\x00\x00\x00\x01\x00\x03\x00\x07\x00\x0f\x01\x00\x1f\x16\x0f\x00\x00\x00\x00\x00\x00\x01\x01\x01\x01\x0b\n\x03\x12\x11\x19'),
                            None,
                            None,
                            None,
                        ], is_16bit=False, y_plus=0, y_minus=0, x=113, y=105),
                        Tile(mirror=False, invert=False, format=0, length=5, subtile_bytes=[
                            bytearray(b'\x00\x00\x00\x00\x80\x80\x00\xc0\x00\xe0 \xa0 \xe0\x80\xe0\x00\x00\x00\x00\x00\x00\x00\xc0\x00\xe0@\x80\x00\xc0\x80`'),
                            None,
                            bytearray(b' \xc0 \xc0`\xe0\xe0\xe0\x00\xe0\xc0\x00\x80\x00\x80\x00\xe0 \xe0`\x80\x80\x00\x00\x00\xe0\xc0\x00\x80\x00\x80\x80'),
                            None,
                        ], is_16bit=False, y_plus=0, y_minus=0, x=137, y=97),
                        Tile(mirror=False, invert=False, format=0, length=7, subtile_bytes=[
                            bytearray(b'\x00030\x148\x12=\x1c"\x10\x02\x08\x00\x15\x00\x000\x03\x02\x07#&/="\x1d\n\x0f\x00\x1f\x10'),
                            bytearray(b'\x00\x00\x01\x03#O.\r\x029@;\x18\x1f\xb0\x1f\x80\x00\xd0\x00\xbcD\xfe\x01\xfa4\xf86\xfcF\xf8\x0f'),
                            bytearray(b'\x01\x04\x03\x08\x80\x08\x90A\xb4A\xe4\x80\xe5\x80\x7f\xc0\x1b\x047\x087\x08\xfe\xc1\xfe\xc1\xdf`\xdfA\xe0 '),
                            bytearray(b' ?\x06\x9f\x03\x832\x03\x04\x11\x80\x04\xff\x00\xff\x00\xf9\x07\x7f\x80{\x9c\xee-\xff\x7f\x7f\xff\x81\x81\x00\x00'),
                        ], is_16bit=False, y_plus=0, y_minus=0, x=121, y=97),
                        Tile(mirror=False, invert=False, format=0, length=6, subtile_bytes=[
                            None,
                            bytearray(b'\x00\x00\x00\x00\x00\x00\x00\x00\x0c\xc2\xfe8\xe5>\x05\x1e\x00\x00\x00\x00\x00\x00\x00\x00\xc2\xc2\x84\x84\x83\x83\xe1\xe3'),
                            bytearray(b'\x00\x00\x03\x03\x06\x07\x01\x07\x10\x03\x00\x05\x00\x00\x00\x02\x01\x01\x00\x00\x00\x00\x18\x1c\x1c\x1f\x1e\x1f\x0f\x0f\x07\x07'),
                            bytearray(b'H\x0f\x13\x86\x84\xc6\x00\xf0`\xe0\xc0\xc0\x00\x00\x00\x00\xf1\xf7y\xff:~\x18\xf8\x10\xf0\x00\xc0\x00\x00\x00\x00'),
                        ], is_16bit=False, y_plus=0, y_minus=0, x=132, y=100),
                    ]
                ),
                Mold(9, gridplane=False,
                    tiles=[
                        Tile(mirror=False, invert=False, format=1, length=7, subtile_bytes=[
                            bytearray(b'G\xe0\x1f\x00\xff\x01\xff\x01\xff\x013\xcf\xf8\x1f\x1f\x00\xa4\xbc\xe8\xf8\xe0a\x00\x01\x06\x06\xfc\xfc\x00\xff\x00\x1f'),
                            bytearray(b'\xe0\xe0H\xf8\xb8\xfc>\xfcr\xfc\xce\xf0p\x80\x80\x00\x00 \x00\xe0\x00\xc0\x00\x80\x00\x0c\x00>\x00\xf0\x00\x80'),
                            None,
                            None,
                        ], is_16bit=False, y_plus=0, y_minus=0, x=127, y=129),
                        Tile(mirror=False, invert=False, format=1, length=7, subtile_bytes=[
                            bytearray(b'\x03\x14\x04\x1b\x00\x1e\x03\x0f\x19\x1f$?W\x7fq?\x1f\x1f\x1f\x1f\x1f\x1f\x0c\x0e\x00\x18\x008\x00`@?'),
                            bytearray(b'\xde6t\x88\x1ad\x07\xd8\x13\xcc\x9c\xc3`\xe0\xc0\x80\xf7\xff\xfb\xff\xfd\xff||/\x7f#\x7f\x00\xe0@\x80'),
                            None,
                            None,
                        ], is_16bit=False, y_plus=0, y_minus=0, x=111, y=129),
                        Tile(mirror=False, invert=False, format=0, length=4, subtile_bytes=[
                            bytearray(b'\x1c\x08\x0e\x08\x16\x08\x08<3\xfe\xea\x1e\x1f\x03\x16\x01\x08\x1f\x18\x1f\x08\x1f\x06\x07\x06\x07\xe7\x17\x0b\x17\x19\x0f'),
                            None,
                            None,
                            None,
                        ], is_16bit=False, y_plus=0, y_minus=0, x=110, y=121),
                        Tile(mirror=False, invert=False, format=0, length=4, subtile_bytes=[
                            bytearray(b'\xf0\x80\xe0\x00\xc0 \xe00\xe0p\xc0p\x90p\xd0\xf0\xd0P\xa0\xa0\x00\x00@P\x00\x10\x000\x00p\x00\xf0'),
                            None,
                            None,
                            None,
                        ], is_16bit=False, y_plus=0, y_minus=0, x=134, y=121),
                        Tile(mirror=False, invert=False, format=0, length=5, subtile_bytes=[
                            bytearray(b'~\x7f>?\x1f\x1f\x1f\x7f\x0f\xff\x06\xf7\xa1\x836\xf1\x7f\x80?\xc0\x1f\xe0\x7f\xe0\x1f\x90\x17\xd9\xe2\xde\xf8\xff'),
                            bytearray(b'\x04\xff\x12\xfd\x1f\xfb\x9f\xff\xff\xfe?\xfe\x03\xe0\x83\xe0\xf1\n\xf3\x0c\xff\x00\xff\x00\xff\x01~\xc0">\x00<'),
                            None,
                            None,
                        ], is_16bit=False, y_plus=0, y_minus=0, x=118, y=121),
                        Tile(mirror=False, invert=False, format=0, length=4, subtile_bytes=[
                            bytearray(b'\x80\x00\xe0\x10\xf0\x00\xf8\x80x\xc0x\xc0x\xc0p\xc8\x80\xc000\x80\x80\xc8H\xc0\x00\xc0\x00\xc8\x08\xc8\x08'),
                            None,
                            None,
                            None,
                        ], is_16bit=False, y_plus=0, y_minus=0, x=133, y=113),
                        Tile(mirror=False, invert=False, format=0, length=4, subtile_bytes=[
                            bytearray(b"\x00\x01\x03\x03\x0f3#\x1f\x13\x0b\x10\x00\x19\x08\x1c\x08\x01\x00\x03\x00\x0f\x00\'\x04\x13\x0c\x18\x0f\x18\x0f\x08\x1f"),
                            None,
                            None,
                            None,
                        ], is_16bit=False, y_plus=0, y_minus=0, x=109, y=113),
                        Tile(mirror=False, invert=False, format=0, length=7, subtile_bytes=[
                            bytearray(b'\x00\x00\x00\x00\x00\x00\x00\x00\x80@\xc0b\x8ds\x0c{\x00\x00\x00\x00\x00\x00\x00\x00\x80\x00\x80\x02\x94V|b'),
                            bytearray(b'\x00\x00\x00\x00\x00\x00\x00\x00\x00\x00\x00\x00\x80\x00|\x82\x00\x00\x00\x00\x00\x00\x00\x00\x00\x00\x00\x00\x80\x80\x0e\x0e'),
                            bytearray(b'd\xff\x00\xff\x80\xff\xe8\xd7\xa4\x9b\xa4\x1b\x9c\x07|\x7f\xfc\x02\xff\x00\xff\x00\xef\x10\xa7@G\xf0\x7f\xe0\x7f\x80'),
                            bytearray(b'\x1d\xe6\x01\xfe\x13\xff\x19\xff\x0e\xff\x00\xff\x00\xff\x00\xff\xf0\x92\xf0\n\xf1\x08\xf9\x04\xff\x00\xff\x00\xff\x00\xf1\n'),
                        ], is_16bit=False, y_plus=0, y_minus=0, x=117, y=105),
                        Tile(mirror=False, invert=False, format=0, length=7, subtile_bytes=[
                            bytearray(b'\x00D\x19b\x04cT!\x08\x13\x00\x16@\x14\xc0\x00\x03D}b<{^)l\x13\xe9\x16\xeb\x14\xff\x00'),
                            bytearray(b'\x00\x00\x00\x01\x80\x01@\x03\x90\x1f\x00?\x00~\x00| \x00\xe0\x01\xf0\x00\xf0\x82\xf0\r\xe01\xe0"\xf0\x1c'),
                            bytearray(b'W \x7f\x00\x7f\x00?\x00\x0f\x00\x07\x00\x00\x00\x00\x00_ \x7f\x00\x7f\x00?\x00\x0f\x00\x07\x00\x00\x00\x00\x00'),
                            bytearray(b'\x18\xf8|\x7f\xc8\x0f\xfb\x06\xff\x02\xfd\x02~\x00\x00\x00\xf8\x86~\x83\xce3\xf9\x05\xfd\x01\xfd\x01~\x02\x00\x00'),
                        ], is_16bit=False, y_plus=0, y_minus=0, x=125, y=101),
                        Tile(mirror=False, invert=False, format=0, length=6, subtile_bytes=[
                            None,
                            bytearray(b'\x00\x00\x00\x00\x00\x00\x00\x00\x0c\xc2\xfe8\xe5>\x05\x1e\x00\x00\x00\x00\x00\x00\x00\x00\xc2\xc2\x84\x84\x83\x83\xe1\xe3'),
                            bytearray(b'\x00\x00\x03\x03\x06\x07\x01\x07\x10\x03\x00\x05\x00\x00\x00\x02\x01\x01\x00\x00\x00\x00\x18\x1c\x1c\x1f\x1e\x1f\x0f\x0f\x07\x07'),
                            bytearray(b'H\x0f\x13\x86\x84\xc6\x00\xf0`\xe0\xc0\xc0\x00\x00\x00\x00\xf1\xf7y\xff:~\x18\xf8\x10\xf0\x00\xc0\x00\x00\x00\x00'),
                        ], is_16bit=False, y_plus=0, y_minus=0, x=134, y=105),
                    ]
                ),
                Mold(10, gridplane=False,
                    tiles=[
                        Tile(mirror=False, invert=False, format=1, length=7, subtile_bytes=[
                            bytearray(b'G\xe0\x1f\x00\xff\x01\xff\x01\xff\x013\xcf\xf8\x1f\x1f\x00\xa4\xbc\xe8\xf8\xe0a\x00\x01\x06\x06\xfc\xfc\x00\xff\x00\x1f'),
                            bytearray(b'\xe0\xe0H\xf8\xb8\xfc>\xfcr\xfc\xce\xf0p\x80\x80\x00\x00 \x00\xe0\x00\xc0\x00\x80\x00\x0c\x00>\x00\xf0\x00\x80'),
                            None,
                            None,
                        ], is_16bit=False, y_plus=0, y_minus=0, x=127, y=129),
                        Tile(mirror=False, invert=False, format=1, length=7, subtile_bytes=[
                            bytearray(b'\x03\x14\x04\x1b\x00\x1e\x03\x0f\x19\x1f$?W\x7fq?\x1f\x1f\x1f\x1f\x1f\x1f\x0c\x0e\x00\x18\x008\x00`@?'),
                            bytearray(b'\xde6t\x88\x1ad\x07\xd8\x13\xcc\x9c\xc3`\xe0\xc0\x80\xf7\xff\xfb\xff\xfd\xff||/\x7f#\x7f\x00\xe0@\x80'),
                            None,
                            None,
                        ], is_16bit=False, y_plus=0, y_minus=0, x=111, y=129),
                        Tile(mirror=False, invert=False, format=0, length=6, subtile_bytes=[
                            None,
                            bytearray(b'\x80\x00\xe0\x10\xf0\x00\xf8\x80x\xc0x\xc0x\xc0p\xc8\x80\xc000\x80\x80\xc8H\xc0\x00\xc0\x00\xc8\x08\xc8\x08'),
                            bytearray(b'\x04\xff\x12\xfd\x1f\xfb\x9f\xff\xff\xfe?\xfe\x03\xe0\x83\xe0\xf1\n\xf3\x0c\xff\x00\xff\x00\xff\x01~\xc0">\x00<'),
                            bytearray(b'\xf0\x80\xe0\x00\xc0 \xe00\xe0p\xc0p\x90p\xd0\xf0\xd0P\xa0\xa0\x00\x00@P\x00\x10\x000\x00p\x00\xf0'),
                        ], is_16bit=False, y_plus=0, y_minus=0, x=127, y=113),
                        Tile(mirror=False, invert=False, format=0, length=6, subtile_bytes=[
                            bytearray(b"\x00\x01\x03\x03\x0f3#\x1f\x13\x0b\x10\x00\x19\x08\x1c\x08\x01\x00\x03\x00\x0f\x00\'\x04\x13\x0c\x18\x0f\x18\x0f\x08\x1f"),
                            None,
                            bytearray(b'\x1c\x08\x0e\x08\x16\x08\x08<3\xfe\xea\x1e\x1f\x03\x16\x01\x08\x1f\x18\x1f\x08\x1f\x06\x07\x06\x07\xe7\x17\x0b\x17\x19\x0f'),
                            bytearray(b'~\x7f>?\x1f\x1f\x1f\x7f\x0f\xff\x06\xf7\xa1\x836\xf1\x7f\x80?\xc0\x1f\xe0\x7f\xe0\x1f\x90\x17\xd9\xe2\xde\xf8\xff'),
                        ], is_16bit=False, y_plus=0, y_minus=0, x=111, y=113),
                        Tile(mirror=False, invert=False, format=0, length=7, subtile_bytes=[
                            bytearray(b'\x00\x00\x00\x00\x00\x00\x00\x00\x80@\xc0b\x8ds\x0c{\x00\x00\x00\x00\x00\x00\x00\x00\x80\x00\x80\x02\x94V|b'),
                            bytearray(b'\x00\x00\x00\x00\x00\x00\x00\x00\x00\x00\x00\x00\x80\x00|\x82\x00\x00\x00\x00\x00\x00\x00\x00\x00\x00\x00\x00\x80\x80\x0e\x0e'),
                            bytearray(b'd\xff\x00\xff\x80\xff\xe8\xd7\xa4\x9b\xa4\x1b\x9c\x07|\x7f\xfc\x02\xff\x00\xff\x00\xef\x10\xa7@G\xf0\x7f\xe0\x7f\x80'),
                            bytearray(b'\x1d\xe6\x01\xfe\x13\xff\x19\xff\x0e\xff\x00\xff\x00\xff\x00\xff\xf0\x92\xf0\n\xf1\x08\xf9\x04\xff\x00\xff\x00\xff\x00\xf1\n'),
                        ], is_16bit=False, y_plus=0, y_minus=0, x=119, y=105),
                        Tile(mirror=False, invert=False, format=0, length=7, subtile_bytes=[
                            bytearray(b'\x00D\x19b\x04cT!\x08\x13\x00\x16@\x14\xc0\x00\x03D}b<{^)l\x13\xe9\x16\xeb\x14\xff\x00'),
                            bytearray(b'\x00\x00\x00\x01\x80\x01@\x03\x90\x1f\x00?\x00~\x00| \x00\xe0\x01\xf0\x00\xf0\x82\xf0\r\xe01\xe0"\xf0\x1c'),
                            bytearray(b'W \x7f\x00\x7f\x00?\x00\x0f\x00\x07\x00\x00\x00\x00\x00_ \x7f\x00\x7f\x00?\x00\x0f\x00\x07\x00\x00\x00\x00\x00'),
                            bytearray(b'\x18\xf8|\x7f\xc8\x0f\xfb\x06\xff\x02\xfd\x02~\x00\x00\x00\xf8\x86~\x83\xce3\xf9\x05\xfd\x01\xfd\x01~\x02\x00\x00'),
                        ], is_16bit=False, y_plus=0, y_minus=0, x=126, y=102),
                        Tile(mirror=False, invert=False, format=0, length=5, subtile_bytes=[
                            bytearray(b"\xa0\xe0\xc4\xffA\x7f1?\'?0?\x00\x00\x00\x00\x01\xc1\x00\xe3\x80\xe0\xc0\xe0\xc0\xf8\xc0\xff\x01\x01\x00\x00"),
                            bytearray(b'\x00\x18G\x1c\x04\x9f%\x9e\n\x9dR\x1d$:\x00\x00\xd8\xd8\xe3\xe3a\xf3@\xd2c\xf7\xe5\xed\xce\xfe\x00\x00'),
                            None,
                            None,
                        ], is_16bit=False, y_plus=0, y_minus=0, x=137, y=116),
                    ]
                ),
                Mold(11, gridplane=False,
                    tiles=[
                        Tile(mirror=False, invert=False, format=0, length=4, subtile_bytes=[
                            bytearray(b'\x1c\x08\x0e\x08\x16\x08\x08<3\xfe\xea\x1e\x1f\x03\x16\x01\x08\x1f\x18\x1f\x08\x1f\x06\x07\x06\x07\xe7\x17\x0b\x17\x19\x0f'),
                            None,
                            None,
                            None,
                        ], is_16bit=False, y_plus=0, y_minus=0, x=112, y=122),
                        Tile(mirror=False, invert=False, format=1, length=7, subtile_bytes=[
                            bytearray(b'G\xe0\x1f\x00\xff\x01\xff\x01\xff\x013\xcf\xf8\x1f\x1f\x00\xa4\xbc\xe8\xf8\xe0a\x00\x01\x06\x06\xfc\xfc\x00\xff\x00\x1f'),
                            bytearray(b'\xe0\xe0H\xf8\xb8\xfc>\xfcr\xfc\xce\xf0p\x80\x80\x00\x00 \x00\xe0\x00\xc0\x00\x80\x00\x0c\x00>\x00\xf0\x00\x80'),
                            None,
                            None,
                        ], is_16bit=False, y_plus=0, y_minus=0, x=127, y=129),
                        Tile(mirror=False, invert=False, format=1, length=7, subtile_bytes=[
                            bytearray(b'\x03\x14\x04\x1b\x00\x1e\x03\x0f\x19\x1f$?W\x7fq?\x1f\x1f\x1f\x1f\x1f\x1f\x0c\x0e\x00\x18\x008\x00`@?'),
                            bytearray(b'\xde6t\x88\x1ad\x07\xd8\x13\xcc\x9c\xc3`\xe0\xc0\x80\xf7\xff\xfb\xff\xfd\xff||/\x7f#\x7f\x00\xe0@\x80'),
                            None,
                            None,
                        ], is_16bit=False, y_plus=0, y_minus=0, x=111, y=129),
                        Tile(mirror=False, invert=False, format=0, length=4, subtile_bytes=[
                            bytearray(b'\xf0\x80\xe0\x00\xc0 \xe00\xe0p\xc0p\x90p\xd0\xf0\xd0P\xa0\xa0\x00\x00@P\x00\x10\x000\x00p\x00\xf0'),
                            None,
                            None,
                            None,
                        ], is_16bit=False, y_plus=0, y_minus=0, x=136, y=122),
                        Tile(mirror=False, invert=False, format=0, length=5, subtile_bytes=[
                            bytearray(b'~\x7f>?\x1f\x1f\x1f\x7f\x0f\xff\x06\xf7\xa1\x836\xf1\x7f\x80?\xc0\x1f\xe0\x7f\xe0\x1f\x90\x17\xd9\xe2\xde\xf8\xff'),
                            bytearray(b'\x04\xff\x12\xfd\x1f\xfb\x9f\xff\xff\xfe?\xfe\x03\xe0\x83\xe0\xf1\n\xf3\x0c\xff\x00\xff\x00\xff\x01~\xc0">\x00<'),
                            None,
                            None,
                        ], is_16bit=False, y_plus=0, y_minus=0, x=120, y=122),
                        Tile(mirror=False, invert=False, format=0, length=5, subtile_bytes=[
                            bytearray(b'\x1d\xe6\x01\xfe\x13\xff\x19\xff\x0e\xff\x00\xff\x00\xff\x00\xff\xf0\x92\xf0\n\xf1\x08\xf9\x04\xff\x00\xff\x00\xff\x00\xf1\n'),
                            bytearray(b'\x80\x00\xe0\x10\xf0\x00\xf8\x80x\xc0x\xc0x\xc0p\xc8\x80\xc000\x80\x80\xc8H\xc0\x00\xc0\x00\xc8\x08\xc8\x08'),
                            None,
                            None,
                        ], is_16bit=False, y_plus=0, y_minus=0, x=129, y=114),
                        Tile(mirror=False, invert=False, format=0, length=5, subtile_bytes=[
                            bytearray(b"\x00\x01\x03\x03\x0f3#\x1f\x13\x0b\x10\x00\x19\x08\x1c\x08\x01\x00\x03\x00\x0f\x00\'\x04\x13\x0c\x18\x0f\x18\x0f\x08\x1f"),
                            bytearray(b'd\xff\x00\xff\x80\xff\xe8\xd7\xa4\x9b\xa4\x1b\x9c\x07|\x7f\xfc\x02\xff\x00\xff\x00\xef\x10\xa7@G\xf0\x7f\xe0\x7f\x80'),
                            None,
                            None,
                        ], is_16bit=False, y_plus=0, y_minus=0, x=113, y=114),
                        Tile(mirror=False, invert=False, format=0, length=5, subtile_bytes=[
                            bytearray(b'\x00\x00\x00\x00\x00\x00\x00\x00\x80@\xc0b\x8ds\x0c{\x00\x00\x00\x00\x00\x00\x00\x00\x80\x00\x80\x02\x94V|b'),
                            bytearray(b'\x00\x00\x00\x00\x00\x00\x00\x00\x00\x00\x00\x00\x80\x00|\x82\x00\x00\x00\x00\x00\x00\x00\x00\x00\x00\x00\x00\x80\x80\x0e\x0e'),
                            None,
                            None,
                        ], is_16bit=False, y_plus=0, y_minus=0, x=121, y=106),
                        Tile(mirror=False, invert=False, format=0, length=7, subtile_bytes=[
                            bytearray(b'\x00D\x19b\x04cT!\x08\x13\x00\x16@\x14\xc0\x00\x03D}b<{^)l\x13\xe9\x16\xeb\x14\xff\x00'),
                            bytearray(b'\x00\x00\x00\x01\x80\x01@\x03\x90\x1f\x00?\x00~\x00| \x00\xe0\x01\xf0\x00\xf0\x82\xf0\r\xe01\xe0"\xf0\x1c'),
                            bytearray(b'W \x7f\x00\x7f\x00?\x00\x0f\x00\x07\x00\x00\x00\x00\x00_ \x7f\x00\x7f\x00?\x00\x0f\x00\x07\x00\x00\x00\x00\x00'),
                            bytearray(b'\x18\xf8|\x7f\xc8\x0f\xfb\x06\xff\x02\xfd\x02~\x00\x00\x00\xf8\x86~\x83\xce3\xf9\x05\xfd\x01\xfd\x01~\x02\x00\x00'),
                        ], is_16bit=False, y_plus=0, y_minus=0, x=127, y=105),
                        Tile(mirror=False, invert=False, format=0, length=7, subtile_bytes=[
                            bytearray(b'||\xfc\xfe\xfe\xff\xfb\xff\xfd\xffv\x7f\t\x0f\x06\x07||\xfc\xfe\xfc\xfd\xf8\xfc\xf8\xf8`x\x00\x0e\x03\x07'),
                            bytearray(b'\x00\x00\x00\x00\x00\x00@\xc0\xe0\xb8\xfe\xf8\xf8\xbe\xd0\xfe\x00\x00\x00\x00\x00\x00@\xc0`xbb\xe2\xe6\xc2\xe2'),
                            bytearray(b'\x01\x01\x01\x01\x00\x00\x00\x00\x00\x00\x00\x00\x00\x00\x00\x00\x01\x01\x00\x01\x00\x00\x00\x00\x00\x00\x00\x00\x00\x00\x00\x00'),
                            bytearray(b'\xa2\xfd\xa6\xfd\xdc\xe32, \x12\x00\x00\x00\x00\x00\x00\x81\xc1\x03\xc3\x0b\xeb\x1e>22\x00\x00\x00\x00\x00\x00'),
                        ], is_16bit=False, y_plus=0, y_minus=0, x=135, y=116),
                        Tile(mirror=False, invert=False, format=0, length=7, subtile_bytes=[
                            bytearray(b'\x00\x00\x00\x00\x00\x00\x00\x00\x00\x00\x00\x00\x07\x0f\x01\x1f\x00\x00\x00\x00\x00\x00\x00\x00\x00\x00\x00\x00\x00\x08\x00\x10'),
                            bytearray(b'\x00\x00\x00\x00\x00\x00\x00\x00\x00\x00hx\xbc\xfc\x94\xfc\x00\x00\x00\x00\x00\x00\x00\x00\x00\x00xx<|\x1c|'),
                            bytearray(b'\x11\x1f\x13\x1f\x0c\x1f\x00\x0f\x08\x0f\x07\x07\x03\x03\x00\x00\x00\x00\x00\x00\x00\x13\x00\x0f\x08\x0f\x07\x07\x03\x03\x00\x00'),
                            bytearray(b'\x9c\xfc\x1c\xfc<\xfcx\xf8\xe0\xe0\xe0\xe0\xc0\xc0\x00\x00\x1c|\x1c\xfc<\xfcx\xf8\xe0\xe0\xe0\xe0\xc0\xc0\x00\x00'),
                        ], is_16bit=False, y_plus=0, y_minus=0, x=112, y=104),
                    ]
                ),
                Mold(12, gridplane=False,
                    tiles=[
                        Tile(mirror=False, invert=False, format=0, length=4, subtile_bytes=[
                            bytearray(b'\x1c\x08\x0e\x08\x16\x08\x08<3\xfe\xea\x1e\x1f\x03\x16\x01\x08\x1f\x18\x1f\x08\x1f\x06\x07\x06\x07\xe7\x17\x0b\x17\x19\x0f'),
                            None,
                            None,
                            None,
                        ], is_16bit=False, y_plus=0, y_minus=0, x=113, y=122),
                        Tile(mirror=False, invert=False, format=1, length=7, subtile_bytes=[
                            bytearray(b'G\xe0\x1f\x00\xff\x01\xff\x01\xff\x013\xcf\xf8\x1f\x1f\x00\xa4\xbc\xe8\xf8\xe0a\x00\x01\x06\x06\xfc\xfc\x00\xff\x00\x1f'),
                            bytearray(b'\xe0\xe0H\xf8\xb8\xfc>\xfcr\xfc\xce\xf0p\x80\x80\x00\x00 \x00\xe0\x00\xc0\x00\x80\x00\x0c\x00>\x00\xf0\x00\x80'),
                            None,
                            None,
                        ], is_16bit=False, y_plus=0, y_minus=0, x=127, y=129),
                        Tile(mirror=False, invert=False, format=1, length=7, subtile_bytes=[
                            bytearray(b'\x03\x14\x04\x1b\x00\x1e\x03\x0f\x19\x1f$?W\x7fq?\x1f\x1f\x1f\x1f\x1f\x1f\x0c\x0e\x00\x18\x008\x00`@?'),
                            bytearray(b'\xde6t\x88\x1ad\x07\xd8\x13\xcc\x9c\xc3`\xe0\xc0\x80\xf7\xff\xfb\xff\xfd\xff||/\x7f#\x7f\x00\xe0@\x80'),
                            None,
                            None,
                        ], is_16bit=False, y_plus=0, y_minus=0, x=111, y=129),
                        Tile(mirror=False, invert=False, format=0, length=4, subtile_bytes=[
                            bytearray(b'\xf0\x80\xe0\x00\xc0 \xe00\xe0p\xc0p\x90p\xd0\xf0\xd0P\xa0\xa0\x00\x00@P\x00\x10\x000\x00p\x00\xf0'),
                            None,
                            None,
                            None,
                        ], is_16bit=False, y_plus=0, y_minus=0, x=137, y=122),
                        Tile(mirror=False, invert=False, format=0, length=5, subtile_bytes=[
                            bytearray(b'~\x7f>?\x1f\x1f\x1f\x7f\x0f\xff\x06\xf7\xa1\x836\xf1\x7f\x80?\xc0\x1f\xe0\x7f\xe0\x1f\x90\x17\xd9\xe2\xde\xf8\xff'),
                            bytearray(b'\x04\xff\x12\xfd\x1f\xfb\x9f\xff\xff\xfe?\xfe\x03\xe0\x83\xe0\xf1\n\xf3\x0c\xff\x00\xff\x00\xff\x01~\xc0">\x00<'),
                            None,
                            None,
                        ], is_16bit=False, y_plus=0, y_minus=0, x=121, y=122),
                        Tile(mirror=False, invert=False, format=0, length=5, subtile_bytes=[
                            bytearray(b'\x1d\xe6\x01\xfe\x13\xff\x19\xff\x0e\xff\x00\xff\x00\xff\x00\xff\xf0\x92\xf0\n\xf1\x08\xf9\x04\xff\x00\xff\x00\xff\x00\xf1\n'),
                            bytearray(b'\x80\x00\xe0\x10\xf0\x00\xf8\x80x\xc0x\xc0x\xc0p\xc8\x80\xc000\x80\x80\xc8H\xc0\x00\xc0\x00\xc8\x08\xc8\x08'),
                            None,
                            None,
                        ], is_16bit=False, y_plus=0, y_minus=0, x=130, y=114),
                        Tile(mirror=False, invert=False, format=0, length=5, subtile_bytes=[
                            bytearray(b"\x00\x01\x03\x03\x0f3#\x1f\x13\x0b\x10\x00\x19\x08\x1c\x08\x01\x00\x03\x00\x0f\x00\'\x04\x13\x0c\x18\x0f\x18\x0f\x08\x1f"),
                            bytearray(b'd\xff\x00\xff\x80\xff\xe8\xd7\xa4\x9b\xa4\x1b\x9c\x07|\x7f\xfc\x02\xff\x00\xff\x00\xef\x10\xa7@G\xf0\x7f\xe0\x7f\x80'),
                            None,
                            None,
                        ], is_16bit=False, y_plus=0, y_minus=0, x=114, y=114),
                        Tile(mirror=False, invert=False, format=0, length=5, subtile_bytes=[
                            bytearray(b'\x00\x00\x00\x00\x00\x00\x00\x00\x80@\xc0b\x8ds\x0c{\x00\x00\x00\x00\x00\x00\x00\x00\x80\x00\x80\x02\x94V|b'),
                            bytearray(b'\x00\x00\x00\x00\x00\x00\x00\x00\x00\x00\x00\x00\x80\x00|\x82\x00\x00\x00\x00\x00\x00\x00\x00\x00\x00\x00\x00\x80\x80\x0e\x0e'),
                            None,
                            None,
                        ], is_16bit=False, y_plus=0, y_minus=0, x=122, y=106),
                        Tile(mirror=False, invert=False, format=0, length=7, subtile_bytes=[
                            bytearray(b'\x00D\x19b\x04cT!\x08\x13\x00\x16@\x14\xc0\x00\x03D}b<{^)l\x13\xe9\x16\xeb\x14\xff\x00'),
                            bytearray(b'\x00\x00\x00\x01\x80\x01@\x03\x90\x1f\x00?\x00~\x00| \x00\xe0\x01\xf0\x00\xf0\x82\xf0\r\xe01\xe0"\xf0\x1c'),
                            bytearray(b'W \x7f\x00\x7f\x00?\x00\x0f\x00\x07\x00\x00\x00\x00\x00_ \x7f\x00\x7f\x00?\x00\x0f\x00\x07\x00\x00\x00\x00\x00'),
                            bytearray(b'\x18\xf8|\x7f\xc8\x0f\xfb\x06\xff\x02\xfd\x02~\x00\x00\x00\xf8\x86~\x83\xce3\xf9\x05\xfd\x01\xfd\x01~\x02\x00\x00'),
                        ], is_16bit=False, y_plus=0, y_minus=0, x=128, y=105),
                        Tile(mirror=False, invert=False, format=0, length=7, subtile_bytes=[
                            bytearray(b'||\xfc\xfe\xfe\xff\xfb\xff\xfd\xffv\x7f\t\x0f\x06\x07||\xfc\xfe\xfc\xfd\xf8\xfc\xf8\xf8`x\x00\x0e\x03\x07'),
                            bytearray(b'\x00\x00\x00\x00\x00\x00@\xc0\xe0\xb8\xfe\xf8\xf8\xbe\xd0\xfe\x00\x00\x00\x00\x00\x00@\xc0`xbb\xe2\xe6\xc2\xe2'),
                            bytearray(b'\x01\x01\x01\x01\x00\x00\x00\x00\x00\x00\x00\x00\x00\x00\x00\x00\x01\x01\x00\x01\x00\x00\x00\x00\x00\x00\x00\x00\x00\x00\x00\x00'),
                            bytearray(b'\xa2\xfd\xa6\xfd\xdc\xe32, \x12\x00\x00\x00\x00\x00\x00\x81\xc1\x03\xc3\x0b\xeb\x1e>22\x00\x00\x00\x00\x00\x00'),
                        ], is_16bit=False, y_plus=0, y_minus=0, x=133, y=118),
                        Tile(mirror=False, invert=False, format=0, length=7, subtile_bytes=[
                            bytearray(b'\x00\x00\x00\x00\x00\x00\x00\x00\x00\x00\x00\x00\x07\x0f\x01\x1f\x00\x00\x00\x00\x00\x00\x00\x00\x00\x00\x00\x00\x00\x08\x00\x10'),
                            bytearray(b'\x00\x00\x00\x00\x00\x00\x00\x00\x00\x00hx\xbc\xfc\x94\xfc\x00\x00\x00\x00\x00\x00\x00\x00\x00\x00xx<|\x1c|'),
                            bytearray(b'\x11\x1f\x13\x1f\x0c\x1f\x00\x0f\x08\x0f\x07\x07\x03\x03\x00\x00\x00\x00\x00\x00\x00\x13\x00\x0f\x08\x0f\x07\x07\x03\x03\x00\x00'),
                            bytearray(b'\x9c\xfc\x1c\xfc<\xfcx\xf8\xe0\xe0\xe0\xe0\xc0\xc0\x00\x00\x1c|\x1c\xfc<\xfcx\xf8\xe0\xe0\xe0\xe0\xc0\xc0\x00\x00'),
                        ], is_16bit=False, y_plus=0, y_minus=0, x=113, y=103),
                    ]
                ),
                Mold(13, gridplane=False,
                    tiles=[
                        Tile(mirror=False, invert=False, format=1, length=7, subtile_bytes=[
                            bytearray(b'G\xe0\x1f\x00\xff\x01\xff\x01\xff\x013\xcf\xf8\x1f\x1f\x00\xa4\xbc\xe8\xf8\xe0a\x00\x01\x06\x06\xfc\xfc\x00\xff\x00\x1f'),
                            bytearray(b'\xe0\xe0H\xf8\xb8\xfc>\xfcr\xfc\xce\xf0p\x80\x80\x00\x00 \x00\xe0\x00\xc0\x00\x80\x00\x0c\x00>\x00\xf0\x00\x80'),
                            None,
                            None,
                        ], is_16bit=False, y_plus=0, y_minus=0, x=127, y=129),
                        Tile(mirror=False, invert=False, format=1, length=7, subtile_bytes=[
                            bytearray(b'\x03\x14\x04\x1b\x00\x1e\x03\x0f\x19\x1f$?W\x7fq?\x1f\x1f\x1f\x1f\x1f\x1f\x0c\x0e\x00\x18\x008\x00`@?'),
                            bytearray(b'\xde6t\x88\x1ad\x07\xd8\x13\xcc\x9c\xc3`\xe0\xc0\x80\xf7\xff\xfb\xff\xfd\xff||/\x7f#\x7f\x00\xe0@\x80'),
                            None,
                            None,
                        ], is_16bit=False, y_plus=0, y_minus=0, x=111, y=129),
                        Tile(mirror=False, invert=False, format=0, length=7, subtile_bytes=[
                            bytearray(b'\x1d\xe6\x01\xfe\x13\xff\x19\xff\x0e\xff\x00\xff\x00\xff\x00\xff\xf0\x92\xf0\n\xf1\x08\xf9\x04\xff\x00\xff\x00\xff\x00\xf1\n'),
                            bytearray(b'\x80\x00\xe0\x10\xf0\x00\xf8\x80x\xc0x\xc0x\xc0p\xc8\x80\xc000\x80\x80\xc8H\xc0\x00\xc0\x00\xc8\x08\xc8\x08'),
                            bytearray(b'\x04\xff\x12\xfd\x1f\xfb\x9f\xff\xff\xfe?\xfe\x03\xe0\x83\xe0\xf1\n\xf3\x0c\xff\x00\xff\x00\xff\x01~\xc0">\x00<'),
                            bytearray(b'\xf0\x80\xe0\x00\xc0 \xe00\xe0p\xc0p\x90p\xd0\xf0\xd0P\xa0\xa0\x00\x00@P\x00\x10\x000\x00p\x00\xf0'),
                        ], is_16bit=False, y_plus=0, y_minus=0, x=127, y=113),
                        Tile(mirror=False, invert=False, format=0, length=7, subtile_bytes=[
                            bytearray(b"\x00\x01\x03\x03\x0f3#\x1f\x13\x0b\x10\x00\x19\x08\x1c\x08\x01\x00\x03\x00\x0f\x00\'\x04\x13\x0c\x18\x0f\x18\x0f\x08\x1f"),
                            bytearray(b'd\xff\x00\xff\x80\xff\xe8\xd7\xa4\x9b\xa4\x1b\x9c\x07|\x7f\xfc\x02\xff\x00\xff\x00\xef\x10\xa7@G\xf0\x7f\xe0\x7f\x80'),
                            bytearray(b'\x1c\x08\x0e\x08\x16\x08\x08<3\xfe\xea\x1e\x1f\x03\x16\x01\x08\x1f\x18\x1f\x08\x1f\x06\x07\x06\x07\xe7\x17\x0b\x17\x19\x0f'),
                            bytearray(b'~\x7f>?\x1f\x1f\x1f\x7f\x0f\xff\x06\xf7\xa1\x836\xf1\x7f\x80?\xc0\x1f\xe0\x7f\xe0\x1f\x90\x17\xd9\xe2\xde\xf8\xff'),
                        ], is_16bit=False, y_plus=0, y_minus=0, x=111, y=113),
                        Tile(mirror=False, invert=False, format=0, length=5, subtile_bytes=[
                            bytearray(b'\x00\x00\x00\x00\x00\x00\x00\x00\x80@\xc0b\x8ds\x0c{\x00\x00\x00\x00\x00\x00\x00\x00\x80\x00\x80\x02\x94V|b'),
                            bytearray(b'\x00\x00\x00\x00\x00\x00\x00\x00\x00\x00\x00\x00\x80\x00|\x82\x00\x00\x00\x00\x00\x00\x00\x00\x00\x00\x00\x00\x80\x80\x0e\x0e'),
                            None,
                            None,
                        ], is_16bit=False, y_plus=0, y_minus=0, x=119, y=105),
                        Tile(mirror=False, invert=False, format=0, length=7, subtile_bytes=[
                            bytearray(b'\x00\x00\x00\x00\x00\x00\x00\x00\x00\x00\x00\x00\x07\x0f\x01\x1f\x00\x00\x00\x00\x00\x00\x00\x00\x00\x00\x00\x00\x00\x08\x00\x10'),
                            bytearray(b'\x00\x00\x00\x00\x00\x00\x00\x00\x00\x00hx\xbc\xfc\x94\xfc\x00\x00\x00\x00\x00\x00\x00\x00\x00\x00xx<|\x1c|'),
                            bytearray(b'\x11\x1f\x13\x1f\x0c\x1f\x00\x0f\x08\x0f\x07\x07\x03\x03\x00\x00\x00\x00\x00\x00\x00\x13\x00\x0f\x08\x0f\x07\x07\x03\x03\x00\x00'),
                            bytearray(b'\x9c\xfc\x1c\xfc<\xfcx\xf8\xe0\xe0\xe0\xe0\xc0\xc0\x00\x00\x1c|\x1c\xfc<\xfcx\xf8\xe0\xe0\xe0\xe0\xc0\xc0\x00\x00'),
                        ], is_16bit=False, y_plus=0, y_minus=0, x=111, y=103),
                        Tile(mirror=False, invert=False, format=0, length=7, subtile_bytes=[
                            bytearray(b'\x00D\x19b\x04cT!\x08\x13\x00\x16@\x14\xc0\x00\x03D}b<{^)l\x13\xe9\x16\xeb\x14\xff\x00'),
                            bytearray(b'\x00\x00\x00\x01\x80\x01@\x03\x90\x1f\x00?\x00~\x00| \x00\xe0\x01\xf0\x00\xf0\x82\xf0\r\xe01\xe0"\xf0\x1c'),
                            bytearray(b'W \x7f\x00\x7f\x00?\x00\x0f\x00\x07\x00\x00\x00\x00\x00_ \x7f\x00\x7f\x00?\x00\x0f\x00\x07\x00\x00\x00\x00\x00'),
                            bytearray(b'\x18\xf8|\x7f\xc8\x0f\xfb\x06\xff\x02\xfd\x02~\x00\x00\x00\xf8\x86~\x83\xce3\xf9\x05\xfd\x01\xfd\x01~\x02\x00\x00'),
                        ], is_16bit=False, y_plus=0, y_minus=0, x=127, y=103),
                        Tile(mirror=False, invert=False, format=0, length=7, subtile_bytes=[
                            bytearray(b'||\xfc\xfe\xfe\xff\xfb\xff\xfd\xffv\x7f\t\x0f\x06\x07||\xfc\xfe\xfc\xfd\xf8\xfc\xf8\xf8`x\x00\x0e\x03\x07'),
                            bytearray(b'\x00\x00\x00\x00\x00\x00@\xc0\xe0\xb8\xfe\xf8\xf8\xbe\xd0\xfe\x00\x00\x00\x00\x00\x00@\xc0`xbb\xe2\xe6\xc2\xe2'),
                            bytearray(b'\x01\x01\x01\x01\x00\x00\x00\x00\x00\x00\x00\x00\x00\x00\x00\x00\x01\x01\x00\x01\x00\x00\x00\x00\x00\x00\x00\x00\x00\x00\x00\x00'),
                            bytearray(b'\xa2\xfd\xa6\xfd\xdc\xe32, \x12\x00\x00\x00\x00\x00\x00\x81\xc1\x03\xc3\x0b\xeb\x1e>22\x00\x00\x00\x00\x00\x00'),
                        ], is_16bit=False, y_plus=0, y_minus=0, x=133, y=117),
                    ]
                ),
                Mold(14, gridplane=False,
                    tiles=[
                        Tile(mirror=False, invert=False, format=0, length=5, subtile_bytes=[
                            bytearray(b'F\x9b\x7f\x83u\x8b\x9fc\xe3\x7f\xef?\xf0\x1f\x1f\x00|?LN\\[\xfc\xe3\xc0\xfc@\xb0\x00\xff\x00\x1f'),
                            bytearray(b'\xe0\xe0H\xf8\xb8\xfc>\xfcr\xfc\xce\xf0p\x80\x80\x00\x00 \x00\xe0\x00\xc0\x00\x80\x00\x0c\x00>\x00\xf0\x00\x80'),
                            None,
                            None,
                        ], is_16bit=False, y_plus=0, y_minus=0, x=127, y=129),
                        Tile(mirror=False, invert=False, format=0, length=5, subtile_bytes=[
                            bytearray(b'\xf8\x03\x10\x03\x11\x00\x0f\x01\x0c\x07\x12\x1f+?8\x1f\xfe\x06\x1d\x0f\x1f\x1e\x0c\x03\x08\x04\x00\x1c\x000 \x1f'),
                            bytearray(b'\xa8\xcf\x84\x03\x18\x03\x86\xe1\x8f\xe0O\xe0\xb0\xf0\xe0\xc0<\\|\xf8\xe4\xfe>>\x11?\x10?\x00p \xc0'),
                            None,
                            None,
                        ], is_16bit=False, y_plus=0, y_minus=0, x=111, y=129),
                        Tile(mirror=False, invert=False, format=0, length=7, subtile_bytes=[
                            bytearray(b'\x1f\xf8\x07\xfc\x07\xfc\x83|\xc3<\x03\xfc\x03\xfc\x07\xfc\xfc\x04<\xe0\x1e\xb2\x9e\x12\xde"\xfe\x02\xfe\x02\xfc\x00'),
                            bytearray(b'\x80@\xc0\x00\x80\x00\x80\x00\x80\x00\x00\x00\x00\x00\x00\x00\xc0\xc0@@\x00\x00\x00\x00\x00\x00\x00\x00\x00\x00\x00\x00'),
                            bytearray(b'\x07\xfc\x8e\xf9\x9e\xf9\xee\xb9\xf7\xd1\xc7\x81\xda\x05;\xb5\xfc\x00\x8cD\xccD\xc80\xd0h\x84|\x06\xff\xfe\xf7'),
                            bytearray(b'\x00\x00\x00\x80\x80\xc0\xc0\xe0\xc0\xe0\x80\xe0 \xc0\xa0@\x00\x00\x00\x80\x00\x00\x00 \x00 \x00` \xc0\xa0@'),
                        ], is_16bit=False, y_plus=0, y_minus=0, x=383, y=114),
                        Tile(mirror=False, invert=False, format=0, length=7, subtile_bytes=[
                            bytearray(b"=\x071\x11\' A\x01\x11\xe1a\xf1\xc1!+!;21. \x1fA~\x01~\x01\x1e\xd1>r|"),
                            bytearray(b'\x8e\xf1\x89\x7fJ?\xd3\xfe\xe3\xff\xc0\xff\xe0\xffp\xff\xcfn\x8f\x00\xcf\x91\xfe!\xff\x00\xff\x00\xff\x00\x7f\x00'),
                            bytearray(b'n#t7>><\x1c=\x1c^\x0f\x1e\xe5\x1e\xe54xx???>\x1f>\x1fo?\xa6\xfd\x1e\xe4'),
                            bytearray(b'8\xff\xbe\xff\x7f\x7f\x1f\x1f\x0f\x0fC\x83`\x800\xc3\x7f@\x7f@\x7f\x80\x1f\xe0\x0f\xf0\xc3\xbc@\xbf*_'),
                        ], is_16bit=False, y_plus=0, y_minus=0, x=367, y=114),
                        Tile(mirror=False, invert=False, format=0, length=4, subtile_bytes=[
                            bytearray(b'\x00\x00\x00\x00\x01\x00\x03\x00\x07\x00\x0f\x01\x00\x1f\x16\x0f\x00\x00\x00\x00\x00\x00\x01\x01\x01\x01\x0b\n\x03\x12\x11\x19'),
                            None,
                            None,
                            None,
                        ], is_16bit=False, y_plus=0, y_minus=0, x=367, y=107),
                        Tile(mirror=False, invert=False, format=0, length=5, subtile_bytes=[
                            bytearray(b'\x00\x00\x00\x00\x80\x80\x00\xc0\x00\xe0 \xa0 \xe0\x80\xe0\x00\x00\x00\x00\x00\x00\x00\xc0\x00\xe0@\x80\x00\xc0\x80`'),
                            None,
                            bytearray(b' \xc0 \xc0`\xe0\xe0\xe0\x00\xe0\xc0\x00\x80\x00\x80\x00\xe0 \xe0`\x80\x80\x00\x00\x00\xe0\xc0\x00\x80\x00\x80\x80'),
                            None,
                        ], is_16bit=False, y_plus=0, y_minus=0, x=391, y=99),
                        Tile(mirror=False, invert=False, format=0, length=7, subtile_bytes=[
                            bytearray(b'\x00030\x148\x12=\x1c"\x10\x02\x08\x00\x15\x00\x000\x03\x02\x07#&/="\x1d\n\x0f\x00\x1f\x10'),
                            bytearray(b'\x00\x00\x01\x03#O.\r\x029@;\x18\x1f\xb0\x1f\x80\x00\xd0\x00\xbcD\xfe\x01\xfa4\xf86\xfcF\xf8\x0f'),
                            bytearray(b'\x01\x04\x03\x08\x80\x08\x90A\xb4A\xe4\x80\xe5\x80\x7f\xc0\x1b\x047\x087\x08\xfe\xc1\xfe\xc1\xdf`\xdfA\xe0 '),
                            bytearray(b' ?\x06\x9f\x03\x832\x03\x04\x11\x80\x04\xff\x00\xff\x00\xf9\x07\x7f\x80{\x9c\xee-\xff\x7f\x7f\xff\x81\x81\x00\x00'),
                        ], is_16bit=False, y_plus=0, y_minus=0, x=375, y=99),
                        Tile(mirror=False, invert=False, format=0, length=6, subtile_bytes=[
                            None,
                            bytearray(b'\x00\x00\x00\x00\x00\x00\x00\x00\x0c\xc2\xfe8\xe5>\x05\x1e\x00\x00\x00\x00\x00\x00\x00\x00\xc2\xc2\x84\x84\x83\x83\xe1\xe3'),
                            bytearray(b'\x00\x00\x03\x03\x06\x07\x01\x07\x10\x03\x00\x05\x00\x00\x00\x02\x01\x01\x00\x00\x00\x00\x18\x1c\x1c\x1f\x1e\x1f\x0f\x0f\x07\x07'),
                            bytearray(b'H\x0f\x13\x86\x84\xc6\x00\xf0`\xe0\xc0\xc0\x00\x00\x00\x00\xf1\xf7y\xff:~\x18\xf8\x10\xf0\x00\xc0\x00\x00\x00\x00'),
                        ], is_16bit=False, y_plus=0, y_minus=0, x=131, y=103),
                    ]
                ),
                Mold(15, gridplane=False,
                    tiles=[
                        Tile(mirror=False, invert=False, format=0, length=5, subtile_bytes=[
                            bytearray(b'F\x9b\x7f\x83u\x8b\x9fc\xe3\x7f\xef?\xf0\x1f\x1f\x00|?LN\\[\xfc\xe3\xc0\xfc@\xb0\x00\xff\x00\x1f'),
                            bytearray(b'\xe0\xe0H\xf8\xb8\xfc>\xfcr\xfc\xce\xf0p\x80\x80\x00\x00 \x00\xe0\x00\xc0\x00\x80\x00\x0c\x00>\x00\xf0\x00\x80'),
                            None,
                            None,
                        ], is_16bit=False, y_plus=0, y_minus=0, x=127, y=129),
                        Tile(mirror=False, invert=False, format=0, length=5, subtile_bytes=[
                            bytearray(b'\xf8\x03\x10\x03\x11\x00\x0f\x01\x0c\x07\x12\x1f+?8\x1f\xfe\x06\x1d\x0f\x1f\x1e\x0c\x03\x08\x04\x00\x1c\x000 \x1f'),
                            bytearray(b'\xa8\xcf\x84\x03\x18\x03\x86\xe1\x8f\xe0O\xe0\xb0\xf0\xe0\xc0<\\|\xf8\xe4\xfe>>\x11?\x10?\x00p \xc0'),
                            None,
                            None,
                        ], is_16bit=False, y_plus=0, y_minus=0, x=111, y=129),
                        Tile(mirror=False, invert=False, format=0, length=7, subtile_bytes=[
                            bytearray(b'\x1f\xf8\x07\xfc\x07\xfc\x83|\xc3<\x03\xfc\x03\xfc\x07\xfc\xfc\x04<\xe0\x1e\xb2\x9e\x12\xde"\xfe\x02\xfe\x02\xfc\x00'),
                            bytearray(b'\x80@\xc0\x00\x80\x00\x80\x00\x80\x00\x00\x00\x00\x00\x00\x00\xc0\xc0@@\x00\x00\x00\x00\x00\x00\x00\x00\x00\x00\x00\x00'),
                            bytearray(b'\x07\xfc\x8e\xf9\x9e\xf9\xee\xb9\xf7\xd1\xc7\x81\xda\x05;\xb5\xfc\x00\x8cD\xccD\xc80\xd0h\x84|\x06\xff\xfe\xf7'),
                            bytearray(b'\x00\x00\x00\x80\x80\xc0\xc0\xe0\xc0\xe0\x80\xe0 \xc0\xa0@\x00\x00\x00\x80\x00\x00\x00 \x00 \x00` \xc0\xa0@'),
                        ], is_16bit=False, y_plus=0, y_minus=0, x=383, y=113),
                        Tile(mirror=False, invert=False, format=0, length=7, subtile_bytes=[
                            bytearray(b"=\x071\x11\' A\x01\x11\xe1a\xf1\xc1!+!;21. \x1fA~\x01~\x01\x1e\xd1>r|"),
                            bytearray(b'\x8e\xf1\x89\x7fJ?\xd3\xfe\xe3\xff\xc0\xff\xe0\xffp\xff\xcfn\x8f\x00\xcf\x91\xfe!\xff\x00\xff\x00\xff\x00\x7f\x00'),
                            bytearray(b'n#t7>><\x1c=\x1c^\x0f\x1e\xe5\x1e\xe54xx???>\x1f>\x1fo?\xa6\xfd\x1e\xe4'),
                            bytearray(b'8\xff\xbe\xff\x7f\x7f\x1f\x1f\x0f\x0fC\x83`\x800\xc3\x7f@\x7f@\x7f\x80\x1f\xe0\x0f\xf0\xc3\xbc@\xbf*_'),
                        ], is_16bit=False, y_plus=0, y_minus=0, x=367, y=113),
                        Tile(mirror=False, invert=False, format=0, length=4, subtile_bytes=[
                            bytearray(b'\x00\x00\x00\x00\x01\x00\x03\x00\x07\x00\x0f\x01\x00\x1f\x16\x0f\x00\x00\x00\x00\x00\x00\x01\x01\x01\x01\x0b\n\x03\x12\x11\x19'),
                            None,
                            None,
                            None,
                        ], is_16bit=False, y_plus=0, y_minus=0, x=367, y=106),
                        Tile(mirror=False, invert=False, format=0, length=5, subtile_bytes=[
                            bytearray(b'\x00\x00\x00\x00\x80\x80\x00\xc0\x00\xe0 \xa0 \xe0\x80\xe0\x00\x00\x00\x00\x00\x00\x00\xc0\x00\xe0@\x80\x00\xc0\x80`'),
                            None,
                            bytearray(b' \xc0 \xc0`\xe0\xe0\xe0\x00\xe0\xc0\x00\x80\x00\x80\x00\xe0 \xe0`\x80\x80\x00\x00\x00\xe0\xc0\x00\x80\x00\x80\x80'),
                            None,
                        ], is_16bit=False, y_plus=0, y_minus=0, x=391, y=98),
                        Tile(mirror=False, invert=False, format=0, length=7, subtile_bytes=[
                            bytearray(b'\x00030\x148\x12=\x1c"\x10\x02\x08\x00\x15\x00\x000\x03\x02\x07#&/="\x1d\n\x0f\x00\x1f\x10'),
                            bytearray(b'\x00\x00\x01\x03#O.\r\x029@;\x18\x1f\xb0\x1f\x80\x00\xd0\x00\xbcD\xfe\x01\xfa4\xf86\xfcF\xf8\x0f'),
                            bytearray(b'\x01\x04\x03\x08\x80\x08\x90A\xb4A\xe4\x80\xe5\x80\x7f\xc0\x1b\x047\x087\x08\xfe\xc1\xfe\xc1\xdf`\xdfA\xe0 '),
                            bytearray(b' ?\x06\x9f\x03\x832\x03\x04\x11\x80\x04\xff\x00\xff\x00\xf9\x07\x7f\x80{\x9c\xee-\xff\x7f\x7f\xff\x81\x81\x00\x00'),
                        ], is_16bit=False, y_plus=0, y_minus=0, x=375, y=98),
                        Tile(mirror=False, invert=False, format=0, length=6, subtile_bytes=[
                            None,
                            bytearray(b'\x00\x00\x00\x00\x00\x00\x00\x00\x0c\xc2\xfe8\xe5>\x05\x1e\x00\x00\x00\x00\x00\x00\x00\x00\xc2\xc2\x84\x84\x83\x83\xe1\xe3'),
                            bytearray(b'\x00\x00\x03\x03\x06\x07\x01\x07\x10\x03\x00\x05\x00\x00\x00\x02\x01\x01\x00\x00\x00\x00\x18\x1c\x1c\x1f\x1e\x1f\x0f\x0f\x07\x07'),
                            bytearray(b'H\x0f\x13\x86\x84\xc6\x00\xf0`\xe0\xc0\xc0\x00\x00\x00\x00\xf1\xf7y\xff:~\x18\xf8\x10\xf0\x00\xc0\x00\x00\x00\x00'),
                        ], is_16bit=False, y_plus=0, y_minus=0, x=132, y=102),
                    ]
                ),
                Mold(16, gridplane=False,
                    tiles=[
                        Tile(mirror=False, invert=False, format=0, length=5, subtile_bytes=[
                            bytearray(b'\x1f\xf8\x07\xfc\x07\xfc\x83|\xc3<\x03\xfc\x03\xfc\x07\xfc\xfc\x04<\xe0\x1e\xb2\x9e\x12\xde"\xfe\x02\xfe\x02\xfc\x00'),
                            bytearray(b'\x80@\xc0\x00\x80\x00\x80\x00\x80\x00\x00\x00\x00\x00\x00\x00\xc0\xc0@@\x00\x00\x00\x00\x00\x00\x00\x00\x00\x00\x00\x00'),
                            None,
                            None,
                        ], is_16bit=False, y_plus=0, y_minus=0, x=127, y=113),
                        Tile(mirror=False, invert=False, format=0, length=5, subtile_bytes=[
                            bytearray(b"=\x071\x11\' A\x01\x11\xe1a\xf1\xc1!+!;21. \x1fA~\x01~\x01\x1e\xd1>r|"),
                            bytearray(b'\x8e\xf1\x89\x7fJ?\xd3\xfe\xe3\xff\xc0\xff\xe0\xffp\xff\xcfn\x8f\x00\xcf\x91\xfe!\xff\x00\xff\x00\xff\x00\x7f\x00'),
                            None,
                            None,
                        ], is_16bit=False, y_plus=0, y_minus=0, x=111, y=113),
                        Tile(mirror=False, invert=False, format=0, length=7, subtile_bytes=[
                            bytearray(b'\x07\xfc\x8e\xf9\x9e\xf9\xee\xb9\xf7\xd1\xc7\x81\xda\x05;\xb5\xfc\x00\x8cD\xccD\xc80\xd0h\x84|\x06\xff\xfe\xf7'),
                            bytearray(b'\x00\x00\x00\x80\x80\xc0\xc0\xe0\xc0\xe0\x80\xe0 \xc0\xa0@\x00\x00\x00\x80\x00\x00\x00 \x00 \x00` \xc0\xa0@'),
                            bytearray(b'F\x9b\x7f\x83u\x8b\x9fc\xe3\x7f\xef?\xf0\x1f\x1f\x00|?LN\\[\xfc\xe3\xc0\xfc@\xb0\x00\xff\x00\x1f'),
                            bytearray(b'\xe0\xe0H\xf8\xb8\xfc>\xfcr\xfc\xce\xf0p\x80\x80\x00\x00 \x00\xe0\x00\xc0\x00\x80\x00\x0c\x00>\x00\xf0\x00\x80'),
                        ], is_16bit=False, y_plus=0, y_minus=0, x=127, y=121),
                        Tile(mirror=False, invert=False, format=0, length=7, subtile_bytes=[
                            bytearray(b'n#t7>><\x1c=\x1c^\x0f\x1e\xe5\x1e\xe54xx???>\x1f>\x1fo?\xa6\xfd\x1e\xe4'),
                            bytearray(b'8\xff\xbe\xff\x7f\x7f\x1f\x1f\x0f\x0fC\x83`\x800\xc3\x7f@\x7f@\x7f\x80\x1f\xe0\x0f\xf0\xc3\xbc@\xbf*_'),
                            bytearray(b'\xf8\x03\x10\x03\x11\x00\x0f\x01\x0c\x07\x12\x1f+?8\x1f\xfe\x06\x1d\x0f\x1f\x1e\x0c\x03\x08\x04\x00\x1c\x000 \x1f'),
                            bytearray(b'\xa8\xcf\x84\x03\x18\x03\x86\xe1\x8f\xe0O\xe0\xb0\xf0\xe0\xc0<\\|\xf8\xe4\xfe>>\x11?\x10?\x00p \xc0'),
                        ], is_16bit=False, y_plus=0, y_minus=0, x=111, y=121),
                        Tile(mirror=False, invert=False, format=0, length=4, subtile_bytes=[
                            bytearray(b'\x00\x00\x00\x00\x01\x00\x03\x00\x07\x00\x0f\x01\x00\x1f\x16\x0f\x00\x00\x00\x00\x00\x00\x01\x01\x01\x01\x0b\n\x03\x12\x11\x19'),
                            None,
                            None,
                            None,
                        ], is_16bit=False, y_plus=0, y_minus=0, x=367, y=105),
                        Tile(mirror=False, invert=False, format=0, length=5, subtile_bytes=[
                            bytearray(b'\x00\x00\x00\x00\x80\x80\x00\xc0\x00\xe0 \xa0 \xe0\x80\xe0\x00\x00\x00\x00\x00\x00\x00\xc0\x00\xe0@\x80\x00\xc0\x80`'),
                            None,
                            bytearray(b' \xc0 \xc0`\xe0\xe0\xe0\x00\xe0\xc0\x00\x80\x00\x80\x00\xe0 \xe0`\x80\x80\x00\x00\x00\xe0\xc0\x00\x80\x00\x80\x80'),
                            None,
                        ], is_16bit=False, y_plus=0, y_minus=0, x=391, y=97),
                        Tile(mirror=False, invert=False, format=0, length=7, subtile_bytes=[
                            bytearray(b'\x00030\x148\x12=\x1c"\x10\x02\x08\x00\x15\x00\x000\x03\x02\x07#&/="\x1d\n\x0f\x00\x1f\x10'),
                            bytearray(b'\x00\x00\x01\x03#O.\r\x029@;\x18\x1f\xb0\x1f\x80\x00\xd0\x00\xbcD\xfe\x01\xfa4\xf86\xfcF\xf8\x0f'),
                            bytearray(b'\x01\x04\x03\x08\x80\x08\x90A\xb4A\xe4\x80\xe5\x80\x7f\xc0\x1b\x047\x087\x08\xfe\xc1\xfe\xc1\xdf`\xdfA\xe0 '),
                            bytearray(b' ?\x06\x9f\x03\x832\x03\x04\x11\x80\x04\xff\x00\xff\x00\xf9\x07\x7f\x80{\x9c\xee-\xff\x7f\x7f\xff\x81\x81\x00\x00'),
                        ], is_16bit=False, y_plus=0, y_minus=0, x=375, y=97),
                        Tile(mirror=False, invert=False, format=0, length=6, subtile_bytes=[
                            None,
                            bytearray(b'\x00\x00\x00\x00\x00\x00\x00\x00\x0c\xc2\xfe8\xe5>\x05\x1e\x00\x00\x00\x00\x00\x00\x00\x00\xc2\xc2\x84\x84\x83\x83\xe1\xe3'),
                            bytearray(b'\x00\x00\x03\x03\x06\x07\x01\x07\x10\x03\x00\x05\x00\x00\x00\x02\x01\x01\x00\x00\x00\x00\x18\x1c\x1c\x1f\x1e\x1f\x0f\x0f\x07\x07'),
                            bytearray(b'H\x0f\x13\x86\x84\xc6\x00\xf0`\xe0\xc0\xc0\x00\x00\x00\x00\xf1\xf7y\xff:~\x18\xf8\x10\xf0\x00\xc0\x00\x00\x00\x00'),
                        ], is_16bit=False, y_plus=0, y_minus=0, x=133, y=101),
                    ]
                ),
                Mold(17, gridplane=False,
                    tiles=[
                        Tile(mirror=False, invert=False, format=0, length=6, subtile_bytes=[
                            bytearray(b'R>}?\x86\x7f\xa3\x7f\x01\xff\xbf\x7f\x82\x7f\x11\x1c@N@C\xc0\xc1\xc0\xc0\x80\x80\x80\x80\x80\xf1\x03\x03'),
                            bytearray(b'\x00\x00\x00\x00\x80\xb8\x10\x9c$\x9c\x04\x9eB\x1e:>\x00\x00\xe0\xe0`\xf8`\xec@\xc0`\xe2\xe0\xe0\xc0\xc0'),
                            None,
                            bytearray(b"B~\'?\'?2>\x1c\x1c\x00\x00\x00\x00\x00\x00\x00x\x009\x009\x01?\x03\x1f\x1f\x1f\x1e\x1e\x00\x00"),
                        ], is_16bit=False, y_plus=0, y_minus=0, x=121, y=103),
                        Tile(mirror=False, invert=False, format=0, length=4, subtile_bytes=[
                            bytearray(b'~\xff\xbe\xff\xde\xff\xdd\xff\x9d~\x1a\xfe\xf2\xfe\xfe\x0c\x00\xe1\x00a\x001\x003\x81\xf2\x80\xf6\x00\xfe\xf2\x0c'),
                            None,
                            None,
                            None,
                        ], is_16bit=False, y_plus=0, y_minus=0, x=134, y=123),
                        Tile(mirror=False, invert=False, format=0, length=6, subtile_bytes=[
                            bytearray(b'\x83\xfc\xc7\xfc\xc7\xfc\xc1\xd8! w$\xff~\x1f\xe0\xfe\x02\xe6"\xe6*\xf9?3\xfe,\xffx\xff\xff\xe0'),
                            None,
                            bytearray(b'\x1f\xe04\xe0\x00\xe0\xe0@\x00@\x00\x00\x00\x00\x00\x00\x1c\x03\x18\x8c\x80\x80\xa0\x00\x00@\x00\x00\x00\x00\x00\x00'),
                            bytearray(b'\xf8\x00\x00\x00\x00\x00\x00\x00\x00\x00\x00\x00\x00\x00\x00\x00\xf8\x00\x00\x00\x00\x00\x00\x00\x00\x00\x00\x00\x00\x00\x00\x00'),
                        ], is_16bit=False, y_plus=0, y_minus=0, x=126, y=122),
                        Tile(mirror=False, invert=False, format=0, length=7, subtile_bytes=[
                            bytearray(b'\x1b8\x0e\x0f\x1d\r\x06\x05\x17\x07\x17\x03\x17!\r`=>\x1f\x1f\x1e\x0e\x0e\r\x1f\x0f\x1b\x0f+=q|'),
                            bytearray(b'?\xff\x9f\xff\x0f\xef\xc3\x03\xa0\x80\xdc\xc0\xf3\xf0\xcfn\x7f\xc0? /0\xc3<\xc0\xff\xe0\xff\xfc\xff\xbf>'),
                            bytearray(b'\x00\x00\x00\x00\x01\x00\x03\x00\x06\x07\t\x0f\x15\x1f\x1c\x0f\x00\x00\x00\x00\x01\x00\x02\x01\x00\x06\x00\x0e\x00\x18\x10\x0f'),
                            bytearray(b'\xfaka\xc0\xd1`\xc0\xf0G\xf0&\xf0\xd8\xf0p\xe0\x8f\x1f\x1e\xbf\xae\x7f\x1f\x9f\x08\x1f\x08\x1e\x080\x10\xe0'),
                        ], is_16bit=False, y_plus=0, y_minus=0, x=110, y=122),
                        Tile(mirror=False, invert=False, format=0, length=4, subtile_bytes=[
                            bytearray(b'\xc0\x00\xc0\x00\xc0\x00\xc0\x00\xf0\x0c\xf4\n\xf5\n\xfdz\x00\x00@@@@@@llZZ~>\x07g'),
                            None,
                            None,
                            None,
                        ], is_16bit=False, y_plus=0, y_minus=0, x=135, y=115),
                        Tile(mirror=False, invert=False, format=0, length=6, subtile_bytes=[
                            bytearray(b'&\x1f"\x0f#\x06\t@\x80\x01\xbf\xc0\xff\x00\xf7\x08\xff\x01\xff\x11\xff8\xff~\xbf\x7f\xf0\xf0\x80\x80<4'),
                            bytearray(b'\xe0\xe0 \xc0\xc0\x00\x00\x00\x00\x00\x80\x00\xc0\x00\xc0\x00\x00\x00 \xe0\xc0\xc0\x00\x00\x00\x00\x00\x00\x00\x00\x00\x00'),
                            bytearray(b'\x03\xfc\x01\xfe\x01\xfe\x01\xfe\x81\xfe\xc1\xfe\x01\xfe\x01\xfe\xfe\x02\xfe\xc0\x1f\x81\x9f\x81\xdf\xe1\xff\x01\xfe\x00\xfe\x00'),
                            None,
                        ], is_16bit=False, y_plus=0, y_minus=0, x=127, y=106),
                        Tile(mirror=False, invert=False, format=0, length=7, subtile_bytes=[
                            bytearray(b'\x00\x00\x01\x00\x03\x00\x05\x02\x04\x02\x0b\x07\x06\x0f\x04\x1f\x00\x00\x01\x01\x03\x02\x06\x07\x06\x07\x0f\x0c\x0f\x08\x01\x01'),
                            bytearray(b'!\x00\xc2\x00\x92@\x94\x80\xc4\x80\xc4\x80\xf9\x80/\xc09\x06\xff\x80\xff\xc0\xff\x00\xff \xff \xdf$\xfe\n'),
                            bytearray(b'\x10\x1f\x19\x17 \x00 \x00\r!P\xf0\xb4P<X\x11\t\x17\x0e ?!\x1f3?>?\xf8\xdfx_'),
                            bytearray(b'\x1f\xe0\x00\xff\x00\xff\x00\x7f\xd3\xbf\xfb\xff~\x7f??\xe7\x07\xcfP\x8f\x81\xcf\xd1\xbf\xe1\xff\x00\x7f\x80?\xc0'),
                        ], is_16bit=False, y_plus=0, y_minus=0, x=111, y=106),
                        Tile(mirror=False, invert=False, format=0, length=4, subtile_bytes=[
                            bytearray(b'\x00\x00\x00\x00\x80\x80\x00\xc0\x00\xe0 \xa0 \xe0\x80\xe0\x00\x00\x00\x00\x00\x00\x00\xc0\x00\xe0@\x80\x00\xc0\x80`'),
                            None,
                            None,
                            None,
                        ], is_16bit=False, y_plus=0, y_minus=0, x=132, y=98),
                        Tile(mirror=False, invert=False, format=0, length=5, subtile_bytes=[
                            bytearray(b'\x00030\x148\x12=\x1c"\x10\x02\x08\x00\x15\x00\x000\x03\x02\x07#&/="\x1d\n\x0f\x00\x1f\x10'),
                            bytearray(b'\x00\x00\x01\x03#O.\r\x029@;\x18\x1f\xb0\x1f\x80\x00\xd0\x00\xbcD\xfe\x01\xfa4\xf86\xfcF\xf8\x0f'),
                            None,
                            None,
                        ], is_16bit=False, y_plus=0, y_minus=0, x=116, y=98),
                    ]
                ),
                Mold(18, gridplane=False,
                    tiles=[
                        Tile(mirror=False, invert=False, format=0, length=6, subtile_bytes=[
                            bytearray(b'R>}?\x86\x7f\xa3\x7f\x01\xff\xbf\x7f\x82\x7f\x11\x1c@N@C\xc0\xc1\xc0\xc0\x80\x80\x80\x80\x80\xf1\x03\x03'),
                            bytearray(b'\x00\x00\x00\x00\x80\xb8\x10\x9c$\x9c\x04\x9eB\x1e:>\x00\x00\xe0\xe0`\xf8`\xec@\xc0`\xe2\xe0\xe0\xc0\xc0'),
                            None,
                            bytearray(b"B~\'?\'?2>\x1c\x1c\x00\x00\x00\x00\x00\x00\x00x\x009\x009\x01?\x03\x1f\x1f\x1f\x1e\x1e\x00\x00"),
                        ], is_16bit=False, y_plus=0, y_minus=0, x=117, y=102),
                        Tile(mirror=False, invert=False, format=0, length=7, subtile_bytes=[
                            bytearray(b'\x83\xfc\xc7\xfc\xc7\xfc\xc1\xd8! w$\xff~\x1f\xe0\xfe\x02\xe6"\xe6*\xf9?3\xfe,\xffx\xff\xff\xe0'),
                            bytearray(b'~\xff\xbe\xff\xde\xff\xdd\xff\x9d~\x1a\xfe\xf2\xfe\xfe\x0c\x00\xe1\x00a\x001\x003\x81\xf2\x80\xf6\x00\xfe\xf2\x0c'),
                            bytearray(b'\x1f\xe04\xe0\x00\xe0\xe0@\x00@\x00\x00\x00\x00\x00\x00\x1c\x03\x18\x8c\x80\x80\xa0\x00\x00@\x00\x00\x00\x00\x00\x00'),
                            bytearray(b'\xf8\x00\x00\x00\x00\x00\x00\x00\x00\x00\x00\x00\x00\x00\x00\x00\xf8\x00\x00\x00\x00\x00\x00\x00\x00\x00\x00\x00\x00\x00\x00\x00'),
                        ], is_16bit=False, y_plus=0, y_minus=0, x=125, y=122),
                        Tile(mirror=False, invert=False, format=0, length=7, subtile_bytes=[
                            bytearray(b'\x1b8\x0e\x0f\x1d\r\x06\x05\x17\x07\x17\x03\x17!\r`=>\x1f\x1f\x1e\x0e\x0e\r\x1f\x0f\x1b\x0f+=q|'),
                            bytearray(b'?\xff\x9f\xff\x0f\xef\xc3\x03\xa0\x80\xdc\xc0\xf3\xf0\xcfn\x7f\xc0? /0\xc3<\xc0\xff\xe0\xff\xfc\xff\xbf>'),
                            bytearray(b'\x00\x00\x00\x00\x01\x00\x03\x00\x06\x07\t\x0f\x15\x1f\x1c\x0f\x00\x00\x00\x00\x01\x00\x02\x01\x00\x06\x00\x0e\x00\x18\x10\x0f'),
                            bytearray(b'\xfaka\xc0\xd1`\xc0\xf0G\xf0&\xf0\xd8\xf0p\xe0\x8f\x1f\x1e\xbf\xae\x7f\x1f\x9f\x08\x1f\x08\x1e\x080\x10\xe0'),
                        ], is_16bit=False, y_plus=0, y_minus=0, x=109, y=122),
                        Tile(mirror=False, invert=False, format=0, length=7, subtile_bytes=[
                            bytearray(b'&\x1f"\x0f#\x06\t@\x80\x01\xbf\xc0\xff\x00\xf7\x08\xff\x01\xff\x11\xff8\xff~\xbf\x7f\xf0\xf0\x80\x80<4'),
                            bytearray(b'\xe0\xe0 \xc0\xc0\x00\x00\x00\x00\x00\x80\x00\xc0\x00\xc0\x00\x00\x00 \xe0\xc0\xc0\x00\x00\x00\x00\x00\x00\x00\x00\x00\x00'),
                            bytearray(b'\x03\xfc\x01\xfe\x01\xfe\x01\xfe\x81\xfe\xc1\xfe\x01\xfe\x01\xfe\xfe\x02\xfe\xc0\x1f\x81\x9f\x81\xdf\xe1\xff\x01\xfe\x00\xfe\x00'),
                            bytearray(b'\xc0\x00\xc0\x00\xc0\x00\xc0\x00\xf0\x0c\xf4\n\xf5\n\xfdz\x00\x00@@@@@@llZZ~>\x07g'),
                        ], is_16bit=False, y_plus=0, y_minus=0, x=125, y=106),
                        Tile(mirror=False, invert=False, format=0, length=7, subtile_bytes=[
                            bytearray(b'\x00\x00\x01\x00\x03\x00\x05\x02\x04\x02\x0b\x07\x06\x0f\x04\x1f\x00\x00\x01\x01\x03\x02\x06\x07\x06\x07\x0f\x0c\x0f\x08\x01\x01'),
                            bytearray(b'!\x00\xc2\x00\x92@\x94\x80\xc4\x80\xc4\x80\xf9\x80/\xc09\x06\xff\x80\xff\xc0\xff\x00\xff \xff \xdf$\xfe\n'),
                            bytearray(b'\x10\x1f\x19\x17 \x00 \x00\r!P\xf0\xb4P<X\x11\t\x17\x0e ?!\x1f3?>?\xf8\xdfx_'),
                            bytearray(b'\x1f\xe0\x00\xff\x00\xff\x00\x7f\xd3\xbf\xfb\xff~\x7f??\xe7\x07\xcfP\x8f\x81\xcf\xd1\xbf\xe1\xff\x00\x7f\x80?\xc0'),
                        ], is_16bit=False, y_plus=0, y_minus=0, x=365, y=106),
                        Tile(mirror=False, invert=False, format=0, length=4, subtile_bytes=[
                            bytearray(b'\x00\x00\x00\x00\x80\x80\x00\xc0\x00\xe0 \xa0 \xe0\x80\xe0\x00\x00\x00\x00\x00\x00\x00\xc0\x00\xe0@\x80\x00\xc0\x80`'),
                            None,
                            None,
                            None,
                        ], is_16bit=False, y_plus=0, y_minus=0, x=386, y=98),
                        Tile(mirror=False, invert=False, format=0, length=5, subtile_bytes=[
                            bytearray(b'\x00030\x148\x12=\x1c"\x10\x02\x08\x00\x15\x00\x000\x03\x02\x07#&/="\x1d\n\x0f\x00\x1f\x10'),
                            bytearray(b'\x00\x00\x01\x03#O.\r\x029@;\x18\x1f\xb0\x1f\x80\x00\xd0\x00\xbcD\xfe\x01\xfa4\xf86\xfcF\xf8\x0f'),
                            None,
                            None,
                        ], is_16bit=False, y_plus=0, y_minus=0, x=370, y=98),
                    ]
                ),
                Mold(19, gridplane=False,
                    tiles=[
                        Tile(mirror=False, invert=False, format=0, length=5, subtile_bytes=[
                            bytearray(b'\x149.8W(\x7f\x00?CGy;~b\x7f\x07+\x07\x01~8o)\x08x\x06\x08\x01F\x00_'),
                            bytearray(b"\xf0\x00\x0f\x00D\x012\x01\xf1\x03r\xfe\xad|n\x83\x7f\x9f\xff\xf0\xfe\x83\xde\x83\xfc\'\x01\x8f\x83^|\x93"),
                            None,
                            None,
                        ], is_16bit=False, y_plus=0, y_minus=0, x=112, y=108),
                        Tile(mirror=False, invert=False, format=0, length=5, subtile_bytes=[
                            bytearray(b'\xf7\xe8\xef\xf2\xfa\xfero;$\x17\x08\n\x11\x00\x00\xf3\xf8\xed\xff\xe1\xe7eg,,\t\r\x11\x19\x00\x00'),
                            bytearray(b'\x98\x00\x18\x00\x18\x00\x10\x00\x80\x90P\xa0\x90 \x00\x00\xf8\xe0\xf8\xe0\xf8\xe0\xf8\xe8x\xf8\xe0\xf0 \xb0\x00\x00'),
                            None,
                            None,
                        ], is_16bit=False, y_plus=0, y_minus=0, x=128, y=124),
                        Tile(mirror=False, invert=False, format=0, length=7, subtile_bytes=[
                            bytearray(b'I\x7fO;.Q\x07!\x05\x07\x18\x0fJ7\x1ea\x00zPZZY&%\x18\x1e0.||tt'),
                            bytearray(b'\xff\x81\xf7\xc18\xc0x\x80\x9e\xf0N\xf0N\xf0\x9f\xf7~\x01>I?\xc7\x7f\x87\x0fq\x0f1\x0f1\x0fw'),
                            bytearray(b'?\x00\x0e\x11\x01\x03\x00\x00\x00\x00\x00\x00\x00\x00\x00\x00\t)\x13\x1b\x03\x03\x00\x00\x00\x00\x00\x00\x00\x00\x00\x00'),
                            bytearray(b'\xff\xff\xff\xff\x81\x81\x00\x00\x00\x00\x00\x00\x00\x00\x00\x00?\xff\xff\xff\x81\x81\x00\x00\x00\x00\x00\x00\x00\x00\x00\x00'),
                        ], is_16bit=False, y_plus=0, y_minus=0, x=112, y=116),
                        Tile(mirror=False, invert=False, format=0, length=7, subtile_bytes=[
                            bytearray(b'?\xe0n\x91\xbc\x877\x07{g\xfb\x0f\xf9\xef-\xcf\x01\xfcW\xbb@\xff\xf8\xcc\x98\xe4\xf0\x0c\x10\xec0\xd8'),
                            bytearray(b'Jt\xa1~\xaa\xa4j\xe4f\xe8\xea\xc4\xa8\xe4\xac\xc0\xfe\xfc\x7f\xff\x7f\xfd<\xfe>\xfc>V\x1ct<P'),
                            bytearray(b'\xe4\x8bo\xd0\xff\x00&\x1f\x9e\xbf\xe6\xdf\xe4\xdf\xe1\xfet\x9d\x1a\xfa\xcf7\xf1\xd1\xa0\xa1\xc0\xc9\xc1\xdb\xea\xef'),
                            bytearray(b'<\xc0x\x80\xd8@\x90\x80p\x80p\x80\xb8\x00\xb8\x00\\\xe0\x98\xe08\xe0p\xe00\xc0\xb0\xc0\xf8@x\xc0'),
                        ], is_16bit=False, y_plus=0, y_minus=0, x=128, y=108),
                        Tile(mirror=False, invert=False, format=0, length=7, subtile_bytes=[
                            bytearray(b'\x00\x00\x00\x01\x00\x01\x00\x01\x00\x00\x00\x00\x00\x00\x00\x00\x00\x00\x00\x01\x00\x01\x00\x01\x01\x00\x01\x00\x01\x00\x01\x00'),
                            bytearray(b'\x80\x80@\x81A\x82%\xc2d\xe0\x12\xf0#\x7fA\xbe\x01\x00F\x01M\x02-B\x1f\x01\x1e\xa1\xff@\x7f\x80'),
                            bytearray(b'\x00\x00\x02\x03\x04\x03\x00\x07\x04\x07\r\x07\x0e\x13\x17\x18\x01\x01\x03\x00\x05\x03\x00\x06\x00\x02\x08\x02\x08\x11\x07\x0c'),
                            bytearray(b'\x88r\x11p0\xe16\xf6\x87\xf9\xb6\x7f\xec\xf3\x13\xe0\xf9\x06\xff\x80\x7f\xc7?I\x07x\x80I\x0c\x13\r\xee'),
                        ], is_16bit=False, y_plus=0, y_minus=0, x=112, y=92),
                        Tile(mirror=False, invert=False, format=0, length=7, subtile_bytes=[
                            bytearray(b' \x00\xc0\x00\xf1\x02M\x02\xb1\x0e\xa5\x9aG;\rs\xe0\x00\x80@\xf1\x02\xfd\x92u\x86\xc73C\xac\x8f\x00'),
                            bytearray(b'\x00\x00\x00\x00\x00\x00\x00\x00\x00\x00`\x18@\xf8\x00\xf0\x00\x00\x00\x00\x00\x00\x00\x00\x00\x00`\x10\x80\xa8\x90\x10'),
                            bytearray(b'\x89\x7f\xff\x8d\x9d\x8em>{\xf47\x18\xc7`~\xe1\x9f^\xef\x9e\xff\xff>\xfe\xfc>\x18\xfe\x98>\t\xbf'),
                            bytearray(b'\x10\xe0\xe0\x80\x08\x08d\xe0\xb03\xc1\x02\xc60r\x8c0\xe0\xc08(\xf0\xe4\x98\xb0\xccA~r|\xfc\xfe'),
                        ], is_16bit=False, y_plus=0, y_minus=0, x=128, y=92),
                    ]
                ),
                Mold(20, gridplane=False,
                    tiles=[
                        Tile(mirror=False, invert=False, format=0, length=5, subtile_bytes=[
                            bytearray(b'\x13<+<V(~\x00?@Gy;\x7fb\x7f\x03,\x03\x04\x7f9o)\x0bx\x00\x0e\x00G\x00_'),
                            bytearray(b'\x00\x00\x0e\x003\x00\xc1\x00\x99\x00\xf8\x83\xb9\xfeV\xff\xff\xff\xff\xf1\xff\xc0\x7f\x00\xef\xc1|\x13\x01F\x00\xef'),
                            None,
                            None,
                        ], is_16bit=False, y_plus=0, y_minus=0, x=112, y=108),
                        Tile(mirror=False, invert=False, format=0, length=5, subtile_bytes=[
                            bytearray(b'\xf7\xe8\xef\xf2\xfa\xfero;$\x17\x08\n\x11\x00\x00\xf3\xf8\xed\xff\xe1\xe7eg,,\t\r\x11\x19\x00\x00'),
                            bytearray(b'\x98\x00\x18\x00\x18\x00\x10\x00\x80\x90P\xa0\x90 \x00\x00\xf8\xe0\xf8\xe0\xf8\xe0\xf8\xe8x\xf8\xe0\xf0 \xb0\x00\x00'),
                            None,
                            None,
                        ], is_16bit=False, y_plus=0, y_minus=0, x=128, y=124),
                        Tile(mirror=False, invert=False, format=0, length=7, subtile_bytes=[
                            bytearray(b'I\x7fO;.Q\x07!\x05\x07\x18\x0fJ7\x1ea\x00zPZZY&%\x18\x1e0.||tt'),
                            bytearray(b'\xff\x81\xf7\xc18\xc0x\x80\x9e\xf0N\xf0N\xf0\x9f\xf7~\x01>I?\xc7\x7f\x87\x0fq\x0f1\x0f1\x0fw'),
                            bytearray(b'?\x00\x0e\x11\x01\x03\x00\x00\x00\x00\x00\x00\x00\x00\x00\x00\t)\x13\x1b\x03\x03\x00\x00\x00\x00\x00\x00\x00\x00\x00\x00'),
                            bytearray(b'\xff\xff\xff\xff\x81\x81\x00\x00\x00\x00\x00\x00\x00\x00\x00\x00?\xff\xff\xff\x81\x81\x00\x00\x00\x00\x00\x00\x00\x00\x00\x00'),
                        ], is_16bit=False, y_plus=0, y_minus=0, x=112, y=116),
                        Tile(mirror=False, invert=False, format=0, length=7, subtile_bytes=[
                            bytearray(b'\x1fp.q\x9cGw\xc7;\xa7{\x0f\xf9\xef-\xcf\x81\xfc\x97\xfb\xa0\x7f8\xccX\xe4\xf0\x8c\x10\xec0\xd8'),
                            bytearray(b'Jt\xa1~\xaa\xa4j\xe4f\xe8\xea\xc4\xa8\xe4\xac\xc0\xfe\xfc\x7f\xff\x7f\xfd<\xfe>\xfc>V\x1ct<P'),
                            bytearray(b'\xe4\x8bo\xd0\xff\x00&\x1f\x9e\xbf\xe6\xdf\xe4\xdf\xe1\xfet\x9d\x1a\xfa\xcf7\xf1\xd1\xa0\xa1\xc0\xc9\xc1\xdb\xea\xef'),
                            bytearray(b'<\xc0x\x80\xd8@\x90\x80p\x80p\x80\xb8\x00\xb8\x00\\\xe0\x98\xe08\xe0p\xe00\xc0\xb0\xc0\xf8@x\xc0'),
                        ], is_16bit=False, y_plus=0, y_minus=0, x=128, y=108),
                        Tile(mirror=False, invert=False, format=0, length=6, subtile_bytes=[
                            None,
                            bytearray(b'@@ \xc0 \xc1\x12\xe12p\tx\x11?G?\x00\x00#\x80&\x81\x16\xa1\x8f\x00\x8fP\xff \xff\xa0'),
                            bytearray(b'\x01\x01\x02\x01\x00\x03\x02\x03\x06\x03\x0f\x01\x07\x18\x17\x18\x01\x00\x02\x01\x00\x03\x00\x01\x04\x01\x0c\x00\x07\x1a\x07\x08'),
                            bytearray(b'\xc0\xb9\x18\xf0\x1b\xfbC\xfc\xdb\xbfv\xf9\x89p8\x00\xfe\x01\xbf\xe3\x1f$\x03<@$\x06\x89\x86w\xff\xcf'),
                        ], is_16bit=False, y_plus=0, y_minus=0, x=112, y=92),
                        Tile(mirror=False, invert=False, format=0, length=7, subtile_bytes=[
                            bytearray(b'\x10\x00`\x80\xf9\x02\xa5\x02Y\x06QN\xa3\x9f\x85;\xf0\x00@\xa0\xf9\x02\xfdJ\xb9\xc2c\x9b\xa3T\xc7\x00'),
                            bytearray(b'\x00\x00\x00\x00\x00\x00\x00\x00\x00\x00`\x18@\xf8\x00\xf0\x00\x00\x00\x00\x00\x00\x00\x00\x00\x00`\x10\x80\xa8\x90\x10'),
                            bytearray(b'A?\x7f\xc1LB\xbd\x92;\xf4\x17\x88\xef0>q\xcf.\xf3\xce\xf2\xff\x93\x7f|\x9e\x08\xfe\xc0\x1e\x89\xdf'),
                            bytearray(b'\x10\xe0\xe0\x80\x08\x08d\xe0\xb03\xc1\x02\xc60r\x8c0\xe0\xc08(\xf0\xe4\x98\xb0\xccA~r|\xfc\xfe'),
                        ], is_16bit=False, y_plus=0, y_minus=0, x=128, y=92),
                    ]
                ),
                Mold(21, gridplane=False,
                    tiles=[
                        Tile(mirror=False, invert=False, format=0, length=5, subtile_bytes=[
                            bytearray(b'\x07\x07\x12\x1f\x1d?|?N?s\x0f\x0e\x01\x01\x00\x00\x04\x00\x07\x00\x03\x00\x01\x000\x00|\x00\x0f\x00\x01'),
                            bytearray(b'b\xd9\xfe\xc1\xae\xd1\xf9\xc6\xc7\xfe\xf7\xfc\x0f\xf8\xf8\x00>\xfc2r:\xda?\xc7\x03?\x02\r\x00\xff\x00\xf8'),
                            None,
                            None,
                        ], is_16bit=False, y_plus=0, y_minus=0, x=112, y=124),
                        Tile(mirror=False, invert=False, format=0, length=7, subtile_bytes=[
                            bytearray(b'\x1c\xff}\xff\xfe\xfe\xf8\xf8\xf0\xf0\xc2\xc1\x06\x01\x0c\xc3\xfe\x02\xfe\x02\xfe\x01\xf8\x07\xf0\x0f\xc3=\x02\xfdT\xfa'),
                            bytearray(b"v\xc4.\xec||<8\xbc8z\xf0x\xa7x\xa7,\x1e\x1e\xfc\xfc\xfc|\xf8|\xf8\xf6\xfce\xbfx\'"),
                            bytearray(b"\x15\xf3!\xc0\x18\xc0a\x87\xf1\x07\xf2\x07\r\x0f\x07\x03<:>\x1f\'\x7f||\x88\xfc\x08\xfc\x00\x0e\x04\x03"),
                            bytearray(b'\x1f\xc0\x08\xc0\x88\x00\xf0\x800\xe0H\xf8\xd4\xfc\x1c\xf8\x7f`\xb8\xf0\xf8x0\xc0\x10 \x008\x00\x0c\x04\xf8'),
                        ], is_16bit=False, y_plus=0, y_minus=0, x=128, y=116),
                        Tile(mirror=False, invert=False, format=0, length=7, subtile_bytes=[
                            bytearray(b'\x01\x02\x03\x00\x01\x06\x11\x1e%>^?\\?!_\x03\x03\x02\x02\x00\x06\x00\x1e\x002\x00a@cP\x7f'),
                            bytearray(b'\xf8\x1f\xe0?\xe0?\xc1?\xc3>\xc0?\xc0?\xe0?? <\x07xMxIyF\x7f@\x7f@?\x00'),
                            bytearray(b'2l\x02q]#c\x07\x03\x07\x01\x07\x04\x07\x05\x07o}<\x7ft,`$\x00\x04\x00\x06\x00\x07\x00\x07'),
                            bytearray(b'\xe0?q\x9fy\x9fw\x9d\xef\x8b\xe3\x81[\xa0\xdc\xad?\x001"3"\x13\x0c\x0b\x16!>`\xff\x7f\xef'),
                        ], is_16bit=False, y_plus=0, y_minus=0, x=112, y=108),
                        Tile(mirror=False, invert=False, format=0, length=4, subtile_bytes=[
                            bytearray(b'\x00\x0c\xcc\x0c(\x1cH\xbc8D\x08@\x10\x00\xa8\x00\x00\x0c\xc0@\xe0\xc4d\xf4\xbcD\xb8P\xf0\x00\xf8\x08'),
                            None,
                            None,
                            None,
                        ], is_16bit=False, y_plus=0, y_minus=0, x=128, y=92),
                        Tile(mirror=False, invert=False, format=0, length=7, subtile_bytes=[
                            bytearray(b'\x00\x00\x01\x01\x00\x03\x00\x07\x04\x05\x04\x07\x01\x07\x07\x00\x00\x00\x00\x00\x00\x03\x00\x07\x02\x01\x00\x03\x01\x06\x07\x04'),
                            bytearray(b'\x00\x00\x80\xc0\xc4\xf2t\xb0@\x9c\x02\xdc\x18\xf8\r\xf8\x01\x00\x0b\x00="\x7f\x80_,\x1fl?b\x1f\xf0'),
                            bytearray(b'\x00\x00\x00\x00\x04\x02\x06\x07\x07\x07\x00\x07\x03\x00\x01\x00\x00\x00\x00\x00\x07\x07\x01\x01\x00\x00\x00\x07\x03\x00\x01\x01'),
                            bytearray(b'\x84|`y\xc0\xe1L\xc0 \x88\x01 \xff\x00\xff\x00\x9f`\xfe\x81\xfe\x19w\xb4\xff\xfe\xfe\xff\x81\x81\x00\x00'),
                        ], is_16bit=False, y_plus=0, y_minus=0, x=112, y=92),
                        Tile(mirror=False, invert=False, format=0, length=7, subtile_bytes=[
                            bytearray(b"\x80 \xc0\x10\x01\x10\t\x82-\x82\'\x01\xa7\x01\xfe\x03\xd8 \xec\x10\xec\x10\x7f\x83\x7f\x83\xfb\x06\xfb\x82\x07\x04"),
                            bytearray(b'\x00\x00\x00\x00\x80\x00\xc0\x00\xe0\x00\xf0\x80\x00\xf8h\xf0\x00\x00\x00\x00\x00\x00\x80\x80\x80\x80\xd0P\xc0H\x88\x98'),
                            bytearray(b'q\x8f\x91\xfeR\xfc\xcb\x7f\xc7\xff\x03\xff\x07\xff\x0e\xff\xf3v\xf1\x00\xf3\x89\x7f\x84\xff\x00\xff\x00\xff\x00\xfe\x00'),
                            bytearray(b'\xbc\xe0\x8c\x88\xe4\x04\x82\x80\x88\x87\x86\x8f\x83\x84\xd4\xc4\xdcL\x8ct\x04\xf8\x82~\x80~\x80x\x8b|\x0e~'),
                        ], is_16bit=False, y_plus=0, y_minus=0, x=128, y=100),
                    ]
                ),
                Mold(22, gridplane=False,
                    tiles=[
                        Tile(mirror=False, invert=False, format=0, length=5, subtile_bytes=[
                            bytearray(b'\x07\x07\x12\x1f\x1d?|?N?s\x0f\x0e\x01\x01\x00\x00\x04\x00\x07\x00\x03\x00\x01\x000\x00|\x00\x0f\x00\x01'),
                            bytearray(b'b\xd9\xfe\xc1\xae\xd1\xf9\xc6\xc7\xfe\xf7\xfc\x0f\xf8\xf8\x00>\xfc2r:\xda?\xc7\x03?\x02\r\x00\xff\x00\xf8'),
                            None,
                            None,
                        ], is_16bit=False, y_plus=0, y_minus=0, x=112, y=124),
                        Tile(mirror=False, invert=False, format=0, length=7, subtile_bytes=[
                            bytearray(b'\x1c\xff}\xff\xfe\xfe\xf8\xf8\xf0\xf0\xc2\xc1\x06\x01\x0c\xc3\xfe\x02\xfe\x02\xfe\x01\xf8\x07\xf0\x0f\xc3=\x02\xfdT\xfa'),
                            bytearray(b"v\xc4.\xec||<8\xbc8z\xf0x\xa7x\xa7,\x1e\x1e\xfc\xfc\xfc|\xf8|\xf8\xf6\xfce\xbfx\'"),
                            bytearray(b"\x15\xf3!\xc0\x18\xc0a\x87\xf1\x07\xf2\x07\r\x0f\x07\x03<:>\x1f\'\x7f||\x88\xfc\x08\xfc\x00\x0e\x04\x03"),
                            bytearray(b'\x1f\xc0\x08\xc0\x88\x00\xf0\x800\xe0H\xf8\xd4\xfc\x1c\xf8\x7f`\xb8\xf0\xf8x0\xc0\x10 \x008\x00\x0c\x04\xf8'),
                        ], is_16bit=False, y_plus=0, y_minus=0, x=128, y=116),
                        Tile(mirror=False, invert=False, format=0, length=7, subtile_bytes=[
                            bytearray(b'\x01\x02\x03\x00\x01\x06\x11\x1e%>^?\\?!_\x03\x03\x02\x02\x00\x06\x00\x1e\x002\x00a@cP\x7f'),
                            bytearray(b'\xf8\x1f\xe0?\xe0?\xc1?\xc3>\xc0?\xc0?\xe0?? <\x07xMxIyF\x7f@\x7f@?\x00'),
                            bytearray(b'2l\x02q]#c\x07\x03\x07\x01\x07\x04\x07\x05\x07o}<\x7ft,`$\x00\x04\x00\x06\x00\x07\x00\x07'),
                            bytearray(b'\xe0?q\x9fy\x9fw\x9d\xef\x8b\xe3\x81[\xa0\xdc\xad?\x001"3"\x13\x0c\x0b\x16!>`\xff\x7f\xef'),
                        ], is_16bit=False, y_plus=0, y_minus=0, x=112, y=108),
                        Tile(mirror=False, invert=False, format=0, length=4, subtile_bytes=[
                            bytearray(b'\x00\x06f\x06\x14\x0e$^\x1c"\x04 \x08\x00\xd4\x00\x80\x06\xe0 \xf0b\xb2z\xde"\xdc(\xf8\x00\xfc\x04'),
                            None,
                            None,
                            None,
                        ], is_16bit=False, y_plus=0, y_minus=0, x=128, y=92),
                        Tile(mirror=False, invert=False, format=0, length=7, subtile_bytes=[
                            bytearray(b'\x00\x00\x00\x01\x00\x03\x02\x02\x02\x03\x00\x03\x03\x00\x00\x00\x00\x00\x00\x01\x00\x03\x01\x00\x00\x01\x00\x03\x03\x02\x00\x00'),
                            bytearray(b'\xc0\xf0`\xf8r\x99:\xd8 \xce\x81\xee\x8c|\x86|\x00\x10\x15\x98~\x81?\xc0/\x96\x8f6\x9f1\x8fx'),
                            bytearray(b'\x00\x00\x00\x00\x00\x00\x02\x00\x03\x03\x03\x03\x01\x02\x03\x00\x00\x00\x00\x00\x00\x00\x03\x03\x00\x00\x00\x00\x01\x02\x03\x01'),
                            bytearray(b'\x82~\xb0|`p&`\x10\xc4\x80\x90\xff\x00\xff\x00\xcfp\xff\x00\xff\x8c\xbb\xda\xff\xff\x7f\x7f\x81\x81\x00\x00'),
                        ], is_16bit=False, y_plus=0, y_minus=0, x=112, y=92),
                        Tile(mirror=False, invert=False, format=0, length=7, subtile_bytes=[
                            bytearray(b'@\x10`\x88\x01\x88\x05@\x17@\x97\x01\xd3\x01\xfe\x03\xec\x10v\x88v\x88\xbfA\xbfA{\x86\xff\xc2\x07\x04'),
                            bytearray(b'\x00\x00\x00\x00\x80\x00\xc0\x00\xe0\x00\xf0\x80\x00\xf8h\xf0\x00\x00\x00\x00\x00\x00\x80\x80\x80\x80\xd0P\xc0H\x88\x98'),
                            bytearray(b'q\x8f\x91\xfeR\xfc\xcb\x7f\xc7\xff\x03\xff\x07\xff\x0e\xff\xf3v\xf1\x00\xf3\x89\x7f\x84\xff\x00\xff\x00\xff\x00\xfe\x00'),
                            bytearray(b'\xbc\xe0\x8c\x88\xe4\x04\x82\x80\x88\x87\x86\x8f\x83\x84\xd4\xc4\xdcL\x8ct\x04\xf8\x82~\x80~\x80x\x8b|\x0e~'),
                        ], is_16bit=False, y_plus=0, y_minus=0, x=128, y=100),
                    ]
                ),
                Mold(23, gridplane=False,
                    tiles=[
                        Tile(mirror=True, invert=False, format=0, length=7, subtile_bytes=[
                            bytearray(b'q\x8f\x91\xfeR\xfc\xcb\x7f\xc7\xff\x03\xff\x07\xff\x0e\xff\xf3v\xf1\x00\xf3\x89\x7f\x84\xff\x00\xff\x00\xff\x00\xfe\x00'),
                            bytearray(b'\xbc\xe0\x8c\x88\xe4\x04\x82\x80\x88\x87\x86\x8f\x83\x84\xd4\xc4\xdcL\x8ct\x04\xf8\x82~\x80~\x80x\x8b|\x0e~'),
                            bytearray(b'\x1c\xff}\xff\xfe\xfe\xf8\xf8\xf0\xf0\xc2\xc1\x06\x01\x0c\xc3\xfe\x02\xfe\x02\xfe\x01\xf8\x07\xf0\x0f\xc3=\x02\xfdT\xfa'),
                            bytearray(b"v\xc4.\xec||<8\xbc8z\xf0x\xa7x\xa7,\x1e\x1e\xfc\xfc\xfc|\xf8|\xf8\xf6\xfce\xbfx\'"),
                        ], is_16bit=False, y_plus=0, y_minus=0, x=112, y=108),
                        Tile(mirror=True, invert=False, format=0, length=7, subtile_bytes=[
                            bytearray(b'\x01\x02\x03\x00\x01\x06\x11\x1e%>^?\\?!_\x03\x03\x02\x02\x00\x06\x00\x1e\x002\x00a@cP\x7f'),
                            bytearray(b'\xf8\x1f\xe0?\xe0?\xc1?\xc3>\xc0?\xc0?\xe0?? <\x07xMxIyF\x7f@\x7f@?\x00'),
                            bytearray(b'2l\x02q]#c\x07\x03\x07\x01\x07\x04\x07\x05\x07o}<\x7ft,`$\x00\x04\x00\x06\x00\x07\x00\x07'),
                            bytearray(b'\xe0?q\x9fy\x9fw\x9d\xef\x8b\xe3\x81[\xa0\xdc\xad?\x001"3"\x13\x0c\x0b\x16!>`\xff\x7f\xef'),
                        ], is_16bit=False, y_plus=0, y_minus=0, x=128, y=108),
                        Tile(mirror=True, invert=False, format=0, length=6, subtile_bytes=[
                            bytearray(b'\x00\x0c\xcc\x0c(\x1cH\xbc8D\x08@\x10\x00\xa8\x00\x00\x0c\xc0@\xe0\xc4d\xf4\xbcD\xb8P\xf0\x00\xf8\x08'),
                            None,
                            bytearray(b"\x80 \xc0\x10\x01\x10\t\x82-\x82\'\x01\xa7\x01\xfe\x03\xd8 \xec\x10\xec\x10\x7f\x83\x7f\x83\xfb\x06\xfb\x82\x07\x04"),
                            bytearray(b'\x00\x00\x00\x00\x80\x00\xc0\x00\xe0\x00\xf0\x80\x00\xf8h\xf0\x00\x00\x00\x00\x00\x00\x80\x80\x80\x80\xd0P\xc0H\x88\x98'),
                        ], is_16bit=False, y_plus=0, y_minus=0, x=112, y=92),
                        Tile(mirror=True, invert=False, format=0, length=7, subtile_bytes=[
                            bytearray(b'\x00\x00\x00\x00\x01\x01\x00\x03\x00\x07\x04\x05\x04\x07\x01\x07\x00\x00\x00\x00\x00\x00\x00\x03\x00\x07\x02\x01\x00\x03\x01\x06'),
                            bytearray(b'\x00\x00\x80\xc0\xc4\xf2t\xb0@\x9c\x02\xdc\x18\xf8\r\xf8\x01\x00\x0b\x00="\x7f\x80_,\x1fl?b\x1f\xf0'),
                            bytearray(b'\x04\x03\x04\x03\x06\x07\x07\x07\x00\x07\x03\x00\x01\x00\x01\x00\x07\x04\x07\x06\x01\x01\x00\x00\x00\x07\x03\x00\x01\x00\x01\x01'),
                            bytearray(b'\x04\xfc`\xf9\xc0\xc1L\xc0 \x88\x01 \xff\x00\xff\x00\x9f\xe0\xfe\x01\xde9w\xb4\xff\xfe\xfe\xff\x81\x81\x00\x00'),
                        ], is_16bit=False, y_plus=0, y_minus=0, x=128, y=92),
                        Tile(mirror=False, invert=False, format=1, length=9, subtile_bytes=[
                            None,
                            bytearray(b'\x00\x00\x00\x00\x00\x00\xc0\xc0`\xe0`\xe0\xf0\xb0\xf0\xf0\x00\x00\x00\x00\x00\x00\x00\xc0\x00\xe0`\xe0\xf0\xf0\xe0\xf0'),
                            bytearray(b'\x13\x1f\x0e\x0f\x01\x01\x00\x00\x00\x00\x00\x00\x00\x00\x00\x00\x01\x1f\x03\x0f\x01\x01\x00\x00\x00\x00\x00\x00\x00\x00\x00\x00'),
                            bytearray(b"\xf8x\xd4\xfc\xb2\xfe\xb9\xff[\x7f\'?\x1f\x1f\x0e\x0e@x\x80\xec\x00\xce\x00\xc7\x03g\x07?\x0f\x1f\x06\x0e"),
                        ], is_16bit=False, y_plus=0, y_minus=0, x=106, y=89),
                        Tile(mirror=False, invert=False, format=1, length=11, subtile_bytes=[
                            bytearray(b'\x00\x00\x00\x00\x00\x00\x00\r\r\x1e\x0b\x1c\x07\x08\x0e\x11\x00\x00\x00\x00\x00\x00\r\r\x1e\x1e\x1c\x1c\t\t\x17\x17'),
                            bytearray(b'\x00\x00\x00pp\x88\xe8\x1c\xd8>\xb4~l\xfcX\xf8\x00\x00pp\x98\x98<<~~\xfe\xfe\xfc\xfc\xf8\xf8'),
                            bytearray(b'\x1c#\x19gb\x7fu\x7f;?\x1e\x1e\x00\x00\x00\x00??\x7f\x7f\x7f\x7f\x7f\x7f??\x1e\x1e\x00\x00\x00\x00'),
                            bytearray(b'\xb0\xf0p\xf0\xdb\xfb\xaf\xbf\x17\x1f(?0?(?\xf0\xf0\xf0\xf0\xf8\xfb\xbc\xbc\x18\x1c\x000\x00 \x001'),
                        ], is_16bit=False, y_plus=0, y_minus=0, x=98, y=81),
                        Tile(mirror=True, invert=False, format=0, length=5, subtile_bytes=[
                            bytearray(b"\x15\xf3!\xc0\x18\xc0a\x87\xf1\x07\xf2\x07\r\x0f\x07\x03<:>\x1f\'\x7f||\x88\xfc\x08\xfc\x00\x0e\x04\x03"),
                            bytearray(b'\x1f\xc0\x08\xc0\x88\x00\xf0\x800\xe0H\xf8\xd4\xfc\x1c\xf8\x7f`\xb8\xf0\xf8x0\xc0\x10 \x008\x00\x0c\x04\xf8'),
                            None,
                            None,
                        ], is_16bit=False, y_plus=0, y_minus=0, x=112, y=124),
                        Tile(mirror=True, invert=False, format=0, length=5, subtile_bytes=[
                            bytearray(b'\x07\x07\x12\x1f\x1d?|?N?s\x0f\x0e\x01\x01\x00\x00\x04\x00\x07\x00\x03\x00\x01\x000\x00|\x00\x0f\x00\x01'),
                            bytearray(b'b\xd9\xfe\xc1\xae\xd1\xf9\xc6\xc7\xfe\xf7\xfc\x0f\xf8\xf8\x00>\xfc2r:\xda?\xc7\x03?\x02\r\x00\xff\x00\xf8'),
                            None,
                            None,
                        ], is_16bit=False, y_plus=0, y_minus=0, x=128, y=124),
                    ]
                ),
                Mold(24, gridplane=False,
                    tiles=[
                        Tile(mirror=True, invert=False, format=0, length=7, subtile_bytes=[
                            bytearray(b'q\x8f\x91\xfeR\xfc\xcb\x7f\xc7\xff\x03\xff\x07\xff\x0e\xff\xf3v\xf1\x00\xf3\x89\x7f\x84\xff\x00\xff\x00\xff\x00\xfe\x00'),
                            bytearray(b'\xbc\xe0\x8c\x88\xe4\x04\x82\x80\x88\x87\x86\x8f\x83\x84\xd4\xc4\xdcL\x8ct\x04\xf8\x82~\x80~\x80x\x8b|\x0e~'),
                            bytearray(b'\x1c\xff}\xff\xfe\xfe\xf8\xf8\xf0\xf0\xc2\xc1\x06\x01\x0c\xc3\xfe\x02\xfe\x02\xfe\x01\xf8\x07\xf0\x0f\xc3=\x02\xfdT\xfa'),
                            bytearray(b"v\xc4.\xec||<8\xbc8z\xf0x\xa7x\xa7,\x1e\x1e\xfc\xfc\xfc|\xf8|\xf8\xf6\xfce\xbfx\'"),
                        ], is_16bit=False, y_plus=0, y_minus=0, x=112, y=108),
                        Tile(mirror=True, invert=False, format=0, length=7, subtile_bytes=[
                            bytearray(b'\x01\x02\x03\x00\x01\x06\x11\x1e%>^?\\?!_\x03\x03\x02\x02\x00\x06\x00\x1e\x002\x00a@cP\x7f'),
                            bytearray(b'\xf8\x1f\xe0?\xe0?\xc1?\xc3>\xc0?\xc0?\xe0?? <\x07xMxIyF\x7f@\x7f@?\x00'),
                            bytearray(b'2l\x02q]#c\x07\x03\x07\x01\x07\x04\x07\x05\x07o}<\x7ft,`$\x00\x04\x00\x06\x00\x07\x00\x07'),
                            bytearray(b'\xe0?q\x9fy\x9fw\x9d\xef\x8b\xe3\x81[\xa0\xdc\xad?\x001"3"\x13\x0c\x0b\x16!>`\xff\x7f\xef'),
                        ], is_16bit=False, y_plus=0, y_minus=0, x=128, y=108),
                        Tile(mirror=True, invert=False, format=0, length=6, subtile_bytes=[
                            bytearray(b'\x00\x0c\xcc\x0c(\x1cH\xbc8D\x08@\x10\x00\xa8\x00\x00\x0c\xc0@\xe0\xc4d\xf4\xbcD\xb8P\xf0\x00\xf8\x08'),
                            None,
                            bytearray(b"\x80 \xc0\x10\x01\x10\t\x82-\x82\'\x01\xa7\x01\xfe\x03\xd8 \xec\x10\xec\x10\x7f\x83\x7f\x83\xfb\x06\xfb\x82\x07\x04"),
                            bytearray(b'\x00\x00\x00\x00\x80\x00\xc0\x00\xe0\x00\xf0\x80\x00\xf8h\xf0\x00\x00\x00\x00\x00\x00\x80\x80\x80\x80\xd0P\xc0H\x88\x98'),
                        ], is_16bit=False, y_plus=0, y_minus=0, x=367, y=92),
                        Tile(mirror=True, invert=False, format=0, length=7, subtile_bytes=[
                            bytearray(b'\x00\x00\x00\x00\x01\x01\x00\x03\x00\x07\x04\x05\x04\x07\x01\x07\x00\x00\x00\x00\x00\x00\x00\x03\x00\x07\x02\x01\x00\x03\x01\x06'),
                            bytearray(b'\x00\x00\x80\xc0\xc4\xf2t\xb0@\x9c\x02\xdc\x18\xf8\r\xf8\x01\x00\x0b\x00="\x7f\x80_,\x1fl?b\x1f\xf0'),
                            bytearray(b'\x04\x03\x04\x03\x06\x07\x07\x07\x00\x07\x03\x00\x01\x00\x01\x00\x07\x04\x07\x06\x01\x01\x00\x00\x00\x07\x03\x00\x01\x00\x01\x01'),
                            bytearray(b'\x04\xfc`\xf9\xc0\xc1L\xc0 \x88\x01 \xff\x00\xff\x00\x9f\xe0\xfe\x01\xde9w\xb4\xff\xfe\xfe\xff\x81\x81\x00\x00'),
                        ], is_16bit=False, y_plus=0, y_minus=0, x=383, y=92),
                        Tile(mirror=False, invert=False, format=1, length=9, subtile_bytes=[
                            None,
                            bytearray(b'\x00\x00\x00\x00\x00\x00\xc0\xc0`\xe0`\xe0\xf0\xb0\xf0\xf0\x00\x00\x00\x00\x00\x00\x00\xc0\x00\xe0`\xe0\xf0\xf0\xe0\xf0'),
                            bytearray(b'\x13\x1f\x0e\x0f\x01\x01\x00\x00\x00\x00\x00\x00\x00\x00\x00\x00\x01\x1f\x03\x0f\x01\x01\x00\x00\x00\x00\x00\x00\x00\x00\x00\x00'),
                            bytearray(b"\xf8x\xd4\xfc\xb2\xfe\xb9\xff[\x7f\'?\x1f\x1f\x0e\x0e@x\x80\xec\x00\xce\x00\xc7\x03g\x07?\x0f\x1f\x06\x0e"),
                        ], is_16bit=False, y_plus=0, y_minus=0, x=361, y=90),
                        Tile(mirror=False, invert=False, format=1, length=11, subtile_bytes=[
                            bytearray(b'\x00\x00\x00\x00\x00\x00\x00\r\r\x1e\x0b\x1c\x07\x08\x0e\x11\x00\x00\x00\x00\x00\x00\r\r\x1e\x1e\x1c\x1c\t\t\x17\x17'),
                            bytearray(b'\x00\x00\x00pp\x88\xe8\x1c\xd8>\xb4~l\xfcX\xf8\x00\x00pp\x98\x98<<~~\xfe\xfe\xfc\xfc\xf8\xf8'),
                            bytearray(b'\x1c#\x19gb\x7fu\x7f;?\x1e\x1e\x00\x00\x00\x00??\x7f\x7f\x7f\x7f\x7f\x7f??\x1e\x1e\x00\x00\x00\x00'),
                            bytearray(b'\xb0\xf0p\xf0\xdb\xfb\xaf\xbf\x17\x1f(?0?(?\xf0\xf0\xf0\xf0\xf8\xfb\xbc\xbc\x18\x1c\x000\x00 \x001'),
                        ], is_16bit=False, y_plus=0, y_minus=0, x=353, y=82),
                        Tile(mirror=True, invert=False, format=0, length=5, subtile_bytes=[
                            bytearray(b"\x15\xf3!\xc0\x18\xc0a\x87\xf1\x07\xf2\x07\r\x0f\x07\x03<:>\x1f\'\x7f||\x88\xfc\x08\xfc\x00\x0e\x04\x03"),
                            bytearray(b'\x1f\xc0\x08\xc0\x88\x00\xf0\x800\xe0H\xf8\xd4\xfc\x1c\xf8\x7f`\xb8\xf0\xf8x0\xc0\x10 \x008\x00\x0c\x04\xf8'),
                            None,
                            None,
                        ], is_16bit=False, y_plus=0, y_minus=0, x=112, y=124),
                        Tile(mirror=True, invert=False, format=0, length=5, subtile_bytes=[
                            bytearray(b'\x07\x07\x12\x1f\x1d?|?N?s\x0f\x0e\x01\x01\x00\x00\x04\x00\x07\x00\x03\x00\x01\x000\x00|\x00\x0f\x00\x01'),
                            bytearray(b'b\xd9\xfe\xc1\xae\xd1\xf9\xc6\xc7\xfe\xf7\xfc\x0f\xf8\xf8\x00>\xfc2r:\xda?\xc7\x03?\x02\r\x00\xff\x00\xf8'),
                            None,
                            None,
                        ], is_16bit=False, y_plus=0, y_minus=0, x=128, y=124),
                    ]
                ),
                Mold(25, gridplane=False,
                    tiles=[
                        Tile(mirror=True, invert=False, format=0, length=7, subtile_bytes=[
                            bytearray(b'q\x8f\x91\xfeR\xfc\xcb\x7f\xc7\xff\x03\xff\x07\xff\x0e\xff\xf3v\xf1\x00\xf3\x89\x7f\x84\xff\x00\xff\x00\xff\x00\xfe\x00'),
                            bytearray(b'\xbc\xe0\x8c\x88\xe4\x04\x82\x80\x88\x87\x86\x8f\x83\x84\xd4\xc4\xdcL\x8ct\x04\xf8\x82~\x80~\x80x\x8b|\x0e~'),
                            bytearray(b'\x1c\xff}\xff\xfe\xfe\xf8\xf8\xf0\xf0\xc2\xc1\x06\x01\x0c\xc3\xfe\x02\xfe\x02\xfe\x01\xf8\x07\xf0\x0f\xc3=\x02\xfdT\xfa'),
                            bytearray(b"v\xc4.\xec||<8\xbc8z\xf0x\xa7x\xa7,\x1e\x1e\xfc\xfc\xfc|\xf8|\xf8\xf6\xfce\xbfx\'"),
                        ], is_16bit=False, y_plus=0, y_minus=0, x=112, y=108),
                        Tile(mirror=True, invert=False, format=0, length=7, subtile_bytes=[
                            bytearray(b'\x01\x02\x03\x00\x01\x06\x11\x1e%>^?\\?!_\x03\x03\x02\x02\x00\x06\x00\x1e\x002\x00a@cP\x7f'),
                            bytearray(b'\xf8\x1f\xe0?\xe0?\xc1?\xc3>\xc0?\xc0?\xe0?? <\x07xMxIyF\x7f@\x7f@?\x00'),
                            bytearray(b'2l\x02q]#c\x07\x03\x07\x01\x07\x04\x07\x05\x07o}<\x7ft,`$\x00\x04\x00\x06\x00\x07\x00\x07'),
                            bytearray(b'\xe0?q\x9fy\x9fw\x9d\xef\x8b\xe3\x81[\xa0\xdc\xad?\x001"3"\x13\x0c\x0b\x16!>`\xff\x7f\xef'),
                        ], is_16bit=False, y_plus=0, y_minus=0, x=128, y=108),
                        Tile(mirror=True, invert=False, format=0, length=6, subtile_bytes=[
                            bytearray(b'\x00\x0c\xcc\x0c(\x1cH\xbc8D\x08@\x10\x00\xa8\x00\x00\x0c\xc0@\xe0\xc4d\xf4\xbcD\xb8P\xf0\x00\xf8\x08'),
                            None,
                            bytearray(b"\x80 \xc0\x10\x01\x10\t\x82-\x82\'\x01\xa7\x01\xfe\x03\xd8 \xec\x10\xec\x10\x7f\x83\x7f\x83\xfb\x06\xfb\x82\x07\x04"),
                            bytearray(b'\x00\x00\x00\x00\x80\x00\xc0\x00\xe0\x00\xf0\x80\x00\xf8h\xf0\x00\x00\x00\x00\x00\x00\x80\x80\x80\x80\xd0P\xc0H\x88\x98'),
                        ], is_16bit=False, y_plus=0, y_minus=0, x=367, y=92),
                        Tile(mirror=True, invert=False, format=0, length=7, subtile_bytes=[
                            bytearray(b'\x00\x00\x00\x00\x01\x01\x00\x03\x00\x07\x04\x05\x04\x07\x01\x07\x00\x00\x00\x00\x00\x00\x00\x03\x00\x07\x02\x01\x00\x03\x01\x06'),
                            bytearray(b'\x00\x00\x80\xc0\xc4\xf2t\xb0@\x9c\x02\xdc\x18\xf8\r\xf8\x01\x00\x0b\x00="\x7f\x80_,\x1fl?b\x1f\xf0'),
                            bytearray(b'\x04\x03\x04\x03\x06\x07\x07\x07\x00\x07\x03\x00\x01\x00\x01\x00\x07\x04\x07\x06\x01\x01\x00\x00\x00\x07\x03\x00\x01\x00\x01\x01'),
                            bytearray(b'\x04\xfc`\xf9\xc0\xc1L\xc0 \x88\x01 \xff\x00\xff\x00\x9f\xe0\xfe\x01\xde9w\xb4\xff\xfe\xfe\xff\x81\x81\x00\x00'),
                        ], is_16bit=False, y_plus=0, y_minus=0, x=383, y=92),
                        Tile(mirror=False, invert=False, format=1, length=9, subtile_bytes=[
                            None,
                            bytearray(b'\x00\x00\x00\x00\x00\x00\xc0\xc0`\xe0`\xe0\xf0\xb0\xf0\xf0\x00\x00\x00\x00\x00\x00\x00\xc0\x00\xe0`\xe0\xf0\xf0\xe0\xf0'),
                            bytearray(b'\x13\x1f\x0e\x0f\x01\x01\x00\x00\x00\x00\x00\x00\x00\x00\x00\x00\x01\x1f\x03\x0f\x01\x01\x00\x00\x00\x00\x00\x00\x00\x00\x00\x00'),
                            bytearray(b"\xf8x\xd4\xfc\xb2\xfe\xb9\xff[\x7f\'?\x1f\x1f\x0e\x0e@x\x80\xec\x00\xce\x00\xc7\x03g\x07?\x0f\x1f\x06\x0e"),
                        ], is_16bit=False, y_plus=0, y_minus=0, x=361, y=91),
                        Tile(mirror=False, invert=False, format=1, length=11, subtile_bytes=[
                            bytearray(b'\x00\x00\x00\x00\x00\x00\x00\r\r\x1e\x0b\x1c\x07\x08\x0e\x11\x00\x00\x00\x00\x00\x00\r\r\x1e\x1e\x1c\x1c\t\t\x17\x17'),
                            bytearray(b'\x00\x00\x00pp\x88\xe8\x1c\xd8>\xb4~l\xfcX\xf8\x00\x00pp\x98\x98<<~~\xfe\xfe\xfc\xfc\xf8\xf8'),
                            bytearray(b'\x1c#\x19gb\x7fu\x7f;?\x1e\x1e\x00\x00\x00\x00??\x7f\x7f\x7f\x7f\x7f\x7f??\x1e\x1e\x00\x00\x00\x00'),
                            bytearray(b'\xb0\xf0p\xf0\xdb\xfb\xaf\xbf\x17\x1f(?0?(?\xf0\xf0\xf0\xf0\xf8\xfb\xbc\xbc\x18\x1c\x000\x00 \x001'),
                        ], is_16bit=False, y_plus=0, y_minus=0, x=353, y=83),
                        Tile(mirror=True, invert=False, format=0, length=5, subtile_bytes=[
                            bytearray(b"\x15\xf3!\xc0\x18\xc0a\x87\xf1\x07\xf2\x07\r\x0f\x07\x03<:>\x1f\'\x7f||\x88\xfc\x08\xfc\x00\x0e\x04\x03"),
                            bytearray(b'\x1f\xc0\x08\xc0\x88\x00\xf0\x800\xe0H\xf8\xd4\xfc\x1c\xf8\x7f`\xb8\xf0\xf8x0\xc0\x10 \x008\x00\x0c\x04\xf8'),
                            None,
                            None,
                        ], is_16bit=False, y_plus=0, y_minus=0, x=112, y=124),
                        Tile(mirror=True, invert=False, format=0, length=5, subtile_bytes=[
                            bytearray(b'\x07\x07\x12\x1f\x1d?|?N?s\x0f\x0e\x01\x01\x00\x00\x04\x00\x07\x00\x03\x00\x01\x000\x00|\x00\x0f\x00\x01'),
                            bytearray(b'b\xd9\xfe\xc1\xae\xd1\xf9\xc6\xc7\xfe\xf7\xfc\x0f\xf8\xf8\x00>\xfc2r:\xda?\xc7\x03?\x02\r\x00\xff\x00\xf8'),
                            None,
                            None,
                        ], is_16bit=False, y_plus=0, y_minus=0, x=128, y=124),
                    ]
                ),
                Mold(26, gridplane=False,
                    tiles=[
                        Tile(mirror=True, invert=False, format=0, length=6, subtile_bytes=[
                            bytearray(b'\x00\x0c\xcc\x0c(\x1cH\xbc8D\x08@\x10\x00\xa8\x00\x00\x0c\xc0@\xe0\xc4d\xf4\xbcD\xb8P\xf0\x00\xf8\x08'),
                            None,
                            bytearray(b"\x80 \xc0\x10\x01\x10\t\x82-\x82\'\x01\xa7\x01\xfe\x03\xd8 \xec\x10\xec\x10\x7f\x83\x7f\x83\xfb\x06\xfb\x82\x07\x04"),
                            bytearray(b'\x00\x00\x00\x00\x80\x00\xc0\x00\xe0\x00\xf0\x80\x00\xf8h\xf0\x00\x00\x00\x00\x00\x00\x80\x80\x80\x80\xd0P\xc0H\x88\x98'),
                        ], is_16bit=False, y_plus=0, y_minus=0, x=112, y=92),
                        Tile(mirror=True, invert=False, format=0, length=7, subtile_bytes=[
                            bytearray(b'\x00\x00\x00\x00\x01\x01\x00\x03\x00\x07\x04\x05\x04\x07\x01\x07\x00\x00\x00\x00\x00\x00\x00\x03\x00\x07\x02\x01\x00\x03\x01\x06'),
                            bytearray(b'\x00\x00\x80\xc0\xc4\xf2t\xb0@\x9c\x02\xdc\x18\xf8\r\xf8\x01\x00\x0b\x00="\x7f\x80_,\x1fl?b\x1f\xf0'),
                            bytearray(b'\x04\x03\x04\x03\x06\x07\x07\x07\x00\x07\x03\x00\x01\x00\x01\x00\x07\x04\x07\x06\x01\x01\x00\x00\x00\x07\x03\x00\x01\x00\x01\x01'),
                            bytearray(b'\x04\xfc`\xf9\xc0\xc1L\xc0 \x88\x01 \xff\x00\xff\x00\x9f\xe0\xfe\x01\xde9w\xb4\xff\xfe\xfe\xff\x81\x81\x00\x00'),
                        ], is_16bit=False, y_plus=0, y_minus=0, x=128, y=92),
                        Tile(mirror=True, invert=False, format=0, length=7, subtile_bytes=[
                            bytearray(b'q\x8f\x91\xfeR\xfc\xcb\x7f\xc7\xff\x03\xff\x07\xff\x0e\xff\xf3v\xf1\x00\xf3\x89\x7f\x84\xff\x00\xff\x00\xff\x00\xfe\x00'),
                            bytearray(b'\xbc\xe0\x8c\x88\xe4\x04\x82\x80\x88\x87\x86\x8f\x83\x84\xd4\xc4\xdcL\x8ct\x04\xf8\x82~\x80~\x80x\x8b|\x0e~'),
                            bytearray(b'\x1c\xff}\xff\xfe\xfe\xf8\xf8\xf0\xf0\xc2\xc1\x06\x01\x0c\xc3\xfe\x02\xfe\x02\xfe\x01\xf8\x07\xf0\x0f\xc3=\x02\xfdT\xfa'),
                            bytearray(b"v\xc4.\xec||<8\xbc8z\xf0x\xa7x\xa7,\x1e\x1e\xfc\xfc\xfc|\xf8|\xf8\xf6\xfce\xbfx\'"),
                        ], is_16bit=False, y_plus=0, y_minus=0, x=112, y=108),
                        Tile(mirror=True, invert=False, format=0, length=7, subtile_bytes=[
                            bytearray(b'\x01\x02\x03\x00\x01\x06\x11\x1e%>^?\\?!_\x03\x03\x02\x02\x00\x06\x00\x1e\x002\x00a@cP\x7f'),
                            bytearray(b'\xf8\x1f\xe0?\xe0?\xc1?\xc3>\xc0?\xc0?\xe0?? <\x07xMxIyF\x7f@\x7f@?\x00'),
                            bytearray(b'2l\x02q]#c\x07\x03\x07\x01\x07\x04\x07\x05\x07o}<\x7ft,`$\x00\x04\x00\x06\x00\x07\x00\x07'),
                            bytearray(b'\xe0?q\x9fy\x9fw\x9d\xef\x8b\xe3\x81[\xa0\xdc\xad?\x001"3"\x13\x0c\x0b\x16!>`\xff\x7f\xef'),
                        ], is_16bit=False, y_plus=0, y_minus=0, x=128, y=108),
                        Tile(mirror=False, invert=False, format=1, length=7, subtile_bytes=[
                            bytearray(b'\x00\x18~~\xce\xfeO\xffE\xff\x81\xff\xcf\xff\x7f}\x18\x188~\x10\xba\x00\x81\x00\x83\x00\xc7\x07\xff\x7f\x7f'),
                            None,
                            bytearray(b'\x7fW~~r~z~Z~Z~z~~~ww\x00~\x00N\x00F\x00f\x00fpv|~'),
                            None,
                        ], is_16bit=False, y_plus=0, y_minus=0, x=120, y=88),
                        Tile(mirror=False, invert=False, format=1, length=9, subtile_bytes=[
                            None,
                            bytearray(b'\x00\x00\x00\x00\x00\x00\x00\x00\x00\x00\x00\x00\x00\xc0\xc0\xc0\x00\x00\x00\x00\x00\x00\x00\x00\x00\x00\x00\x00\xc0\xc0\xc0\xc0'),
                            bytearray(b' ?\x7fp\x7fpp\x7fp\x7fp\x7f??\x00\x00??}}\x7f\x7f\x7f\x7f\x7f\x7f\x7f\x7f??\x00\x00'),
                            bytearray(b'\x00\xfe\xfe\x01\xff\x00\x00\xff\xfe\xff\x02\xff\xfc\xfe\xc0\xc0\xfe\xfe\x01\x01\xff\xff\xff\xff\xff\xff\xff\xff\xfe\xfe\xc0\xc0'),
                        ], is_16bit=False, y_plus=0, y_minus=0, x=114, y=72),
                        Tile(mirror=True, invert=False, format=0, length=5, subtile_bytes=[
                            bytearray(b"\x15\xf3!\xc0\x18\xc0a\x87\xf1\x07\xf2\x07\r\x0f\x07\x03<:>\x1f\'\x7f||\x88\xfc\x08\xfc\x00\x0e\x04\x03"),
                            bytearray(b'\x1f\xc0\x08\xc0\x88\x00\xf0\x800\xe0H\xf8\xd4\xfc\x1c\xf8\x7f`\xb8\xf0\xf8x0\xc0\x10 \x008\x00\x0c\x04\xf8'),
                            None,
                            None,
                        ], is_16bit=False, y_plus=0, y_minus=0, x=112, y=124),
                        Tile(mirror=True, invert=False, format=0, length=5, subtile_bytes=[
                            bytearray(b'\x07\x07\x12\x1f\x1d?|?N?s\x0f\x0e\x01\x01\x00\x00\x04\x00\x07\x00\x03\x00\x01\x000\x00|\x00\x0f\x00\x01'),
                            bytearray(b'b\xd9\xfe\xc1\xae\xd1\xf9\xc6\xc7\xfe\xf7\xfc\x0f\xf8\xf8\x00>\xfc2r:\xda?\xc7\x03?\x02\r\x00\xff\x00\xf8'),
                            None,
                            None,
                        ], is_16bit=False, y_plus=0, y_minus=0, x=128, y=124),
                    ]
                ),
                Mold(27, gridplane=False,
                    tiles=[
                        Tile(mirror=True, invert=False, format=0, length=6, subtile_bytes=[
                            bytearray(b'\x00\x0c\xcc\x0c(\x1cH\xbc8D\x08@\x10\x00\xa8\x00\x00\x0c\xc0@\xe0\xc4d\xf4\xbcD\xb8P\xf0\x00\xf8\x08'),
                            None,
                            bytearray(b"\x80 \xc0\x10\x01\x10\t\x82-\x82\'\x01\xa7\x01\xfe\x03\xd8 \xec\x10\xec\x10\x7f\x83\x7f\x83\xfb\x06\xfb\x82\x07\x04"),
                            bytearray(b'\x00\x00\x00\x00\x80\x00\xc0\x00\xe0\x00\xf0\x80\x00\xf8h\xf0\x00\x00\x00\x00\x00\x00\x80\x80\x80\x80\xd0P\xc0H\x88\x98'),
                        ], is_16bit=False, y_plus=0, y_minus=0, x=113, y=92),
                        Tile(mirror=True, invert=False, format=0, length=7, subtile_bytes=[
                            bytearray(b'\x00\x00\x00\x00\x01\x01\x00\x03\x00\x07\x04\x05\x04\x07\x01\x07\x00\x00\x00\x00\x00\x00\x00\x03\x00\x07\x02\x01\x00\x03\x01\x06'),
                            bytearray(b'\x00\x00\x80\xc0\xc4\xf2t\xb0@\x9c\x02\xdc\x18\xf8\r\xf8\x01\x00\x0b\x00="\x7f\x80_,\x1fl?b\x1f\xf0'),
                            bytearray(b'\x04\x03\x04\x03\x06\x07\x07\x07\x00\x07\x03\x00\x01\x00\x01\x00\x07\x04\x07\x06\x01\x01\x00\x00\x00\x07\x03\x00\x01\x00\x01\x01'),
                            bytearray(b'\x04\xfc`\xf9\xc0\xc1L\xc0 \x88\x01 \xff\x00\xff\x00\x9f\xe0\xfe\x01\xde9w\xb4\xff\xfe\xfe\xff\x81\x81\x00\x00'),
                        ], is_16bit=False, y_plus=0, y_minus=0, x=129, y=92),
                        Tile(mirror=True, invert=False, format=0, length=7, subtile_bytes=[
                            bytearray(b'q\x8f\x91\xfeR\xfc\xcb\x7f\xc7\xff\x03\xff\x07\xff\x0e\xff\xf3v\xf1\x00\xf3\x89\x7f\x84\xff\x00\xff\x00\xff\x00\xfe\x00'),
                            bytearray(b'\xbc\xe0\x8c\x88\xe4\x04\x82\x80\x88\x87\x86\x8f\x83\x84\xd4\xc4\xdcL\x8ct\x04\xf8\x82~\x80~\x80x\x8b|\x0e~'),
                            bytearray(b'\x1c\xff}\xff\xfe\xfe\xf8\xf8\xf0\xf0\xc2\xc1\x06\x01\x0c\xc3\xfe\x02\xfe\x02\xfe\x01\xf8\x07\xf0\x0f\xc3=\x02\xfdT\xfa'),
                            bytearray(b"v\xc4.\xec||<8\xbc8z\xf0x\xa7x\xa7,\x1e\x1e\xfc\xfc\xfc|\xf8|\xf8\xf6\xfce\xbfx\'"),
                        ], is_16bit=False, y_plus=0, y_minus=0, x=112, y=108),
                        Tile(mirror=True, invert=False, format=0, length=7, subtile_bytes=[
                            bytearray(b'\x01\x02\x03\x00\x01\x06\x11\x1e%>^?\\?!_\x03\x03\x02\x02\x00\x06\x00\x1e\x002\x00a@cP\x7f'),
                            bytearray(b'\xf8\x1f\xe0?\xe0?\xc1?\xc3>\xc0?\xc0?\xe0?? <\x07xMxIyF\x7f@\x7f@?\x00'),
                            bytearray(b'2l\x02q]#c\x07\x03\x07\x01\x07\x04\x07\x05\x07o}<\x7ft,`$\x00\x04\x00\x06\x00\x07\x00\x07'),
                            bytearray(b'\xe0?q\x9fy\x9fw\x9d\xef\x8b\xe3\x81[\xa0\xdc\xad?\x001"3"\x13\x0c\x0b\x16!>`\xff\x7f\xef'),
                        ], is_16bit=False, y_plus=0, y_minus=0, x=128, y=108),
                        Tile(mirror=False, invert=False, format=1, length=7, subtile_bytes=[
                            bytearray(b'\x00\x18~~\xce\xfeO\xffE\xff\x81\xff\xcf\xff\x7f}\x18\x188~\x10\xba\x00\x81\x00\x83\x00\xc7\x07\xff\x7f\x7f'),
                            None,
                            bytearray(b'\x7fW~~r~z~Z~Z~z~~~ww\x00~\x00N\x00F\x00f\x00fpv|~'),
                            None,
                        ], is_16bit=False, y_plus=0, y_minus=0, x=121, y=88),
                        Tile(mirror=False, invert=False, format=1, length=9, subtile_bytes=[
                            None,
                            bytearray(b'\x00\x00\x00\x00\x00\x00\x00\x00\x00\x00\x00\x00\x00\xc0\xc0\xc0\x00\x00\x00\x00\x00\x00\x00\x00\x00\x00\x00\x00\xc0\xc0\xc0\xc0'),
                            bytearray(b' ?\x7fp\x7fpp\x7fp\x7fp\x7f??\x00\x00??}}\x7f\x7f\x7f\x7f\x7f\x7f\x7f\x7f??\x00\x00'),
                            bytearray(b'\x00\xfe\xfe\x01\xff\x00\x00\xff\xfe\xff\x02\xff\xfc\xfe\xc0\xc0\xfe\xfe\x01\x01\xff\xff\xff\xff\xff\xff\xff\xff\xfe\xfe\xc0\xc0'),
                        ], is_16bit=False, y_plus=0, y_minus=0, x=116, y=72),
                        Tile(mirror=True, invert=False, format=0, length=5, subtile_bytes=[
                            bytearray(b"\x15\xf3!\xc0\x18\xc0a\x87\xf1\x07\xf2\x07\r\x0f\x07\x03<:>\x1f\'\x7f||\x88\xfc\x08\xfc\x00\x0e\x04\x03"),
                            bytearray(b'\x1f\xc0\x08\xc0\x88\x00\xf0\x800\xe0H\xf8\xd4\xfc\x1c\xf8\x7f`\xb8\xf0\xf8x0\xc0\x10 \x008\x00\x0c\x04\xf8'),
                            None,
                            None,
                        ], is_16bit=False, y_plus=0, y_minus=0, x=112, y=124),
                        Tile(mirror=True, invert=False, format=0, length=5, subtile_bytes=[
                            bytearray(b'\x07\x07\x12\x1f\x1d?|?N?s\x0f\x0e\x01\x01\x00\x00\x04\x00\x07\x00\x03\x00\x01\x000\x00|\x00\x0f\x00\x01'),
                            bytearray(b'b\xd9\xfe\xc1\xae\xd1\xf9\xc6\xc7\xfe\xf7\xfc\x0f\xf8\xf8\x00>\xfc2r:\xda?\xc7\x03?\x02\r\x00\xff\x00\xf8'),
                            None,
                            None,
                        ], is_16bit=False, y_plus=0, y_minus=0, x=128, y=124),
                    ]
                ),
                Mold(28, gridplane=False,
                    tiles=[
                        Tile(mirror=True, invert=False, format=0, length=7, subtile_bytes=[
                            bytearray(b'q\x8f\x91\xfeR\xfc\xcb\x7f\xc7\xff\x03\xff\x07\xff\x0e\xff\xf3v\xf1\x00\xf3\x89\x7f\x84\xff\x00\xff\x00\xff\x00\xfe\x00'),
                            bytearray(b'\xbc\xe0\x8c\x88\xe4\x04\x82\x80\x88\x87\x86\x8f\x83\x84\xd4\xc4\xdcL\x8ct\x04\xf8\x82~\x80~\x80x\x8b|\x0e~'),
                            bytearray(b'\x1c\xff}\xff\xfe\xfe\xf8\xf8\xf0\xf0\xc2\xc1\x06\x01\x0c\xc3\xfe\x02\xfe\x02\xfe\x01\xf8\x07\xf0\x0f\xc3=\x02\xfdT\xfa'),
                            bytearray(b"v\xc4.\xec||<8\xbc8z\xf0x\xa7x\xa7,\x1e\x1e\xfc\xfc\xfc|\xf8|\xf8\xf6\xfce\xbfx\'"),
                        ], is_16bit=False, y_plus=0, y_minus=0, x=112, y=108),
                        Tile(mirror=True, invert=False, format=0, length=7, subtile_bytes=[
                            bytearray(b'\x01\x02\x03\x00\x01\x06\x11\x1e%>^?\\?!_\x03\x03\x02\x02\x00\x06\x00\x1e\x002\x00a@cP\x7f'),
                            bytearray(b'\xf8\x1f\xe0?\xe0?\xc1?\xc3>\xc0?\xc0?\xe0?? <\x07xMxIyF\x7f@\x7f@?\x00'),
                            bytearray(b'2l\x02q]#c\x07\x03\x07\x01\x07\x04\x07\x05\x07o}<\x7ft,`$\x00\x04\x00\x06\x00\x07\x00\x07'),
                            bytearray(b'\xe0?q\x9fy\x9fw\x9d\xef\x8b\xe3\x81[\xa0\xdc\xad?\x001"3"\x13\x0c\x0b\x16!>`\xff\x7f\xef'),
                        ], is_16bit=False, y_plus=0, y_minus=0, x=128, y=108),
                        Tile(mirror=True, invert=False, format=0, length=6, subtile_bytes=[
                            bytearray(b'\x00\x0c\xcc\x0c(\x1cH\xbc8D\x08@\x10\x00\xa8\x00\x00\x0c\xc0@\xe0\xc4d\xf4\xbcD\xb8P\xf0\x00\xf8\x08'),
                            None,
                            bytearray(b"\x80 \xc0\x10\x01\x10\t\x82-\x82\'\x01\xa7\x01\xfe\x03\xd8 \xec\x10\xec\x10\x7f\x83\x7f\x83\xfb\x06\xfb\x82\x07\x04"),
                            bytearray(b'\x00\x00\x00\x00\x80\x00\xc0\x00\xe0\x00\xf0\x80\x00\xf8h\xf0\x00\x00\x00\x00\x00\x00\x80\x80\x80\x80\xd0P\xc0H\x88\x98'),
                        ], is_16bit=False, y_plus=0, y_minus=0, x=113, y=92),
                        Tile(mirror=True, invert=False, format=0, length=7, subtile_bytes=[
                            bytearray(b'\x00\x00\x00\x00\x01\x01\x00\x03\x00\x07\x04\x05\x04\x07\x01\x07\x00\x00\x00\x00\x00\x00\x00\x03\x00\x07\x02\x01\x00\x03\x01\x06'),
                            bytearray(b'\x00\x00\x80\xc0\xc4\xf2t\xb0@\x9c\x02\xdc\x18\xf8\r\xf8\x01\x00\x0b\x00="\x7f\x80_,\x1fl?b\x1f\xf0'),
                            bytearray(b'\x04\x03\x04\x03\x06\x07\x07\x07\x00\x07\x03\x00\x01\x00\x01\x00\x07\x04\x07\x06\x01\x01\x00\x00\x00\x07\x03\x00\x01\x00\x01\x01'),
                            bytearray(b'\x04\xfc`\xf9\xc0\xc1L\xc0 \x88\x01 \xff\x00\xff\x00\x9f\xe0\xfe\x01\xde9w\xb4\xff\xfe\xfe\xff\x81\x81\x00\x00'),
                        ], is_16bit=False, y_plus=0, y_minus=0, x=129, y=92),
                        Tile(mirror=False, invert=False, format=1, length=9, subtile_bytes=[
                            bytearray(b'\x00\x00\x00\x00\x00\x00\x01\x01\x02\x03\x02\x03\x03\x03\x05\x07\x00\x00\x00\x00\x00\x00\x00\x01\x00\x03\x00\x03\x02\x03\x07\x07'),
                            None,
                            bytearray(b'\x0f\x0e\x13\x1f-?^\x7f\xd9\xff\xe2\xfe\xf4\xfcxx\x02\x0e\x01\x1f\x003\x00a@\xe7\xe0\xfe\xf0\xfcpx'),
                            bytearray(b'\xc8\xf8\xf8\xb8\xf0\xf0\xc0\xc0\x00\x00\x00\x00\x00\x00\x00\x00\xc0\xf8\xe0\xf8\xe0\xf0@\xc0\x00\x00\x00\x00\x00\x00\x00\x00'),
                        ], is_16bit=False, y_plus=0, y_minus=0, x=128, y=92),
                        Tile(mirror=False, invert=False, format=1, length=11, subtile_bytes=[
                            bytearray(b'\x00\x00\x0c\x0e\x1c\x1f;<3<)>4?\x1a\x1f\x00\x00\x0e\x0e\x1f\x1f????????\x1f\x1f'),
                            bytearray(b'\x00\x00\x00\x00\x00\x00\x00\xb0\xb0x\xd08\xe0\x10p\x88\x00\x00\x00\x00\x00\x00\xb0\xb0xx\xb8\xb8\x90\x90\xc8\xc8'),
                            bytearray(b'\r\x0f\x06\x07\xeb\xefW\xff\xac\xfc\x18\xf8\x1c\xfc\x1c\xfc\x0f\x0f\x07\x07\x0f\xef\x1f\xbf\x1c\x1c\x08\x18\x00\x04\x00\x84'),
                            bytearray(b'8\xc4\xdc\xe2l\xf2\xb4\xfa\xd8\xfc`x\x00 \x00\x00\xe4\xe4\xf2\xf2\xfa\xfa\xfe\xfe\xfc\xfcxx  \x00\x00'),
                        ], is_16bit=False, y_plus=0, y_minus=0, x=136, y=84),
                        Tile(mirror=True, invert=False, format=0, length=5, subtile_bytes=[
                            bytearray(b"\x15\xf3!\xc0\x18\xc0a\x87\xf1\x07\xf2\x07\r\x0f\x07\x03<:>\x1f\'\x7f||\x88\xfc\x08\xfc\x00\x0e\x04\x03"),
                            bytearray(b'\x1f\xc0\x08\xc0\x88\x00\xf0\x800\xe0H\xf8\xd4\xfc\x1c\xf8\x7f`\xb8\xf0\xf8x0\xc0\x10 \x008\x00\x0c\x04\xf8'),
                            None,
                            None,
                        ], is_16bit=False, y_plus=0, y_minus=0, x=112, y=124),
                        Tile(mirror=True, invert=False, format=0, length=5, subtile_bytes=[
                            bytearray(b'\x07\x07\x12\x1f\x1d?|?N?s\x0f\x0e\x01\x01\x00\x00\x04\x00\x07\x00\x03\x00\x01\x000\x00|\x00\x0f\x00\x01'),
                            bytearray(b'b\xd9\xfe\xc1\xae\xd1\xf9\xc6\xc7\xfe\xf7\xfc\x0f\xf8\xf8\x00>\xfc2r:\xda?\xc7\x03?\x02\r\x00\xff\x00\xf8'),
                            None,
                            None,
                        ], is_16bit=False, y_plus=0, y_minus=0, x=128, y=124),
                    ]
                ),
                Mold(29, gridplane=False,
                    tiles=[
                        Tile(mirror=True, invert=False, format=0, length=7, subtile_bytes=[
                            bytearray(b'q\x8f\x91\xfeR\xfc\xcb\x7f\xc7\xff\x03\xff\x07\xff\x0e\xff\xf3v\xf1\x00\xf3\x89\x7f\x84\xff\x00\xff\x00\xff\x00\xfe\x00'),
                            bytearray(b'\xbc\xe0\x8c\x88\xe4\x04\x82\x80\x88\x87\x86\x8f\x83\x84\xd4\xc4\xdcL\x8ct\x04\xf8\x82~\x80~\x80x\x8b|\x0e~'),
                            bytearray(b'\x1c\xff}\xff\xfe\xfe\xf8\xf8\xf0\xf0\xc2\xc1\x06\x01\x0c\xc3\xfe\x02\xfe\x02\xfe\x01\xf8\x07\xf0\x0f\xc3=\x02\xfdT\xfa'),
                            bytearray(b"v\xc4.\xec||<8\xbc8z\xf0x\xa7x\xa7,\x1e\x1e\xfc\xfc\xfc|\xf8|\xf8\xf6\xfce\xbfx\'"),
                        ], is_16bit=False, y_plus=0, y_minus=0, x=113, y=108),
                        Tile(mirror=True, invert=False, format=0, length=7, subtile_bytes=[
                            bytearray(b'\x01\x02\x03\x00\x01\x06\x11\x1e%>^?\\?!_\x03\x03\x02\x02\x00\x06\x00\x1e\x002\x00a@cP\x7f'),
                            bytearray(b'\xf8\x1f\xe0?\xe0?\xc1?\xc3>\xc0?\xc0?\xe0?? <\x07xMxIyF\x7f@\x7f@?\x00'),
                            bytearray(b'2l\x02q]#c\x07\x03\x07\x01\x07\x04\x07\x05\x07o}<\x7ft,`$\x00\x04\x00\x06\x00\x07\x00\x07'),
                            bytearray(b'\xe0?q\x9fy\x9fw\x9d\xef\x8b\xe3\x81[\xa0\xdc\xad?\x001"3"\x13\x0c\x0b\x16!>`\xff\x7f\xef'),
                        ], is_16bit=False, y_plus=0, y_minus=0, x=129, y=108),
                        Tile(mirror=True, invert=False, format=0, length=6, subtile_bytes=[
                            bytearray(b'\x00\x0c\xcc\x0c(\x1cH\xbc8D\x08@\x10\x00\xa8\x00\x00\x0c\xc0@\xe0\xc4d\xf4\xbcD\xb8P\xf0\x00\xf8\x08'),
                            None,
                            bytearray(b"\x80 \xc0\x10\x01\x10\t\x82-\x82\'\x01\xa7\x01\xfe\x03\xd8 \xec\x10\xec\x10\x7f\x83\x7f\x83\xfb\x06\xfb\x82\x07\x04"),
                            bytearray(b'\x00\x00\x00\x00\x80\x00\xc0\x00\xe0\x00\xf0\x80\x00\xf8h\xf0\x00\x00\x00\x00\x00\x00\x80\x80\x80\x80\xd0P\xc0H\x88\x98'),
                        ], is_16bit=False, y_plus=0, y_minus=0, x=114, y=92),
                        Tile(mirror=True, invert=False, format=0, length=7, subtile_bytes=[
                            bytearray(b'\x00\x00\x00\x00\x01\x01\x00\x03\x00\x07\x04\x05\x04\x07\x01\x07\x00\x00\x00\x00\x00\x00\x00\x03\x00\x07\x02\x01\x00\x03\x01\x06'),
                            bytearray(b'\x00\x00\x80\xc0\xc4\xf2t\xb0@\x9c\x02\xdc\x18\xf8\r\xf8\x01\x00\x0b\x00="\x7f\x80_,\x1fl?b\x1f\xf0'),
                            bytearray(b'\x04\x03\x04\x03\x06\x07\x07\x07\x00\x07\x03\x00\x01\x00\x01\x00\x07\x04\x07\x06\x01\x01\x00\x00\x00\x07\x03\x00\x01\x00\x01\x01'),
                            bytearray(b'\x04\xfc`\xf9\xc0\xc1L\xc0 \x88\x01 \xff\x00\xff\x00\x9f\xe0\xfe\x01\xde9w\xb4\xff\xfe\xfe\xff\x81\x81\x00\x00'),
                        ], is_16bit=False, y_plus=0, y_minus=0, x=130, y=92),
                        Tile(mirror=False, invert=False, format=1, length=9, subtile_bytes=[
                            bytearray(b'\x00\x00\x00\x00\x00\x00\x01\x01\x02\x03\x02\x03\x03\x03\x05\x07\x00\x00\x00\x00\x00\x00\x00\x01\x00\x03\x00\x03\x02\x03\x07\x07'),
                            None,
                            bytearray(b'\x0f\x0e\x13\x1f-?^\x7f\xd9\xff\xe2\xfe\xf4\xfcxx\x02\x0e\x01\x1f\x003\x00a@\xe7\xe0\xfe\xf0\xfcpx'),
                            bytearray(b'\xc8\xf8\xf8\xb8\xf0\xf0\xc0\xc0\x00\x00\x00\x00\x00\x00\x00\x00\xc0\xf8\xe0\xf8\xe0\xf0@\xc0\x00\x00\x00\x00\x00\x00\x00\x00'),
                        ], is_16bit=False, y_plus=0, y_minus=0, x=132, y=96),
                        Tile(mirror=False, invert=False, format=1, length=11, subtile_bytes=[
                            bytearray(b'\x00\x00\x0c\x0e\x1c\x1f;<3<)>4?\x1a\x1f\x00\x00\x0e\x0e\x1f\x1f????????\x1f\x1f'),
                            bytearray(b'\x00\x00\x00\x00\x00\x00\x00\xb0\xb0x\xd08\xe0\x10p\x88\x00\x00\x00\x00\x00\x00\xb0\xb0xx\xb8\xb8\x90\x90\xc8\xc8'),
                            bytearray(b'\r\x0f\x06\x07\xeb\xefW\xff\xac\xfc\x18\xf8\x1c\xfc\x1c\xfc\x0f\x0f\x07\x07\x0f\xef\x1f\xbf\x1c\x1c\x08\x18\x00\x04\x00\x84'),
                            bytearray(b'8\xc4\xdc\xe2l\xf2\xb4\xfa\xd8\xfc`x\x00 \x00\x00\xe4\xe4\xf2\xf2\xfa\xfa\xfe\xfe\xfc\xfcxx  \x00\x00'),
                        ], is_16bit=False, y_plus=0, y_minus=0, x=140, y=88),
                        Tile(mirror=True, invert=False, format=0, length=5, subtile_bytes=[
                            bytearray(b"\x15\xf3!\xc0\x18\xc0a\x87\xf1\x07\xf2\x07\r\x0f\x07\x03<:>\x1f\'\x7f||\x88\xfc\x08\xfc\x00\x0e\x04\x03"),
                            bytearray(b'\x1f\xc0\x08\xc0\x88\x00\xf0\x800\xe0H\xf8\xd4\xfc\x1c\xf8\x7f`\xb8\xf0\xf8x0\xc0\x10 \x008\x00\x0c\x04\xf8'),
                            None,
                            None,
                        ], is_16bit=False, y_plus=0, y_minus=0, x=112, y=124),
                        Tile(mirror=True, invert=False, format=0, length=5, subtile_bytes=[
                            bytearray(b'\x07\x07\x12\x1f\x1d?|?N?s\x0f\x0e\x01\x01\x00\x00\x04\x00\x07\x00\x03\x00\x01\x000\x00|\x00\x0f\x00\x01'),
                            bytearray(b'b\xd9\xfe\xc1\xae\xd1\xf9\xc6\xc7\xfe\xf7\xfc\x0f\xf8\xf8\x00>\xfc2r:\xda?\xc7\x03?\x02\r\x00\xff\x00\xf8'),
                            None,
                            None,
                        ], is_16bit=False, y_plus=0, y_minus=0, x=128, y=124),
                    ]
                ),
            ],
            sequences=[
                AnimationSequence(
                    frames=[
                        AnimationSequenceFrame(duration=2, mold_id=0),
                        AnimationSequenceFrame(duration=2, mold_id=1),
                        AnimationSequenceFrame(duration=2, mold_id=2),
                        AnimationSequenceFrame(duration=2, mold_id=3),
                        AnimationSequenceFrame(duration=2, mold_id=4),
                        AnimationSequenceFrame(duration=2, mold_id=5),
                        AnimationSequenceFrame(duration=2, mold_id=6),
                        AnimationSequenceFrame(duration=2, mold_id=7),
                        AnimationSequenceFrame(duration=2, mold_id=8),
                        AnimationSequenceFrame(duration=2, mold_id=1),
                        AnimationSequenceFrame(duration=2, mold_id=2),
                        AnimationSequenceFrame(duration=2, mold_id=3),
                        AnimationSequenceFrame(duration=2, mold_id=4),
                        AnimationSequenceFrame(duration=2, mold_id=5),
                        AnimationSequenceFrame(duration=2, mold_id=6),
                        AnimationSequenceFrame(duration=2, mold_id=7),
                        AnimationSequenceFrame(duration=2, mold_id=8),
                        AnimationSequenceFrame(duration=2, mold_id=1),
                        AnimationSequenceFrame(duration=2, mold_id=2),
                        AnimationSequenceFrame(duration=2, mold_id=3),
                        AnimationSequenceFrame(duration=2, mold_id=4),
                        AnimationSequenceFrame(duration=2, mold_id=5),
                        AnimationSequenceFrame(duration=2, mold_id=6),
                        AnimationSequenceFrame(duration=2, mold_id=7),
                        AnimationSequenceFrame(duration=2, mold_id=9),
                        AnimationSequenceFrame(duration=2, mold_id=10),
                        AnimationSequenceFrame(duration=2, mold_id=11),
                        AnimationSequenceFrame(duration=2, mold_id=12),
                        AnimationSequenceFrame(duration=4, mold_id=13),
                    ]
                ),
                AnimationSequence(
                    frames=[
                        AnimationSequenceFrame(duration=4, mold_id=14),
                        AnimationSequenceFrame(duration=4, mold_id=15),
                        AnimationSequenceFrame(duration=4, mold_id=16),
                        AnimationSequenceFrame(duration=4, mold_id=17),
                        AnimationSequenceFrame(duration=8, mold_id=18),
                        AnimationSequenceFrame(duration=2, mold_id=9),
                        AnimationSequenceFrame(duration=2, mold_id=10),
                        AnimationSequenceFrame(duration=2, mold_id=11),
                        AnimationSequenceFrame(duration=2, mold_id=12),
                        AnimationSequenceFrame(duration=4, mold_id=13),
                    ]
                ),
                AnimationSequence(
                    frames=[
                        AnimationSequenceFrame(duration=8, mold_id=19),
                        AnimationSequenceFrame(duration=8, mold_id=20),
                    ]
                ),
                AnimationSequence(
                    frames=[
                        AnimationSequenceFrame(duration=8, mold_id=21),
                        AnimationSequenceFrame(duration=8, mold_id=22),
                    ]
                ),
                AnimationSequence(
                    frames=[
                        AnimationSequenceFrame(duration=4, mold_id=23),
                        AnimationSequenceFrame(duration=4, mold_id=24),
                        AnimationSequenceFrame(duration=16, mold_id=25),
                        AnimationSequenceFrame(duration=2, mold_id=26),
                        AnimationSequenceFrame(duration=2, mold_id=27),
                        AnimationSequenceFrame(duration=2, mold_id=28),
                        AnimationSequenceFrame(duration=16, mold_id=29),
                    ]
                ),
            ]
        )
    ),
    palette_id=SPAL669_BOWSER_CLAW_ATTACK,
    palette_offset=0,
    unknown_num=0
)
