# SPR0975_BOWSER_CAST_SPELL

from smrpgpatchbuilder.datatypes.graphics.classes import CompleteSprite, AnimationPack, AnimationPackProperties, AnimationSequence, AnimationSequenceFrame, Mold, Tile, Clone
from randomizer.data.variables.sprite_palette_names import SPAL669_BOWSER_CLAW_ATTACK
sprite = CompleteSprite(
    animation=AnimationPack(6, length=1252, unknown=0x0002,
        properties=AnimationPackProperties(vram_size=4096,
            molds=[
                Mold(0, gridplane=False,
                    tiles=[
                        Tile(mirror=False, invert=False, format=0, length=5, subtile_bytes=[
                            bytearray(b'G\xe0\x1f\x00\xff\x01\xff\x01\xff\x013\xcf\xf8\x1f\x1f\x00\xa4\xbc\xe8\xf8\xe0a\x00\x01\x06\x06\xfc\xfc\x00\xff\x00\x1f'),
                            bytearray(b'\xe0\xe0H\xf8\xb8\xfc>\xfcr\xfc\xce\xf0p\x80\x80\x00\x00 \x00\xe0\x00\xc0\x00\x80\x00\x0c\x00>\x00\xf0\x00\x80'),
                            None,
                            None,
                        ], is_16bit=False, y_plus=0, y_minus=0, x=130, y=129),
                        Tile(mirror=False, invert=False, format=0, length=6, subtile_bytes=[
                            None,
                            bytearray(b'\x80\x00\xe0\x10\xf0\x00\xf8\x80x\xc0x\xc0x\xc0p\xc8\x80\xc000\x80\x80\xc8H\xc0\x00\xc0\x00\xc8\x08\xc8\x08'),
                            bytearray(b'\x04\xff\x12\xfd\x1f\xfb\x9f\xff\xff\xfe?\xfe\x03\xe0\x83\xe0\xf1\n\xf3\x0c\xff\x00\xff\x00\xff\x01~\xc0">\x00<'),
                            bytearray(b'\xf0\x80\xe0\x00\xc0 \xe00\xe0p\xc0p\x90p\xd0\xf0\xd0P\xa0\xa0\x00\x00@P\x00\x10\x000\x00p\x00\xf0'),
                        ], is_16bit=False, y_plus=0, y_minus=0, x=130, y=113),
                        Tile(mirror=False, invert=False, format=0, length=5, subtile_bytes=[
                            bytearray(b'\x03\x14\x04\x1b\x00\x1e\x03\x0f\x19\x1f$?W\x7fq?\x1f\x1f\x1f\x1f\x1f\x1f\x0c\x0e\x00\x18\x008\x00`@?'),
                            bytearray(b'\xde6t\x88\x1ad\x07\xd8\x13\xcc\x9c\xc3`\xe0\xc0\x80\xf7\xff\xfb\xff\xfd\xff||/\x7f#\x7f\x00\xe0@\x80'),
                            None,
                            None,
                        ], is_16bit=False, y_plus=0, y_minus=0, x=114, y=129),
                        Tile(mirror=False, invert=False, format=0, length=6, subtile_bytes=[
                            bytearray(b"\x00\x01\x03\x03\x0f3#\x1f\x13\x0b\x10\x00\x19\x08\x1c\x08\x01\x00\x03\x00\x0f\x00\'\x04\x13\x0c\x18\x0f\x18\x0f\x08\x1f"),
                            None,
                            bytearray(b'\x1c\x08\x0e\x08\x16\x08\x08<3\xfe\xea\x1e\x1f\x03\x16\x01\x08\x1f\x18\x1f\x08\x1f\x06\x07\x06\x07\xe7\x17\x0b\x17\x19\x0f'),
                            bytearray(b'~\x7f>?\x1f\x1f\x1f\x7f\x0f\xff\x06\xf7\xa1\x836\xf1\x7f\x80?\xc0\x1f\xe0\x7f\xe0\x1f\x90\x17\xd9\xe2\xde\xf8\xff'),
                        ], is_16bit=False, y_plus=0, y_minus=0, x=114, y=113),
                        Tile(mirror=False, invert=False, format=0, length=7, subtile_bytes=[
                            bytearray(b'\x00\x00\x00\x00\x00\x00\x00\x00\x80@\xc0b\x8ds\x0c{\x00\x00\x00\x00\x00\x00\x00\x00\x80\x00\x80\x02\x94V|b'),
                            bytearray(b'\x00\x00\x00\x00\x00\x00\x00\x00\x00\x00\x00\x00\x80\x00|\x82\x00\x00\x00\x00\x00\x00\x00\x00\x00\x00\x00\x00\x80\x80\x0e\x0e'),
                            bytearray(b'd\xff\x00\xff\x80\xff\xe8\xd7\xa4\x9b\xa4\x1b\x9c\x07|\x7f\xfc\x02\xff\x00\xff\x00\xef\x10\xa7@G\xf0\x7f\xe0\x7f\x80'),
                            bytearray(b'\x1d\xe6\x01\xfe\x13\xff\x19\xff\x0e\xff\x00\xff\x00\xff\x00\xff\xf0\x92\xf0\n\xf1\x08\xf9\x04\xff\x00\xff\x00\xff\x00\xf1\n'),
                        ], is_16bit=False, y_plus=0, y_minus=0, x=122, y=105),
                        Tile(mirror=False, invert=False, format=1, length=5, subtile_bytes=[
                            bytearray(b'\x00\x00\x00\x00\x17\xfc\x08\xf6\x18\xf4(\xf0\xd0\xe8\x80\xe0\x00\x00\x00\x00\x01\t\x0e\x8e\x04\x84\x10\x9088\x00\xe0'),
                            None,
                            None,
                            None,
                        ], is_16bit=False, y_plus=0, y_minus=0, x=149, y=116),
                        Tile(mirror=False, invert=False, format=1, length=7, subtile_bytes=[
                            bytearray(b'\x00\x00\xcf\xff\xc0\xff \x7fX\x7f ?x\x7f\x00\x00\x00\x00\x00\x80\x00\x80\x80\xc0\x80\xe0\xc0\xff\x80\xff\x00\x00'),
                            bytearray(b'\x00\x00\x00\x00d\xf0\x10\xf8\xf2\xf80\xf8\x04\xf0\x01\x01\x00\x00\x1e\x1e\x0f\x1f\x07\x0f\x05\r\x07\xcf\x0f\xff\x1e\x1f'),
                            None,
                            None,
                        ], is_16bit=False, y_plus=0, y_minus=0, x=133, y=116),
                        Tile(mirror=False, invert=False, format=0, length=7, subtile_bytes=[
                            bytearray(b'\x00\x00\x00\x00\x00\x00\x00\x00\x00\x00\x00\x00\x07\x0f\x01\x1f\x00\x00\x00\x00\x00\x00\x00\x00\x00\x00\x00\x00\x00\x08\x00\x10'),
                            bytearray(b'\x00\x00\x00\x00\x00\x00\x00\x00\x00\x00hx\xbc\xfc\x94\xfc\x00\x00\x00\x00\x00\x00\x00\x00\x00\x00xx<|\x1c|'),
                            bytearray(b'\x11\x1f\x13\x1f\x0c\x1f\x00\x0f\x08\x0f\x07\x07\x03\x03\x00\x00\x00\x00\x00\x00\x00\x13\x00\x0f\x08\x0f\x07\x07\x03\x03\x00\x00'),
                            bytearray(b'\x9c\xfc\x1c\xfc<\xfcx\xf8\xe0\xe0\xe0\xe0\xc0\xc0\x00\x00\x1c|\x1c\xfc<\xfcx\xf8\xe0\xe0\xe0\xe0\xc0\xc0\x00\x00'),
                        ], is_16bit=False, y_plus=0, y_minus=0, x=114, y=105),
                        Tile(mirror=False, invert=False, format=0, length=7, subtile_bytes=[
                            bytearray(b'\x00D\x19b\x04cT!\x08\x13\x00\x16@\x14\xc0\x00\x03D}b<{^)l\x13\xe9\x16\xeb\x14\xff\x00'),
                            bytearray(b'\x00\x00\x00\x01\x80\x01@\x03\x90\x1f\x00?\x00~\x00| \x00\xe0\x01\xf0\x00\xf0\x82\xf0\r\xe01\xe0"\xf0\x1c'),
                            bytearray(b'W \x7f\x00\x7f\x00?\x00\x0f\x00\x07\x00\x00\x00\x00\x00_ \x7f\x00\x7f\x00?\x00\x0f\x00\x07\x00\x00\x00\x00\x00'),
                            bytearray(b'\x18\xf8|\x7f\xc8\x0f\xfb\x06\xff\x02\xfd\x02~\x00\x00\x00\xf8\x86~\x83\xce3\xf9\x05\xfd\x01\xfd\x01~\x02\x00\x00'),
                        ], is_16bit=False, y_plus=0, y_minus=0, x=131, y=104),
                    ]
                ),
                Mold(1, gridplane=False,
                    tiles=[
                        Tile(mirror=False, invert=False, format=1, length=7, subtile_bytes=[
                            bytearray(b'\x07\xfc\x8e\xf8\x9e\xf8\xee\xb8\xf6\xd0\xc6\x80\xda\x04:\xb4\xfc\x00\x8cD\xccD\xc80\xd0h\x84|\x06\xfe\xfe\xf6'),
                            None,
                            bytearray(b'D\x98|\x80t\x88\x98`\xc0@\x80\x00\x00\x00\x00\x00|<LL\\X\xf8\xe0\xc0\xc0\x00\x80\x00\x00\x00\x00'),
                            None,
                        ], is_16bit=False, y_plus=0, y_minus=0, x=129, y=120),
                        Tile(mirror=False, invert=False, format=1, length=11, subtile_bytes=[
                            bytearray(b'n#t7>><\x1c=\x1c^\x0f\x1e\xe5\x1e\xe54xx???>\x1f>\x1fo?\xa6\xfd\x1e\xe4'),
                            bytearray(b'8\xff\xbe\xff\x7f\x7f\x1f\x1f\x0f\x0fC\x83`\x800\xc3\x7f@\x7f@\x7f\x80\x1f\xe0\x0f\xf0\xc3\xbc@\xbf*_'),
                            bytearray(b'\xf8\x03\x10\x03\x11\x00\x0e\x00\x00\x00\x00\x00\x00\x00\x00\x00\xfe\x06\x1d\x0f\x1f\x1e\x0c\x02\x00\x00\x00\x00\x00\x00\x00\x00'),
                            bytearray(b'\xa8\xcf\x84\x03\x18\x03&\x01\x0f\x00\x0f\x00\x00\x00\x00\x00<\\|\xf8\xe4\xfe\x1e>\x11\x1f\x10\x1f\x00\x00\x00\x00'),
                        ], is_16bit=False, y_plus=0, y_minus=0, x=113, y=120),
                        Tile(mirror=False, invert=False, format=1, length=7, subtile_bytes=[
                            bytearray(b'\x1f\xf8\x07\xfc\x07\xfc\x83\xfc\xc3|\x03\xfc\x03\xfc\x07\xfc\xfc\x04<\xe0\x1e\xb2\x1e\x92\x9eb\xfe\x02\xfe\x02\xfc\x00'),
                            bytearray(b'\x80@\xc0\x00\xc0\x00\x80\x00\x80\x00\x80\x00\x80\x00\x80\x00\xc0\xc0@@@@\x00\x00\x00\x00\x80\x80\x80\x80\x80\x80'),
                            None,
                            None,
                        ], is_16bit=False, y_plus=0, y_minus=0, x=129, y=112),
                        Tile(mirror=False, invert=False, format=0, length=5, subtile_bytes=[
                            bytearray(b'\x00\x00\x00\x00\x80\x80\x00\xc0\x00\xe0 \xa0 \xe0\x80\xe0\x00\x00\x00\x00\x00\x00\x00\xc0\x00\xe0@\x80\x00\xc0\x80`'),
                            None,
                            bytearray(b' \xc0 \xc0`\xe0\xe0\xe0\x00\xe0\xc0\x00\x80\x00\x80\x00\xe0 \xe0`\x80\x80\x00\x00\x00\xe0\xc0\x00\x80\x00\x80\x80'),
                            None,
                        ], is_16bit=False, y_plus=0, y_minus=0, x=137, y=96),
                        Tile(mirror=False, invert=False, format=1, length=9, subtile_bytes=[
                            bytearray(b'\x00\x00\x00\x00\x01\x00\x03\x00\x07\x00\x0f\x01\x00\x1f\x16\x0f\x00\x00\x00\x00\x00\x00\x01\x01\x01\x01\x0b\n\x03\x12\x11\x19'),
                            None,
                            bytearray(b"=\x071\x11\' A\x01\x11\xe1a\xf1\xc1!+#;21. \x1fA~\x01~\x01\x1e\xd1>p~"),
                            bytearray(b'\x8e\xf1\x89\x7fJ?\xd3\xfe\xe3\xff\xc0\xff\xe0\xffp\xff\xcfn\x8f\x00\xcf\x91\xfe!\xff\x00\xff\x00\xff\x00\x7f\x00'),
                        ], is_16bit=False, y_plus=0, y_minus=0, x=113, y=104),
                        Tile(mirror=False, invert=False, format=0, length=7, subtile_bytes=[
                            bytearray(b'\x00030\x148\x12=\x1c"\x10\x02\x08\x00\x15\x00\x000\x03\x02\x07#&/="\x1d\n\x0f\x00\x1f\x10'),
                            bytearray(b'\x00\x00\x01\x03#O.\r\x029@;\x18\x1f\xb0\x1f\x80\x00\xd0\x00\xbcD\xfe\x01\xfa4\xf86\xfcF\xf8\x0f'),
                            bytearray(b'\x01\x04\x03\x08\x80\x08\x90A\xb4A\xe4\x80\xe5\x80\x7f\xc0\x1b\x047\x087\x08\xfe\xc1\xfe\xc1\xdf`\xdfA\xe0 '),
                            bytearray(b' ?\x06\x9f\x03\x832\x03\x04\x11\x80\x04\xff\x00\xff\x00\xf9\x07\x7f\x80{\x9c\xee-\xff\x7f\x7f\xff\x81\x81\x00\x00'),
                        ], is_16bit=False, y_plus=0, y_minus=0, x=121, y=96),
                        Tile(mirror=False, invert=False, format=1, length=7, subtile_bytes=[
                            bytearray(b'\x00\x00\x00\x00\x00\xc0\xe0\x00\xc0 @\xa0\xc0\xe0\xc0\xc0\x00\x00\x00\x00\xc0\xc0  \xa0\xa0\xe0\xe0 \xe0\x00\xc0'),
                            None,
                            bytearray(b'\x80\x80\x00\x00\x00\x00\x00\x00\x00\x00\x00\x00\x00\x00\x00\x00\x00\x80\x00\x00\x00\x00\x00\x00\x00\x00\x00\x00\x00\x00\x00\x00'),
                            None,
                        ], is_16bit=False, y_plus=0, y_minus=0, x=150, y=106),
                        Tile(mirror=False, invert=False, format=1, length=11, subtile_bytes=[
                            bytearray(b'\x00\x00\x00\x00\x01\x01\x00\x01\x00\x00\x04\x00\x00\x00\x16\x1e\x00\x00\x00\x00\x00\x01\x00\x01\x07\x07\x0f\x0f\x0f\x0f\x01\x1f'),
                            bytearray(b'\x0c\x00{d7\xe8u\xfa\x9d\xf2~s\xb5;\x1f\x13\x04\x04\x1c|\x0b\xeb\n\xfa\x06\xf6\x88\xcb\xc0\xcb\xec\xef'),
                            bytearray(b";?}\x7f\xf9\xffc\xff\x06~\x0c<00\x00\x00\x00\'\x00C\x00\x87\x00\x9f\x80\xfe\xc0\xfc\xc0\xf0\xc0\xc0"),
                            bytearray(b'\x1f\x1f\x1e^\x00\x00\x00\x00\x00\x00\x00\x00\x00\x00\x00\x00\xe0\xff\xe0\xfe\xe0\xe0\xc0\xc0\x00\x00\x00\x00\x00\x00\x00\x00'),
                        ], is_16bit=False, y_plus=0, y_minus=0, x=134, y=106),
                        Tile(mirror=False, invert=False, format=1, length=7, subtile_bytes=[
                            bytearray(b'\x00\x00\x00\x00\x00\x00\x07\x01\x0c\x07\x12\x1f+?8\x1f\x00\x00\x01\x01\x03\x03\x06\x01\x08\x04\x00\x1c\x000 \x1f'),
                            bytearray(b'\x00\x00\x00\x00\x00\x00\xa0\xc0\x90\xe0P\xe0\xb0\xf0\xe0\xc0~~\xff\xff\xff\xff?\x1f\x1f/\x1e.\x0c| \xc0'),
                            None,
                            None,
                        ], is_16bit=False, y_plus=0, y_minus=0, x=112, y=128),
                        Tile(mirror=False, invert=False, format=1, length=7, subtile_bytes=[
                            bytearray(b'\x00\x00\x01\x01\x01\x01\x00\x03\x0f\x07\x0b\x07\x00\x03\x00\x00\x00\x00\x00\x00\x00\x00\x00\x03\x00\x00\x00\x04\x0c\x0f\x03\x03'),
                            bytearray(b'\xde\xf2\xdc\xf0\xd8\xf0\x98\xf0\xf8\xe0x\xe0`\xe0\x00\x00\x0f3\x0f3\x0f7\x0fw\x1f\xe7\x1f\xe7\x1f\xff\xe0\xe0'),
                            None,
                            None,
                        ], is_16bit=False, y_plus=0, y_minus=0, x=110, y=124),
                        Tile(mirror=False, invert=False, format=1, length=11, subtile_bytes=[
                            bytearray(b'p\x7fv\x7f\xf6\xff\xf6\xff\xf7\xff\xf3\xbfp\x1f3\x0f\x00\x7f\x00x\x00\xf8\x00\xf8\x00\xf8@\xbc`\x1f0\x0f'),
                            bytearray(b'\x00\x00\x00\x80\x80\xc0\xc0\xe0\xc0\xe0\x80\xe0 \xe0\xa0\xe0\x00\x00\x00\x80\x00\x00\x00 \x00 \x00`\x00\xe0\x00\xe0'),
                            bytearray(b'>\x0f\x1f\x0f=\x1b?\x03#\x1f/?0\x1f\x1f\x000\x0f\x10\x0e$\x1b<\x03`\\@p@\x7f ?'),
                            bytearray(b'\xe0\xe0H\xf8\xb8\xfc>\xfcr\xfc\xce\xf0p\x80\x80\x00\x00 \x00\xe0\x00\xc0\x00\x80\x00\x0c\x00>\x00\xf0\x00\x80'),
                        ], is_16bit=False, y_plus=0, y_minus=0, x=128, y=120),
                    ]
                ),
                Mold(2, gridplane=False,
                    tiles=[
                        Tile(mirror=False, invert=False, format=1, length=7, subtile_bytes=[
                            bytearray(b'\x07\xfc\x8e\xf8\x9e\xf8\xee\xb8\xf6\xd0\xc6\x80\xda\x04:\xb4\xfc\x00\x8cD\xccD\xc80\xd0h\x84|\x06\xfe\xfe\xf6'),
                            None,
                            bytearray(b'D\x98|\x80t\x88\x98`\xc0@\x80\x00\x00\x00\x00\x00|<LL\\X\xf8\xe0\xc0\xc0\x00\x80\x00\x00\x00\x00'),
                            None,
                        ], is_16bit=False, y_plus=0, y_minus=0, x=131, y=120),
                        Tile(mirror=False, invert=False, format=1, length=11, subtile_bytes=[
                            bytearray(b'n#t7>><\x1c=\x1c^\x0f\x1e\xe5\x1e\xe54xx???>\x1f>\x1fo?\xa6\xfd\x1e\xe4'),
                            bytearray(b'8\xff\xbe\xff\x7f\x7f\x1f\x1f\x0f\x0fC\x83`\x800\xc3\x7f@\x7f@\x7f\x80\x1f\xe0\x0f\xf0\xc3\xbc@\xbf*_'),
                            bytearray(b'\xf8\x03\x10\x03\x11\x00\x0e\x00\x00\x00\x00\x00\x00\x00\x00\x00\xfe\x06\x1d\x0f\x1f\x1e\x0c\x02\x00\x00\x00\x00\x00\x00\x00\x00'),
                            bytearray(b'\xa8\xcf\x84\x03\x18\x03&\x01\x0f\x00\x0f\x00\x00\x00\x00\x00<\\|\xf8\xe4\xfe\x1e>\x11\x1f\x10\x1f\x00\x00\x00\x00'),
                        ], is_16bit=False, y_plus=0, y_minus=0, x=115, y=120),
                        Tile(mirror=False, invert=False, format=1, length=7, subtile_bytes=[
                            bytearray(b'\x1f\xf8\x07\xfc\x07\xfc\x83\xfc\xc3|\x03\xfc\x03\xfc\x07\xfc\xfc\x04<\xe0\x1e\xb2\x1e\x92\x9eb\xfe\x02\xfe\x02\xfc\x00'),
                            bytearray(b'\x80@\xc0\x00\xc0\x00\x80\x00\x80\x00\x80\x00\x80\x00\x80\x00\xc0\xc0@@@@\x00\x00\x00\x00\x80\x80\x80\x80\x80\x80'),
                            None,
                            None,
                        ], is_16bit=False, y_plus=0, y_minus=0, x=131, y=112),
                        Tile(mirror=False, invert=False, format=0, length=5, subtile_bytes=[
                            bytearray(b'\x00\x00\x00\x00\x80\x80\x00\xc0\x00\xe0 \xa0 \xe0\x80\xe0\x00\x00\x00\x00\x00\x00\x00\xc0\x00\xe0@\x80\x00\xc0\x80`'),
                            None,
                            bytearray(b' \xc0 \xc0`\xe0\xe0\xe0\x00\xe0\xc0\x00\x80\x00\x80\x00\xe0 \xe0`\x80\x80\x00\x00\x00\xe0\xc0\x00\x80\x00\x80\x80'),
                            None,
                        ], is_16bit=False, y_plus=0, y_minus=0, x=139, y=96),
                        Tile(mirror=False, invert=False, format=1, length=9, subtile_bytes=[
                            bytearray(b'\x00\x00\x00\x00\x01\x00\x03\x00\x07\x00\x0f\x01\x00\x1f\x16\x0f\x00\x00\x00\x00\x00\x00\x01\x01\x01\x01\x0b\n\x03\x12\x11\x19'),
                            None,
                            bytearray(b"=\x071\x11\' A\x01\x11\xe1a\xf1\xc1!+#;21. \x1fA~\x01~\x01\x1e\xd1>p~"),
                            bytearray(b'\x8e\xf1\x89\x7fJ?\xd3\xfe\xe3\xff\xc0\xff\xe0\xffp\xff\xcfn\x8f\x00\xcf\x91\xfe!\xff\x00\xff\x00\xff\x00\x7f\x00'),
                        ], is_16bit=False, y_plus=0, y_minus=0, x=115, y=104),
                        Tile(mirror=False, invert=False, format=0, length=7, subtile_bytes=[
                            bytearray(b'\x00030\x148\x12=\x1c"\x10\x02\x08\x00\x15\x00\x000\x03\x02\x07#&/="\x1d\n\x0f\x00\x1f\x10'),
                            bytearray(b'\x00\x00\x01\x03#O.\r\x029@;\x18\x1f\xb0\x1f\x80\x00\xd0\x00\xbcD\xfe\x01\xfa4\xf86\xfcF\xf8\x0f'),
                            bytearray(b'\x01\x04\x03\x08\x80\x08\x90A\xb4A\xe4\x80\xe5\x80\x7f\xc0\x1b\x047\x087\x08\xfe\xc1\xfe\xc1\xdf`\xdfA\xe0 '),
                            bytearray(b' ?\x06\x9f\x03\x832\x03\x04\x11\x80\x04\xff\x00\xff\x00\xf9\x07\x7f\x80{\x9c\xee-\xff\x7f\x7f\xff\x81\x81\x00\x00'),
                        ], is_16bit=False, y_plus=0, y_minus=0, x=123, y=96),
                        Tile(mirror=False, invert=False, format=1, length=7, subtile_bytes=[
                            bytearray(b'\x00\x00\x00\x00\x00\xc0\xe0\x00\xc0 @\xa0\xc0\xe0\xc0\xc0\x00\x00\x00\x00\xc0\xc0  \xa0\xa0\xe0\xe0 \xe0\x00\xc0'),
                            None,
                            bytearray(b'\x80\x80\x00\x00\x00\x00\x00\x00\x00\x00\x00\x00\x00\x00\x00\x00\x00\x80\x00\x00\x00\x00\x00\x00\x00\x00\x00\x00\x00\x00\x00\x00'),
                            None,
                        ], is_16bit=False, y_plus=0, y_minus=0, x=154, y=360),
                        Tile(mirror=False, invert=False, format=1, length=11, subtile_bytes=[
                            bytearray(b'\x00\x00\x00\x00\x01\x01\x00\x01\x00\x00\x04\x00\x00\x00\x16\x1e\x00\x00\x00\x00\x00\x01\x00\x01\x07\x07\x0f\x0f\x0f\x0f\x01\x1f'),
                            bytearray(b'\x0c\x00{d7\xe8u\xfa\x9d\xf2~s\xb5;\x1f\x13\x04\x04\x1c|\x0b\xeb\n\xfa\x06\xf6\x88\xcb\xc0\xcb\xec\xef'),
                            bytearray(b";?}\x7f\xf9\xffc\xff\x06~\x0c<00\x00\x00\x00\'\x00C\x00\x87\x00\x9f\x80\xfe\xc0\xfc\xc0\xf0\xc0\xc0"),
                            bytearray(b'\x1f\x1f\x1e^\x00\x00\x00\x00\x00\x00\x00\x00\x00\x00\x00\x00\xe0\xff\xe0\xfe\xe0\xe0\xc0\xc0\x00\x00\x00\x00\x00\x00\x00\x00'),
                        ], is_16bit=False, y_plus=0, y_minus=0, x=138, y=360),
                        Tile(mirror=False, invert=False, format=1, length=7, subtile_bytes=[
                            bytearray(b'\x00\x00\x00\x00\x00\x00\x07\x01\x0c\x07\x12\x1f+?8\x1f\x00\x00\x01\x01\x03\x03\x06\x01\x08\x04\x00\x1c\x000 \x1f'),
                            bytearray(b'\x00\x00\x00\x00\x00\x00\xa0\xc0\x90\xe0P\xe0\xb0\xf0\xe0\xc0~~\xff\xff\xff\xff?\x1f\x1f/\x1e.\x0c| \xc0'),
                            None,
                            None,
                        ], is_16bit=False, y_plus=0, y_minus=0, x=113, y=128),
                        Tile(mirror=False, invert=False, format=1, length=7, subtile_bytes=[
                            bytearray(b'\x00\x00\x01\x01\x01\x01\x00\x03\x0f\x07\x0b\x07\x00\x03\x00\x00\x00\x00\x00\x00\x00\x00\x00\x03\x00\x00\x00\x04\x0c\x0f\x03\x03'),
                            bytearray(b'\xde\xf2\xdc\xf0\xd8\xf0\x98\xf0\xf8\xe0x\xe0`\xe0\x00\x00\x0f3\x0f3\x0f7\x0fw\x1f\xe7\x1f\xe7\x1f\xff\xe0\xe0'),
                            None,
                            None,
                        ], is_16bit=False, y_plus=0, y_minus=0, x=110, y=124),
                        Tile(mirror=False, invert=False, format=1, length=11, subtile_bytes=[
                            bytearray(b'p\x7fv\x7f\xf6\xff\xf6\xff\xf7\xff\xf3\xbfp\x1f3\x0f\x00\x7f\x00x\x00\xf8\x00\xf8\x00\xf8@\xbc`\x1f0\x0f'),
                            bytearray(b'\x00\x00\x00\x80\x80\xc0\xc0\xe0\xc0\xe0\x80\xe0 \xe0\xa0\xe0\x00\x00\x00\x80\x00\x00\x00 \x00 \x00`\x00\xe0\x00\xe0'),
                            bytearray(b'>\x0f\x1f\x0f=\x1b?\x03#\x1f/?0\x1f\x1f\x000\x0f\x10\x0e$\x1b<\x03`\\@p@\x7f ?'),
                            bytearray(b'\xe0\xe0H\xf8\xb8\xfc>\xfcr\xfc\xce\xf0p\x80\x80\x00\x00 \x00\xe0\x00\xc0\x00\x80\x00\x0c\x00>\x00\xf0\x00\x80'),
                        ], is_16bit=False, y_plus=0, y_minus=0, x=128, y=120),
                    ]
                ),
                Mold(3, gridplane=False,
                    tiles=[
                        Tile(mirror=False, invert=False, format=1, length=7, subtile_bytes=[
                            bytearray(b'\x07\xfc\x8e\xf8\x9e\xf8\xee\xb8\xf6\xd0\xc6\x80\xda\x04:\xb4\xfc\x00\x8cD\xccD\xc80\xd0h\x84|\x06\xfe\xfe\xf6'),
                            None,
                            bytearray(b'D\x98|\x80t\x88\x98`\xc0@\x80\x00\x00\x00\x00\x00|<LL\\X\xf8\xe0\xc0\xc0\x00\x80\x00\x00\x00\x00'),
                            None,
                        ], is_16bit=False, y_plus=0, y_minus=0, x=133, y=120),
                        Tile(mirror=False, invert=False, format=1, length=11, subtile_bytes=[
                            bytearray(b'n#t7>><\x1c=\x1c^\x0f\x1e\xe5\x1e\xe54xx???>\x1f>\x1fo?\xa6\xfd\x1e\xe4'),
                            bytearray(b'8\xff\xbe\xff\x7f\x7f\x1f\x1f\x0f\x0fC\x83`\x800\xc3\x7f@\x7f@\x7f\x80\x1f\xe0\x0f\xf0\xc3\xbc@\xbf*_'),
                            bytearray(b'\xf8\x03\x10\x03\x11\x00\x0e\x00\x00\x00\x00\x00\x00\x00\x00\x00\xfe\x06\x1d\x0f\x1f\x1e\x0c\x02\x00\x00\x00\x00\x00\x00\x00\x00'),
                            bytearray(b'\xa8\xcf\x84\x03\x18\x03&\x01\x0f\x00\x0f\x00\x00\x00\x00\x00<\\|\xf8\xe4\xfe\x1e>\x11\x1f\x10\x1f\x00\x00\x00\x00'),
                        ], is_16bit=False, y_plus=0, y_minus=0, x=117, y=120),
                        Tile(mirror=False, invert=False, format=1, length=7, subtile_bytes=[
                            bytearray(b'\x1f\xf8\x07\xfc\x07\xfc\x83\xfc\xc3|\x03\xfc\x03\xfc\x07\xfc\xfc\x04<\xe0\x1e\xb2\x1e\x92\x9eb\xfe\x02\xfe\x02\xfc\x00'),
                            bytearray(b'\x80@\xc0\x00\xc0\x00\x80\x00\x80\x00\x80\x00\x80\x00\x80\x00\xc0\xc0@@@@\x00\x00\x00\x00\x80\x80\x80\x80\x80\x80'),
                            None,
                            None,
                        ], is_16bit=False, y_plus=0, y_minus=0, x=133, y=112),
                        Tile(mirror=False, invert=False, format=0, length=5, subtile_bytes=[
                            bytearray(b'\x00\x00\x00\x00\x80\x80\x00\xc0\x00\xe0 \xa0 \xe0\x80\xe0\x00\x00\x00\x00\x00\x00\x00\xc0\x00\xe0@\x80\x00\xc0\x80`'),
                            None,
                            bytearray(b' \xc0 \xc0`\xe0\xe0\xe0\x00\xe0\xc0\x00\x80\x00\x80\x00\xe0 \xe0`\x80\x80\x00\x00\x00\xe0\xc0\x00\x80\x00\x80\x80'),
                            None,
                        ], is_16bit=False, y_plus=0, y_minus=0, x=141, y=96),
                        Tile(mirror=False, invert=False, format=1, length=9, subtile_bytes=[
                            bytearray(b'\x00\x00\x00\x00\x01\x00\x03\x00\x07\x00\x0f\x01\x00\x1f\x16\x0f\x00\x00\x00\x00\x00\x00\x01\x01\x01\x01\x0b\n\x03\x12\x11\x19'),
                            None,
                            bytearray(b"=\x071\x11\' A\x01\x11\xe1a\xf1\xc1!+#;21. \x1fA~\x01~\x01\x1e\xd1>p~"),
                            bytearray(b'\x8e\xf1\x89\x7fJ?\xd3\xfe\xe3\xff\xc0\xff\xe0\xffp\xff\xcfn\x8f\x00\xcf\x91\xfe!\xff\x00\xff\x00\xff\x00\x7f\x00'),
                        ], is_16bit=False, y_plus=0, y_minus=0, x=117, y=104),
                        Tile(mirror=False, invert=False, format=0, length=7, subtile_bytes=[
                            bytearray(b'\x00030\x148\x12=\x1c"\x10\x02\x08\x00\x15\x00\x000\x03\x02\x07#&/="\x1d\n\x0f\x00\x1f\x10'),
                            bytearray(b'\x00\x00\x01\x03#O.\r\x029@;\x18\x1f\xb0\x1f\x80\x00\xd0\x00\xbcD\xfe\x01\xfa4\xf86\xfcF\xf8\x0f'),
                            bytearray(b'\x01\x04\x03\x08\x80\x08\x90A\xb4A\xe4\x80\xe5\x80\x7f\xc0\x1b\x047\x087\x08\xfe\xc1\xfe\xc1\xdf`\xdfA\xe0 '),
                            bytearray(b' ?\x06\x9f\x03\x832\x03\x04\x11\x80\x04\xff\x00\xff\x00\xf9\x07\x7f\x80{\x9c\xee-\xff\x7f\x7f\xff\x81\x81\x00\x00'),
                        ], is_16bit=False, y_plus=0, y_minus=0, x=125, y=96),
                        Tile(mirror=False, invert=False, format=1, length=7, subtile_bytes=[
                            bytearray(b'\x00\x00\x00\x00\x00\xc0\xe0\x00\xc0 @\xa0\xc0\xe0\xc0\xc0\x00\x00\x00\x00\xc0\xc0  \xa0\xa0\xe0\xe0 \xe0\x00\xc0'),
                            None,
                            bytearray(b'\x80\x80\x00\x00\x00\x00\x00\x00\x00\x00\x00\x00\x00\x00\x00\x00\x00\x80\x00\x00\x00\x00\x00\x00\x00\x00\x00\x00\x00\x00\x00\x00'),
                            None,
                        ], is_16bit=False, y_plus=0, y_minus=0, x=158, y=358),
                        Tile(mirror=False, invert=False, format=1, length=11, subtile_bytes=[
                            bytearray(b'\x00\x00\x00\x00\x01\x01\x00\x01\x00\x00\x04\x00\x00\x00\x16\x1e\x00\x00\x00\x00\x00\x01\x00\x01\x07\x07\x0f\x0f\x0f\x0f\x01\x1f'),
                            bytearray(b'\x0c\x00{d7\xe8u\xfa\x9d\xf2~s\xb5;\x1f\x13\x04\x04\x1c|\x0b\xeb\n\xfa\x06\xf6\x88\xcb\xc0\xcb\xec\xef'),
                            bytearray(b";?}\x7f\xf9\xffc\xff\x06~\x0c<00\x00\x00\x00\'\x00C\x00\x87\x00\x9f\x80\xfe\xc0\xfc\xc0\xf0\xc0\xc0"),
                            bytearray(b'\x1f\x1f\x1e^\x00\x00\x00\x00\x00\x00\x00\x00\x00\x00\x00\x00\xe0\xff\xe0\xfe\xe0\xe0\xc0\xc0\x00\x00\x00\x00\x00\x00\x00\x00'),
                        ], is_16bit=False, y_plus=0, y_minus=0, x=142, y=358),
                        Tile(mirror=False, invert=False, format=1, length=7, subtile_bytes=[
                            bytearray(b'\x00\x00\x00\x00\x00\x00\x07\x01\x0c\x07\x12\x1f+?8\x1f\x00\x00\x01\x01\x03\x03\x06\x01\x08\x04\x00\x1c\x000 \x1f'),
                            bytearray(b'\x00\x00\x00\x00\x00\x00\xa0\xc0\x90\xe0P\xe0\xb0\xf0\xe0\xc0~~\xff\xff\xff\xff?\x1f\x1f/\x1e.\x0c| \xc0'),
                            None,
                            None,
                        ], is_16bit=False, y_plus=0, y_minus=0, x=114, y=128),
                        Tile(mirror=False, invert=False, format=1, length=7, subtile_bytes=[
                            bytearray(b'\x00\x00\x01\x01\x01\x01\x00\x03\x0f\x07\x0b\x07\x00\x03\x00\x00\x00\x00\x00\x00\x00\x00\x00\x03\x00\x00\x00\x04\x0c\x0f\x03\x03'),
                            bytearray(b'\xde\xf2\xdc\xf0\xd8\xf0\x98\xf0\xf8\xe0x\xe0`\xe0\x00\x00\x0f3\x0f3\x0f7\x0fw\x1f\xe7\x1f\xe7\x1f\xff\xe0\xe0'),
                            None,
                            None,
                        ], is_16bit=False, y_plus=0, y_minus=0, x=110, y=124),
                        Tile(mirror=False, invert=False, format=1, length=11, subtile_bytes=[
                            bytearray(b'p\x7fv\x7f\xf6\xff\xf6\xff\xf7\xff\xf3\xbfp\x1f3\x0f\x00\x7f\x00x\x00\xf8\x00\xf8\x00\xf8@\xbc`\x1f0\x0f'),
                            bytearray(b'\x00\x00\x00\x80\x80\xc0\xc0\xe0\xc0\xe0\x80\xe0 \xe0\xa0\xe0\x00\x00\x00\x80\x00\x00\x00 \x00 \x00`\x00\xe0\x00\xe0'),
                            bytearray(b'>\x0f\x1f\x0f=\x1b?\x03#\x1f/?0\x1f\x1f\x000\x0f\x10\x0e$\x1b<\x03`\\@p@\x7f ?'),
                            bytearray(b'\xe0\xe0H\xf8\xb8\xfc>\xfcr\xfc\xce\xf0p\x80\x80\x00\x00 \x00\xe0\x00\xc0\x00\x80\x00\x0c\x00>\x00\xf0\x00\x80'),
                        ], is_16bit=False, y_plus=0, y_minus=0, x=128, y=120),
                    ]
                ),
                Mold(4, gridplane=False,
                    tiles=[
                        Tile(mirror=False, invert=False, format=1, length=5, subtile_bytes=[
                            bytearray(b'D\x98|\x80t\x88\x98`\xc0@\x80\x00\x00\x00\x00\x00|<LL\\X\xf8\xe0\xc0\xc0\x00\x80\x00\x00\x00\x00'),
                            None,
                            None,
                            None,
                        ], is_16bit=False, y_plus=0, y_minus=0, x=133, y=128),
                        Tile(mirror=False, invert=False, format=1, length=7, subtile_bytes=[
                            bytearray(b'\xf8\x03\x10\x03\x11\x00\x0e\x00\x00\x00\x00\x00\x00\x00\x00\x00\xfe\x06\x1d\x0f\x1f\x1e\x0c\x02\x00\x00\x00\x00\x00\x00\x00\x00'),
                            bytearray(b'\xa8\xcf\x84\x03\x18\x03&\x01\x0f\x00\x0f\x00\x00\x00\x00\x00<\\|\xf8\xe4\xfe\x1e>\x11\x1f\x10\x1f\x00\x00\x00\x00'),
                            None,
                            None,
                        ], is_16bit=False, y_plus=0, y_minus=0, x=117, y=128),
                        Tile(mirror=False, invert=False, format=1, length=7, subtile_bytes=[
                            bytearray(b'\x1f\xf8\x07\xfc\x07\xfc\x83\xfc\xc3|\x03\xfc\x03\xfc\x07\xfc\xfc\x04<\xe0\x1e\xb2\x1e\x92\x9eb\xfe\x02\xfe\x02\xfc\x00'),
                            None,
                            bytearray(b'\x07\xfc\x8e\xf8\x9e\xf8\xee\xb8\xf6\xd0\xc6\x80\xda\x04:\xb4\xfc\x00\x8cD\xccD\xc80\xd0h\x84|\x06\xfe\xfe\xf6'),
                            None,
                        ], is_16bit=False, y_plus=0, y_minus=0, x=133, y=112),
                        Tile(mirror=False, invert=False, format=1, length=11, subtile_bytes=[
                            bytearray(b"=\x071\x11\' A\x01\x11\xe1a\xf1\xc1!+#;21. \x1fA~\x01~\x01\x1e\xd1>p~"),
                            bytearray(b'\x8e\xf1\x89\x7fJ?\xd3\xfe\xe3\xff\xc0\xff\xe0\xffp\xff\xcfn\x8f\x00\xcf\x91\xfe!\xff\x00\xff\x00\xff\x00\x7f\x00'),
                            bytearray(b'n#t7>><\x1c=\x1c^\x0f\x1e\xe5\x1e\xe54xx???>\x1f>\x1fo?\xa6\xfd\x1e\xe4'),
                            bytearray(b'8\xff\xbe\xff\x7f\x7f\x1f\x1f\x0f\x0fC\x83`\x800\xc3\x7f@\x7f@\x7f\x80\x1f\xe0\x0f\xf0\xc3\xbc@\xbf*_'),
                        ], is_16bit=False, y_plus=0, y_minus=0, x=117, y=112),
                        Tile(mirror=False, invert=False, format=0, length=5, subtile_bytes=[
                            bytearray(b'\x00\x00\x00\x00\x80\x80\x00\xc0\x00\xe0 \xa0 \xe0\x80\xe0\x00\x00\x00\x00\x00\x00\x00\xc0\x00\xe0@\x80\x00\xc0\x80`'),
                            None,
                            bytearray(b' \xc0 \xc0`\xe0\xe0\xe0\x00\xe0\xc0\x00\x80\x00\x80\x00\xe0 \xe0`\x80\x80\x00\x00\x00\xe0\xc0\x00\x80\x00\x80\x80'),
                            None,
                        ], is_16bit=False, y_plus=0, y_minus=0, x=142, y=96),
                        Tile(mirror=False, invert=False, format=0, length=4, subtile_bytes=[
                            bytearray(b'\x00\x00\x00\x00\x01\x00\x03\x00\x07\x00\x0f\x01\x00\x1f\x16\x0f\x00\x00\x00\x00\x00\x00\x01\x01\x01\x01\x0b\n\x03\x12\x11\x19'),
                            None,
                            None,
                            None,
                        ], is_16bit=False, y_plus=0, y_minus=0, x=118, y=104),
                        Tile(mirror=False, invert=False, format=0, length=7, subtile_bytes=[
                            bytearray(b'\x00030\x148\x12=\x1c"\x10\x02\x08\x00\x15\x00\x000\x03\x02\x07#&/="\x1d\n\x0f\x00\x1f\x10'),
                            bytearray(b'\x00\x00\x01\x03#O.\r\x029@;\x18\x1f\xb0\x1f\x80\x00\xd0\x00\xbcD\xfe\x01\xfa4\xf86\xfcF\xf8\x0f'),
                            bytearray(b'\x01\x04\x03\x08\x80\x08\x90A\xb4A\xe4\x80\xe5\x80\x7f\xc0\x1b\x047\x087\x08\xfe\xc1\xfe\xc1\xdf`\xdfA\xe0 '),
                            bytearray(b' ?\x06\x9f\x03\x832\x03\x04\x11\x80\x04\xff\x00\xff\x00\xf9\x07\x7f\x80{\x9c\xee-\xff\x7f\x7f\xff\x81\x81\x00\x00'),
                        ], is_16bit=False, y_plus=0, y_minus=0, x=126, y=96),
                        Tile(mirror=False, invert=False, format=1, length=7, subtile_bytes=[
                            bytearray(b'\x00\x00\x00\x00 \x00\xe0\x00\xc0 h\xf0x\x80p\x80\x00\x00\x00\x00\x00\x00\xa0\xa0``\x18\xf8\xe8\xe8\x90\x90'),
                            None,
                            bytearray(b'\xe0\x80\x00\x00\x00\x00\x00\x00\x00\x00\x00\x00\x00\x00\x00\x00`\xe0\x00\x00\x00\x00\x00\x00\x00\x00\x00\x00\x00\x00\x00\x00'),
                            None,
                        ], is_16bit=False, y_plus=0, y_minus=0, x=158, y=101),
                        Tile(mirror=False, invert=False, format=1, length=5, subtile_bytes=[
                            bytearray(b'\x80@\xc0\x00\xc0\x00\x80\x00\x80\x00\x80\x00\x80\x00\x80\x00\xc0\xc0@@@@\x00\x00\x00\x00\x80\x80\x80\x80\x80\x80'),
                            None,
                            None,
                            None,
                        ], is_16bit=False, y_plus=0, y_minus=0, x=141, y=112),
                        Tile(mirror=False, invert=False, format=1, length=11, subtile_bytes=[
                            bytearray(b'\x00\x00\x00\x00\x01\x01\x00\x01\x00\x00\x04\x00\x00\x00\x16\x1e\x00\x00\x00\x00\x00\x01\x00\x01\x07\x07\x0f\x0f\x0f\x0f\x01\x1f'),
                            bytearray(b'\x02\x00~x,\xfbr\xff\x89\xfev\x7f\xbf1\x1f\x13\x00\x00\x02z\x07\xf7\x01\xff\x00\xfe\x80\xcf\xc0\xc1\xe4\xe7'),
                            bytearray(b";?}\x7f\xf9\xffc\xff\x06~\x0c<00\x00\x00\x00\'\x00C\x00\x87\x00\x9f\x80\xfe\xc0\xfc\xc0\xf0\xc0\xc0"),
                            bytearray(b'\x1f\x1f\x1e^\x00\x00\x00\x00\x00\x00\x00\x00\x00\x00\x00\x00\xe0\xff\xe0\xfe\xe0\xe0\xc0\xc0\x00\x00\x00\x00\x00\x00\x00\x00'),
                        ], is_16bit=False, y_plus=0, y_minus=0, x=142, y=101),
                        Tile(mirror=False, invert=False, format=1, length=7, subtile_bytes=[
                            bytearray(b'\x00\x00\x00\x00\x00\x00\x07\x01\x0c\x07\x12\x1f+?8\x1f\x00\x00\x01\x01\x03\x03\x06\x01\x08\x04\x00\x1c\x000 \x1f'),
                            bytearray(b'\x00\x00\x00\x00\x00\x00\xa0\xc0\x90\xe0P\xe0\xb0\xf0\xe0\xc0~~\xff\xff\xff\xff?\x1f\x1f/\x1e.\x0c| \xc0'),
                            None,
                            None,
                        ], is_16bit=False, y_plus=0, y_minus=0, x=114, y=128),
                        Tile(mirror=False, invert=False, format=1, length=7, subtile_bytes=[
                            bytearray(b'\x00\x00\x01\x01\x01\x01\x00\x03\x0f\x07\x0b\x07\x00\x03\x00\x00\x00\x00\x00\x00\x00\x00\x00\x03\x00\x00\x00\x04\x0c\x0f\x03\x03'),
                            bytearray(b'\xde\xf2\xdc\xf0\xd8\xf0\x98\xf0\xf8\xe0x\xe0`\xe0\x00\x00\x0f3\x0f3\x0f7\x0fw\x1f\xe7\x1f\xe7\x1f\xff\xe0\xe0'),
                            None,
                            None,
                        ], is_16bit=False, y_plus=0, y_minus=0, x=110, y=124),
                        Tile(mirror=False, invert=False, format=1, length=11, subtile_bytes=[
                            bytearray(b'p\x7fv\x7f\xf6\xff\xf6\xff\xf7\xff\xf3\xbfp\x1f3\x0f\x00\x7f\x00x\x00\xf8\x00\xf8\x00\xf8@\xbc`\x1f0\x0f'),
                            bytearray(b'\x00\x00\x00\x80\x80\xc0\xc0\xe0\xc0\xe0\x80\xe0 \xe0\xa0\xe0\x00\x00\x00\x80\x00\x00\x00 \x00 \x00`\x00\xe0\x00\xe0'),
                            bytearray(b'>\x0f\x1f\x0f=\x1b?\x03#\x1f/?0\x1f\x1f\x000\x0f\x10\x0e$\x1b<\x03`\\@p@\x7f ?'),
                            bytearray(b'\xe0\xe0H\xf8\xb8\xfc>\xfcr\xfc\xce\xf0p\x80\x80\x00\x00 \x00\xe0\x00\xc0\x00\x80\x00\x0c\x00>\x00\xf0\x00\x80'),
                        ], is_16bit=False, y_plus=0, y_minus=0, x=128, y=120),
                    ]
                ),
                Mold(5, gridplane=False,
                    tiles=[
                        Tile(mirror=False, invert=False, format=1, length=5, subtile_bytes=[
                            bytearray(b'D\x98|\x80t\x88\x98`\xc0@\x80\x00\x00\x00\x00\x00|<LL\\X\xf8\xe0\xc0\xc0\x00\x80\x00\x00\x00\x00'),
                            None,
                            None,
                            None,
                        ], is_16bit=False, y_plus=0, y_minus=0, x=133, y=128),
                        Tile(mirror=False, invert=False, format=1, length=7, subtile_bytes=[
                            bytearray(b'\xf8\x03\x10\x03\x11\x00\x0e\x00\x00\x00\x00\x00\x00\x00\x00\x00\xfe\x06\x1d\x0f\x1f\x1e\x0c\x02\x00\x00\x00\x00\x00\x00\x00\x00'),
                            bytearray(b'\xa8\xcf\x84\x03\x18\x03&\x01\x0f\x00\x0f\x00\x00\x00\x00\x00<\\|\xf8\xe4\xfe\x1e>\x11\x1f\x10\x1f\x00\x00\x00\x00'),
                            None,
                            None,
                        ], is_16bit=False, y_plus=0, y_minus=0, x=117, y=128),
                        Tile(mirror=False, invert=False, format=1, length=7, subtile_bytes=[
                            bytearray(b'\x1f\xf8\x07\xfc\x07\xfc\x83\xfc\xc3|\x03\xfc\x03\xfc\x07\xfc\xfc\x04<\xe0\x1e\xb2\x1e\x92\x9eb\xfe\x02\xfe\x02\xfc\x00'),
                            None,
                            bytearray(b'\x07\xfc\x8e\xf8\x9e\xf8\xee\xb8\xf6\xd0\xc6\x80\xda\x04:\xb4\xfc\x00\x8cD\xccD\xc80\xd0h\x84|\x06\xfe\xfe\xf6'),
                            None,
                        ], is_16bit=False, y_plus=0, y_minus=0, x=133, y=112),
                        Tile(mirror=False, invert=False, format=1, length=11, subtile_bytes=[
                            bytearray(b"=\x071\x11\' A\x01\x11\xe1a\xf1\xc1!+#;21. \x1fA~\x01~\x01\x1e\xd1>p~"),
                            bytearray(b'\x8e\xf1\x89\x7fJ?\xd3\xfe\xe3\xff\xc0\xff\xe0\xffp\xff\xcfn\x8f\x00\xcf\x91\xfe!\xff\x00\xff\x00\xff\x00\x7f\x00'),
                            bytearray(b'n#t7>><\x1c=\x1c^\x0f\x1e\xe5\x1e\xe54xx???>\x1f>\x1fo?\xa6\xfd\x1e\xe4'),
                            bytearray(b'8\xff\xbe\xff\x7f\x7f\x1f\x1f\x0f\x0fC\x83`\x800\xc3\x7f@\x7f@\x7f\x80\x1f\xe0\x0f\xf0\xc3\xbc@\xbf*_'),
                        ], is_16bit=False, y_plus=0, y_minus=0, x=117, y=112),
                        Tile(mirror=False, invert=False, format=0, length=5, subtile_bytes=[
                            bytearray(b'\x00\x00\x00\x00\x80\x80\x00\xc0\x00\xe0 \xa0 \xe0\x80\xe0\x00\x00\x00\x00\x00\x00\x00\xc0\x00\xe0@\x80\x00\xc0\x80`'),
                            None,
                            bytearray(b' \xc0 \xc0`\xe0\xe0\xe0\x00\xe0\xc0\x00\x80\x00\x80\x00\xe0 \xe0`\x80\x80\x00\x00\x00\xe0\xc0\x00\x80\x00\x80\x80'),
                            None,
                        ], is_16bit=False, y_plus=0, y_minus=0, x=142, y=96),
                        Tile(mirror=False, invert=False, format=0, length=4, subtile_bytes=[
                            bytearray(b'\x00\x00\x00\x00\x01\x00\x03\x00\x07\x00\x0f\x01\x00\x1f\x16\x0f\x00\x00\x00\x00\x00\x00\x01\x01\x01\x01\x0b\n\x03\x12\x11\x19'),
                            None,
                            None,
                            None,
                        ], is_16bit=False, y_plus=0, y_minus=0, x=118, y=104),
                        Tile(mirror=False, invert=False, format=0, length=7, subtile_bytes=[
                            bytearray(b'\x00030\x148\x12=\x1c"\x10\x02\x08\x00\x15\x00\x000\x03\x02\x07#&/="\x1d\n\x0f\x00\x1f\x10'),
                            bytearray(b'\x00\x00\x01\x03#O.\r\x029@;\x18\x1f\xb0\x1f\x80\x00\xd0\x00\xbcD\xfe\x01\xfa4\xf86\xfcF\xf8\x0f'),
                            bytearray(b'\x01\x04\x03\x08\x80\x08\x90A\xb4A\xe4\x80\xe5\x80\x7f\xc0\x1b\x047\x087\x08\xfe\xc1\xfe\xc1\xdf`\xdfA\xe0 '),
                            bytearray(b' ?\x06\x9f\x03\x832\x03\x04\x11\x80\x04\xff\x00\xff\x00\xf9\x07\x7f\x80{\x9c\xee-\xff\x7f\x7f\xff\x81\x81\x00\x00'),
                        ], is_16bit=False, y_plus=0, y_minus=0, x=126, y=96),
                        Tile(mirror=False, invert=False, format=1, length=7, subtile_bytes=[
                            bytearray(b'\x00\x00\x00\x00 \x00\xe0\x00\xc0 h\xf0x\x80p\x80\x00\x00\x00\x00\x00\x00\xa0\xa0``\x18\xf8\xe8\xe8\x90\x90'),
                            None,
                            bytearray(b'\xe0\x80\x00\x00\x00\x00\x00\x00\x00\x00\x00\x00\x00\x00\x00\x00`\xe0\x00\x00\x00\x00\x00\x00\x00\x00\x00\x00\x00\x00\x00\x00'),
                            None,
                        ], is_16bit=False, y_plus=0, y_minus=0, x=158, y=356),
                        Tile(mirror=False, invert=False, format=1, length=5, subtile_bytes=[
                            bytearray(b'\x80@\xc0\x00\xc0\x00\x80\x00\x80\x00\x80\x00\x80\x00\x80\x00\xc0\xc0@@@@\x00\x00\x00\x00\x80\x80\x80\x80\x80\x80'),
                            None,
                            None,
                            None,
                        ], is_16bit=False, y_plus=0, y_minus=0, x=141, y=112),
                        Tile(mirror=False, invert=False, format=1, length=11, subtile_bytes=[
                            bytearray(b'\x00\x00\x00\x00\x01\x01\x00\x01\x00\x00\x04\x00\x00\x00\x16\x1e\x00\x00\x00\x00\x00\x01\x00\x01\x07\x07\x0f\x0f\x0f\x0f\x01\x1f'),
                            bytearray(b'\x02\x00~x,\xfbr\xff\x89\xfev\x7f\xbf1\x1f\x13\x00\x00\x02z\x07\xf7\x01\xff\x00\xfe\x80\xcf\xc0\xc1\xe4\xe7'),
                            bytearray(b";?}\x7f\xf9\xffc\xff\x06~\x0c<00\x00\x00\x00\'\x00C\x00\x87\x00\x9f\x80\xfe\xc0\xfc\xc0\xf0\xc0\xc0"),
                            bytearray(b'\x1f\x1f\x1e^\x00\x00\x00\x00\x00\x00\x00\x00\x00\x00\x00\x00\xe0\xff\xe0\xfe\xe0\xe0\xc0\xc0\x00\x00\x00\x00\x00\x00\x00\x00'),
                        ], is_16bit=False, y_plus=0, y_minus=0, x=142, y=356),
                        Tile(mirror=False, invert=False, format=1, length=7, subtile_bytes=[
                            bytearray(b'\x00\x00\x00\x00\x00\x00\x07\x01\x0c\x07\x12\x1f+?8\x1f\x00\x00\x01\x01\x03\x03\x06\x01\x08\x04\x00\x1c\x000 \x1f'),
                            bytearray(b'\x00\x00\x00\x00\x00\x00\xa0\xc0\x90\xe0P\xe0\xb0\xf0\xe0\xc0~~\xff\xff\xff\xff?\x1f\x1f/\x1e.\x0c| \xc0'),
                            None,
                            None,
                        ], is_16bit=False, y_plus=0, y_minus=0, x=114, y=128),
                        Tile(mirror=False, invert=False, format=1, length=7, subtile_bytes=[
                            bytearray(b'\x00\x00\x01\x01\x01\x01\x00\x03\x0f\x07\x0b\x07\x00\x03\x00\x00\x00\x00\x00\x00\x00\x00\x00\x03\x00\x00\x00\x04\x0c\x0f\x03\x03'),
                            bytearray(b'\xde\xf2\xdc\xf0\xd8\xf0\x98\xf0\xf8\xe0x\xe0`\xe0\x00\x00\x0f3\x0f3\x0f7\x0fw\x1f\xe7\x1f\xe7\x1f\xff\xe0\xe0'),
                            None,
                            None,
                        ], is_16bit=False, y_plus=0, y_minus=0, x=110, y=124),
                        Tile(mirror=False, invert=False, format=1, length=11, subtile_bytes=[
                            bytearray(b'p\x7fv\x7f\xf6\xff\xf6\xff\xf7\xff\xf3\xbfp\x1f3\x0f\x00\x7f\x00x\x00\xf8\x00\xf8\x00\xf8@\xbc`\x1f0\x0f'),
                            bytearray(b'\x00\x00\x00\x80\x80\xc0\xc0\xe0\xc0\xe0\x80\xe0 \xe0\xa0\xe0\x00\x00\x00\x80\x00\x00\x00 \x00 \x00`\x00\xe0\x00\xe0'),
                            bytearray(b'>\x0f\x1f\x0f=\x1b?\x03#\x1f/?0\x1f\x1f\x000\x0f\x10\x0e$\x1b<\x03`\\@p@\x7f ?'),
                            bytearray(b'\xe0\xe0H\xf8\xb8\xfc>\xfcr\xfc\xce\xf0p\x80\x80\x00\x00 \x00\xe0\x00\xc0\x00\x80\x00\x0c\x00>\x00\xf0\x00\x80'),
                        ], is_16bit=False, y_plus=0, y_minus=0, x=128, y=120),
                    ]
                ),
                Mold(6, gridplane=False,
                    tiles=[
                        Tile(mirror=False, invert=False, format=1, length=11, subtile_bytes=[
                            bytearray(b'\x00\x00\x00\x02\x00\x03\x01\x03\x02\x03\x00\x03\x01\x01\x00\x01\x00\x00\x00\x02\x00\x01\x00\x00\x00\x00\x00\x02\x00\x00\x00\x03'),
                            bytearray(b'\x00\x00\x00\x00!\x04!\x14\x03\x887\xc0!\xdf\x07\xff\x06\x00\x06\x00;\x04+\x147\x88\x7f@?\x00?\xe0'),
                            bytearray(b'\x023\x07<\x07\x18\x0f\x00\x1c\x031\x0f%\x1b<\x03\x035\x07+\x08\x18\x03\x02\x1c\x1f<<<<\x009'),
                            bytearray(b'\x19\x0f@\x0ec\x0e\xd5\x8c8\xcf\x1e\xef\xe7\xfec\xfc\xff\x00\xfe\x01\x7f\xc8\xbc;\xdf\x16\xd0\xe1\x01\x08\x03\x8c'),
                        ], is_16bit=False, y_plus=0, y_minus=0, x=114, y=89),
                        Tile(mirror=False, invert=False, format=0, length=6, subtile_bytes=[
                            bytearray(b'\x00\x00\x00\x04\x04\x0c\x08\x8c\x88\x1c\x10<\xe8\xbc\x00\x18\x00\x00\x00\x04@\x08@\x80\xc0P`\xe4\xc4\x04(\xde'),
                            None,
                            bytearray(b"\x16\x06\xb7\x00\x0f \'\x80\xf43\xaaE/\xd0?\xc4~\x89\xef\x1b\xf0|\xe7\xfb\xf7\xcbk\xd7/\xd3 \xdf"),
                            bytearray(b'\x00`\x00\xe0\xc0 \xc0\x00@\x80 \xc0`\x80\xe0`\x00`\x00   \x80\x80\xc0\xc0\xe0\xe0\xa0\xa0`\xe0'),
                        ], is_16bit=False, y_plus=0, y_minus=0, x=130, y=89),
                        Tile(mirror=False, invert=False, format=1, length=11, subtile_bytes=[
                            bytearray(b'N9[<Z>\x8b~\xc9~\x1f\xfe\xe6\xfe\xee\xa4C\x07A\x06A\x07\x81F\x85\x06\x0f\xce\xff\xff\xff\xff'),
                            bytearray(b'\xfb=e\x9a\xbb\xc0\x80\xc0\x80\xc0\x80\xc0\x00\x80\x00\x80\xc2DE\x9a4o @\x00\x00\x00\x00\x00\x80\x00\x80'),
                            bytearray(b'\xfc\xfeL>\x92\xfc2\xfcB|\x17(\x17\x08\x1d\x18\xf9\xfb@\x02\x06\x8e\x02\xcc\nx\x1f\x1c\x0f\x08\x07\x1a'),
                            bytearray(b'\x00\x00\x00\x00\x00\x00\x00\x00\x00\x00\x00\x00\x00\x00\x00\x00\x00\x00\x00\x00\x00\x00\x00\x00\x00\x00\x00\x00\x80\x80\x00\x00'),
                        ], is_16bit=False, y_plus=0, y_minus=0, x=114, y=105),
                        Tile(mirror=False, invert=False, format=0, length=7, subtile_bytes=[
                            bytearray(b'\x7f\x83\xce7N3.3%;\x05\x0b\x17\x03\x1f\x15y\xa7\x8c7\xcc\xf3Ls\x0535;\x1f\x0b\x1b\x17'),
                            bytearray(b'\xf0`\xd0\xe0\xd0\xe0\x88\xf0\x98\xf0@\xf8\xb8x\xb8(\xf0`\x10\x00\x10\x00\x08\x10\x08\x00\x80\x98xx\xf8\xf8'),
                            bytearray(b'\x05\x0f\x05\x07\x02\x05\x02\x01\x02\x01\x17\x00\x17\x00\x05\x00\x00\n\x00\x02\x07\x07\x02\x01\x02\x00\x1f\t\x1f\x08\x0f\n'),
                            bytearray(b'x\xf8\x90\xe0H\xf8`\xf8\x10\xf0@\xa0@\x80\xc0\xc0\xf8\xf8\x10\x00\x00\x88\x00\x98\x80\xf0\xc0\xc0\x80\x80\x00\xc0'),
                        ], is_16bit=False, y_plus=0, y_minus=0, x=130, y=105),
                        Tile(mirror=False, invert=False, format=0, length=4, subtile_bytes=[
                            bytearray(b'\x0c\x10\x0e\x10\x0b\x14\x0b\x04\x00\x00\x00\x00\x00\x00\x00\x00\x1f\x13\x1f\x1b\x1f\x1f\x0f\x0f\x00\x00\x00\x00\x00\x00\x00\x00'),
                            None,
                            None,
                            None,
                        ], is_16bit=False, y_plus=0, y_minus=0, x=114, y=121),
                        Tile(mirror=False, invert=False, format=0, length=5, subtile_bytes=[
                            bytearray(b'\x01\x00\x03\x00\x0e\x01\x0e\x01\x00\x00\x00\x00\x00\x00\x00\x00\x0f\x0e\x0f\x0e\x0f\x0f\x0f\x0f\x00\x00\x00\x00\x00\x00\x00\x00'),
                            bytearray(b'\x80@\x80@\x80@\x80\x00\x00\x00\x00\x00\x00\x00\x00\x00\xc0@\xc0\xc0\xc0\xc0\x80\x80\x00\x00\x00\x00\x00\x00\x00\x00'),
                            None,
                            None,
                        ], is_16bit=False, y_plus=0, y_minus=0, x=130, y=121),
                    ]
                ),
                Mold(7, gridplane=False,
                    tiles=[
                        Tile(mirror=False, invert=False, format=0, length=7, subtile_bytes=[
                            bytearray(b'\x00\x00\x00\x00\x00\x01\x00\x01\x00\x01\x00\x01\x01\x00\x01\x00\x00\x00\x00\x00\x00\x01\x00\x01\x00\x01\x00\x01\x01\x00\x01\x00'),
                            bytearray(b'\x02\x02\x00\x80\x00\x80 \xd2\x10\xe2\x00\xe2\x00\xe0\xf0\x00\x05\x00\x7f\x00\x7f@}R\x1d"\x1d2?\xb0\xff\x00'),
                            bytearray(b'\x00\x01\x01\x01\x00\x01\x01\x01\n\x02>\x00?\x00<\x0f\x00\x01\x00\x00\x00\x01\x01\x01\x03\x03##\x00\x00\x1f\x10'),
                            bytearray(b'\xe0\xc0@\xc0\x00\x80@\x00\x05@-\x00\xfa\x078\xc7\x7f\x00\x7f \x7f\xe0\xff\xe0\xff\xe0\xfb\xe4\x00\x07\xf88'),
                        ], is_16bit=False, y_plus=0, y_minus=0, x=114, y=89),
                        Tile(mirror=False, invert=False, format=0, length=6, subtile_bytes=[
                            bytearray(b'\x80\x00D\x02\xe0\x06\xe8\x1e\xe0\x1e\xa0\x1cp\x0c~\x00\x80\x80\xf4F\xf8\x02\xf0\x12\xe0\x12\xf0\x1c\xfc\x0c\xf2\x0c'),
                            None,
                            bytearray(b'2\x00\xb8\x00\xb8\x00\xb4\x14\x0e\x1e#\x00\xff\x00\xe1\x1f\xfe\x0c\xf0\x08\xe0\x18\xfc\x1c\xfe\xbe\xfe\x9e\x00\x00\xff\xe0'),
                            bytearray(b'\x00\x00\x00\x00\x00\x00\x00\x00\x80\x00\xe0\x00\xe0\x00\xe0\x80\x00\x00\x00\x00\x00\x00\x00\x00\x00\x00  \x00\x00\xc0@'),
                        ], is_16bit=False, y_plus=0, y_minus=0, x=130, y=89),
                        Tile(mirror=False, invert=False, format=1, length=11, subtile_bytes=[
                            bytearray(b'p\x1fp\x1f`\x1fa\x1f`\x1f`\x1fp\x1f0\x1f^C<&<$<#? ? \x1f\x00\x1f\x00'),
                            bytearray(b'J\xff(\xff\xe5\xbf\xe2\x7f\x00\xff\x02\xff\n\xff\x10\xffx\x80x\xc5?\xc2\xff\x00\xff\x00\xff\x00\xf8\x00\xf8\x08'),
                            bytearray(b'8\x0f<\x0f;\x0e7\x041\x00-\x10(\x13p\x0f\x18\x11\x19\x11\t\x06\x04\x0b\x10\x1f0?>7<\\'),
                            bytearray(b'\xb5\xff\xfa\xf8\xf0\xf0\xe2\xe0\xc8\xc7\x08\x07\x10\x8f\x15\xcf\xf8\n\xf8\x07\xf0\x0f\xe0\x1f\xcf7\x08\xf7\x90\xe8ph'),
                        ], is_16bit=False, y_plus=0, y_minus=0, x=114, y=105),
                        Tile(mirror=False, invert=False, format=1, length=11, subtile_bytes=[
                            bytearray(b'\x90\xff\xa0\xff8\xef<\xf7\x00\xff\x00\xff\x80\xff@\xff\xf3\x0e\xf1\x1b\xe1\x19\xf9\x06\xff\x00\xff\x00\xff\x00\xff\x80'),
                            bytearray(b'p\xc0p\xc00\xc00\xc00\xc00\xc0p\xc0`\xc0\xd0\x10\xe0 \xe0 \xe0 \xe0 \xe0 \xc0\x00\xc0\x00'),
                            bytearray(b'h\xff\xf9\xff~{?9\x9c\x18\x85\x00@\x8e@\x9f\xf8\x84\xfc\x04|\x839\xc6\x98g\x80\x7fK\xbfq\xb1'),
                            bytearray(b'\xe0\x80\xe0\x80\xe0\x80`\x00`\x00\xa0@\xa0@p\x80\xc0@\xc0@\x80\x00\x00\x80@\xc0`\xe0\xe0`\xe0\xd0'),
                        ], is_16bit=False, y_plus=0, y_minus=0, x=130, y=105),
                        Tile(mirror=False, invert=False, format=0, length=5, subtile_bytes=[
                            bytearray(b'|\x034\x1b:\r\x1f\x0c\x1f\x07\x0f\x03\x0f\x00\x07\x00\x1c|\x0c<\x06>\x03\x1f\x08\x17\x04\x0b\x02\r\x00\x07'),
                            bytearray(b'@\x87\x0f\x80\xdb\x0f\xc2\x0f\x94\x1f\xdb\x1f\xc6\x07\x80\x00`=G\xf8\xc0\xf8\x00\xf8`\xf8 \xfc8\xff\x1f\x9f'),
                            None,
                            None,
                        ], is_16bit=False, y_plus=0, y_minus=0, x=114, y=121),
                        Tile(mirror=False, invert=False, format=0, length=5, subtile_bytes=[
                            bytearray(b'\x11\x0e\x81\x0e\xda\x85o\xc1\x97\xf3\xaf\xfa7\xf0\x0f\x001\xe1\x11\xf9\x1b\xfb&_\x08\x7f\x01\x1e\n\xfd\xf0\xff'),
                            bytearray(b'\xf0\x00`\xc0\xe0\x80\xc0\x80\xc0\x00\x80\x00\x80\x00\x00\x00\xc0\xf0\x80\xe0\x00\xe0\x00\xc0\x80@\x00\x80\x00\x80\x00\x00'),
                            None,
                            None,
                        ], is_16bit=False, y_plus=0, y_minus=0, x=130, y=121),
                    ]
                ),
                Mold(8, gridplane=False,
                    tiles=[
                        Tile(mirror=False, invert=False, format=0, length=7, subtile_bytes=[
                            bytearray(b'\x00\x00\x00\x00\x00\x00\x00\x00\x00\x00\x02\x03\x00\x03f\x7f\x00\x00\x00\x00\x00\x00\x00\x00\x01\x00\x03\x00\x03\x00\x07\t'),
                            bytearray(b'\x00\x07\x00\x05\x00\x0e \x03\xe4`\x04\xe2\x01\xfeA~\x00\x01\n\x05\x11\x0e\xfc\x03\xff\x00\xff\x02\xf9\x0e\xf9\x02'),
                            bytearray(b'v\xfc!\xfes\xfdP\xff}\xff\x02\xff\x1d\x03\x1f\x01\x0f\x88\x8e\xd2\x0f\x8b\x03\x8e\x03\x82\xc1\xf9\x1c\x06\x1e\x00'),
                            bytearray(b"@>c=\xc1\x1dD\xdc\x11\xff\'\xefO\xef\xc8\xe8\xf3\x0b\xf3\r_/\xdc#\xff\x00\xef\x10/0(7"),
                        ], is_16bit=False, y_plus=0, y_minus=0, x=122, y=89),
                        Tile(mirror=False, invert=False, format=0, length=6, subtile_bytes=[
                            bytearray(b' \x00\xc0\x00\x00\xf2\x00\x86\x00\x82\x1d\x02\x0c\x00\xe0\x0c\xe0\x00\x80@\x00\xf2x\x86|\x82\xff\x03\xfc\x10\xf2\x0c'),
                            None,
                            bytearray(b'\xc0\xb8\x81\x80\x87\x00\xeb\xc8\xdb\xd6\xb6\xbf\x7f?\xf5\xcb\xc7\xb8\xff\x80\x7f\x80\xff\x1c\xde>\xbe~?\xf8\xcc\xf2'),
                            bytearray(b'\x00\x80\x00\x00\x00\x00 \xf0\xd0\xe0`\x80\x00\x80 \xa0\x00\x80\x00\x00\x00\x00\x80\x90\x10 `\x00\x80\xf0\xa0\xd0'),
                        ], is_16bit=False, y_plus=0, y_minus=0, x=138, y=89),
                        Tile(mirror=False, invert=False, format=0, length=7, subtile_bytes=[
                            bytearray(b' \x190\x19)\x1e\x1a\x00\x00\x00\x03\x00\t\x07\x18\x07&\x11&\t!\x16\x1d\x07\x00\x00\x03\x03\x01\x07\x00\x07'),
                            bytearray(b'\xbf\xd7\x7f\x9e\xce\xdb\xdc\x07\xfc\x03\xfe1\x1f\xe8G\xb87_^\xbf\xfb\xfc\xe78\x0f\xec3r\xfd\xfd\xa6\xba'),
                            bytearray(b'\x1c\x07\x1e\x07\x13\x0f\x0c\x03\x07\x00\x01\x00\x05\x00\x01\x0e\x08\x08\x18\x18\x00\x0c\x0c\x03\x03\x00\x00\x00\x07\x06\x0f\x0e'),
                            bytearray(b'\x00\xf8@\xbc\x94\xec\x18\xe8\xa3E\xad\x0f\xa7?\xd2\xff\xe7\xff\xf3\xffsow\xef\xf8~p\\\xc0x\x00\xfd'),
                        ], is_16bit=False, y_plus=0, y_minus=0, x=122, y=105),
                        Tile(mirror=False, invert=False, format=1, length=11, subtile_bytes=[
                            bytearray(b'\x85\xff\n\xfc\x15\xe9\x07\xff\x0f\xff\x1f\xff\xff>\xfc\x1d\xf0\x80\xe3\x05\xf5\n\xff\x00\xff\x00\xff\x00\x7f@<#'),
                            bytearray(b'\xa6 LG\xc3\xc6\xc6\xc4\x84\x80\x04\x00\x84\x00.\xc0\xa6X\xc8\xb0\xc1>\xc2<\x84x\x04\xf8\x84x.\x10'),
                            bytearray(b'\xf0\x01y\x00\xf8@\xb8\xe0\xb8\xc0\xb8\xc18\xc1\xb0@\xd0_\xc9\x8e\xb8_\x08o(o(oH\xc7P\xdf'),
                            bytearray(b"\xc9\xe6\x8e\x00\x04\x00\x04\x06\xcb\x06\'\xc0\xc8\xf0\xc0\x08\t6\x8cr\x0c\xf8\x00\xfa\xc94\'\x18\x08\x10\xc88"),
                        ], is_16bit=False, y_plus=0, y_minus=0, x=138, y=105),
                        Tile(mirror=False, invert=False, format=1, length=5, subtile_bytes=[
                            None,
                            None,
                            bytearray(b'\x00\x00\x00\x00\x00\x00\x00\x00\x00\x00\x80\x00\x00\x00\x00\x00\x00\x00\x00\x00\x00\x00\x00\x00\x00\x00\x80\x00\x00\x00\x00\x00'),
                            None,
                        ], is_16bit=False, y_plus=0, y_minus=0, x=154, y=105),
                        Tile(mirror=False, invert=False, format=1, length=7, subtile_bytes=[
                            bytearray(b'\x0b\x04\x07\x00\x07\x00\x03\x00\x01\x00\x01\x00\x00\x00\x00\x00\x07\x0f\x03\x03\x02\x06\x01\x01\x01\x01\x00\x01\x00\x00\x00\x00'),
                            bytearray(b'\x0f\xffO\xfc\x9f~\xb3|k\x9c\xff\x08>\x00\x0c\x00\x80\xff\x83\x8c\x01\x06\x83\x8c\xe3\x9c\x07\xf8\x00>\x00\x0c'),
                            None,
                            None,
                        ], is_16bit=False, y_plus=0, y_minus=0, x=122, y=121),
                        Tile(mirror=False, invert=False, format=0, length=5, subtile_bytes=[
                            bytearray(b"\xe0\x10\xc34\xe4\x1b\xfb\x04\xff\x00\x1f\x00\x01\x00\x00\x00\xd0_\xb4\xbc[\xdb\'\xe6\x1d\xfe\x00\x1f\x00\x01\x00\x00"),
                            bytearray(b'\xf8\x00\x80p\x18\xf8\xe3\x7f\xfe|\xfe\x00\xfc\x00\x00\x00\x08\x08pp\x80\xe0\x80\x7f\x82|x\x86\x00\xfc\x00\x00'),
                            None,
                            None,
                        ], is_16bit=False, y_plus=0, y_minus=0, x=138, y=121),
                    ]
                ),
                Mold(9, gridplane=False,
                    tiles=[
                        Tile(mirror=False, invert=False, format=1, length=11, subtile_bytes=[
                            bytearray(b'\x01\x01\x00\x03\x00\x03\x00\x03\x00\x01\x00\x01\x00\x00\x00\x01\x00\x00\x00\x02\x00\x02\x00\x02\x02\x00\x02\x01\x07\x00\x02\x01'),
                            bytearray(b'\x00\x00\x81\x02\x83\x04J\x84\xc9\xc0%\xe1F\xfe\xe2|\x03\x00\x8d\x02\x9b\x04[\x85>\x03=B\xfe\x81\xff\x00'),
                            bytearray(b'\x02\x00\x03\x04\x03\x04\x08\x07\x00\x0f\x18\x0c\x18((0\x03\x02\x07\x02\x05\x01\n\x07\x00\x0c\x10\x04\x10 \x00\x10'),
                            bytearray(b'\x11\xf4\x13\xe9%\xe3f\xc0^\xe1\x0er\x0f\x0c\x02\x05\xf3\x8c\xf7\t\xff\x07\xfa\x8bg\x86\x0eq\x03\x00\x02\x05'),
                        ], is_16bit=False, y_plus=0, y_minus=0, x=116, y=90),
                        Tile(mirror=False, invert=False, format=1, length=11, subtile_bytes=[
                            bytearray(b'@\x00\x80\x00\xe2\x04\x9a\x04b\x1cJ4\x8ew\x1a\xe7\xc0\x00\x00\x80\xe2\x04\xfa$\xea\x0c\x8ef\x87Y\x1f\x00'),
                            bytearray(b'\x00\x00\x00\x00\x00\x00\x00\x00\x00\x00\xc00\x80\xf0\x00\xe0\x00\x00\x00\x00\x00\x00\x00\x00\x00\x00\xc0 \x00P  '),
                            bytearray(b'\x12\xff\xff\x1b:\x1c\xda}\xf7\xcco\x1c\x9e\xd9\xf8\xe8>\xbd\xdf<\xfe\xff}\xfd\xdd}\x1d\xfc?{7\x7f'),
                            bytearray(b' \xc0\xc0\x00\x10\x10\xc8\xc0`f\x82\x04\x0c`\xa4X`\xc0\x80pP\xe0\xc80`\x98\x82\xfc\xe4\xf8x\xfc'),
                        ], is_16bit=False, y_plus=0, y_minus=0, x=132, y=90),
                        Tile(mirror=False, invert=False, format=1, length=11, subtile_bytes=[
                            bytearray(b'(pPp\x80@\x80\x00\x00\x80\x80\x80\x00\x80\x80\x80\x08X\x00\x00\xc0@\x80\x00\x00\x80\x00\x00\x00\x80\x00\x80'),
                            bytearray(b'\x00\x01\x01\x01\x00\x00\x00\x00\x00\x00\x00\x00\x00\x00\x00\x00\x02\x03\x00\x01\x00\x00\x00\x00\x00\x00\x00\x00\x00\x00\x00\x00'),
                            bytearray(b'\x80\x80\x80@@\x80 `HH0\x1e\x94o=\xc3\x00\x80\x80\x80\x80\x80``px`\\\xf8\xf8\xe8\xe8'),
                            bytearray(b'\x00\x00\x00\x00\x01\x02\x03\x00\x00\x00\x00\x00\x01\x00\x00\x02\x00\x00\x00\x00\x00\x02\x03\x03\x00\x00\x00\x00\x01\x01\x02\x02'),
                        ], is_16bit=False, y_plus=0, y_minus=0, x=116, y=106),
                        Tile(mirror=False, invert=False, format=0, length=7, subtile_bytes=[
                            bytearray(b'\x7f\xff\xd6o~\x7f{\x0f0Oy\x07?pw~0\xf9\xf0i\xe0\xf1\xf0\x91pwv6\x08\x0f\x08\x0f'),
                            bytearray(b'TH\xc2\xdc\xc4\xd8\xd4\x88\xdc\xc0<\x80\xf8@x\xc0\xfc\xf8~\xfe~\xfax\xac<\xe8|\xc4\xb8@8\xc0'),
                            bytearray(b'px\x07\xf86\xc1\xf8\x1f\xe1\x9f\xd97\xf8\x1fF\x7f\x07\x0f+\xfc^\xe9\xe0\x0f`\x9fH7`\x07\x00a'),
                            bytearray(b'x\xc0p\xe0\xe0 \xe0`\xe0\xe0\xe0\x80\xe0\x80\xe0\xa08\xc0\x10\xe0\xc0 \x80`\x00\xe0`\xa0`\xa0`\xa0'),
                        ], is_16bit=False, y_plus=0, y_minus=0, x=132, y=106),
                        Tile(mirror=False, invert=False, format=0, length=5, subtile_bytes=[
                            bytearray(b'\x7f\x01\x1c"\x00\x04\x00\x00\x00\x00\x00\x00\x00\x00\x00\x00\x12S&6\x04\x04\x00\x00\x00\x00\x00\x00\x00\x00\x00\x00'),
                            bytearray(b'\x00\x02\x00\x00\x00\x01\x02\x01\x00\x00\x00\x00\x00\x00\x00\x00\x03\x03\x01\x01\x01\x01\x03\x03\x00\x00\x00\x00\x00\x00\x00\x00'),
                            None,
                            None,
                        ], is_16bit=False, y_plus=0, y_minus=0, x=116, y=122),
                        Tile(mirror=False, invert=False, format=0, length=5, subtile_bytes=[
                            bytearray(b'@\x7f\xd7?\x7f\x83{\x87\xf6\x06\x08H\x00\x00\x00\x00\x80\xe3\xe1c\xe5\xe7\xef\xef\x06\xa6HH\x00\x00\x00\x00'),
                            bytearray(b'\xe0\xe0\xc0\xc0\x80\x80\x00\x00\x00\x00\x00\x00\x00\x00\x00\x00`\xe0\xc0\xc0\x80\x80\x00\x00\x00\x00\x00\x00\x00\x00\x00\x00'),
                            None,
                            None,
                        ], is_16bit=False, y_plus=0, y_minus=0, x=132, y=122),
                    ]
                ),
                Mold(10, gridplane=False,
                    tiles=[
                        Tile(mirror=False, invert=False, format=0, length=7, subtile_bytes=[
                            bytearray(b'\x00\x00\x02\x03\x07\x07\x01\x0e\x01\x1e\x10\x17\x10\x1f\x04\x1f\x00\x00\x00\x00\x00\x00\x01\x0e\x01\x1c\x08\x05\x00\r\x04\x1b'),
                            bytearray(b'\x00\x00\x03\x00\x10\xc8\xd1\xc2\x00q\x08q`\xe06\xe0\x04\x00/\x01\xf7\x8b\xfd\x03~\xb1~\xb1\xff\x88\x7f\xc0'),
                            bytearray(b'\x10\x0f\x11\x0f\x1b\x1f\x1d\x1f\x00\x1e\x0c\x00\x07\x00\x07\x00\x1e\x13\x1f\x18\x07\x04\x01\x02\x03\x1f\x0f\x03\x06\x02\x04\x04'),
                            bytearray(b'\x12\xf0\x83\xe4\x00\x040\x02\x80"\x04\x80\xfe\x00\xff\x00\x7f\x80\xfb\x04{\xe4\xdd\xd2\xfd\xfa\xfb\xfc\x07\x06\x00\x00'),
                        ], is_16bit=False, y_plus=0, y_minus=0, x=122, y=88),
                        Tile(mirror=False, invert=False, format=0, length=6, subtile_bytes=[
                            bytearray(b'\x00000\xa0p \xf0\xe0\x10 \x00@\x00\xa0\x00\x000\x00\x00\x80\x10\x90\xd0\xf0\x10\xe0@\xc0\x00\xe0 '),
                            None,
                            bytearray(b"\x00\x80\x00@\x06@\'\x08\xb7\x08\x9f\x06\x9c\x07\xf9\x0f`\x80\xb0@\xb0@\xfe\x0e\xfe\x0e\xef\x19\xef\t\x1e\x12"),
                            bytearray(b'\x00\x00\x00\x00\x00\x00\x00\x00\x80\x00\xc0\x00\x00\xe0\xa0\xc0\x00\x00\x00\x00\x00\x00\x00\x00\x00\x00@@\x00  `'),
                        ], is_16bit=False, y_plus=0, y_minus=0, x=138, y=88),
                        Tile(mirror=False, invert=False, format=1, length=11, subtile_bytes=[
                            bytearray(b'\x07\x08\x0f\x08/8Gx\xbfx\xbfxG\xb8c\xdc\x0c\x0c\x00\x08\x019\x01i\x01\xc1\x85\xc1\xa1\xfd\xd8\xf8'),
                            bytearray(b'\xe1~\x82\xff\x81\xff\x07\xfd\x0f\xfb\x00\xff\x00\xff\x80\xff\xff\x81\xf3\x1c\xe36\xe1&\xe7\x18\xff\x00\xff\x00\xff\x00'),
                            bytearray(b'\x07\xe47N\x03\x0e\t\x0e\x0b\x0e\x0f\x0e%>;~x\xf8`X\x00\x0c\x00\x0e\x00\x0e\x00\x08\x01\x0f\x01\x07'),
                            bytearray(b'\x80\xff\xc5\x7f\xe7\x7f\xdfw\xbf/\x8f\x07l\x80p\xb7\xff\x00\xc7\x88\xcf\x88O0/X\x87\xf8\x80\xff\xfd\xbf'),
                        ], is_16bit=False, y_plus=0, y_minus=0, x=122, y=104),
                        Tile(mirror=False, invert=False, format=0, length=7, subtile_bytes=[
                            bytearray(b"\xc6?F\xfaK\xf0.\xfe\x1e\xfe\x0e\xfe\x1e\xfe;\xff\xcf\xd9\xc6\x01\xcc\'\xfe\x11\xfe\x01\xfe\x01\xfe\x01\xf8\x01"),
                            bytearray(b'\xf0\x800 \x90\x10\x08\x00 \x1c\x18<\x0c\x10P\x10p00\xd0\x10\xe0\x08\xf8\x00\xf8\x00\xe0,\xf08\xf8'),
                            bytearray(b'q\xff\xf4\xff\xf9\xf9\xe0\xe0\xc2\xc0\t\x07\x19\x061\x0e\xf8\x08\xf8\x0b\xfb\x07\xe1\x1f\xc1?\x0f\xf7\t\xf6Q\xe8'),
                            bytearray(b'\xd8\x10\xb8\xb0\xf0\xf0\xf0\xe0\xf0\xe0\xe8\xc0\xe0\x9c\xe0\x9c\xb0xx\xf0\xf0\xf0\xf0\xe0\xf0\xe0\xd8\xf0\x94\xfc\xe0\x9c'),
                        ], is_16bit=False, y_plus=0, y_minus=0, x=138, y=104),
                        Tile(mirror=False, invert=False, format=0, length=5, subtile_bytes=[
                            bytearray(b'\xf9\x7f\x9d\x7f\xe7\x1f\x1c\x03\x03\x00\x00\x00\x00\x00\x00\x00\x00\x03\x00`\x00\xf8\x00\x1f\x00\x03\x00\x00\x00\x00\x00\x00'),
                            bytearray(b'\x88g\xf8\x07\xb8G%\xda\xf7\x00\x03\x00\x00\x00\x00\x00\xf8\xf0\xc8\xc8\xe8i=\xdd\x06\xf7\x00\x03\x00\x00\x00\x00'),
                            None,
                            None,
                        ], is_16bit=False, y_plus=0, y_minus=0, x=122, y=120),
                        Tile(mirror=False, invert=False, format=1, length=7, subtile_bytes=[
                            bytearray(b'T\xcf\x84\x03b\x00\x87\x1e\xc4\x1f\xc9\x1f7?\x1c\x0f\xf1\xe9\xfa\x7f\x9f\xfd\xf0\xf3 \xf0 \xf0\x008\x10\x0f'),
                            bytearray(b'|\x00 \x00 \x00\xc0\x00\xc0\x80 \xe0P\xf0p\xe0\xfc\x80\xe0\xc0\xe0\xe0\xc0\x00@\x80\x00\xe0\x000\x10\xe0'),
                            None,
                            None,
                        ], is_16bit=False, y_plus=0, y_minus=0, x=138, y=120),
                    ]
                ),
                Mold(11, gridplane=False,
                    tiles=[
                        Tile(mirror=False, invert=False, format=1, length=9, subtile_bytes=[
                            None,
                            bytearray(b'\x00\x18\x19\x18\n\x1c\t\x1e\x0e\x11\x08\x01\x04\x00\n\x00\x00\x18\x01\x01\x03\x11\x13\x17\x1e\x11\x0e\x05\x07\x00\x0f\x08'),
                            bytearray(b'\x00\x00\x00\x00\x00\x00\x01\x00\x03\x00\x07\x00\x00\x0f\x0b\x07\x00\x00\x00\x00\x00\x00\x00\x00\x00\x00\x05\x05\x01\t\x08\x0c'),
                            bytearray(b'\x00\x02\x01\x04\xc0\x04\xc8 \xda \xf2\xc0r\xc0?\xe0\r\x02\x1b\x04\x1b\x04\xff\xe0\xff\xe0\xef0\xef \xf0\x90'),
                        ], is_16bit=False, y_plus=0, y_minus=0, x=111, y=96),
                        Tile(mirror=False, invert=False, format=1, length=11, subtile_bytes=[
                            bytearray(b"\x00\x00\x80\x01\x11\'\x17\x86\x01\x1c \x1d\x0c\x0f\xd8\x0f@\x00\xe8\x00\xde\xa2\x7f\x80\xfd\x1a\xfc\x1b\xfe#\xfc\x07"),
                            bytearray(b'\x00\x00\x80\x80\xc0\xc0\x00\xe0\x00\xf0\x10\xd0\x10\xf0@\xf0\x00\x00\x00\x00\x00\x00\x00\xe0\x00p @\x00`@\xb0'),
                            bytearray(b'\x90\x1f\x83O\x01A\x19\x81\x02\x88@\x02\xff\x00\xff\x00\xfc\x03\xbf@\xbdNw\x96\x7f\xbf\xbf\x7f\xc0\xc0\x00\x00'),
                            bytearray(b'\x10\xe0\x10\xe0\xb0\xf0p\xf0\x00\xf0`\x00\xc0\x00\xc0\x00\xf0\x90\xf00\xc0@\x00\x80\x80\xf0\xe0\x80\xc0\x80@@'),
                        ], is_16bit=False, y_plus=0, y_minus=0, x=127, y=96),
                        Tile(mirror=False, invert=False, format=1, length=11, subtile_bytes=[
                            bytearray(b'\x1e\x03\x18\x08\x13\x10 \x00\x08\x10\x00\x00\x00\x00\x00\x00\x1d\x19\x18\x17\x10\x0f ?\x00?\x00\x7f\x00\x7f\x00\x7f'),
                            bytearray(b'\xc7\xf8\xc4\xbf\xa5\x1f\xe9\xff\xf1\xff\xe0\xff\xf0\xff\x00\x00\xe77\xc7\x00g\xc8\xff\x10\xff\x00\xff\x00\xff\x00\x00\xff'),
                            bytearray(b'\x07\x07\x03\x13\x02\xfc\x07\xf8\x07\xf8\x07\xf8\x07\xf8\x07\xf8\x07xS|\xfe\xff\xff\xff\xff\xff\xff\xff\xff\xff\xff\xff'),
                            bytearray(b'\xff\xff\xff\xff\x00\x00\xff\x00\xff\x00\xff\x00\xff\x00\xff\x00\xff\x00\xff\x00\x00\xff\x80\x80\x80\x80\x80\x80\x80\x80\xc0\xc0'),
                        ], is_16bit=False, y_plus=0, y_minus=0, x=111, y=112),
                        Tile(mirror=False, invert=False, format=0, length=7, subtile_bytes=[
                            bytearray(b'\x0f\xfc\x83\xfe\x03\xfe\xc1~\xe1\xbe\x01\xfe\x00\xfe\x00\x01\xfe\x02\x9ep\x8f\xd9\x0f\xc9\xcf1\xff\x01\xfe\x01\x01\xfe'),
                            bytearray(b'\xc0 \xe0\x00\xc80\xc0 \xc0\x10\x802\x0e\xe1>\xe1``  \x000\x008\x10,2\xce\xe1\x11\xe1\x01'),
                            bytearray(b'\xf8\xff\xff\xff\x07\x00\xff\x00\xff\x00\xff\x00\xff\x00\xff\x00\xff\x00\xff\x00\x00\xf8\x00\x00\x00\x00\x00\x00\x00\x00\x00\x00'),
                            bytearray(b'~\xc1\xfe\x81\xff\x00\xff\x00\xff\x00\xff\x00\xff\x00\xff\x00\xc1\x01\x81\x01\x00\x00\x00\x00\x00\x00\x00\x00\x00\x00\x00\x00'),
                        ], is_16bit=False, y_plus=0, y_minus=0, x=127, y=112),
                        Tile(mirror=False, invert=False, format=0, length=4, subtile_bytes=[
                            None,
                            None,
                            bytearray(b'\x00\x80\x00\x80\x00\x80\x00\x80\x00\x80\x00\x80\x00\x80\x00\x80\x80\x80\x80\x80\x80\x80\x80\x80\x80\x80\x80\x80\x80\x80\x80\x80'),
                            None,
                        ], is_16bit=False, y_plus=0, y_minus=0, x=143, y=112),
                        Tile(mirror=False, invert=False, format=0, length=6, subtile_bytes=[
                            bytearray(b'\x03\xfc\x01~\x00\x7f\x00?\x00\x1f\x00\x07\x00\x03\x00\x01\xff\xff\x7f\x7f\x7f\x7f??\x1f\x1f\x07\x07\x03\x03\x01\x01'),
                            bytearray(b'\xff\x00\xff\x00\xff\x00\x7f\x80?\xc0\x1f\xe0\x0f\xf0\x07\xf8\xc0\xc0\xe0\xe0\xe0\xe0\xf0\xf0\xf8\xf8\xfc\xfc\xfe\xfe\xff\xff'),
                            None,
                            bytearray(b'\x01~\x00?\x1c\x1f\x03\x03\x03\x03\x03\x03\x03\x03\x03\x03\x7f\x7f??\x1f\x1f\x03\x07\x03\x04\x03\x04\x03\x04\x03\x04'),
                        ], is_16bit=False, y_plus=0, y_minus=0, x=111, y=128),
                        Tile(mirror=False, invert=False, format=1, length=11, subtile_bytes=[
                            bytearray(b'\xff\x00\xff\x00\xff\x00\xff\x00\xff\x00\xff\x00\xff\x00\xff\x00\x00\x00\x00\x00\x00\x00\x00\x00\x00\x00\x00\x00\x00\x00\x00\x00'),
                            bytearray(b'\xff\x00\xff\x00\xff\x00\xff\x00\xfe\x00\xfe\x02\xfc\x04\xf8\x18\x01\x01\x01\x01\x03\x03\x03\x03\x06\x06\x0e\x0e<<xx'),
                            bytearray(b'\xff\x00\x07\xff\xfc\xfc\xf0\xf0\xf0\xf0\xf0\xf0\xf0\xf0\xc0\xc0\xff\xff\xff\xff\xfc\xfc\xf0\xf0\xf0\xf0\xf0\xf0\xf0\xf0\xc0\x00'),
                            bytearray(b'\xe0 \x80\x80\x00\x00\x00\x00\x00\x00\x00\x00\x00\x00\x00\x00\xe0\xe0\x80\x80\x00\x00\x00\x00\x00\x00\x00\x00\x00\x00\x00\x00'),
                        ], is_16bit=False, y_plus=0, y_minus=0, x=127, y=128),
                        Tile(mirror=False, invert=False, format=1, length=5, subtile_bytes=[
                            None,
                            bytearray(b'\x00\x00\x00\x00\x00\x00\x00\x00\x00\x00\x00\x00\x00\x00\x00\x00\x00\x03\x00\x00\x00\x00\x00\x00\x00\x00\x00\x00\x00\x00\x00\x00'),
                            None,
                            None,
                        ], is_16bit=False, y_plus=0, y_minus=0, x=111, y=144),
                        Tile(mirror=False, invert=False, format=1, length=5, subtile_bytes=[
                            bytearray(b'\xc0\xc0\x00\x00\x00\x00\x00\x00\x00\x00\x00\x00\x00\x00\x00\x00\xc0\x00\x00\x00\x00\x00\x00\x00\x00\x00\x00\x00\x00\x00\x00\x00'),
                            None,
                            None,
                            None,
                        ], is_16bit=False, y_plus=0, y_minus=0, x=127, y=144),
                    ]
                ),
                Mold(12, gridplane=False,
                    tiles=[
                        Tile(mirror=False, invert=False, format=1, length=9, subtile_bytes=[
                            None,
                            bytearray(b'\x00\x18\x19\x18\n\x1c\t\x1e\x0e\x11\x08\x01\x04\x00\n\x00\x00\x18\x01\x01\x03\x11\x13\x17\x1e\x11\x0e\x05\x07\x00\x0f\x08'),
                            bytearray(b'\x00\x00\x00\x00\x00\x00\x01\x00\x03\x00\x07\x00\x00\x0f\x0b\x07\x00\x00\x00\x00\x00\x00\x00\x00\x00\x00\x05\x05\x01\t\x08\x0c'),
                            bytearray(b'\x00\x02\x01\x04\xc0\x04\xc8 \xda \xf2\xc0r\xc0?\xe0\r\x02\x1b\x04\x1b\x04\xff\xe0\xff\xe0\xef0\xef \xf0\x90'),
                        ], is_16bit=False, y_plus=0, y_minus=0, x=111, y=96),
                        Tile(mirror=False, invert=False, format=1, length=11, subtile_bytes=[
                            bytearray(b"\x00\x00\x80\x01\x11\'\x17\x86\x01\x1c \x1d\x0c\x0f\xd8\x0f@\x00\xe8\x00\xde\xa2\x7f\x80\xfd\x1a\xfc\x1b\xfe#\xfc\x07"),
                            bytearray(b'\x00\x00\x80\x80\xc0\xc0\x00\xe0\x00\xf0\x10\xd0\x10\xf0@\xf0\x00\x00\x00\x00\x00\x00\x00\xe0\x00p @\x00`@\xb0'),
                            bytearray(b'\x90\x1f\x83O\x01A\x19\x81\x02\x88@\x02\xff\x00\xff\x00\xfc\x03\xbf@\xbdNw\x96\x7f\xbf\xbf\x7f\xc0\xc0\x00\x00'),
                            bytearray(b'\x10\xe0\x10\xe0\xb0\xf0p\xf0\x00\xf0`\x00\xc0\x00\xc0\x00\xf0\x90\xf00\xc0@\x00\x80\x80\xf0\xe0\x80\xc0\x80@@'),
                        ], is_16bit=False, y_plus=0, y_minus=0, x=127, y=96),
                        Tile(mirror=False, invert=False, format=1, length=11, subtile_bytes=[
                            bytearray(b'\x1e\x03\x18\x08\x13\x10 \x00\x08\x10\x00\x00\x00\x00\x00\x00\x1d\x19\x18\x17\x10\x0f ?\x00?\x00\x7f\x00\x7f\x00\x7f'),
                            bytearray(b'\xc7\xf8\xc4\xbf\xa5\x1f\xe9\xff\xf1\xff\xe0\xff\xf0\xff\x00\x00\xe77\xc7\x00g\xc8\xff\x10\xff\x00\xff\x00\xff\x00\x00\xff'),
                            bytearray(b'\x07\x07\x03\x13\x02\xfc\x07\xf8\x07\xf8\x07\xf8\x07\xf8\x07\xf8\x07xS|\xfe\xff\xff\xff\xff\xff\xff\xff\xff\xff\xff\xff'),
                            bytearray(b'\xff\xff\xff\xff\x00\x00\xff\x00\xff\x00\xff\x00\xff\x00\xff\x00\xff\x00\xff\x00\x00\xff\x80\x80\x80\x80\x80\x80\x80\x80\xc0\xc0'),
                        ], is_16bit=False, y_plus=0, y_minus=0, x=111, y=112),
                        Tile(mirror=False, invert=False, format=0, length=7, subtile_bytes=[
                            bytearray(b'\x0f\xfc\x83\xfe\x03\xfe\xc1~\xe1\xbe\x01\xfe\x00\xfe\x00\x01\xfe\x02\x9ep\x8f\xd9\x0f\xc9\xcf1\xff\x01\xfe\x01\x01\xfe'),
                            bytearray(b'\xc0 \xe0\x00\xc80\xc0 \xc0\x10\x802\x0e\xe1>\xe1``  \x000\x008\x10,2\xce\xe1\x11\xe1\x01'),
                            bytearray(b'\xf8\xff\xff\xff\x07\x00\xff\x00\xff\x00\xff\x00\xff\x00\xff\x00\xff\x00\xff\x00\x00\xf8\x00\x00\x00\x00\x00\x00\x00\x00\x00\x00'),
                            bytearray(b'~\xc1\xfe\x81\xff\x00\xff\x00\xff\x00\xff\x00\xff\x00\xff\x00\xc1\x01\x81\x01\x00\x00\x00\x00\x00\x00\x00\x00\x00\x00\x00\x00'),
                        ], is_16bit=False, y_plus=0, y_minus=0, x=127, y=112),
                        Tile(mirror=False, invert=False, format=0, length=4, subtile_bytes=[
                            None,
                            None,
                            bytearray(b'\x00\x80\x00\x80\x00\x80\x00\x80\x00\x80\x00\x80\x00\x80\x00\x80\x80\x80\x80\x80\x80\x80\x80\x80\x80\x80\x80\x80\x80\x80\x80\x80'),
                            None,
                        ], is_16bit=False, y_plus=0, y_minus=0, x=143, y=112),
                        Tile(mirror=False, invert=False, format=1, length=11, subtile_bytes=[
                            bytearray(b'\x03\xfc\x01~\x00\x7f\x00?\x00\x1f\x00\x07\x00\x03\x00\x01\xff\xff\x7f\x7f\x7f\x7f??\x1f\x1f\x07\x07\x03\x03\x01\x01'),
                            bytearray(b'\xff\x00\xff\x00\xff\x00\x7f\x80?\xc0\x1f\xe0\x0f\xf0\x07\xf8\xc0\xc0\xe0\xe0\xe0\xe0\xf0\xf0\xf8\xf8\xfc\xfc\xfe\xfe\xff\xff'),
                            bytearray(b'\x00\x00\x00\x00\x00\x00\x00\x00\x00\x00\x03\x00\x00\x03\x00\x00\x00\x00\x00\x00\x00\x00\x00\x00\x00\x00\x03\x03\x03\x03\x00\x00'),
                            bytearray(b'\x01~xw\x1f\x1f\x1f\x1f\x00\x00\x00\x00\x00\x00\x00\x00\x7f\x7fw\x7f\x1f\xff\x1f\xff\x00\x01\x00\x01\x00\x00\x00\x00'),
                        ], is_16bit=False, y_plus=0, y_minus=0, x=111, y=128),
                        Tile(mirror=False, invert=False, format=0, length=7, subtile_bytes=[
                            bytearray(b'\xff\x00\xff\x00\xff\x00\xff\x00\xff\x00\xff\x00\xff\x00\xff\x00\x00\x00\x00\x00\x00\x00\x00\x00\x00\x00\x00\x00\x00\x00\x00\x00'),
                            bytearray(b'\xff\x00\xff\x00\xff\x00\xff\x00\xfe\x00\xfe\x02\xfc\x04\xf8\x18\x01\x01\x01\x01\x03\x03\x03\x03\x06\x06\x0e\x0e<<xx'),
                            bytearray(b'\xff\x00\x07\xff\x8f\xbf\x8c\x8c\x7f\x7f\x7f\x7f\x03\x03\x00\x00\xff\xff\xff\xff\xbf\xf3\x8c\xf3\x7f\xff\x7f\xff\x03\xcc\x00\x00'),
                            bytearray(b'\xe0 \x80\x80\x00\x00\x00\x00\x80\x80\x80\x80\x80\x80\x00\x00\xe0\xe0\x80\x80\x00\x00\x00\x00\x80`\x80`\x80`\x00\x00'),
                        ], is_16bit=False, y_plus=0, y_minus=0, x=127, y=128),
                    ]
                ),
                Mold(13, gridplane=False,
                    tiles=[
                        Tile(mirror=False, invert=False, format=1, length=9, subtile_bytes=[
                            None,
                            bytearray(b'\x00\x18\x19\x18\n\x1c\t\x1e\x0e\x11\x08\x01\x04\x00\n\x00\x00\x18\x01\x01\x03\x11\x13\x17\x1e\x11\x0e\x05\x07\x00\x0f\x08'),
                            bytearray(b'\x00\x00\x00\x00\x00\x00\x01\x00\x03\x00\x07\x00\x00\x0f\x0b\x07\x00\x00\x00\x00\x00\x00\x00\x00\x00\x00\x05\x05\x01\t\x08\x0c'),
                            bytearray(b'\x00\x02\x01\x04\xc0\x04\xc8 \xda \xf2\xc0r\xc0?\xe0\r\x02\x1b\x04\x1b\x04\xff\xe0\xff\xe0\xef0\xef \xf0\x90'),
                        ], is_16bit=False, y_plus=0, y_minus=0, x=111, y=96),
                        Tile(mirror=False, invert=False, format=1, length=11, subtile_bytes=[
                            bytearray(b"\x00\x00\x80\x01\x11\'\x17\x86\x01\x1c \x1d\x0c\x0f\xd8\x0f@\x00\xe8\x00\xde\xa2\x7f\x80\xfd\x1a\xfc\x1b\xfe#\xfc\x07"),
                            bytearray(b'\x00\x00\x80\x80\xc0\xc0\x00\xe0\x00\xf0\x10\xd0\x10\xf0@\xf0\x00\x00\x00\x00\x00\x00\x00\xe0\x00p @\x00`@\xb0'),
                            bytearray(b'\x90\x1f\x83O\x01A\x19\x81\x02\x88@\x02\xff\x00\xff\x00\xfc\x03\xbf@\xbdNw\x96\x7f\xbf\xbf\x7f\xc0\xc0\x00\x00'),
                            bytearray(b'\x10\xe0\x10\xe0\xb0\xf0p\xf0\x00\xf0`\x00\xc0\x00\xc0\x00\xf0\x90\xf00\xc0@\x00\x80\x80\xf0\xe0\x80\xc0\x80@@'),
                        ], is_16bit=False, y_plus=0, y_minus=0, x=127, y=96),
                        Tile(mirror=False, invert=False, format=1, length=11, subtile_bytes=[
                            bytearray(b'\x1e\x03\x18\x08\x13\x10 \x00\x08\x10\x00\x00\x00\x00\x00\x00\x1d\x19\x18\x17\x10\x0f ?\x00?\x00\x7f\x00\x7f\x00\x7f'),
                            bytearray(b'\xc7\xf8\xc4\xbf\xa5\x1f\xe9\xff\xf1\xff\xe0\xff\xf0\xff\x00\x00\xe77\xc7\x00g\xc8\xff\x10\xff\x00\xff\x00\xff\x00\x00\xff'),
                            bytearray(b'\x07\x07\x03\x13\x02\xfc\x07\xf8\x07\xf8\x07\xf8\x07\xf8\x07\xf8\x07xS|\xfe\xff\xff\xff\xff\xff\xff\xff\xff\xff\xff\xff'),
                            bytearray(b'\xff\xff\xff\xff\x00\x00\xff\x00\xff\x00\xff\x00\xff\x00\xff\x00\xff\x00\xff\x00\x00\xff\x80\x80\x80\x80\x80\x80\x80\x80\xc0\xc0'),
                        ], is_16bit=False, y_plus=0, y_minus=0, x=111, y=112),
                        Tile(mirror=False, invert=False, format=0, length=7, subtile_bytes=[
                            bytearray(b'\x0f\xfc\x83\xfe\x03\xfe\xc1~\xe1\xbe\x01\xfe\x00\xfe\x00\x01\xfe\x02\x9ep\x8f\xd9\x0f\xc9\xcf1\xff\x01\xfe\x01\x01\xfe'),
                            bytearray(b'\xc0 \xe0\x00\xc80\xc0 \xc0\x10\x802\x0e\xe1>\xe1``  \x000\x008\x10,2\xce\xe1\x11\xe1\x01'),
                            bytearray(b'\xf8\xff\xff\xff\x07\x00\xff\x00\xff\x00\xff\x00\xff\x00\xff\x00\xff\x00\xff\x00\x00\xf8\x00\x00\x00\x00\x00\x00\x00\x00\x00\x00'),
                            bytearray(b'~\xc1\xfe\x81\xff\x00\xff\x00\xff\x00\xff\x00\xff\x00\xff\x00\xc1\x01\x81\x01\x00\x00\x00\x00\x00\x00\x00\x00\x00\x00\x00\x00'),
                        ], is_16bit=False, y_plus=0, y_minus=0, x=127, y=112),
                        Tile(mirror=False, invert=False, format=0, length=4, subtile_bytes=[
                            None,
                            None,
                            bytearray(b'\x00\x80\x00\x80\x00\x80\x00\x80\x00\x80\x00\x80\x00\x80\x00\x80\x80\x80\x80\x80\x80\x80\x80\x80\x80\x80\x80\x80\x80\x80\x80\x80'),
                            None,
                        ], is_16bit=False, y_plus=0, y_minus=0, x=143, y=112),
                        Tile(mirror=False, invert=False, format=0, length=6, subtile_bytes=[
                            bytearray(b'\x03\xfc\x01~\x00\x7f\x00?\x00\x1f\x00\x07\x00\x03\x00\x01\xff\xff\x7f\x7f\x7f\x7f??\x1f\x1f\x07\x07\x03\x03\x01\x01'),
                            bytearray(b'\xff\x00\xff\x00\xff\x00\x7f\x80?\xc0\x1f\xe0\x0f\xf0\x07\xf8\xc0\xc0\xe0\xe0\xe0\xe0\xf0\xf0\xf8\xf8\xfc\xfc\xfe\xfe\xff\xff'),
                            None,
                            bytearray(b'\x01~87\x0f\x0c\x0f\x0f\x00\x00\x00\x00\x00\x07\x00\x07\x7f\x7f7?\x1c\x1f\x0f\x0f\x00\x07\x00\x07\x07\x00\x07\x00'),
                        ], is_16bit=False, y_plus=0, y_minus=0, x=111, y=128),
                        Tile(mirror=False, invert=False, format=1, length=11, subtile_bytes=[
                            bytearray(b'\xff\x00\xff\x00\xff\x00\xff\x00\xff\x00\xff\x00\xff\x00\xff\x00\x00\x00\x00\x00\x00\x00\x00\x00\x00\x00\x00\x00\x00\x00\x00\x00'),
                            bytearray(b'\xff\x00\xff\x00\xff\x00\xff\x00\xfe\x00\xfe\x02\xfc\x04\xf8\x18\x01\x01\x01\x01\x03\x03\x03\x03\x06\x06\x0e\x0e<<xx'),
                            bytearray(b'\xff\x00\x07\xffp\x0000\xc0\xc0\xc0\xc0\x00\x00\x00\x00\xff\xff\xff\xff\x00\xfc0\xfc\xc0\xf0\xc0\xf0\x00\xc0\x00\x00'),
                            bytearray(b'\xe0 \x80\x80\x00\x00\x00\x00\x00\x00\x00\x00\x00\x00\x00\x00\xe0\xe0\x80\x80\x00\x00\x00\x00\x00\x00\x00\x00\x00\x00\x00\x00'),
                        ], is_16bit=False, y_plus=0, y_minus=0, x=127, y=128),
                        Tile(mirror=False, invert=False, format=0, length=4, subtile_bytes=[
                            None,
                            bytearray(b'\x00\x07\x00\x00\x00\x00\x00\x00\x00\x00\x00\x00\x00\x00\x00\x00\x07\x00\x00\x00\x00\x00\x00\x00\x00\x00\x00\x00\x00\x00\x00\x00'),
                            None,
                            None,
                        ], is_16bit=False, y_plus=0, y_minus=0, x=111, y=144),
                    ]
                ),
                Mold(14, gridplane=False,
                    tiles=[
                        Tile(mirror=False, invert=False, format=0, length=7, subtile_bytes=[
                            bytearray(b'\x00\x00\x00\x00\x00\x00\x00\x00\x00\x00\x00\x00\x00\x00\x00\x00\x00\x00\x00\x00\x00\x00\x00\x00\x00\x00\x00\x00\x01\x00\x00\x00'),
                            bytearray(b'@@ \xc0 \xc1\x12\xe12p\tx\x11?8_\x00\x00#\x80&\x81\x16\xa1\x8f\x00\x8fP\xff \xbf@'),
                            bytearray(b'\x00\x00\x00\x01\x00\x01\x02\x01\x00\x03\x06\x03\x06\x0b\x0b\r\x00\x00\x01\x00\x01\x00\x02\x01\x00\x03\x04\x01\x04\t\x00\x04'),
                            bytearray(b'\x84=\xc4:\xc98\x19\xf0\x17\xf8C\xfc\xdb\xbfv\xf9\xfc\xa3\xfd\x82\x7fA\xbe\xe2\x19!\x03<@$\x06\x89'),
                        ], is_16bit=False, y_plus=0, y_minus=0, x=111, y=96),
                        Tile(mirror=False, invert=False, format=1, length=11, subtile_bytes=[
                            bytearray(b'\x10\x00`\x80\xf8\x01\xa6\x01X\x07RM\xa3\x9d\x869\xf0\x00@\xa0\xf8\x01\xfeI\xba\xc3c\x99\xa1V\xc7\x00'),
                            bytearray(b'\x00\x00\x00\x00\x80\x00\x80\x00\x80\x00\xb0\x0c\xa0\xfc\x80\xf8\x00\x00\x00\x00\x80\x00\x80\x00\x80\x00\xb0\x88\xc0T\xc8\x08'),
                            bytearray(b'D?\xffFN\xc7\xb6\x1f\xbds\x9b\x87\xe77\xbf{\xcf/\xf7O\xff\xff\x9f\xff\xf7\x9f\x87\x7f\xcf\x1f\x8f_'),
                            bytearray(b'\x88\xf0\xf0\xc0\x84\x04\xb2p\xd8\x19\xe0\x01\xe3\x189\xc6\x98p\xe0\x1c\x94\xf8rLXf ?\xb9\xbe\xfe\xff'),
                        ], is_16bit=False, y_plus=0, y_minus=0, x=127, y=96),
                        Tile(mirror=False, invert=False, format=0, length=4, subtile_bytes=[
                            None,
                            None,
                            bytearray(b'\x00\x00\x00\x00\x00\x00\x00\x00\x00\x80\x80\x00\x00\x00\x00\x00\x00\x00\x00\x00\x00\x00\x00\x00\x00\x00\x80\x00\x00\x00\x00\x00'),
                            None,
                        ], is_16bit=False, y_plus=0, y_minus=0, x=143, y=96),
                        Tile(mirror=False, invert=False, format=0, length=7, subtile_bytes=[
                            bytearray(b'\x0b\x1c\x16\x1c\x03\x04\x03\x19\x01\x1c@\x06p\x03x\x01\x03\x16\x03\x01\x07<\x1a$\x1d"\x06yCLAN'),
                            bytearray(b"\x8dpx\x80\x89\x10\xf9\x81\xbb\xff\xd6>\'\x80\x00\xc0\x82w\xbf\xcd\xff\xd1~\x13\x00GA\xaf\xbfX\xc0?"),
                            bytearray(b'\xfe\x10\xff8\xdf8\xfb\\\xbf\\\xff\x10\x7f@?@\xd0\xd1\xf8\xf8\xb8\xb8\xb8\xb8\xb8\xb8\x90\x90\x00@\x00\x00'),
                            bytearray(b'\x07\xff\x00\x0f\xf0\x00\xff\x10\xdf(\xff\x18\xfb|\xbf|\xff\x00\x0f\xf0\x00\x0f\x10\x1088888888'),
                        ], is_16bit=False, y_plus=0, y_minus=0, x=111, y=112),
                        Tile(mirror=False, invert=False, format=0, length=7, subtile_bytes=[
                            bytearray(b'\x1f~w\xdc\xde\x9f\x9b\x83}3\xfd\x07\xfcw\x00\x00\x8e\xfe?\xdd|\xbf|\xe6\xcc\xb2\xf8\x06\x88v\x00\xff'),
                            bytearray(b'\xa5:P\xbfU\xd2\xb4\xf2\xb0\xf4\xf0\xe0\xd0\xf0\x00\x00\xff~\xbf\xff?\xfe\x1e\x7f\x1c\x7f\x10/\x00?\x00\xff'),
                            bytearray(b'\xff\xff\x0f\xff\x00\x00\xff\x00\xff\x00\xff\x00\xff\x00\xff\x00\xff\x00\xff\x00\x00\xff\x00\x00\x00\x00\x00\x00\x00\x00\x00\x00'),
                            bytearray(b'\xf0\xf0\xe0\xe0\x1f\x00\xff\x00\xff\x00\xff\x00\xff\x00\xff\x00\xf0\x0f\xe1\x1f\x1f\xff\x1f\x1f\x1f\x1f\x1f\x1f\x1f\x1f\x1f\x1f'),
                        ], is_16bit=False, y_plus=0, y_minus=0, x=127, y=112),
                        Tile(mirror=False, invert=False, format=1, length=7, subtile_bytes=[
                            bytearray(b'\x00\x00\x80\x00\x00\x00\x00\x00\x00\x00\x00\x00\x00\x00\x00\x00\x00\x00\x80\x80\x80\x80\x00\x00\x00\x00\x00\x00\x00\x00\x00\x00'),
                            None,
                            bytearray(b'\x00\x00\x00\x00\x00\x80\x00\x80\x00\x80\x00\x80\x00\x80\x00\x80\x00\x00\x00\x00\x80\x80\x80\x80\x80\x80\x80\x80\x80\x80\x80\x80'),
                            None,
                        ], is_16bit=False, y_plus=0, y_minus=0, x=143, y=112),
                        Tile(mirror=False, invert=False, format=1, length=11, subtile_bytes=[
                            bytearray(b'_`op7xK|$?\x13\x1f\x0c\x07\x07\x00\x00 \x00\x00\x00@\x00p\x008\x00\x1c\x08\x07\x07\x00'),
                            bytearray(b'\xff\x10\xff\x00\xff\x00\xf8\x07\x03\xff\xff\xff\x0f\xfc\xff\x01\x10\x10\x00\x00\x00\x00\x00\x00\x00\x00\x00\x03\x03\xfc\xfe\x01'),
                            bytearray(b'\x01\x01\x00\x00\x00\x00\x00\x00\x00\x00\x00\x00\x00\x00\x00\x00\x00\x01\x00\x00\x00\x01\x00\x01\x00\x00\x00\x00\x00\x00\x00\x00'),
                            bytearray(b'\xfe\xff\xf0\xff????\x00\x00\x00\x00\x00\x00\x00\x00\x00\xff\xf0\xff?\xff?\xff\x00\x03\x00\x03\x00\x01\x00\x00'),
                        ], is_16bit=False, y_plus=0, y_minus=0, x=111, y=128),
                        Tile(mirror=False, invert=False, format=1, length=11, subtile_bytes=[
                            bytearray(b'\xff\x00\xff\x00\x0f\xfc}\xfe\xfb\xce\xf3\x1e\xe7~\x8c\xff\x00\x00\x00\x00\x00\x00\x0131N\xe1\x1e\x81~\x03\xff'),
                            bytearray(b'\xff\x00\xfe\x01\xfc\x03\xf8\x06\xf0\x0c\xe0\x10\x80`\x00\xc0??\x7f\x7f\xff\xff\xfe\xfe\xfc\xfc\xf0\xf0\xe0\xe0\xc0\xc0'),
                            bytearray(b'\x19\xfe\xe2\xfcXx\x18\x18\xff\xff\xff\xff\x07\x07\x00\x00\x07\xff\x1e\xfe8\xe6\x18\xe6\xff\xfe\xff\xfe\x07\x98\x00\x00'),
                            bytearray(b'\x00\x00\x00\x00\x00\x00\x00\x00\x00\x00\x00\x00\x00\x00\x00\x00\x00\x00\x00\x00\x00\x00\x00\x00\x00\xc0\x00\xc0\x00\xc0\x00\x00'),
                        ], is_16bit=False, y_plus=0, y_minus=0, x=127, y=128),
                        Tile(mirror=False, invert=False, format=1, length=5, subtile_bytes=[
                            bytearray(b'\x00\x80\x00\x00\x00\x00\x00\x00\x00\x00\x00\x00\x00\x00\x00\x00\x80\x80\x00\x00\x00\x00\x00\x00\x00\x00\x00\x00\x00\x00\x00\x00'),
                            None,
                            None,
                            None,
                        ], is_16bit=False, y_plus=0, y_minus=0, x=143, y=128),
                    ]
                ),
                Mold(15, gridplane=False,
                    tiles=[
                        Tile(mirror=False, invert=False, format=0, length=7, subtile_bytes=[
                            bytearray(b'\x00\x00\x00\x00\x00\x00\x00\x00\x00\x00\x00\x00\x00\x00\x00\x00\x00\x00\x00\x00\x00\x00\x00\x00\x00\x00\x00\x00\x01\x00\x00\x00'),
                            bytearray(b'@@ \xc0 \xc1\x12\xe12p\tx\x11?8_\x00\x00#\x80&\x81\x16\xa1\x8f\x00\x8fP\xff \xbf@'),
                            bytearray(b'\x00\x00\x00\x01\x00\x01\x02\x01\x00\x03\x06\x03\x06\x0b\x0b\r\x00\x00\x01\x00\x01\x00\x02\x01\x00\x03\x04\x01\x04\t\x00\x04'),
                            bytearray(b'\x84=\xc4:\xc98\x19\xf0\x17\xf8C\xfc\xdb\xbfv\xf9\xfc\xa3\xfd\x82\x7fA\xbe\xe2\x19!\x03<@$\x06\x89'),
                        ], is_16bit=False, y_plus=0, y_minus=0, x=111, y=96),
                        Tile(mirror=False, invert=False, format=1, length=11, subtile_bytes=[
                            bytearray(b'\x10\x00`\x80\xf8\x01\xa6\x01X\x07RM\xa3\x9d\x869\xf0\x00@\xa0\xf8\x01\xfeI\xba\xc3c\x99\xa1V\xc7\x00'),
                            bytearray(b'\x00\x00\x00\x00\x80\x00\x80\x00\x80\x00\xb0\x0c\xa0\xfc\x80\xf8\x00\x00\x00\x00\x80\x00\x80\x00\x80\x00\xb0\x88\xc0T\xc8\x08'),
                            bytearray(b'D?\xffFN\xc7\xb6\x1f\xbds\x9b\x87\xe77\xbf{\xcf/\xf7O\xff\xff\x9f\xff\xf7\x9f\x87\x7f\xcf\x1f\x8f_'),
                            bytearray(b'\x88\xf0\xf0\xc0\x84\x04\xb2p\xd8\x19\xe0\x01\xe3\x189\xc6\x98p\xe0\x1c\x94\xf8rLXf ?\xb9\xbe\xfe\xff'),
                        ], is_16bit=False, y_plus=0, y_minus=0, x=127, y=96),
                        Tile(mirror=False, invert=False, format=0, length=4, subtile_bytes=[
                            None,
                            None,
                            bytearray(b'\x00\x00\x00\x00\x00\x00\x00\x00\x00\x80\x80\x00\x00\x00\x00\x00\x00\x00\x00\x00\x00\x00\x00\x00\x00\x00\x80\x00\x00\x00\x00\x00'),
                            None,
                        ], is_16bit=False, y_plus=0, y_minus=0, x=143, y=96),
                        Tile(mirror=False, invert=False, format=0, length=7, subtile_bytes=[
                            bytearray(b'\x0b\x1c\x16\x1c\x03\x04\x03\x19\x01\x1c@\x06p\x03x\x01\x03\x16\x03\x01\x07<\x1a$\x1d"\x06yCLAN'),
                            bytearray(b"\x8dpx\x80\x89\x10\xf9\x81\xbb\xff\xd6>\'\x80\x00\xc0\x82w\xbf\xcd\xff\xd1~\x13\x00GA\xaf\xbfX\xc0?"),
                            bytearray(b'\xfe\x10\xff8\xdf8\xfb\\\xbf\\\xff\x10\x7f@?@\xd0\xd1\xf8\xf8\xb8\xb8\xb8\xb8\xb8\xb8\x90\x90\x00@\x00\x00'),
                            bytearray(b'\x07\xff\x00\x0f\xf0\x00\xff\x10\xdf(\xff\x18\xfb|\xbf|\xff\x00\x0f\xf0\x00\x0f\x10\x1088888888'),
                        ], is_16bit=False, y_plus=0, y_minus=0, x=111, y=112),
                        Tile(mirror=False, invert=False, format=0, length=7, subtile_bytes=[
                            bytearray(b'\x1f~w\xdc\xde\x9f\x9b\x83}3\xfd\x07\xfcw\x00\x00\x8e\xfe?\xdd|\xbf|\xe6\xcc\xb2\xf8\x06\x88v\x00\xff'),
                            bytearray(b'\xa5:P\xbfU\xd2\xb4\xf2\xb0\xf4\xf0\xe0\xd0\xf0\x00\x00\xff~\xbf\xff?\xfe\x1e\x7f\x1c\x7f\x10/\x00?\x00\xff'),
                            bytearray(b'\xff\xff\x0f\xff\x00\x00\xff\x00\xff\x00\xff\x00\xff\x00\xff\x00\xff\x00\xff\x00\x00\xff\x00\x00\x00\x00\x00\x00\x00\x00\x00\x00'),
                            bytearray(b'\xf0\xf0\xe0\xe0\x1f\x00\xff\x00\xff\x00\xff\x00\xff\x00\xff\x00\xf0\x0f\xe1\x1f\x1f\xff\x1f\x1f\x1f\x1f\x1f\x1f\x1f\x1f\x1f\x1f'),
                        ], is_16bit=False, y_plus=0, y_minus=0, x=127, y=112),
                        Tile(mirror=False, invert=False, format=1, length=7, subtile_bytes=[
                            bytearray(b'\x00\x00\x80\x00\x00\x00\x00\x00\x00\x00\x00\x00\x00\x00\x00\x00\x00\x00\x80\x80\x80\x80\x00\x00\x00\x00\x00\x00\x00\x00\x00\x00'),
                            None,
                            bytearray(b'\x00\x00\x00\x00\x00\x80\x00\x80\x00\x80\x00\x80\x00\x80\x00\x80\x00\x00\x00\x00\x80\x80\x80\x80\x80\x80\x80\x80\x80\x80\x80\x80'),
                            None,
                        ], is_16bit=False, y_plus=0, y_minus=0, x=143, y=112),
                        Tile(mirror=False, invert=False, format=0, length=7, subtile_bytes=[
                            bytearray(b'_`op7xK|$?\x13\x1f\x0c\x07\x07\x00\x00 \x00\x00\x00@\x00p\x008\x00\x1c\x08\x07\x07\x00'),
                            bytearray(b'\xff\x10\xff\x00\xff\x00\xf8\x07\x03\xff\xff\xff\x0f\xfc\xff\x01\x10\x10\x00\x00\x00\x00\x00\x00\x00\x00\x00\x03\x03\xfc\xfe\x01'),
                            bytearray(b'\x01\x01\x00\x00\x00\x00\x00\x00\x00\x00\x00\x00\x00\x00\x00\x00\x00\x01\x00\x00\x00\x00\x00\x00\x00\x00\x00\x00\x00\x00\x00\x00'),
                            bytearray(b'\xfe\xffp\x7f\x1e\x1e\x1e\x1e\x01\x01\x01\x01\x00\x0e\x00\x0e\x00\xffp\x7f\x1e\x1f\x1e\x1f\x01\x0f\x01\x0f\x0e\x01\x0e\x00'),
                        ], is_16bit=False, y_plus=0, y_minus=0, x=111, y=128),
                        Tile(mirror=False, invert=False, format=1, length=9, subtile_bytes=[
                            bytearray(b'\xff\x00\xff\x00\x0f\xfc}\xfe\xfb\xce\xf3\x1e\xe7~\x8c\xff\x00\x00\x00\x00\x00\x00\x0131N\xe1\x1e\x81~\x03\xff'),
                            bytearray(b'\xff\x00\xfe\x01\xfc\x03\xf8\x06\xf0\x0c\xe0\x10\x80`\x00\xc0??\x7f\x7f\xff\xff\xfe\xfe\xfc\xfc\xf0\xf0\xe0\xe0\xc0\xc0'),
                            bytearray(b'\x19\xfe\xe2\xfc@```\x80\x80\x80\x80\x00\x00\x00\x00\x07\xff\x1e\xfe \xf8`\xf8\x80\xe0\x80\xe0\x00\x80\x00\x00'),
                            None,
                        ], is_16bit=False, y_plus=0, y_minus=0, x=127, y=128),
                        Tile(mirror=False, invert=False, format=1, length=5, subtile_bytes=[
                            bytearray(b'\x00\x80\x00\x00\x00\x00\x00\x00\x00\x00\x00\x00\x00\x00\x00\x00\x80\x80\x00\x00\x00\x00\x00\x00\x00\x00\x00\x00\x00\x00\x00\x00'),
                            None,
                            None,
                            None,
                        ], is_16bit=False, y_plus=0, y_minus=0, x=143, y=128),
                        Tile(mirror=False, invert=False, format=0, length=4, subtile_bytes=[
                            None,
                            bytearray(b'\x00\x0e\x00\x00\x00\x00\x00\x00\x00\x00\x00\x00\x00\x00\x00\x00\x0e\x00\x00\x00\x00\x00\x00\x00\x00\x00\x00\x00\x00\x00\x00\x00'),
                            None,
                            None,
                        ], is_16bit=False, y_plus=0, y_minus=0, x=111, y=144),
                    ]
                ),
                Mold(16, gridplane=False,
                    tiles=[
                        Tile(mirror=False, invert=False, format=0, length=7, subtile_bytes=[
                            bytearray(b'\x00\x00\x00\x00\x00\x00\x00\x00\x00\x00\x00\x00\x00\x00\x00\x00\x00\x00\x00\x00\x00\x00\x00\x00\x00\x00\x00\x00\x01\x00\x00\x00'),
                            bytearray(b'@@ \xc0 \xc1\x12\xe12p\tx\x11?8_\x00\x00#\x80&\x81\x16\xa1\x8f\x00\x8fP\xff \xbf@'),
                            bytearray(b'\x00\x00\x00\x01\x00\x01\x02\x01\x00\x03\x06\x03\x06\x0b\x0b\r\x00\x00\x01\x00\x01\x00\x02\x01\x00\x03\x04\x01\x04\t\x00\x04'),
                            bytearray(b'\x84=\xc4:\xc98\x19\xf0\x17\xf8C\xfc\xdb\xbfv\xf9\xfc\xa3\xfd\x82\x7fA\xbe\xe2\x19!\x03<@$\x06\x89'),
                        ], is_16bit=False, y_plus=0, y_minus=0, x=111, y=96),
                        Tile(mirror=False, invert=False, format=1, length=11, subtile_bytes=[
                            bytearray(b'\x10\x00`\x80\xf8\x01\xa6\x01X\x07RM\xa3\x9d\x869\xf0\x00@\xa0\xf8\x01\xfeI\xba\xc3c\x99\xa1V\xc7\x00'),
                            bytearray(b'\x00\x00\x00\x00\x80\x00\x80\x00\x80\x00\xb0\x0c\xa0\xfc\x80\xf8\x00\x00\x00\x00\x80\x00\x80\x00\x80\x00\xb0\x88\xc0T\xc8\x08'),
                            bytearray(b'D?\xffFN\xc7\xb6\x1f\xbds\x9b\x87\xe77\xbf{\xcf/\xf7O\xff\xff\x9f\xff\xf7\x9f\x87\x7f\xcf\x1f\x8f_'),
                            bytearray(b'\x88\xf0\xf0\xc0\x84\x04\xb2p\xd8\x19\xe0\x01\xe3\x189\xc6\x98p\xe0\x1c\x94\xf8rLXf ?\xb9\xbe\xfe\xff'),
                        ], is_16bit=False, y_plus=0, y_minus=0, x=127, y=96),
                        Tile(mirror=False, invert=False, format=0, length=4, subtile_bytes=[
                            None,
                            None,
                            bytearray(b'\x00\x00\x00\x00\x00\x00\x00\x00\x00\x80\x80\x00\x00\x00\x00\x00\x00\x00\x00\x00\x00\x00\x00\x00\x00\x00\x80\x00\x00\x00\x00\x00'),
                            None,
                        ], is_16bit=False, y_plus=0, y_minus=0, x=143, y=96),
                        Tile(mirror=False, invert=False, format=0, length=7, subtile_bytes=[
                            bytearray(b'\x0b\x1c\x16\x1c\x03\x04\x03\x19\x01\x1c@\x06p\x03x\x01\x03\x16\x03\x01\x07<\x1a$\x1d"\x06yCLAN'),
                            bytearray(b"\x8dpx\x80\x89\x10\xf9\x81\xbb\xff\xd6>\'\x80\x00\xc0\x82w\xbf\xcd\xff\xd1~\x13\x00GA\xaf\xbfX\xc0?"),
                            bytearray(b'\xfe\x10\xff8\xdf8\xfb\\\xbf\\\xff\x10\x7f@?@\xd0\xd1\xf8\xf8\xb8\xb8\xb8\xb8\xb8\xb8\x90\x90\x00@\x00\x00'),
                            bytearray(b'\x07\xff\x00\x0f\xf0\x00\xff\x10\xdf(\xff\x18\xfb|\xbf|\xff\x00\x0f\xf0\x00\x0f\x10\x1088888888'),
                        ], is_16bit=False, y_plus=0, y_minus=0, x=111, y=112),
                        Tile(mirror=False, invert=False, format=0, length=7, subtile_bytes=[
                            bytearray(b'\x1f~w\xdc\xde\x9f\x9b\x83}3\xfd\x07\xfcw\x00\x00\x8e\xfe?\xdd|\xbf|\xe6\xcc\xb2\xf8\x06\x88v\x00\xff'),
                            bytearray(b'\xa5:P\xbfU\xd2\xb4\xf2\xb0\xf4\xf0\xe0\xd0\xf0\x00\x00\xff~\xbf\xff?\xfe\x1e\x7f\x1c\x7f\x10/\x00?\x00\xff'),
                            bytearray(b'\xff\xff\x0f\xff\x00\x00\xff\x00\xff\x00\xff\x00\xff\x00\xff\x00\xff\x00\xff\x00\x00\xff\x00\x00\x00\x00\x00\x00\x00\x00\x00\x00'),
                            bytearray(b'\xf0\xf0\xe0\xe0\x1f\x00\xff\x00\xff\x00\xff\x00\xff\x00\xff\x00\xf0\x0f\xe1\x1f\x1f\xff\x1f\x1f\x1f\x1f\x1f\x1f\x1f\x1f\x1f\x1f'),
                        ], is_16bit=False, y_plus=0, y_minus=0, x=127, y=112),
                        Tile(mirror=False, invert=False, format=1, length=7, subtile_bytes=[
                            bytearray(b'\x00\x00\x80\x00\x00\x00\x00\x00\x00\x00\x00\x00\x00\x00\x00\x00\x00\x00\x80\x80\x80\x80\x00\x00\x00\x00\x00\x00\x00\x00\x00\x00'),
                            None,
                            bytearray(b'\x00\x00\x00\x00\x00\x80\x00\x80\x00\x80\x00\x80\x00\x80\x00\x80\x00\x00\x00\x00\x80\x80\x80\x80\x80\x80\x80\x80\x80\x80\x80\x80'),
                            None,
                        ], is_16bit=False, y_plus=0, y_minus=0, x=143, y=112),
                        Tile(mirror=False, invert=False, format=0, length=7, subtile_bytes=[
                            bytearray(b'_`op7xK|$?\x13\x1f\x0c\x07\x07\x00\x00 \x00\x00\x00@\x00p\x008\x00\x1c\x08\x07\x07\x00'),
                            bytearray(b'\xff\x10\xff\x00\xff\x00\xf8\x07\x03\xff\xff\xff\x0f\xfc\xff\x01\x10\x10\x00\x00\x00\x00\x00\x00\x00\x00\x00\x03\x03\xfc\xfe\x01'),
                            bytearray(b'\x01\x01\x00\x00\x00\x00\x00\x00\x00\x00\x00\x00\x00\x00\x00\x00\x00\x01\x00\x00\x00\x00\x00\x00\x00\x00\x00\x00\x00\x00\x00\x00'),
                            bytearray(b'\xfe\xff\xf0\xff\x1f\x1f\x07\x07\x07\x07\x07\x07\x07\x07\x01\x01\x00\xff\xf0\xff\x1f\x1f\x07\x07\x07\x07\x07\x07\x07\x07\x01\x00'),
                        ], is_16bit=False, y_plus=0, y_minus=0, x=111, y=128),
                        Tile(mirror=False, invert=False, format=1, length=9, subtile_bytes=[
                            bytearray(b'\xff\x00\xff\x00\x0f\xfc}\xfe\xfb\xce\xf3\x1e\xe7~\x8c\xff\x00\x00\x00\x00\x00\x00\x0131N\xe1\x1e\x81~\x03\xff'),
                            bytearray(b'\xff\x00\xfe\x01\xfc\x03\xf8\x06\xf0\x0c\xe0\x10\x80`\x00\xc0??\x7f\x7f\xff\xff\xfe\xfe\xfc\xfc\xf0\xf0\xe0\xe0\xc0\xc0'),
                            bytearray(b'\x19\xfe\xe2\xfc\xdc\xfc\xe0\xe0\xe0\xe0\xe0\xe0\xe0\xe0\xe0\xe0\x07\xff\x1e\xfe\xbc\xfc\xe0\xf0\xe0\x90\xe0\x90\xe0\x90\xe0\x10'),
                            None,
                        ], is_16bit=False, y_plus=0, y_minus=0, x=127, y=128),
                        Tile(mirror=False, invert=False, format=1, length=5, subtile_bytes=[
                            bytearray(b'\x00\x80\x00\x00\x00\x00\x00\x00\x00\x00\x00\x00\x00\x00\x00\x00\x80\x80\x00\x00\x00\x00\x00\x00\x00\x00\x00\x00\x00\x00\x00\x00'),
                            None,
                            None,
                            None,
                        ], is_16bit=False, y_plus=0, y_minus=0, x=143, y=128),
                        Tile(mirror=False, invert=False, format=0, length=4, subtile_bytes=[
                            None,
                            bytearray(b'\x01\x01\x00\x00\x00\x00\x00\x00\x00\x00\x00\x00\x00\x00\x00\x00\x01\x00\x00\x00\x00\x00\x00\x00\x00\x00\x00\x00\x00\x00\x00\x00'),
                            None,
                            None,
                        ], is_16bit=False, y_plus=0, y_minus=0, x=111, y=144),
                        Tile(mirror=False, invert=False, format=0, length=4, subtile_bytes=[
                            bytearray(b'\x80\x80\x00\x00\x00\x00\x00\x00\x00\x00\x00\x00\x00\x00\x00\x00\x80`\x00\x00\x00\x00\x00\x00\x00\x00\x00\x00\x00\x00\x00\x00'),
                            None,
                            None,
                            None,
                        ], is_16bit=False, y_plus=0, y_minus=0, x=127, y=144),
                    ]
                ),
                Mold(17, gridplane=False,
                    tiles=[
                        Tile(mirror=False, invert=False, format=0, length=7, subtile_bytes=[
                            bytearray(b'\x00\x00\x00\x00\x00\x00\x00\x00\x00\x00\x00\x00\x00\x00\x00\x00\x00\x00\x00\x00\x00\x00\x00\x00\x00\x00\x00\x00\x01\x00\x00\x00'),
                            bytearray(b'@@ \xc0 \xc1\x12\xe12p\tx\x11?8_\x00\x00#\x80&\x81\x16\xa1\x8f\x00\x8fP\xff \xbf@'),
                            bytearray(b'\x00\x00\x00\x01\x00\x01\x02\x01\x00\x03\x06\x03\x06\x0b\x0b\r\x00\x00\x01\x00\x01\x00\x02\x01\x00\x03\x04\x01\x04\t\x00\x04'),
                            bytearray(b'\x84=\xc4:\xc98\x19\xf0\x17\xf8C\xfc\xdb\xbfv\xf9\xfc\xa3\xfd\x82\x7fA\xbe\xe2\x19!\x03<@$\x06\x89'),
                        ], is_16bit=False, y_plus=0, y_minus=0, x=111, y=96),
                        Tile(mirror=False, invert=False, format=1, length=11, subtile_bytes=[
                            bytearray(b'\x10\x00`\x80\xf8\x01\xa6\x01X\x07RM\xa3\x9d\x869\xf0\x00@\xa0\xf8\x01\xfeI\xba\xc3c\x99\xa1V\xc7\x00'),
                            bytearray(b'\x00\x00\x00\x00\x80\x00\x80\x00\x80\x00\xb0\x0c\xa0\xfc\x80\xf8\x00\x00\x00\x00\x80\x00\x80\x00\x80\x00\xb0\x88\xc0T\xc8\x08'),
                            bytearray(b'D?\xffFN\xc7\xb6\x1f\xbds\x9b\x87\xe77\xbf{\xcf/\xf7O\xff\xff\x9f\xff\xf7\x9f\x87\x7f\xcf\x1f\x8f_'),
                            bytearray(b'\x88\xf0\xf0\xc0\x84\x04\xb2p\xd8\x19\xe0\x01\xe3\x189\xc6\x98p\xe0\x1c\x94\xf8rLXf ?\xb9\xbe\xfe\xff'),
                        ], is_16bit=False, y_plus=0, y_minus=0, x=127, y=96),
                        Tile(mirror=False, invert=False, format=0, length=4, subtile_bytes=[
                            None,
                            None,
                            bytearray(b'\x00\x00\x00\x00\x00\x00\x00\x00\x00\x80\x80\x00\x00\x00\x00\x00\x00\x00\x00\x00\x00\x00\x00\x00\x00\x00\x80\x00\x00\x00\x00\x00'),
                            None,
                        ], is_16bit=False, y_plus=0, y_minus=0, x=143, y=96),
                        Tile(mirror=False, invert=False, format=0, length=7, subtile_bytes=[
                            bytearray(b'\x0b\x1c\x16\x1c\x03\x04\x03\x19\x01\x1c@\x06p\x03x\x01\x03\x16\x03\x01\x07<\x1a$\x1d"\x06yCLAN'),
                            bytearray(b"\x8dpx\x80\x89\x10\xf9\x81\xbb\xff\xd6>\'\x80\x00\xc0\x82w\xbf\xcd\xff\xd1~\x13\x00GA\xaf\xbfX\xc0?"),
                            bytearray(b'\xfe\x10\xff8\xdf8\xfb\\\xbf\\\xff\x10\x7f@?@\xd0\xd1\xf8\xf8\xb8\xb8\xb8\xb8\xb8\xb8\x90\x90\x00@\x00\x00'),
                            bytearray(b'\x07\xff\x00\x0f\xf0\x00\xff\x10\xdf(\xff\x18\xfb|\xbf|\xff\x00\x0f\xf0\x00\x0f\x10\x1088888888'),
                        ], is_16bit=False, y_plus=0, y_minus=0, x=111, y=112),
                        Tile(mirror=False, invert=False, format=0, length=7, subtile_bytes=[
                            bytearray(b'\x1f~w\xdc\xde\x9f\x9b\x83}3\xfd\x07\xfcw\x00\x00\x8e\xfe?\xdd|\xbf|\xe6\xcc\xb2\xf8\x06\x88v\x00\xff'),
                            bytearray(b'\xa5:P\xbfU\xd2\xb4\xf2\xb0\xf4\xf0\xe0\xd0\xf0\x00\x00\xff~\xbf\xff?\xfe\x1e\x7f\x1c\x7f\x10/\x00?\x00\xff'),
                            bytearray(b'\xff\xff\x0f\xff\x00\x00\xff\x00\xff\x00\xff\x00\xff\x00\xff\x00\xff\x00\xff\x00\x00\xff\x00\x00\x00\x00\x00\x00\x00\x00\x00\x00'),
                            bytearray(b'\xf0\xf0\xe0\xe0\x1f\x00\xff\x00\xff\x00\xff\x00\xff\x00\xff\x00\xf0\x0f\xe1\x1f\x1f\xff\x1f\x1f\x1f\x1f\x1f\x1f\x1f\x1f\x1f\x1f'),
                        ], is_16bit=False, y_plus=0, y_minus=0, x=127, y=112),
                        Tile(mirror=False, invert=False, format=1, length=7, subtile_bytes=[
                            bytearray(b'\x00\x00\x80\x00\x00\x00\x00\x00\x00\x00\x00\x00\x00\x00\x00\x00\x00\x00\x80\x80\x80\x80\x00\x00\x00\x00\x00\x00\x00\x00\x00\x00'),
                            None,
                            bytearray(b'\x00\x00\x00\x00\x00\x80\x00\x80\x00\x80\x00\x80\x00\x80\x00\x80\x00\x00\x00\x00\x80\x80\x80\x80\x80\x80\x80\x80\x80\x80\x80\x80'),
                            None,
                        ], is_16bit=False, y_plus=0, y_minus=0, x=143, y=112),
                        Tile(mirror=False, invert=False, format=0, length=7, subtile_bytes=[
                            bytearray(b'_`op7xK|$?\x13\x1f\x0c\x07\x07\x00\x00 \x00\x00\x00@\x00p\x008\x00\x1c\x08\x07\x07\x00'),
                            bytearray(b'\xff\x10\xff\x00\xff\x00\xf8\x07\x03\xff\xff\xff\x0f\xfc\xff\x01\x10\x10\x00\x00\x00\x00\x00\x00\x00\x00\x00\x03\x03\xfc\xfe\x01'),
                            bytearray(b'\x01\x01\x00\x00\x00\x00\x00\x00\x00\x00\x00\x00\x00\x00\x00\x00\x00\x01\x00\x00\x00\x00\x00\x00\x00\x00\x00\x00\x00\x00\x00\x00'),
                            bytearray(b'\xfe\xffp\x7f\x1e\x1e\x1e\x1e\x01\x01\x01\x01\x00\x00\x00\x00\x00\xffp\x7f\x1e\x1f\x1e\x1f\x01\x07\x01\x07\x00\x01\x00\x00'),
                        ], is_16bit=False, y_plus=0, y_minus=0, x=111, y=128),
                        Tile(mirror=False, invert=False, format=1, length=9, subtile_bytes=[
                            bytearray(b'\xff\x00\xff\x00\x0f\xfc}\xfe\xfb\xce\xf3\x1e\xe7~\x8c\xff\x00\x00\x00\x00\x00\x00\x0131N\xe1\x1e\x81~\x03\xff'),
                            bytearray(b'\xff\x00\xfe\x01\xfc\x03\xf8\x06\xf0\x0c\xe0\x10\x80`\x00\xc0??\x7f\x7f\xff\xff\xfe\xfe\xfc\xfc\xf0\xf0\xe0\xe0\xc0\xc0'),
                            bytearray(b'\x19\xfe\xe2\xfc@`\x00\x00\xf0\xf0\xf0\xf0\xf0\xf0\xf0\xf0\x07\xff\x1e\xfe \xf0\x00\xf0\xf0\xf0\xf0\xf0\xf0\x00\xf0\x00'),
                            None,
                        ], is_16bit=False, y_plus=0, y_minus=0, x=127, y=128),
                        Tile(mirror=False, invert=False, format=1, length=5, subtile_bytes=[
                            bytearray(b'\x00\x80\x00\x00\x00\x00\x00\x00\x00\x00\x00\x00\x00\x00\x00\x00\x80\x80\x00\x00\x00\x00\x00\x00\x00\x00\x00\x00\x00\x00\x00\x00'),
                            None,
                            None,
                            None,
                        ], is_16bit=False, y_plus=0, y_minus=0, x=143, y=128),
                        Tile(mirror=False, invert=False, format=1, length=5, subtile_bytes=[
                            bytearray(b'\xf0\xf0\x00\x00\x00\x00\x00\x00\x00\x00\x00\x00\x00\x00\x00\x00\xf0\x00\x00\x00\x00\x00\x00\x00\x00\x00\x00\x00\x00\x00\x00\x00'),
                            None,
                            None,
                            None,
                        ], is_16bit=False, y_plus=0, y_minus=0, x=127, y=144),
                    ]
                ),
                Mold(18, gridplane=False,
                    tiles=[
                    ]
                ),
                Mold(19, gridplane=False,
                    tiles=[
                    ]
                ),
                Mold(20, gridplane=False,
                    tiles=[
                    ]
                ),
                Mold(21, gridplane=False,
                    tiles=[
                    ]
                ),
                Mold(22, gridplane=False,
                    tiles=[
                    ]
                ),
                Mold(23, gridplane=False,
                    tiles=[
                    ]
                ),
                Mold(24, gridplane=False,
                    tiles=[
                        Tile(mirror=False, invert=False, format=0, length=6, subtile_bytes=[
                            None,
                            bytearray(b'\x00030\x148\x12=\x1c"\x10\x02\x08\x00\x15\x00\x000\x03\x02\x07#&/="\x1d\n\x0f\x00\x1f\x10'),
                            bytearray(b'\x00\x00\x00\x00\x01\x00\x03\x00\x07\x00\x0f\x01\x00\x1f\x16\x0f\x00\x00\x00\x00\x00\x00\x01\x01\x01\x01\x0b\n\x03\x12\x11\x19'),
                            bytearray(b'\x01\x04\x03\x08\x80\x08\x90A\xb4A\xe4\x80\xe5\x80\x7f\xc0\x1b\x047\x087\x08\xfe\xc1\xfe\xc1\xdf`\xdfA\xe0 '),
                        ], is_16bit=False, y_plus=0, y_minus=0, x=113, y=96),
                        Tile(mirror=False, invert=False, format=0, length=7, subtile_bytes=[
                            bytearray(b'\x00\x00\x01\x03#O.\r\x029@;\x18\x1f\xb0\x1f\x80\x00\xd0\x00\xbcD\xfe\x01\xfa4\xf86\xfcF\xf8\x0f'),
                            bytearray(b'\x00\x00\x00\x00\x80\x80\x00\xc0\x00\xe0 \xa0 \xe0\x81\xe1\x00\x00\x00\x00\x00\x00\x00\xc0\x00\xe0@\x80\x00\xc0\x80a'),
                            bytearray(b' ?\x06\x9f\x03\x832\x03\x04\x11\x80\x04\xff\x00\xff\x00\xf9\x07\x7f\x80{\x9c\xee-\xff\x7f\x7f\xff\x81\x81\x00\x00'),
                            bytearray(b'!\xc1!\xc1a\xe0\xe3\xe3\t\xef\xc3\x0f\x84\x07\xa3\x03\xe0!\xe0a\x81\x81\x00\x03\x00\xef\xc0\x0f\xb8?\xfc\xfe'),
                        ], is_16bit=False, y_plus=0, y_minus=0, x=129, y=96),
                        Tile(mirror=False, invert=False, format=0, length=4, subtile_bytes=[
                            None,
                            None,
                            bytearray(b'\xe0 \xfc \xfe\x02\xde"\xb8F\xaf\xd0\xee\x91\xf2\x9d\x00 \x00 02\xe4\xe6^^Q\xd15\xb5G_'),
                            None,
                        ], is_16bit=False, y_plus=0, y_minus=0, x=145, y=96),
                        Tile(mirror=False, invert=False, format=1, length=11, subtile_bytes=[
                            bytearray(b"=\x071\x11\' A\x01\x11\xe1a\xf1\xc1!+#;21. \x1fA~\x01~\x01\x1e\xd1>p~"),
                            bytearray(b'\x8e\xf1\x89\x7fJ?\xd3\xfe\xe3\xff\xc0\xff\xe0\xffp\xff\xcfn\x8f\x00\xcf\x91\xfe!\xff\x00\xff\x00\xff\x00\x7f\x00'),
                            bytearray(b'n#t7>><\x1c=\x1c^\x0f\x1e\xe5\x1e\xe54xx???>\x1f>\x1fo?\xa6\xfd\x1e\xe4'),
                            bytearray(b'8\xff\xbe\xff\x7f\x7f\x1f\x1f\x0f\x0fC\x83`\x800\xc3\x7f@\x7f@\x7f\x80\x1f\xe0\x0f\xf0\xc3\xbc@\xbf*_'),
                        ], is_16bit=False, y_plus=0, y_minus=0, x=369, y=112),
                        Tile(mirror=False, invert=False, format=1, length=11, subtile_bytes=[
                            bytearray(b'\x1f\xf8\x07\xfc\x07\xfc\x83\xfc\xc3|\x03\xfc\x03\xfc\x07\xfc\xfc\x04<\xe0\x1e\xb2\x1e\x92\x9eb\xfe\x02\xfe\x02\xfc\x00'),
                            bytearray(b'\x85A\xf00\xd88\xe8z\xc8x\x98x\xb0p\xe0`\xfe\xfeO\x7fG\x7f\x07\x1f\x07?\x86\xfe\x80\xf0\x80\xe0'),
                            bytearray(b'\x07\xfc\x8e\xf9\x9f\xf9\xef\xb9\xf7\xd1\xc7\x81\xda\x05;\xb5\xfc\x00\x8cE\xccD\xc80\xd0h\x84|\x06\xff\xfe\xf7'),
                            bytearray(b'\x80\x80\x00\x00\x00\x80\x80\xc0\x80\xc0\x00\xc0@\xc0@\xc0\x00\x80\x00\x00\x00\x00\x00@\x00@\x00\xc0\x00\xc0\x00\xc0'),
                        ], is_16bit=False, y_plus=0, y_minus=0, x=129, y=112),
                        Tile(mirror=False, invert=False, format=1, length=5, subtile_bytes=[
                            bytearray(b'\xae\xdf\xfe\x9e\xfc\xfc\xf0\xf0\x00\x00\x00\x00\x00\x00\x00\x00\x01_`~\x00\xfc\x00\xf0\x00\x00\x00\x00\x00\x00\x00\x00'),
                            None,
                            None,
                            None,
                        ], is_16bit=False, y_plus=0, y_minus=0, x=145, y=112),
                        Tile(mirror=False, invert=False, format=1, length=7, subtile_bytes=[
                            bytearray(b'\xf8\x03P#\x11\x00\x0f\x01\x19\x0f$?W\x7fq?\xfe\x06\x1d/\x7f~\x1c\x12\x10\x08\x008\x00`@?'),
                            bytearray(b'\xa8\xcf\x84\x03\x18\x03f\x81/\xc0\xaf\xc0`\xe0\xc0\x80<\\|\xf8\xe4\xfe^>1_0_\x18\xf8@\x80'),
                            None,
                            None,
                        ], is_16bit=False, y_plus=0, y_minus=0, x=113, y=128),
                        Tile(mirror=False, invert=False, format=0, length=5, subtile_bytes=[
                            bytearray(b'E\x9b~\x83w\x8b\x9eg\xc6\x7f\xdf\x7f`??\x00|>LM\\[\xf8\xe7\xc0\xf8\x00\xe0\x80\xff@\x7f'),
                            bytearray(b'\xc0\xc0\x90\xf0p\xf8|\xf8\xe4\xf8\x9c\xe0\xe0\x00\x00\x00\x00@\x00\xc0\x00\x80\x00\x00\x00\x18\x00|\x00\xe0\x00\x00'),
                            None,
                            None,
                        ], is_16bit=False, y_plus=0, y_minus=0, x=129, y=128),
                    ]
                ),
                Mold(25, gridplane=False,
                    tiles=[
                        Tile(mirror=False, invert=False, format=0, length=6, subtile_bytes=[
                            None,
                            bytearray(b'\x00030\x148\x12=\x1c"\x10\x02\x08\x00\x15\x00\x000\x03\x02\x07#&/="\x1d\n\x0f\x00\x1f\x10'),
                            bytearray(b'\x00\x00\x00\x00\x01\x00\x03\x00\x07\x00\x0f\x01\x00\x1f\x16\x0f\x00\x00\x00\x00\x00\x00\x01\x01\x01\x01\x0b\n\x03\x12\x11\x19'),
                            bytearray(b'\x01\x04\x03\x08\x80\x08\x90A\xb4A\xe4\x80\xe5\x80\x7f\xc0\x1b\x047\x087\x08\xfe\xc1\xfe\xc1\xdf`\xdfA\xe0 '),
                        ], is_16bit=False, y_plus=0, y_minus=0, x=113, y=96),
                        Tile(mirror=False, invert=False, format=1, length=11, subtile_bytes=[
                            bytearray(b'\x00\x00\x01\x03#O.\r\x029@;\x18\x1f\xb0\x1f\x80\x00\xd0\x00\xbcD\xfe\x01\xfa4\xf86\xfcF\xf8\x0f'),
                            bytearray(b'\x00\x00\x00\x00\x80\x80\x00\xc0\x00\xe0 \xa0 \xe0\x84\xe4\x00\x00\x00\x00\x00\x00\x00\xc0\x00\xe0@\x80\x00\xc0\x80d'),
                            bytearray(b' ?\x06\x9f\x03\x832\x03\x04\x11\x80\x04\xff\x00\xff\x00\xf9\x07\x7f\x80{\x9c\xee-\xff\x7f\x7f\xff\x81\x81\x00\x00'),
                            bytearray(b"\'\xc4\'\xc4g\xe0\xe7\xe0\x07\xe0\xc2\x05\x86\x05\x8f\r\xe0$\xe0d\x84\x84\x07\x07\x07\xe7\xc3\x07\x83\x07\x80\x8d"),
                        ], is_16bit=False, y_plus=0, y_minus=0, x=129, y=96),
                        Tile(mirror=False, invert=False, format=0, length=4, subtile_bytes=[
                            None,
                            None,
                            bytearray(b'\x80\x80\xf0\x80\xf8\x88\xc8\xb0\xd8$\xfc\x02\x84~\xee>\x00\x80\x00\x80\x00\x888\xb8ddVVj~@~'),
                            None,
                        ], is_16bit=False, y_plus=0, y_minus=0, x=145, y=96),
                        Tile(mirror=False, invert=False, format=1, length=11, subtile_bytes=[
                            bytearray(b"=\x071\x11\' A\x01\x11\xe1a\xf1\xc1!+#;21. \x1fA~\x01~\x01\x1e\xd1>p~"),
                            bytearray(b'\x8e\xf1\x89\x7fJ?\xd3\xfe\xe3\xff\xc0\xff\xe0\xffp\xff\xcfn\x8f\x00\xcf\x91\xfe!\xff\x00\xff\x00\xff\x00\x7f\x00'),
                            bytearray(b'n#t7>><\x1c=\x1c^\x0f\x1e\xe5\x1e\xe54xx???>\x1f>\x1fo?\xa6\xfd\x1e\xe4'),
                            bytearray(b'8\xff\xbe\xff\x7f\x7f\x1f\x1f\x0f\x0fC\x83`\x800\xc3\x7f@\x7f@\x7f\x80\x1f\xe0\x0f\xf0\xc3\xbc@\xbf*_'),
                        ], is_16bit=False, y_plus=0, y_minus=0, x=369, y=112),
                        Tile(mirror=False, invert=False, format=1, length=11, subtile_bytes=[
                            bytearray(b'\x1f\xf8\x07\xfc\x07\xfc\x83\xfc\xc3|\x03\xfc\x03\xfc\x07\xfc\xfc\x04<\xe0\x1e\xb2\x1e\x92\x9eb\xfe\x02\xfe\x02\xfc\x00'),
                            bytearray(b'\x87\x0f\x85\x07\xa1\x03\x84@\xf00\xd88\xe8zHx\x80\x8f8?|~}}O\x7f\xc7\xff\x87\x9f\x07?'),
                            bytearray(b'\x07\xfc\x8e\xf9\x9f\xf9\xef\xb9\xf7\xd1\xc7\x81\xda\x05;\xb5\xfc\x00\x8cE\xccD\xc80\xd0h\x84|\x06\xff\xfe\xf7'),
                            bytearray(b'\x18x0p`\xe0\x80\xc0\x80\xc0\x00\xc0@\xc0@\xc0\x06~\x00p\x00`\x00@\x00@\x00\xc0\x00\xc0\x00\xc0'),
                        ], is_16bit=False, y_plus=0, y_minus=0, x=129, y=112),
                        Tile(mirror=False, invert=False, format=0, length=4, subtile_bytes=[
                            bytearray(b'\xee>\xfc\xcc\xfc\xdc\xf8\xf8\xf0\xf0\xc0\xc0\x00\x00\x00\x00@~\x10\x1c <\x008\x000\x00\xc0\x00\x00\x00\x00'),
                            None,
                            None,
                            None,
                        ], is_16bit=False, y_plus=0, y_minus=0, x=145, y=112),
                        Tile(mirror=False, invert=False, format=1, length=7, subtile_bytes=[
                            bytearray(b'\xf8\x03P#\x11\x00\x0f\x01\x19\x0f$?W\x7fq?\xfe\x06\x1d/\x7f~\x1c\x12\x10\x08\x008\x00`@?'),
                            bytearray(b'\xa8\xcf\x84\x03\x18\x03f\x81/\xc0\xaf\xc0`\xe0\xc0\x80<\\|\xf8\xe4\xfe^>1_0_\x18\xf8@\x80'),
                            None,
                            None,
                        ], is_16bit=False, y_plus=0, y_minus=0, x=113, y=128),
                        Tile(mirror=False, invert=False, format=0, length=5, subtile_bytes=[
                            bytearray(b'E\x9b~\x83w\x8b\x9eg\xc6\x7f\xdf\x7f`??\x00|>LM\\[\xf8\xe7\xc0\xf8\x00\xe0\x80\xff@\x7f'),
                            bytearray(b'\xc0\xc0\x90\xf0p\xf8|\xf8\xe4\xf8\x9c\xe0\xe0\x00\x00\x00\x00@\x00\xc0\x00\x80\x00\x00\x00\x18\x00|\x00\xe0\x00\x00'),
                            None,
                            None,
                        ], is_16bit=False, y_plus=0, y_minus=0, x=129, y=128),
                    ]
                ),
                Mold(26, gridplane=False,
                    tiles=[
                        Tile(mirror=False, invert=False, format=0, length=6, subtile_bytes=[
                            None,
                            bytearray(b'\x00030\x148\x12=\x1c"\x10\x02\x08\x00\x15\x00\x000\x03\x02\x07#&/="\x1d\n\x0f\x00\x1f\x10'),
                            bytearray(b'\x00\x00\x00\x00\x01\x00\x03\x00\x07\x00\x0f\x01\x00\x1f\x16\x0f\x00\x00\x00\x00\x00\x00\x01\x01\x01\x01\x0b\n\x03\x12\x11\x19'),
                            bytearray(b'\x01\x04\x03\x08\x80\x08\x90A\xb4A\xe4\x80\xe5\x80\x7f\xc0\x1b\x047\x087\x08\xfe\xc1\xfe\xc1\xdf`\xdfA\xe0 '),
                        ], is_16bit=False, y_plus=0, y_minus=0, x=113, y=96),
                        Tile(mirror=False, invert=False, format=0, length=7, subtile_bytes=[
                            bytearray(b'\x00\x00\x01\x03#O.\r\x029@;\x18\x1f\xb0\x1f\x80\x00\xd0\x00\xbcD\xfe\x01\xfa4\xf86\xfcF\xf8\x0f'),
                            bytearray(b'\x00\x00\x00\x00\x80\x80\x00\xc0\x00\xe0 \xa00\xf0\x9c\xf4\x00\x00\x00\x00\x00\x00\x00\xc0\x00\xe0@\x80\x00\xd0\x80t'),
                            bytearray(b' ?\x06\x9f\x03\x832\x03\x04\x11\x80\x04\xff\x00\xff\x00\xf9\x07\x7f\x80{\x9c\xee-\xff\x7f\x7f\xff\x81\x81\x00\x00'),
                            bytearray(b'?\xd4?\xc4\x7f\xe4\xfc\xeb\x16\xe9\xdf\x00\x94\x0b\xb7)\xe04\xf0t\x88\x8c\x03\x0b\x13\xf3\xda\x1a\x9b\x1b\x9a\xbb'),
                        ], is_16bit=False, y_plus=0, y_minus=0, x=129, y=96),
                        Tile(mirror=False, invert=False, format=0, length=4, subtile_bytes=[
                            None,
                            None,
                            bytearray(b'\xc0@\xc0@\xc0@\x80@\xe0\x10\xa0p0\xf0p\xf0\x00@\x00@\x80\xc0\xc0\xc000\xd0\xf0@\xf0\x00\xf0'),
                            None,
                        ], is_16bit=False, y_plus=0, y_minus=0, x=145, y=96),
                        Tile(mirror=False, invert=False, format=1, length=11, subtile_bytes=[
                            bytearray(b"=\x071\x11\' A\x01\x11\xe1a\xf1\xc1!+#;21. \x1fA~\x01~\x01\x1e\xd1>p~"),
                            bytearray(b'\x8e\xf1\x89\x7fJ?\xd3\xfe\xe3\xff\xc0\xff\xe0\xffp\xff\xcfn\x8f\x00\xcf\x91\xfe!\xff\x00\xff\x00\xff\x00\x7f\x00'),
                            bytearray(b'n#t7>><\x1c=\x1c^\x0f\x1e\xe5\x1e\xe54xx???>\x1f>\x1fo?\xa6\xfd\x1e\xe4'),
                            bytearray(b'8\xff\xbe\xff\x7f\x7f\x1f\x1f\x0f\x0fC\x83`\x800\xc3\x7f@\x7f@\x7f\x80\x1f\xe0\x0f\xf0\xc3\xbc@\xbf*_'),
                        ], is_16bit=False, y_plus=0, y_minus=0, x=369, y=112),
                        Tile(mirror=False, invert=False, format=1, length=11, subtile_bytes=[
                            bytearray(b'\x1f\xf8\x07\xfc\x07\xfc\x83\xfc\xc3|\x03\xfc\x03\xfc\x07\xfc\xfc\x04<\xe0\x1e\xb2\x1e\x92\x9eb\xfe\x02\xfe\x02\xfc\x00'),
                            bytearray(b'\xbf(\x8f\x0f\xc7\x07\x8f\x07\xe1a\xb1q\xd0t\x90\xf0\x81\xa9p|x|xx\x1e\x7f\x8e\xff\x8e\xbe\x0e~'),
                            bytearray(b'\x07\xfc\x8e\xf9\x9f\xf9\xef\xb9\xf7\xd1\xc7\x81\xda\x05;\xb5\xfc\x00\x8cE\xccD\xc80\xd0h\x84|\x06\xff\xfe\xf7'),
                            bytearray(b'0\xf0`\xe0@\xc0\x80\xc0\x80\xc0\x00\xc0@\xc0@\xc0\x0c\xfc\x00\xe0\x00@\x00@\x00@\x00\xc0\x00\xc0\x00\xc0'),
                        ], is_16bit=False, y_plus=0, y_minus=0, x=129, y=112),
                        Tile(mirror=False, invert=False, format=1, length=5, subtile_bytes=[
                            bytearray(b'\xb0\xf0\xf00\xe0`\xc0\xc0\x80\x80\x00\x00\x00\x00\x00\x00\x00\xf0@p\x80\xe0\x00\xc0\x00\x80\x00\x00\x00\x00\x00\x00'),
                            None,
                            None,
                            None,
                        ], is_16bit=False, y_plus=0, y_minus=0, x=145, y=112),
                        Tile(mirror=False, invert=False, format=1, length=7, subtile_bytes=[
                            bytearray(b'\xf8\x03P#\x11\x00\x0f\x01\x19\x0f$?W\x7fq?\xfe\x06\x1d/\x7f~\x1c\x12\x10\x08\x008\x00`@?'),
                            bytearray(b'\xa8\xcf\x84\x03\x18\x03f\x81/\xc0\xaf\xc0`\xe0\xc0\x80<\\|\xf8\xe4\xfe^>1_0_\x18\xf8@\x80'),
                            None,
                            None,
                        ], is_16bit=False, y_plus=0, y_minus=0, x=113, y=128),
                        Tile(mirror=False, invert=False, format=0, length=5, subtile_bytes=[
                            bytearray(b'E\x9b~\x83w\x8b\x9eg\xc6\x7f\xdf\x7f`??\x00|>LM\\[\xf8\xe7\xc0\xf8\x00\xe0\x80\xff@\x7f'),
                            bytearray(b'\xc0\xc0\x90\xf0p\xf8|\xf8\xe4\xf8\x9c\xe0\xe0\x00\x00\x00\x00@\x00\xc0\x00\x80\x00\x00\x00\x18\x00|\x00\xe0\x00\x00'),
                            None,
                            None,
                        ], is_16bit=False, y_plus=0, y_minus=0, x=129, y=128),
                    ]
                ),
                Mold(27, gridplane=False,
                    tiles=[
                        Tile(mirror=False, invert=False, format=0, length=6, subtile_bytes=[
                            None,
                            bytearray(b'\x00030\x148\x12=\x1c"\x10\x02\x08\x00\x15\x00\x000\x03\x02\x07#&/="\x1d\n\x0f\x00\x1f\x10'),
                            bytearray(b'\x00\x00\x00\x00\x01\x00\x03\x00\x07\x00\x0f\x01\x00\x1f\x16\x0f\x00\x00\x00\x00\x00\x00\x01\x01\x01\x01\x0b\n\x03\x12\x11\x19'),
                            bytearray(b'\x01\x04\x03\x08\x80\x08\x90A\xb4A\xe4\x80\xe5\x80\x7f\xc0\x1b\x047\x087\x08\xfe\xc1\xfe\xc1\xdf`\xdfA\xe0 '),
                        ], is_16bit=False, y_plus=0, y_minus=0, x=113, y=96),
                        Tile(mirror=False, invert=False, format=0, length=7, subtile_bytes=[
                            bytearray(b'\x00\x00\x01\x03#O.\r\x029@;\x18\x1f\xb0\x1f\x80\x00\xd0\x00\xbcD\xfe\x01\xfa4\xf86\xfcF\xf8\x0f'),
                            bytearray(b'\x00\x00\x00\x00\x80\x80\x00\xc0\x00\xe0 \xa0 \xe0\x80\xe0\x00\x00\x00\x00\x00\x00\x00\xc0\x00\xe0@\x80\x00\xc0\x80`'),
                            bytearray(b' ?\x06\x9f\x03\x832\x03\x04\x11\x80\x04\xff\x00\xff\x00\xf9\x07\x7f\x80{\x9c\xee-\xff\x7f\x7f\xff\x81\x81\x00\x00'),
                            bytearray(b' \xc0 \xc0a\xe0\xe3\xe3\t\xef\xc3\x0f\x84\x07\xa3\x03\xe0 \xe0`\x81\x81\x00\x03\x00\xef\xc0\x0f\xb8?\xfc\xfe'),
                        ], is_16bit=False, y_plus=0, y_minus=0, x=129, y=96),
                        Tile(mirror=False, invert=False, format=0, length=4, subtile_bytes=[
                            None,
                            None,
                            bytearray(b'\x00\x00p\x00\xfc\x00\xfe\x00\xb8F\xaf\xd0\xee\x91\xf2\x9d\x00\x00\x00\x00\x10\x10\xe0\xe0^^Q\xd15\xb5G_'),
                            None,
                        ], is_16bit=False, y_plus=0, y_minus=0, x=145, y=96),
                        Tile(mirror=False, invert=False, format=1, length=11, subtile_bytes=[
                            bytearray(b"=\x071\x11\' A\x01\x11\xe1a\xf1\xc1!+#;21. \x1fA~\x01~\x01\x1e\xd1>p~"),
                            bytearray(b'\x8e\xf1\x89\x7fJ?\xd3\xfe\xe3\xff\xc0\xff\xe0\xffp\xff\xcfn\x8f\x00\xcf\x91\xfe!\xff\x00\xff\x00\xff\x00\x7f\x00'),
                            bytearray(b'n#t7>><\x1c=\x1c^\x0f\x1e\xe5\x1e\xe54xx???>\x1f>\x1fo?\xa6\xfd\x1e\xe4'),
                            bytearray(b'8\xff\xbe\xff\x7f\x7f\x1f\x1f\x0f\x0fC\x83`\x800\xc3\x7f@\x7f@\x7f\x80\x1f\xe0\x0f\xf0\xc3\xbc@\xbf*_'),
                        ], is_16bit=False, y_plus=0, y_minus=0, x=369, y=112),
                        Tile(mirror=False, invert=False, format=1, length=11, subtile_bytes=[
                            bytearray(b'\x1f\xf8\x07\xfc\x07\xfc\x83\xfc\xc3|\x03\xfc\x03\xfc\x07\xfc\xfc\x04<\xe0\x1e\xb2\x1e\x92\x9eb\xfe\x02\xfe\x02\xfc\x00'),
                            bytearray(b'\x85A\xf00\xd88\xe8z\xc8x\x98x\xb0p\xe0`\xfe\xfeO\x7fG\x7f\x07\x1f\x07?\x86\xfe\x80\xf0\x80\xe0'),
                            bytearray(b'\x07\xfc\x8e\xf9\x9f\xf9\xef\xb9\xf7\xd1\xc7\x81\xda\x05;\xb5\xfc\x00\x8cE\xccD\xc80\xd0h\x84|\x06\xff\xfe\xf7'),
                            bytearray(b'\x80\x80\x00\x00\x00\x80\x80\xc0\x80\xc0\x00\xc0@\xc0@\xc0\x00\x80\x00\x00\x00\x00\x00@\x00@\x00\xc0\x00\xc0\x00\xc0'),
                        ], is_16bit=False, y_plus=0, y_minus=0, x=129, y=112),
                        Tile(mirror=False, invert=False, format=1, length=5, subtile_bytes=[
                            bytearray(b'\xae\xdf\xfe\x9e\xfc\xfc\xf0\xf0\x00\x00\x00\x00\x00\x00\x00\x00\x01_`~\x00\xfc\x00\xf0\x00\x00\x00\x00\x00\x00\x00\x00'),
                            None,
                            None,
                            None,
                        ], is_16bit=False, y_plus=0, y_minus=0, x=145, y=112),
                        Tile(mirror=False, invert=False, format=0, length=5, subtile_bytes=[
                            bytearray(b'\xf8\x03P#\x11\x00\x0f\x01\x19\x0f$?W\x7f1?\xfe\x06\x1d/\x7f~\x1c\x12\x10\x08\x008\x00`\x00?'),
                            bytearray(b'\xa8\xcf\x84\x03\x18\x03f\x81/\xc0\xaf\xc0`\xe0\xc0\x80<\\|\xf8\xe4\xfe^>1_0_\x18\xf8@\x80'),
                            None,
                            None,
                        ], is_16bit=False, y_plus=0, y_minus=0, x=113, y=128),
                        Tile(mirror=False, invert=False, format=0, length=5, subtile_bytes=[
                            bytearray(b'E\x9b~\x83w\x8b\x9eg\xc6\x7f\xdf\x7f`??\x00|>LM\\[\xf8\xe7\xc0\xf8\x00\xe0\x80\xff@\x7f'),
                            bytearray(b'\xc0\xc0\x90\xf0p\xf8|\xf8\xe4\xf8\x9c\xe0\xe0\x00\x00\x00\x00@\x00\xc0\x00\x80\x00\x00\x00\x18\x00|\x00\xe0\x00\x00'),
                            None,
                            None,
                        ], is_16bit=False, y_plus=0, y_minus=0, x=129, y=128),
                    ]
                ),
                Mold(28, gridplane=False,
                    tiles=[
                        Tile(mirror=True, invert=False, format=0, length=5, subtile_bytes=[
                            bytearray(b"\x15\xf3!\xc0\x18\xc0a\x87\xf1\x07\xf2\x07\r\x0f\x07\x03<:>\x1f\'\x7f||\x88\xfc\x08\xfc\x00\x0e\x04\x03"),
                            bytearray(b'\x1f\xc0\x08\xc0\x88\x00\xf0\x800\xe0H\xf8\xd4\xfc\x1c\xf8\x7f`\xb8\xf0\xf8x0\xc0\x10 \x008\x00\x0c\x04\xf8'),
                            None,
                            None,
                        ], is_16bit=False, y_plus=0, y_minus=0, x=112, y=128),
                        Tile(mirror=True, invert=False, format=1, length=7, subtile_bytes=[
                            bytearray(b'\x07\x07\x12\x1f\x1d?|?N?s\x0f\x0e\x01\x01\x00\x00\x04\x00\x07\x00\x03\x00\x01\x000\x00|\x00\x0f\x00\x01'),
                            bytearray(b'b\xd9\xfe\xc1\xae\xd1\xf9\xc6\xc7\xfe\xf7\xfc\x0f\xf8\xf8\x00>\xfc2r:\xda?\xc7\x03?\x02\r\x00\xff\x00\xf8'),
                            None,
                            None,
                        ], is_16bit=False, y_plus=0, y_minus=0, x=128, y=128),
                        Tile(mirror=True, invert=False, format=0, length=7, subtile_bytes=[
                            bytearray(b'q\x8f\x91\xfeR\xfc\xcb\x7f\xc7\xff\x03\xff\x07\xff\x0e\xff\xf3v\xf1\x00\xf3\x89\x7f\x84\xff\x00\xff\x00\xff\x00\xfe\x00'),
                            bytearray(b'\xbc\xe0\x8c\x88\xe4\x04\x82\x80\x88\x87\x86\x8f\x83\x84\xd4\xc4\xdcL\x8ct\x04\xf8\x82~\x80~\x80x\x8b|\x0e~'),
                            bytearray(b'\x1c\xff}\xff\xfe\xfe\xf8\xf8\xf0\xf0\xc2\xc1\x06\x01\x0c\xc3\xfe\x02\xfe\x02\xfe\x01\xf8\x07\xf0\x0f\xc3=\x02\xfdT\xfa'),
                            bytearray(b"v\xc4.\xec||<8\xbc8z\xf0x\xa7x\xa7,\x1e\x1e\xfc\xfc\xfc|\xf8|\xf8\xf6\xfce\xbfx\'"),
                        ], is_16bit=False, y_plus=0, y_minus=0, x=112, y=112),
                        Tile(mirror=True, invert=False, format=0, length=7, subtile_bytes=[
                            bytearray(b'\x01\x02\x03\x00\x01\x06\x11\x1e%>^?\\?!_\x03\x03\x02\x02\x00\x06\x00\x1e\x002\x00a@cP\x7f'),
                            bytearray(b'\xf8\x1f\xe0?\xe0?\xc1?\xc3>\xc0?\xc0?\xe0?? <\x07xMxIyF\x7f@\x7f@?\x00'),
                            bytearray(b'2l\x02q]#c\x07\x03\x07\x01\x07\x04\x07\x05\x07o}<\x7ft,`$\x00\x04\x00\x06\x00\x07\x00\x07'),
                            bytearray(b'\xe0?q\x9fy\x9fw\x9d\xef\x8b\xe3\x81[\xa0\xdc\xad?\x001"3"\x13\x0c\x0b\x16!>`\xff\x7f\xef'),
                        ], is_16bit=False, y_plus=0, y_minus=0, x=128, y=112),
                        Tile(mirror=True, invert=False, format=0, length=6, subtile_bytes=[
                            bytearray(b'\x00\x0c\xcc\x0c(\x1cH\xbc8D\x08@\x10\x00\xa8\x00\x00\x0c\xc0@\xe0\xc4d\xf4\xbcD\xb8P\xf0\x00\xf8\x08'),
                            None,
                            bytearray(b"\x80 \xc0\x10\x01\x10\t\x82-\x82\'\x01\xa7\x01\xfe\x03\xd8 \xec\x10\xec\x10\x7f\x83\x7f\x83\xfb\x06\xfb\x82\x07\x04"),
                            bytearray(b'\x00\x00\x00\x00\x80\x00\xc0\x00\xe0\x00\xf0\x80\x00\xf8h\xf0\x00\x00\x00\x00\x00\x00\x80\x80\x80\x80\xd0P\xc0H\x88\x98'),
                        ], is_16bit=False, y_plus=0, y_minus=0, x=112, y=96),
                        Tile(mirror=True, invert=False, format=0, length=7, subtile_bytes=[
                            bytearray(b'\x00\x00\x00\x00\x01\x01\x00\x03\x00\x07\x04\x05\x04\x07\x01\x07\x00\x00\x00\x00\x00\x00\x00\x03\x00\x07\x02\x01\x00\x03\x01\x06'),
                            bytearray(b'\x00\x00\x80\xc0\xc4\xf2t\xb0@\x9c\x02\xdc\x18\xf8\r\xf8\x01\x00\x0b\x00="\x7f\x80_,\x1fl?b\x1f\xf0'),
                            bytearray(b'\x04\x03\x04\x03\x06\x07\x07\x07\x00\x07\x03\x00\x01\x00\x01\x00\x07\x04\x07\x06\x01\x01\x00\x00\x00\x07\x03\x00\x01\x00\x01\x01'),
                            bytearray(b'\x04\xfc`\xf9\xc0\xc1L\xc0 \x88\x01 \xff\x00\xff\x00\x9f\xe0\xfe\x01\xde9w\xb4\xff\xfe\xfe\xff\x81\x81\x00\x00'),
                        ], is_16bit=False, y_plus=0, y_minus=0, x=128, y=96),
                    ]
                ),
                Mold(29, gridplane=False,
                    tiles=[
                        Tile(mirror=False, invert=False, format=1, length=11, subtile_bytes=[
                            bytearray(b'\x01\x01\x00\x03\x00\x03\x00\x03\x00\x01\x00\x01\x03\x03\x01\x01\x00\x00\x00\x02\x00\x02\x00\x02\x02\x00\x02\x01\x03\x00\x03\x00'),
                            bytearray(b'\x00\x00\x81\x02\x83\x04J\x84\xc9\xc0%\xe1\xc6\xfe\xe2|\x03\x00\x8d\x02\x9b\x04[\x85>\x03=B\xfe\x01\xff\x00'),
                            bytearray(b"\x04\x00\x03\x04\x0e\x00\x0e\x01\x18\x07\x19\';&)w\x03\x04\x04\x00\x03\x0b\t\x01\x10\x04\x10$\x11\x04\x14V"),
                            bytearray(b'\xbd\\\xa3Q\xbdC\xe6P~\xc1\x1f\xe3G\xf8\xee\xfb\xff\x00o\x11C\x03X\x19I\x88\x03\xe0\x03\xb8\x00\x11'),
                        ], is_16bit=False, y_plus=0, y_minus=0, x=113, y=97),
                        Tile(mirror=False, invert=False, format=0, length=7, subtile_bytes=[
                            bytearray(b'@\x00\x82\x04\xe2\x04\x92\x04j\x14N7\x8aw\x12\xef\xc0\x00\x02\x84\xe2\x04\xf2$\xee\x06\x87i\x8fP\x1e\r'),
                            bytearray(b'\x00\x00\x00\x00\x00\x00\x00\x00\xc00\x80\xf0\x00\xe0 \xc0\x00\x00\x00\x00\x00\x00\x00\x00\xc0 \x00P  `\xc0'),
                            bytearray(b'\x1f\xf3\xfa\x14\x1a%\xf7h\xef\xf0\x7f0\xfc#\xfe\x807\xbc\xf6?\xe5\xfdy\xfd\xf0|2\xfe\xb3\x7fC9'),
                            bytearray(b'\xc0\x00\x10\x10\xc8\xc0`f\x82\x04\x8c`\xe4\x18\x94\xe8\x80pP\xe0\xc80`\x98\x82\xfc\xe4\xf8\xf8\xfc\xfc\xf8'),
                        ], is_16bit=False, y_plus=0, y_minus=0, x=129, y=97),
                        Tile(mirror=False, invert=False, format=1, length=11, subtile_bytes=[
                            bytearray(b'^a\xbdB\xfe\x00\x7f\x86\x8e\xf3w\xf8\xc4\xff\x93\xff\x16\x15\xe2c\xd7W\x19\xf0\x04\x19\x07\x88\x00\xbf\x00\xf4'),
                            bytearray(b"4\xcb\xee\x01/@\xef\x00\xe7\xf8_\xe1\xdc\x07\xff\x03\n\xdb\xfa;\xf0A\xfbJ\x05\x1a\x1e\xa1\xf8\'\xfc\x03"),
                            bytearray(b'\x9fw\\\xa3\x0eC\x0b\x0f0\x1f\x94o=\xc3\x7f\x01\xa0\xb4\xb4\xb3LK0<`\\\xf8\xf8\xe8\xe8\x12S'),
                            bytearray(b'\xee\x83q\x80\xf0\x00=\xe1\x9d\xe1\x9d\xe1?\xef\xff\xff|\x93\x7f\x8e\xff\x0f\x1f\xe3\x1fc\x1fc\x1f\xef\x7f\xff'),
                        ], is_16bit=False, y_plus=0, y_minus=0, x=113, y=113),
                        Tile(mirror=False, invert=False, format=1, length=11, subtile_bytes=[
                            bytearray(b'\xdd\xa29\x8f\xee\x0f\xf6\xcf\xf7\x1f\xf3\xdf[\x9f\xc8\x17n7@\xffp\x990\xc9\xe0\x18 \xd8`\xb0\xe8;'),
                            bytearray(b'B\xfcTH\xd4\xc8\xcc\xd0\xd4\x88P\xc8X\x80x\x80\xfe\xfe\xfe\xfax\xfc|\xf8|\xac8\xe8x\xa0\xb8\xc0'),
                            bytearray(b'\xde\xa1\xff\x00M?<\x7f\xcc\xbf\xc9\xbe\xc3\xfc\xef\xd05\xf5\x9eo\xe2\xa3@C\x81\x93\x83\xb6\xd4\xdf\xe7\xf1'),
                            bytearray(b'\xf0\x00\xb0\x80 \x00\xe0\x00\xe0\x00p\x00p\x000\x000\xc0p\xc0\xe0\xc0`\x80`\x80\xf0\x80\xf0\x80\xf0\xc0'),
                        ], is_16bit=False, y_plus=0, y_minus=0, x=129, y=113),
                        Tile(mirror=False, invert=False, format=0, length=5, subtile_bytes=[
                            bytearray(b"\x1d#\x03\x07\x00\x00\x00\x00\x00\x00\x00\x00\x00\x00\x00\x00\'7\x07\x07\x00\x00\x00\x00\x00\x00\x00\x00\x00\x00\x00\x00"),
                            bytearray(b'\xff\xff\x03\x03\x00\x00\x00\x00\x00\x00\x00\x00\x00\x00\x00\x00\xff\xff\x03\x03\x00\x00\x00\x00\x00\x00\x00\x00\x00\x00\x00\x00'),
                            None,
                            None,
                        ], is_16bit=False, y_plus=0, y_minus=0, x=113, y=129),
                        Tile(mirror=False, invert=False, format=0, length=5, subtile_bytes=[
                            bytearray(b'\xde\xe4\xf4\xfc\xe4\xdewI.\x11\x15"\x00\x00\x00\x00\xdb\xff\xc3\xcf\xcb\xcfXY\x13\x1b"3\x00\x00\x00\x00'),
                            bytearray(b'0\x000\x00 \x00\x00 \xa0@ @\x00\x00\x00\x00\xf0\xc0\xf0\xc0\xf0\xd0\xf0\xf0\xc0\xe0@`\x00\x00\x00\x00'),
                            None,
                            None,
                        ], is_16bit=False, y_plus=0, y_minus=0, x=129, y=129),
                    ]
                ),
            ],
            sequences=[
                AnimationSequence(
                    frames=[
                        AnimationSequenceFrame(duration=2, mold_id=0),
                    ]
                ),
                AnimationSequence(
                    frames=[
                        AnimationSequenceFrame(duration=4, mold_id=1),
                        AnimationSequenceFrame(duration=4, mold_id=2),
                        AnimationSequenceFrame(duration=4, mold_id=3),
                        AnimationSequenceFrame(duration=2, mold_id=4),
                        AnimationSequenceFrame(duration=2, mold_id=5),
                        AnimationSequenceFrame(duration=4, mold_id=4),
                    ]
                ),
                AnimationSequence(
                    frames=[
                        AnimationSequenceFrame(duration=2, mold_id=6),
                    ]
                ),
                AnimationSequence(
                    frames=[
                        AnimationSequenceFrame(duration=2, mold_id=7),
                    ]
                ),
                AnimationSequence(
                    frames=[
                        AnimationSequenceFrame(duration=2, mold_id=8),
                    ]
                ),
                AnimationSequence(
                    frames=[
                        AnimationSequenceFrame(duration=2, mold_id=9),
                    ]
                ),
                AnimationSequence(
                    frames=[
                        AnimationSequenceFrame(duration=2, mold_id=10),
                    ]
                ),
                AnimationSequence(
                    frames=[
                        AnimationSequenceFrame(duration=8, mold_id=11),
                        AnimationSequenceFrame(duration=8, mold_id=12),
                        AnimationSequenceFrame(duration=8, mold_id=13),
                        AnimationSequenceFrame(duration=8, mold_id=12),
                    ]
                ),
                AnimationSequence(
                    frames=[
                        AnimationSequenceFrame(duration=8, mold_id=14),
                        AnimationSequenceFrame(duration=8, mold_id=15),
                        AnimationSequenceFrame(duration=8, mold_id=16),
                        AnimationSequenceFrame(duration=8, mold_id=17),
                    ]
                ),
                AnimationSequence(
                    frames=[
                        AnimationSequenceFrame(duration=8, mold_id=24),
                        AnimationSequenceFrame(duration=8, mold_id=25),
                        AnimationSequenceFrame(duration=8, mold_id=24),
                        AnimationSequenceFrame(duration=8, mold_id=26),
                    ]
                ),
                AnimationSequence(
                    frames=[
                        AnimationSequenceFrame(duration=8, mold_id=27),
                    ]
                ),
                AnimationSequence(
                    frames=[
                        AnimationSequenceFrame(duration=8, mold_id=28),
                    ]
                ),
                AnimationSequence(
                    frames=[
                    ]
                ),
                AnimationSequence(
                    frames=[
                    ]
                ),
                AnimationSequence(
                    frames=[
                    ]
                ),
                AnimationSequence(
                    frames=[
                        AnimationSequenceFrame(duration=2, mold_id=11),
                    ]
                ),
            ]
        )
    ),
    palette_id=SPAL669_BOWSER_CLAW_ATTACK,
    palette_offset=0,
    unknown_num=0
)