# SPR0972_BOWSER_SURPRISE

from smrpgpatchbuilder.datatypes.graphics.classes import CompleteSprite, AnimationPack, AnimationPackProperties, AnimationSequence, AnimationSequenceFrame, Mold, Tile, Clone
from randomizer.data.variables.sprite_palette_names import SPAL664_BOWSER_WALKING_DOWN_LEFT
sprite = CompleteSprite(
    animation=AnimationPack(3, length=1268, unknown=0x0002,
        properties=AnimationPackProperties(vram_size=2048,
            molds=[
                Mold(0, gridplane=False,
                    tiles=[
                        Tile(mirror=False, invert=False, format=1, length=7, subtile_bytes=[
                            bytearray(b'\xfc\x02\xfc\x02\xf8\x04\xf9\x04\xf0\x08\x00\x00\x00\x00\x00\x00\xfd\x03\xfd\x03\xfb\x07\xfb\x06\xf0\x08\xc0\xc0\xf0\xf0\x00\x00'),
                            bytearray(b'@\x00\x80\x00\x00\x00\x00\x00\x00\x00\x00\x00\x00\x00\x00\x00\xc0\x80\x80\x00\x00\x00\x00\x00\x00\x00\x00\x00\x00\x00\x00\x00'),
                            None,
                            None,
                        ], is_16bit=False, y_plus=0, y_minus=0, x=128, y=128),
                        Tile(mirror=False, invert=False, format=1, length=7, subtile_bytes=[
                            bytearray(b'\x1f\x00\x1f\x00\x07\x00\x00\x00\x00\x00\x00\x00\x00\x00\x00\x00\x1f\x00\x1f\x00\x07\x00\x00\x00\x00\x00\x00\x00\x00\x00\x00\x00'),
                            bytearray(b'\xb3@\x83@\x81@\x01\x00\x00\x00\x00\x00\x00\x00\x00\x00\x81r\x81B\x81@\x01\x00\x0f\x0f\xff\xff\x7f\x7f\x1f\x1f'),
                            None,
                            None,
                        ], is_16bit=False, y_plus=0, y_minus=0, x=112, y=128),
                        Tile(mirror=False, invert=False, format=1, length=11, subtile_bytes=[
                            bytearray(b'\xd3`\xf1UD\x85\x07\x87\x0f0\x8fp\x87x\x87x\x9f,\xbf\x1f\x7f\xbf\xff\xff\xce\xf1\x8e1\x07\x18\x07\x18'),
                            bytearray(b'\xe8`\xa8\xe0\xe8\xf0\xd0\xa8\xe4\x18\xe6\x18\xf7\x08\xf6\x08\xf8p\xe8\xf8\xf0\xf8\xb8\xf8\x1c\xf8\x1e\xf8\t\xfe\n\xfc'),
                            bytearray(b'\x07\xf8\x0f\xf0?\xc0o\x90k\x94\xfb\x04\xf0\x0e\xfc\x02\x07\x18\x0f0_@\xd7\xd0\xd6\xd5\xfe\r\xfd\x0f\xfd\x03'),
                            bytearray(b'\xf4\x08\xf4\x08\xe0\x18\xe8\x10\xe0\x10\xd8 D 8\x00\x0c\xf8\x0c\xf8\x18\xf8\x18\xf0\x10\xf0(\xf0\xbc\xf8\xf8\xc0'),
                        ], is_16bit=False, y_plus=0, y_minus=0, x=128, y=112),
                        Tile(mirror=False, invert=False, format=1, length=11, subtile_bytes=[
                            bytearray(b'\x01\x00\x19\x03\x01\x03\x00\x01\x01\x00\x01\x00\x07\x00\x0f\x0e\x01\x00\x08\n\x00\x02\x00\x01\x01\x00\x01\x00\x07\x00\x01\x00'),
                            bytearray(b'\xc9\x00h\xd0n\xf99\xff\xc3<O\xf0\x7f\xf0\xbf\xce\xffH/\x18\x06\x01\x00\xc6\xe7<\x89\x96\x00\x80\x00\x00'),
                            bytearray(b'o\x13\xafP\xa5Z\xbeA~\x01\x7f\x00?\x00?\x00tt\xd3\xd0]^~A~\x01\x7f\x00?\x00?\x00'),
                            bytearray(b'\xff\xa0^\xbd\xc0?\xf9>M\xbea\x9e?\xc0\xbf@\x00\x00\x00\x80\x81\x01\xc0\x00B\xb2c\x9f9\xc6\x81~'),
                        ], is_16bit=False, y_plus=0, y_minus=0, x=112, y=112),
                        Tile(mirror=False, invert=False, format=1, length=11, subtile_bytes=[
                            bytearray(b'\x00\x00\xcc\x00\x03\x00\x18\x00\xf1\xc0\xa2\x81\x04\x03\xf0\x01\x00\x00\xdc\x00\xff\x00\xe6\x1e\xfe\x0c\xbfA\xfd\x03\xbf\xa3'),
                            bytearray(b'\x00\x00"\x00&\x10$Z\xf0>\xb3|\x93\xfc\x88~\x00\x00\x00\x00\x12\x12&fBB\x80\x80\x83\x83\x82\xc6'),
                            bytearray(b'\xf8U\xff\x01\xd75\x9fQ\xe7\x19\xb5{5;\x087[W\xa796\xcc\xd6h\xee\x18\xc4\xca\xcc\xca\xd0\xff'),
                            bytearray(b'\x04\xfct\xac\xfc\xfc\xd8\xe0\x90\xe0\xb6\xcc4\xc8,\xd0\xfc\xfc\xbc\xbc||\x18 \x10`2@4\xc8<\xd0'),
                        ], is_16bit=False, y_plus=0, y_minus=0, x=128, y=96),
                        Tile(mirror=False, invert=False, format=1, length=11, subtile_bytes=[
                            bytearray(b'\x12\t\x0e\x05\x03?7\x0f\x05\x1e\x00\x0f\x01\x1e\x07\x1b\t\t\x01\x01  \x00\x00\x00\x00\x07\x07\x1f\x1f\x1f\x1f'),
                            bytearray(b'\x04\x08\x04\x18\x00\x1c\xa1\x04 \x87\x14\xc7\x1b\xff\x13\xfc\x04\x00\x04\x00\x00\x149\x04\xbf\x84\xdf\xc0\xc7\xe4\x00\xef'),
                            bytearray(b'\x0c\x1fl\x0b\x06\x01\x06\x01\x03\x00\x01\x00\x01\x00\xc0\x00\x1c\x1f,+\x06\x01\x06\x01\x03\x00\x01\x00\x01\x00@@'),
                            bytearray(b'%\xfe\xae\xff|\xff\x89~\x92\x0c\x03\x04\x00\x00&\x00\x01\x1a\x00\x01\x01\x83\xe1\xf6\xff\xed\xfe\xff\xff\xff\xff\xc1'),
                        ], is_16bit=False, y_plus=0, y_minus=0, x=112, y=96),
                    ]
                ),
                Mold(1, gridplane=False,
                    tiles=[
                        Tile(mirror=False, invert=False, format=1, length=7, subtile_bytes=[
                            bytearray(b'\xbe\xff\xa4\xff\xc7\xffL\x7f\x7f;?0\x0f\x00\x00\x00\x00\x01\x00\x1b\x00>\x00\x7fD;\x0f0\x00\x0f\x00\x00'),
                            bytearray(b'\x15\xfb\xd9\xff\xbc\xfb{\xe0\xc7\x00\x1f\x00\xf0\x00\x00\x00f\xea\x04&\x07{\x1c\xe7\xf8?\xe0\xff\x00\xf0\x00\x00'),
                            None,
                            None,
                        ], is_16bit=False, y_plus=0, y_minus=0, x=104, y=132),
                        Tile(mirror=False, invert=False, format=1, length=5, subtile_bytes=[
                            bytearray(b'\x7f\x06\x7f\x04\x7f\x00\xff\x00\xde\x00\x00\x00\x00\x00\x00\x00\x99\xe6\x9b\xe4\x8f\xf0\x07\xf8\x00\xde\x00\x00\x00\x00\x00\x00'),
                            None,
                            None,
                            None,
                        ], is_16bit=False, y_plus=0, y_minus=0, x=136, y=124),
                        Tile(mirror=False, invert=False, format=1, length=11, subtile_bytes=[
                            bytearray(b'w\x89`\x98\xc4\x18\xfc\xbc||\x98\x98\x85\x99o\xd0C<.\xdf\xbb\x7f\xbf\xff\xfc\xff\xf8\xff\xfd\xfe\xd8\xf8'),
                            bytearray(b'\x8c\x80\x1c\x00\x18\x00<\x04?\x00\x7f\x00\xfc\x00\xfc\x00\x87w\x17\xf3\x07\xe7/\xef\x00\xcf@\xdf\x80\x9c8\x04'),
                            bytearray(b"o\x90\x7f\x80\xff\x00\xf0\x0f\xd9\'\xe7\x1f\xff\x00\x1f\x00\x18\xf8\x85\xfd\x00\xff\x01\xff(\xef\x18\xff\x07\xf4\x00\x1f"),
                            bytearray(b'\xf6<\xe2<\x82|F\xbc\x1c\xf8\x98\xe0\xb0@\xc0\x00@~\xc0\xbe@\xfe\xe0\xfe\xe0\xfc`\xf8\xc0p\x00\xc0'),
                        ], is_16bit=False, y_plus=0, y_minus=0, x=120, y=124),
                        Tile(mirror=False, invert=False, format=1, length=9, subtile_bytes=[
                            bytearray(b'\x00\x00\x00\x00\x04\x08\x00\x0c\x02\x0f\t\x0e\x0b\x07\x05\x02\x00\x00\x00\x00\x04\x04\x00\x00\x00\x00\x01\x01\x08\x08\x05\x07'),
                            None,
                            bytearray(b'\x07\x01\x12\x01\x02\x01\x08\x03\x17\t\x07?\x18\x7f~\xff\x1f\x02\x1f\x00\x0f\x00\x0f\x02\x1f\x10\x0f0\x03d\x00\x81'),
                            bytearray(b'\x0c\xff\x0c\xffL\xf3a\xc0\xcf\x80^\x068\xfe1\xfc\xfe\x02\xfc\x02\xff\x03\xfe\x01\xfe\x01~\x87\xfe\x01\xfd\x02'),
                        ], is_16bit=False, y_plus=0, y_minus=0, x=104, y=116),
                        Tile(mirror=False, invert=False, format=1, length=9, subtile_bytes=[
                            bytearray(b'\x00\x00\x00\x00\x80\x00 \x00\xf8\x80>\xe1\x15\xee\x13\xfc\x00\x00\x00\x00\x80\x00\xc0\xe0\x80x\xe6\x19\xf1\x18\xf3\x00'),
                            None,
                            bytearray(b'\x13\xff\x07\xf0\x07\xfc/\xf4\x17\xe4\xe7\xe4\xc7\xc0\xc6\xc8\xf8\x0f\xf7\x0b\xcfO\xc6^\xde.\xee\x1e\xcd=\xcb;'),
                            bytearray(b'\xe0\xe08\xf8\xb0x\xe4<\xf4<\xfa\x1e\xbb\x0e\x7f\x0e\x00\xe0\x00\xc8\x80\xc8@|@|\xe0\xdeq\xce\xb1\xce'),
                        ], is_16bit=False, y_plus=0, y_minus=0, x=128, y=108),
                        Tile(mirror=False, invert=False, format=1, length=11, subtile_bytes=[
                            bytearray(b'\x00\x01\x00\x01\x00\x01\x00\x01\x04\xc3\x00\xff@\x7f`\x1f\x00\x00\x00\x00\x00\x00\x01\x01\x07\x04\x0f\x00\x0f\x00\x7f`'),
                            bytearray(b'\x02\x03\x06\x87\x02\x8f\x83~\x00\xe7\x00\xef@\xff\xe0\xff\x01\x01\x01\x81\x01\t\xf1\xc8\xa7^\xaf\xb0?\xb0\x1f\x10'),
                            bytearray(b'`9BqFA\x9e\x00\x9a\x00]\x00Q\x05\xf7\x84\x7f@\x7f\x00\x7f\x00\xf9\x86\xff\x84\xf7\x08\xf7\r\xe7\x18'),
                            bytearray(b'\x00\xff\x00\xff\x00\xff\x00\x1f\xc0\x1f\xc0\x0f3\xc7\x1d\xcf\xff\x00\xff\x00\xff\x00\xff\x00\x7f\xa0\xff \x0f\xf0cr'),
                        ], is_16bit=False, y_plus=0, y_minus=0, x=112, y=108),
                    ]
                ),
                Mold(2, gridplane=False,
                    tiles=[
                        Tile(mirror=False, invert=False, format=0, length=7, subtile_bytes=[
                            bytearray(b'\x00\x00$\x00<@\xbbO\xc3?\xc7|e\xff\x01q\x00\x00\x00\x00hhag\x81\x87\x82\x82\x00\x83\x0e\x7f'),
                            bytearray(b'\x00\x00\x80\xc0\xc4\xf2t\xb0@\x9c\x02\xdc\x18\xf8\r\xf8\x01\x00\x0b\x00="\x7f\x80_,\x1fl?b\x1f\xf0'),
                            bytearray(b'\x05A\x10\x00\x03#\x14\x1f*?\n\x1f\x07\x1f\x17\x1f?\x7f\x7f\x7f|\x7f ;\x001\x00\x11\x00\x18\x00\x18'),
                            bytearray(b'\x04\xfc`\xf9\xc0\xe1\xcc\xc0\xe0\xc8@\xe0\xff\x00\xff\x00\x9f\xe0\xfe\x01\xfe\x99w\xb4\x7f\xfc\x7f\xfc\x81\x81\x00\x00'),
                        ], is_16bit=False, y_plus=0, y_minus=0, x=112, y=96),
                        Tile(mirror=False, invert=False, format=0, length=7, subtile_bytes=[
                            bytearray(b'\x110%8f{\x82w@\x14B\x90 \x80\xb4\x07\x01!\x84\x0c\x80\x08\x8c\x14\xeb\x17o\x9fo\x8f\xf8\x0f'),
                            bytearray(b'\xc0\x00\xe0\x00 \xc0`\xe0@`\x00\xa0\x00\x00\x80\x00@@``  \x00\x00\x80\xa0\xc0\xe0\xc0\xc0\xc0@'),
                            bytearray(b'\x9b\x0f\x9b\x0f`\x17"\x8b3\x8b\x0f\x03\x00\x07\x89\xbb\xf0L\xf0\x0c\xe8\x17t\x8bt\x8a\xfc\x03\xf8\x04\x88d'),
                            bytearray(b'@\x80\x00\xc0\x80\x00\xc0\x00\xe0\x00\xf0\x80\x00\xf8h\xf0@\x80\x00\xc0\x00\x00\x80\x80\x80\x80\xd0P\xc0H\x88\x98'),
                        ], is_16bit=False, y_plus=0, y_minus=0, x=128, y=96),
                        Tile(mirror=False, invert=False, format=0, length=7, subtile_bytes=[
                            bytearray(b'\x01\x06\x01\x00\x01\x02\x01\x00\x03\x00\x03\x01\x01\x00\x01\x00\t\x0f\x0e\x0e\x06\x06\x06\x06\x02\x00\x03\x01\x01\x00\x01\x00'),
                            bytearray(b'\xf8\x1f\xe0?\xe0?\xc1>\xc3<\xc0?\xc0?\xe0?? <\x07xMyH{D\x7f@\x7f@?\x00'),
                            bytearray(b'\x00\x00\x00\x01\x01\x03\x03\x07\x03\x07\x01\x07\x04\x07\x05\x07\x01\x01\x00\x01\x00\x00\x00\x04\x00\x04\x00\x06\x00\x07\x00\x07'),
                            bytearray(b'\xe0?q\x9fy\x9fw\x9d\xef\x8b\xe3\x81[\xa0\xdc\xad?\x001"3"\x13\x0c\x0b\x16!>`\xff\x7f\xef'),
                        ], is_16bit=False, y_plus=0, y_minus=0, x=112, y=112),
                        Tile(mirror=False, invert=False, format=0, length=7, subtile_bytes=[
                            bytearray(b'q\x8f\x91\xfeR\xfc\xcb\x7f\xc7\xff\x03\xff\x07\xff\x0e\xff\xf3v\xf1\x00\xf3\x89\x7f\x84\xff\x00\xff\x00\xff\x00\xfe\x00'),
                            bytearray(b'\xbc\xe0\x8c\x88\xe4\x04\x82\x80\x88\x87\x86\x8f\x83\x84\xd4\xc4\xdcL\x8ct\x04\xf8\x82~\x80~\x80x\x8b|\x0e~'),
                            bytearray(b'\x1c\xff}\xff\xfe\xfe\xf8\xf8\xf0\xf0\xc2\xc1\x06\x01\x0c\xc3\xfe\x02\xfe\x02\xfe\x01\xf8\x07\xf0\x0f\xc3=\x02\xfdT\xfa'),
                            bytearray(b"v\xc4.\xec||<8\xbc8z\xf0x\xa7x\xa7,\x1e\x1e\xfc\xfc\xfc|\xf8|\xf8\xf6\xfce\xbfx\'"),
                        ], is_16bit=False, y_plus=0, y_minus=0, x=128, y=112),
                        Tile(mirror=False, invert=False, format=0, length=5, subtile_bytes=[
                            bytearray(b'\x07\x07\x12\x1f\x1d?|?N?s\x0f\x0e\x01\x01\x00\x00\x04\x00\x07\x00\x03\x00\x01\x000\x00|\x00\x0f\x00\x01'),
                            bytearray(b'b\xd9\xfe\xc1\xae\xd1\xf9\xc6\xc7\xfe\xf7\xfc\x0f\xf8\xf8\x00>\xfc2r:\xda?\xc7\x03?\x02\r\x00\xff\x00\xf8'),
                            None,
                            None,
                        ], is_16bit=False, y_plus=0, y_minus=0, x=112, y=128),
                        Tile(mirror=False, invert=False, format=0, length=5, subtile_bytes=[
                            bytearray(b"\x15\xf3!\xc0\x18\xc0a\x87\xf1\x07\xf2\x07\r\x0f\x07\x03<:>\x1f\'\x7f||\x88\xfc\x08\xfc\x00\x0e\x04\x03"),
                            bytearray(b'\x1e\xc0\x08\xc0\x88\x00\xf0\x800\xe0H\xf8\xd4\xfc\x1c\xf8~`\xb8\xf0\xf8x0\xc0\x10 \x008\x00\x0c\x04\xf8'),
                            None,
                            None,
                        ], is_16bit=False, y_plus=0, y_minus=0, x=128, y=128),
                    ]
                ),
                Mold(3, gridplane=False,
                    tiles=[
                        Tile(mirror=False, invert=False, format=1, length=7, subtile_bytes=[
                            bytearray(b'\xe3\x1f\xe3\x1f\xfa\x1er\x0f;\x04\x17\x08\n\x11\x00\x00\x00\xff\x00\xff\x01\xe7\x05g\x0c,\t\r\x11\x19\x00\x00'),
                            bytearray(b'\x18\x00\x18\x00\x18\x00P\x00\xc0\x90P\xa0\x90 \x00\x00\xf8\xe0\xf8\xe0\xf8\xe0\xb8\xe88\xf8\xe0\xf0 \xb0\x00\x00'),
                            None,
                            None,
                        ], is_16bit=False, y_plus=0, y_minus=0, x=128, y=128),
                        Tile(mirror=False, invert=False, format=1, length=7, subtile_bytes=[
                            bytearray(b'?\x00\x0e\x11\x01\x02\x00\x00\x00\x00\x00\x00\x00\x00\x00\x00\t)\x13\x1b\x02\x03\x00\x00\x00\x00\x00\x00\x00\x00\x00\x00'),
                            bytearray(b'\xff\xc0\xff\x00\x81\x00\x00\x00\x00\x00\x00\x00\x00\x00\x00\x00\x00\xff\x00\xff\x00\x81\x00\x00\x00\x00\x00\x00\x00\x00\x00\x00'),
                            None,
                            None,
                        ], is_16bit=False, y_plus=0, y_minus=0, x=112, y=128),
                        Tile(mirror=False, invert=False, format=1, length=11, subtile_bytes=[
                            bytearray(b"\'\xeb\xd8\x97\x99\x1a7\x07\xff`\xff\x07\xff\xe69\xc8\x1c\xfb\x7f\xbf\xff\x7f\xff\xcf\x9f`\xf8\x07\x19\xe67\xce"),
                            bytearray(b'\n\xf4a\xbe\xea\xe4\n\x04\x86\x08\xca\x04\xc8\x04\xec\x00\xfe\xfc\xff\xff\xff\xfd\xfc\xfe\xfe|\xfe6\xfc4\xfc\x10'),
                            bytearray(b'\xf7\x80o\xc6\xec\x07\x0c\x07\x9f\x07\xdf\x00\xdc\x10\xef\x18\x7f\x889\xd6\xd87\xf8\xf78\xa7?\xe0/\xf3\x07\xf8'),
                            bytearray(b'\xfc\x00\xf8\x00\xf8\x80\xf0\x80\xf0\x80\xf0\x008\x008\x00\xfc\x00\xf8\x00x\x80p\x80p\x80\xf0\x00\xf8\xc0\xf8\xc0'),
                        ], is_16bit=False, y_plus=0, y_minus=0, x=128, y=112),
                        Tile(mirror=False, invert=False, format=1, length=11, subtile_bytes=[
                            bytearray(b'\x07\x00\x04\x01\x07\x00\x07\x03\x07\x01\x07\x00\x07\x00\x06\x03\x07\x04\x07\x03\x07\x01\x04\x00\x02\x04\x00\x07\x07\x00\x04\x03'),
                            bytearray(b"\x1a\xe0\xf0\x01\x13!\xf3\x03v\xfe\xad|\xcf\x00n\x83\x05\xef~\x9b\xfe\xa3\xfc\'\x01\x8f\x83^\xff0|\x93"),
                            bytearray(b'\x05\x03\x07\x03\x02\x01\x07\x01\x05\x07\x18\x0fJ7\x1ea\x04\x02\x04\x02\x02\x01\x06\x01\x18\x1e0.||tt'),
                            bytearray(b'\xff\x81\xf7\xc18\xc0x\x80\x9e\xf0N\xf0O\xf0\x9f\xf0~\x01>I?\xc7\x7f\x87\x0fq\x0f1\x0e1\x08w'),
                        ], is_16bit=False, y_plus=0, y_minus=0, x=112, y=112),
                        Tile(mirror=False, invert=False, format=1, length=11, subtile_bytes=[
                            bytearray(b' \x00\xc0\x01\xf1\x02M\x02\xb0\x0f\xa6\x9bD;\rv\xe0\x00\x81A\xf2\x02\xff\x93v\x87\xc63C\xaf\x8f\x07'),
                            bytearray(b'\x00\x00`\x98\x98d\x00\xfc\x80\xfc\x80\xfcD\xfc8\xfc\x00\x00\xf8\xf8ll\x80\x80\x00\x00\x00\x00\x00\x80\x80\xc4'),
                            bytearray(b'\x8e\x7f{\x8b\x92\x8bf+}\xff=\x1f\xcdo|\xeb\x9f_\xed\x9f\xec\xff<\xfb\xf8>\x18\xfe\x98>\x0c\xbb'),
                            bytearray(b'\x04\xfcT\xac\xfc\xfc\xf4\xe0\xd0\xe3\xc1\xe2\xa6\xf02\xcc\xfc\xfc\xbc\xbc\xfc\xfc\x14\x08\x10,\x01>\x12|<\xde'),
                        ], is_16bit=False, y_plus=0, y_minus=0, x=128, y=96),
                        Tile(mirror=False, invert=False, format=1, length=11, subtile_bytes=[
                            bytearray(b'`\x1c\xb4I\xcc3`\x9f\x98f8\xc6\xb8\xc4\xfe\xfa||\xfc\xfd23\xfc\xffyf\xf9\xc6\xff\xc4\xff\xfe'),
                            bytearray(b'\x80\x80@\x81A\x82%\xc2d\xe0\x12\xf0#\x7fq\xbe\x01\x00F\x01M\x02-B\x1f\x01\x1e\xa1\xff@\x7f\x80'),
                            bytearray(b'\xff\xde}zL{l{8\x17<\x07\x1d\x07\x06\x0b\xff\xffvx\x07x\x05{(\x168\x02\x18\x02\x00\t'),
                            bytearray(b'\x08z\x89t\xf3p6\xe1,\xf3\x87\xf9\xb7~\xed\xf2\xf9F\xfaD\xfc\x00y\xc1?L\x07x\x81H\r\x12'),
                        ], is_16bit=False, y_plus=0, y_minus=0, x=112, y=96),
                    ]
                ),
                Mold(4, gridplane=False,
                    tiles=[
                        Tile(mirror=False, invert=False, format=1, length=7, subtile_bytes=[
                            bytearray(b'\xe3\x1f\xe3\x1f\xfa\x1er\x0f;\x04\x17\x08\n\x11\x00\x00\x00\xff\x00\xff\x01\xe7\x05g\x0c,\t\r\x11\x19\x00\x00'),
                            bytearray(b'\x18\x00\x18\x00\x18\x00P\x00\xc0\x90P\xa0\x90 \x00\x00\xf8\xe0\xf8\xe0\xf8\xe0\xb8\xe88\xf8\xe0\xf0 \xb0\x00\x00'),
                            None,
                            None,
                        ], is_16bit=False, y_plus=0, y_minus=0, x=128, y=128),
                        Tile(mirror=False, invert=False, format=1, length=7, subtile_bytes=[
                            bytearray(b'?\x00\x0e\x11\x01\x02\x00\x00\x00\x00\x00\x00\x00\x00\x00\x00\t)\x13\x1b\x02\x03\x00\x00\x00\x00\x00\x00\x00\x00\x00\x00'),
                            bytearray(b'\xff\xc0\xff\x00\x81\x00\x00\x00\x00\x00\x00\x00\x00\x00\x00\x00\x00\xff\x00\xff\x00\x81\x00\x00\x00\x00\x00\x00\x00\x00\x00\x00'),
                            None,
                            None,
                        ], is_16bit=False, y_plus=0, y_minus=0, x=112, y=128),
                        Tile(mirror=False, invert=False, format=1, length=11, subtile_bytes=[
                            bytearray(b'\x13\xcfL\x93\x80\x8cx\x08\xff`\xff\x07\xff\xe69\xc8<\xfc<\xffs\xff\xff\x8f\x9f`\xf8\x07\x19\xe67\xce'),
                            bytearray(b'\n\xf4\x01\xbe\n\x04\n\x04\xa6(\xca\x04\xe8\x04\xec\x00^\xfc\xdf\xff\xff\xfd\xfc\xfe\xfe|\xfe6\xfc\x14\xfc\x10'),
                            bytearray(b'\xf7\x80o\xc6\xec\x07\x0c\x07\x9f\x07\xdf\x00\xdc\x10\xef\x18\x7f\x889\xd6\xd87\xf8\xf78\xa7?\xe0/\xf3\x07\xf8'),
                            bytearray(b'\xfc\x00\xf8\x00\xf8\x80\xf0\x80\xf0\x80\xf0\x008\x008\x00\xfc\x00\xf8\x00x\x80p\x80p\x80\xf0\x00\xf8\xc0\xf8\xc0'),
                        ], is_16bit=False, y_plus=0, y_minus=0, x=128, y=112),
                        Tile(mirror=False, invert=False, format=1, length=11, subtile_bytes=[
                            bytearray(b'\x84y~\x00\x07\x00\x07\x00\x07\x03\x07\x01\x07\x00\x06\x01\x87{\x7f\x01\x06\x00\x07\x01\x00\x04\x02\x04\x00\x07\x06\x01'),
                            bytearray(b"\xf2\x01\x0e\x01D\x012\x01\xf1\x03r\xfe\xad|n\x83~\x9d\xfe\xf1\xfe\x83\xde\x83\xfc\'\x01\x8f\x83^|\x93"),
                            bytearray(b'\x05\x03\x07\x03\x02\x01\x07\x01\x05\x07\x18\x0fJ7\x1ea\x04\x02\x04\x02\x02\x01\x06\x01\x18\x1e0.||tt'),
                            bytearray(b'\xff\x81\xf7\xc18\xc0x\x80\x9e\xf0N\xf0O\xf0\x9f\xf0~\x01>I?\xc7\x7f\x87\x0fq\x0f1\x0e1\x08w'),
                        ], is_16bit=False, y_plus=0, y_minus=0, x=112, y=112),
                        Tile(mirror=False, invert=False, format=1, length=11, subtile_bytes=[
                            bytearray(b' \x00\xc0\x00\xf1\x02M\x02\xb1\x0e\xa5\x9aG;\rs\xe0\x00\x80@\xf1\x02\xfd\x92u\x86\xc73C\xac\x8f\x00'),
                            bytearray(b'\x00\x00\x00\x00\x00\x00\x00\x00\x00\x00`\x18@\xf8\x00\xf0\x00\x00\x00\x00\x00\x00\x00\x00\x00\x00`\x10\x80\xa8\x90\x10'),
                            bytearray(b'\x89\x7f\xff\x89\x96\x88g)~\xe1\x10/\xcc\xf3\xff\xe3\x9f^\xef\x9e\xee\xff=\xfc\xf23<\xfc88$$'),
                            bytearray(b'\x10\xe0\xe0\x80\x08\x08d`0\xb3\x01\xc2\x06\xf02\xcc0\xe0\xc08(\xf0d\x98\xb0\xcc\xc1\xfer\xfc|\xfe'),
                        ], is_16bit=False, y_plus=0, y_minus=0, x=128, y=96),
                        Tile(mirror=False, invert=False, format=1, length=11, subtile_bytes=[
                            bytearray(b'\x00\x00\x00\x01\x00\x01\x00\x01\x00\x00\x00\x00\x00\x00\x01\x00\x00\x00\x00\x01\x00\x01\x00\x01\x01\x00\x01\x00\x01\x00\x01\x01'),
                            bytearray(b'\x80\x80@\x81A\x82%\xc2d\xe0\x12\xf0#\x7f@8\x01\x00F\x01M\x02-B\x1f\x01\x1e\xa1\xff@\xf9\x06'),
                            bytearray(b'\x01\x00\x02\x03\x04\x03\x10o\xec\x1f\r\xf7~\x837\xc8\x00\x00\x03\x00\x05\x03Pn\xb0\xb2\xf8\xf2\xf8\xe1w\xec'),
                            bytearray(b'\xc9psp6\xe1>\xe2\x87\xf9\xb6\x7f\xec\xf3\x12\xe1\xfe\x00\xfc\x80y\xc1?]\x07x\x80I\x0c\x13\x0e\xed'),
                        ], is_16bit=False, y_plus=0, y_minus=0, x=112, y=96),
                    ]
                ),
                Mold(5, gridplane=False,
                    tiles=[
                        Tile(mirror=False, invert=False, format=1, length=7, subtile_bytes=[
                            bytearray(b'\x01\x06\x01\x00\x01\x02\x01\x00\x03\x00\x03\x01\x01\x00\x01\x00\t\x0f\x0e\x0e\x06\x06\x06\x06\x02\x00\x03\x01\x01\x00\x01\x00'),
                            bytearray(b'\xf8\x1f\xe0?\xe0?\xc1>\xc3<\xc0?\xc0?\xe0?? <\x07xMyH{D\x7f@\x7f@?\x00'),
                            None,
                            None,
                        ], is_16bit=False, y_plus=0, y_minus=0, x=112, y=112),
                        Tile(mirror=False, invert=False, format=0, length=5, subtile_bytes=[
                            bytearray(b"\x15\xf3!\xc0\x18\xc0a\x87\xf1\x07\xf2\x07\r\x0f\x07\x03<:>\x1f\'\x7f||\x88\xfc\x08\xfc\x00\x0e\x04\x03"),
                            bytearray(b'\x1f\xc0\x08\xc0\x88\x00\xf0\x800\xe0H\xf8\xd4\xfc\x1c\xf8\x7f`\xb8\xf0\xf8x0\xc0\x10 \x008\x00\x0c\x04\xf8'),
                            None,
                            None,
                        ], is_16bit=False, y_plus=0, y_minus=0, x=128, y=128),
                        Tile(mirror=False, invert=False, format=1, length=11, subtile_bytes=[
                            bytearray(b'\x00\x00\x00\x01\x01\x03\x03\x07\x03\x07\x01\x07\x04\x07\x05\x07\x01\x01\x00\x01\x00\x00\x00\x04\x00\x04\x00\x06\x00\x07\x00\x07'),
                            bytearray(b'\xe0?q\x9fy\x9fw\x9d\xef\x8b\xe3\x81[\xa0\xdc\xad?\x001"3"\x13\x0c\x0b\x16!>`\xff\x7f\xef'),
                            bytearray(b'\x07\x07\x12\x1f\x1d?|?N?s\x0f\x0e\x01\x01\x00\x00\x04\x00\x07\x00\x03\x00\x01\x000\x00|\x00\x0f\x00\x01'),
                            bytearray(b'b\xd9\xfe\xc1\xae\xd1\xf9\xc6\xc7\xfe\xf7\xfc\x0f\xf8\xf8\x00>\xfc2r:\xda?\xc7\x03?\x02\r\x00\xff\x00\xf8'),
                        ], is_16bit=False, y_plus=0, y_minus=0, x=112, y=120),
                        Tile(mirror=False, invert=False, format=0, length=7, subtile_bytes=[
                            bytearray(b'q\x8f\x91\xfeR\xfc\xcb\x7f\xc7\xff\x03\xff\x07\xff\x0e\xff\xf3v\xf1\x00\xf3\x89\x7f\x84\xff\x00\xff\x00\xff\x00\xfe\x00'),
                            bytearray(b'\xbc\xe0\x8c\x88\xe4\x04\x82\x80\x88\x87\x86\x8f\x83\x84\xd4\xc4\xdcL\x8ct\x04\xf8\x82~\x80~\x80x\x8b|\x0e~'),
                            bytearray(b'\x1c\xff}\xff\xfe\xfe\xf8\xf8\xf0\xf0\xc2\xc1\x06\x01\x0c\xc3\xfe\x02\xfe\x02\xfe\x01\xf8\x07\xf0\x0f\xc3=\x02\xfdT\xfa'),
                            bytearray(b"v\xc4.\xec||<8\xbc8z\xf0x\xa7x\xa7,\x1e\x1e\xfc\xfc\xfc|\xf8|\xf8\xf6\xfce\xbfx\'"),
                        ], is_16bit=False, y_plus=0, y_minus=0, x=128, y=112),
                        Tile(mirror=False, invert=False, format=1, length=11, subtile_bytes=[
                            bytearray(b'\x03\x0c\xcd\x0e*\x1fJ\xbf8D\n@\x10\x00\xac\x03\x02\x0e\xc1C\xe0\xc4d\xf4\xbfG\xbfW\xff\x0f\xfc\x0b'),
                            bytearray(b'\xc0\x00\xe0\x00 \xc0`\xe0@`\x00\xa0\x00\x00\x80\x00@@``  \x00\x00\x80\xa0\xc0\xe0\xc0\xc0\xc0@'),
                            bytearray(b"\x83\'\xc3\x13\x01\x12\t\x82-\x82\'\x01\xa7\x01\xfe\x03\xd8$\xec\x10\xec\x12\x7f\x83\x7f\x83\xfb\x06\xfb\x82\x07\x04"),
                            bytearray(b'@\x80\x00\xc0\x80\x00\xc0\x00\xe0\x00\xf0\x80\x00\xf8h\xf0@\x80\x00\xc0\x00\x00\x80\x80\x80\x80\xd0P\xc0H\x88\x98'),
                        ], is_16bit=False, y_plus=0, y_minus=0, x=128, y=96),
                        Tile(mirror=False, invert=False, format=1, length=11, subtile_bytes=[
                            bytearray(b'\x00\x00\x00\x00)Q\xa8_\x80}\x84\xfc\x0c\xfe`\xfe\x00\x00\x00\x00XXpw\xc2\xc5\x03\x02\x01\x82\x0f\x9e'),
                            bytearray(b'\x00\x00\x80\xc0\xc4\xf2t\xb0@\x9c\x02\xdc\x18\xf8\r\xf8\x01\x00\x0b\x00="\x7f\x80_,\x1fl?b\x1f\xf0'),
                            bytearray(b'\x05\xfb\x10\xc0\x87\xa3T\x1fj?*?\x07\x1f\x07\x0f?\xff\x7f\xff|\xfb`;@1\x001\x00\x18\x00\x08'),
                            bytearray(b'\x04\xfc`\xf9\xc0\xe1\xcc\xc0\xe0\xc8@\xe0\xff\x00\xff\x00\x9f\xe0\xfe\x01\xfe\x99w\xb4\x7f\xfe\x7f\xff\x81\x81\x00\x00'),
                        ], is_16bit=False, y_plus=0, y_minus=0, x=112, y=96),
                    ]
                ),
                Mold(6, gridplane=False,
                    tiles=[
                        Tile(mirror=False, invert=False, format=1, length=7, subtile_bytes=[
                            bytearray(b'\rpE\xc4\x81\x8c\xaf\x9e\x9f\x9e\x1d?#\x1e\x1d\x1c\x0fC:\xber~`p``Aca^\x01\x1c'),
                            bytearray(b'\xf8\x1f\xe0?\xe0?\xc1>\xc3<\xc0?\xc0?\xe0?? <\x07xMyH{D\x7f@\x7f@?\x00'),
                            None,
                            None,
                        ], is_16bit=False, y_plus=0, y_minus=0, x=112, y=112),
                        Tile(mirror=False, invert=False, format=1, length=7, subtile_bytes=[
                            bytearray(b'\x00\x00\x00\x01\x01\x03\x03\x07\x03\x07\x01\x07\x04\x07\x05\x07\x01\x01\x00\x01\x00\x00\x00\x04\x00\x04\x00\x06\x00\x07\x00\x07'),
                            None,
                            bytearray(b'\x07\x07\x12\x1f\x1d?|?N?s\x0f\x0e\x01\x01\x00\x00\x04\x00\x07\x00\x03\x00\x01\x000\x00|\x00\x0f\x00\x01'),
                            None,
                        ], is_16bit=False, y_plus=0, y_minus=0, x=112, y=120),
                        Tile(mirror=False, invert=False, format=0, length=5, subtile_bytes=[
                            bytearray(b"v\xc4.\xec||<8\xbc8z\xf0x\xa7x\xa7,\x1e\x1e\xfc\xfc\xfc|\xf8|\xf8\xf6\xfce\xbfx\'"),
                            None,
                            bytearray(b'\x1f\xc0\x08\xc0\x88\x00\xf0\x800\xe0H\xf8\xd4\xfc\x1c\xf8\x7f`\xb8\xf0\xf8x0\xc0\x10 \x008\x00\x0c\x04\xf8'),
                            None,
                        ], is_16bit=False, y_plus=0, y_minus=0, x=136, y=120),
                        Tile(mirror=False, invert=False, format=0, length=7, subtile_bytes=[
                            bytearray(b'\xe0?q\x9fy\x9fw\x9d\xef\x8b\xe3\x81[\xa0\xdc\xad?\x001"3"\x13\x0c\x0b\x16!>`\xff\x7f\xef'),
                            bytearray(b'\x1c\xff}\xff\xfe\xfe\xf8\xf8\xf0\xf0\xc2\xc1\x06\x01\x0c\xc3\xfe\x02\xfe\x02\xfe\x01\xf8\x07\xf0\x0f\xc3=\x02\xfdT\xfa'),
                            bytearray(b'b\xd9\xfe\xc1\xae\xd1\xf9\xc6\xc7\xfe\xf7\xfc\x0f\xf8\xf8\x00>\xfc2r:\xda?\xc7\x03?\x02\r\x00\xff\x00\xf8'),
                            bytearray(b"\x15\xf3!\xc0\x18\xc0a\x87\xf1\x07\xf2\x07\r\x0f\x07\x03<:>\x1f\'\x7f||\x88\xfc\x08\xfc\x00\x0e\x04\x03"),
                        ], is_16bit=False, y_plus=0, y_minus=0, x=120, y=120),
                        Tile(mirror=False, invert=False, format=1, length=5, subtile_bytes=[
                            bytearray(b'\x00\x06f\x06\x14\x0e$^\x1c"\x04 \x08\x00\xd4\x00\x80\x06\xe0 \xf0b\xb2z\xde"\xdc(\xf8\x00\xfc\x04'),
                            None,
                            None,
                            None,
                        ], is_16bit=False, y_plus=0, y_minus=0, x=128, y=96),
                        Tile(mirror=False, invert=False, format=1, length=11, subtile_bytes=[
                            bytearray(b'\x00\x00\x00\x01\x00\x03\x02\x02\x02\x03\x00\x03\x03\x00\x00\x00\x00\x00\x00\x01\x00\x03\x01\x00\x00\x01\x00\x03\x03\x02\x00\x00'),
                            bytearray(b'\xc0\xf0`\xf8r\x99:\xd8 \xce\x81\xee\x8c|\x86|\x00\x10\x15\x98~\x81?\xc0/\x96\x8f6\x9f1\x8fx'),
                            bytearray(b'\x00\x00\x00\x00\x00\x00\x02\x00\x03\x03\x03\x03\x01\x02\x03\x00\x00\x00\x00\x00\x00\x00\x03\x03\x00\x00\x00\x00\x01\x02\x03\x01'),
                            bytearray(b'\x82~\xb0|`p&`\x10\xc4\x80\x90\xff\x00\xff\x00\xcfp\xff\x00\xff\x8c\xbb\xda\xff\xff\x7f\x7f\x81\x81\x00\x00'),
                        ], is_16bit=False, y_plus=0, y_minus=0, x=112, y=96),
                        Tile(mirror=False, invert=False, format=1, length=11, subtile_bytes=[
                            bytearray(b'@\x10`\x88\x01\x88\x05@\x17@\x97\x01\xd3\x01\xfe\x03\xec\x10v\x88v\x88\xbfA\xbfA{\x86\xff\xc2\x07\x04'),
                            bytearray(b'\x00\x00\x00\x00\x80\x00\xc0\x00\xe0\x00\xf0\x80\x00\xf8h\xf0\x00\x00\x00\x00\x00\x00\x80\x80\x80\x80\xd0P\xc0H\x88\x98'),
                            bytearray(b'q\x8f\x91\xfeR\xfc\xcb\x7f\xc7\xff\x03\xff\x07\xff\x0e\xff\xf3v\xf1\x00\xf3\x89\x7f\x84\xff\x00\xff\x00\xff\x00\xfe\x00'),
                            bytearray(b'\xbc\xe0\x8c\x88\xe4\x04\x82\x80\x88\x87\x86\x8f\x83\x84\xd4\xc4\xdcL\x8ct\x04\xf8\x82~\x80~\x80x\x8b|\x0e~'),
                        ], is_16bit=False, y_plus=0, y_minus=0, x=128, y=104),
                    ]
                ),
                Mold(7, gridplane=False,
                    tiles=[
                        Tile(mirror=False, invert=False, format=1, length=9, subtile_bytes=[
                            bytearray(b'\x10\x00\x10\x00\x18\x00\xb8\x00\xf0\x00`\x00d\x00|\x00\x00\x00\x10\x10\x18\x188800  \x00\x00HH'),
                            None,
                            bytearray(b'>\x00?\x00\x1f\x00\x07\x00\x01\x00\x00\x00\x00\x00\x00\x00\x00\x00  \x10\x10\x04\x04\x01\x01\x00\x00\x00\x00\x00\x00'),
                            bytearray(b'\x10\x00\xb9\x00\xff\x00\xff\x00\xff\x00\x00\x00\x00\x00\x00\x00\x00\x00\x00\x00\x00\x00\x00\x00\x03\x03\x00\x00\x00\x00\x00\x00'),
                        ], is_16bit=False, y_plus=0, y_minus=0, x=114, y=108),
                        Tile(mirror=False, invert=False, format=1, length=7, subtile_bytes=[
                            bytearray(b'\x08\x00\x08\x00\x18\x00\x1d\x00\x0f\x00\x06\x00&\x00>\x00\x00\x00\x08\x08\x18\x18\x1c\x1c\x0c\x0c\x04\x04\x00\x00\x12\x12'),
                            None,
                            bytearray(b'|\x00\xfc\x00\xf8\x00\xe0\x00\x80\x00\x00\x00\x00\x00\x00\x00\x00\x00\x04\x04\x08\x08  \x80\x80\x00\x00\x00\x00\x00\x00'),
                            None,
                        ], is_16bit=False, y_plus=0, y_minus=0, x=130, y=108),
                    ]
                ),
                Mold(8, gridplane=False,
                    tiles=[
                        Tile(mirror=False, invert=False, format=1, length=9, subtile_bytes=[
                            bytearray(b'\x00\x00\x00\x00\x10\x00\x18\x000\x00 \x00`\x00`\x00\x00\x00\x00\x00\x10\x10\x18\x1800    ``'),
                            None,
                            bytearray(b'4\x00>\x00\x1f\x00\x07\x00\x01\x00\x00\x00\x00\x00\x00\x00\x00\x00  \x10\x10\x04\x04\x01\x01\x00\x00\x00\x00\x00\x00'),
                            bytearray(b'\x00\x00\x00\x00\x91\x00\xff\x00\xff\x00\x00\x00\x00\x00\x00\x00\x00\x00\x00\x00\x00\x00\x00\x00\x07\x07\x00\x00\x00\x00\x00\x00'),
                        ], is_16bit=False, y_plus=0, y_minus=0, x=114, y=108),
                        Tile(mirror=False, invert=False, format=1, length=7, subtile_bytes=[
                            bytearray(b'\x00\x00\x00\x00\x08\x00\x18\x00\x0c\x00\x04\x00\x06\x00\x06\x00\x00\x00\x00\x00\x08\x08\x18\x18\x0c\x0c\x04\x04\x04\x04\x06\x06'),
                            None,
                            bytearray(b',\x00|\x00\xf8\x00\xe0\x00\x80\x00\x00\x00\x00\x00\x00\x00\x00\x00\x04\x04\x08\x08  \x80\x80\x00\x00\x00\x00\x00\x00'),
                            None,
                        ], is_16bit=False, y_plus=0, y_minus=0, x=130, y=108),
                    ]
                ),
                Mold(9, gridplane=False,
                    tiles=[
                        Tile(mirror=False, invert=False, format=1, length=9, subtile_bytes=[
                            bytearray(b'\x00\x00\x00\x00\x00\x00\x08\x00\x10\x00 \x00 \x00 \x00\x00\x00\x00\x00\x00\x00\x08\x08\x10\x10      '),
                            None,
                            bytearray(b' \x00\x18\x00\x1e\x00\x07\x00\x01\x00\x00\x00\x00\x00\x00\x00\x00\x00\x00\x00\x10\x10\x04\x04\x01\x01\x00\x00\x00\x00\x00\x00'),
                            bytearray(b'\x00\x00\x00\x00\x00\x00\xe7\x00\xff\x00\x00\x00\x00\x00\x00\x00\x00\x00\x00\x00\x00\x00&&\x01\x01\x00\x00\x00\x00\x00\x00'),
                        ], is_16bit=False, y_plus=0, y_minus=0, x=114, y=108),
                        Tile(mirror=False, invert=False, format=1, length=7, subtile_bytes=[
                            bytearray(b'\x00\x00\x00\x00\x00\x00\x10\x00\x08\x00\x04\x00\x04\x00\x04\x00\x00\x00\x00\x00\x00\x00\x10\x10\x08\x08\x04\x04\x04\x04\x04\x04'),
                            None,
                            bytearray(b'\x04\x00\x18\x00x\x00\xe0\x00\x80\x00\x00\x00\x00\x00\x00\x00\x00\x00\x00\x00\x08\x08  \x80\x80\x00\x00\x00\x00\x00\x00'),
                            None,
                        ], is_16bit=False, y_plus=0, y_minus=0, x=130, y=108),
                    ]
                ),
                Mold(10, gridplane=False,
                    tiles=[
                        Tile(mirror=False, invert=False, format=0, length=5, subtile_bytes=[
                            bytearray(b"\x17?/7Y\'|\x03?CGx;~b\x7f\x00(\x08\x00x6l+\x08{\x03\x0c\x01F\x00_"),
                            bytearray(b'\x15\xfe\xa6\xff1\xff\xe3\x7f\x8f\xfe\xfcp\x80\x00o\x80{\xca\x00Y\x00\xcf\x80\x1f\x01\xfe\x0f\xf3\xff\x7f\x7f\x90'),
                            None,
                            None,
                        ], is_16bit=False, y_plus=0, y_minus=0, x=112, y=112),
                        Tile(mirror=False, invert=False, format=0, length=5, subtile_bytes=[
                            bytearray(b'\xf7\xe8\xef\xf2\xfa\xfero;$\x17\x08\n\x11\x00\x00\xf3\xf8\xed\xff\xe1\xe7eg,,\t\r\x11\x19\x00\x00'),
                            bytearray(b'\x98\x00\x18\x00\x18\x00\x10\x00\x80\x90P\xa0\x90 \x00\x00\xf8\xe0\xf8\xe0\xf8\xe0\xf8\xe8x\xf8\xe0\xf0 \xb0\x00\x00'),
                            None,
                            None,
                        ], is_16bit=False, y_plus=0, y_minus=0, x=128, y=128),
                        Tile(mirror=False, invert=False, format=0, length=7, subtile_bytes=[
                            bytearray(b'I\x7fO;.Q\x07!\x05\x07\x18\x0fJ7\x1ea\x00zPZZY&%\x18\x1e0.||tt'),
                            bytearray(b'\xff\x81\xf7\xc18\xc0x\x80\x9e\xf0N\xf0N\xf0\x9f\xf7~\x01>I?\xc7\x7f\x87\x0fq\x0f1\x0f1\x0fw'),
                            bytearray(b'?\x00\x0e\x11\x01\x03\x00\x00\x00\x00\x00\x00\x00\x00\x00\x00\t)\x13\x1b\x03\x03\x00\x00\x00\x00\x00\x00\x00\x00\x00\x00'),
                            bytearray(b'\xff\xff\xff\xff\x81\x81\x00\x00\x00\x00\x00\x00\x00\x00\x00\x00?\xff\xff\xff\x81\x81\x00\x00\x00\x00\x00\x00\x00\x00\x00\x00'),
                        ], is_16bit=False, y_plus=0, y_minus=0, x=112, y=120),
                        Tile(mirror=False, invert=False, format=0, length=7, subtile_bytes=[
                            bytearray(b"_\xe0n\x91\xfc\x87\xf7\x07{\'\xfb\x0f\xf9o=\xcf!\xbc\x17\xfb\x00\xff\xb8L\xd8\xa4\xf0\x0c\x90l \xd8"),
                            bytearray(b'Jt\xa1~\xaa\xa4j\xe4f\xe8\xea\xc4\xa8\xe4\xac\xc0\xfe\xfc\x7f\xff\x7f\xfd<\xfe>\xfc>V\x1ct<P'),
                            bytearray(b'\xe4\x8bo\xd0\xff\x00&\x1f\x9e\xbf\xe6\xdf\xe4\xdf\xe1\xfet\x9d\x1a\xfa\xcf7\xf1\xd1\xa0\xa1\xc0\xc9\xc1\xdb\xea\xef'),
                            bytearray(b'<\xc0x\x80\xd8@\x90\x80p\x80p\x80\xb8\x00\xb8\x00\\\xe0\x98\xe08\xe0p\xe00\xc0\xb0\xc0\xf8@x\xc0'),
                        ], is_16bit=False, y_plus=0, y_minus=0, x=128, y=112),
                        Tile(mirror=False, invert=False, format=0, length=7, subtile_bytes=[
                            bytearray(b'\x00\x00\x00\x00\x08\x0c\x08\x0e\x00\x0f\x00\x07\x00\x03\x02\x01\x00\x00\x00\x00\x00\x04\x00\x00\x00\x08\x00\x04\x00\x03\x03\x01'),
                            bytearray(b'\x02\x00\x13\x00\x00\x00O\x02\x9a\x00\x01\x80`\x86v\x86\x0e\x00<\x03?\x03\x7f\x02\x7f\x04{\x8cw\x8b\xfe\x89'),
                            bytearray(b'\x03\x00\x00\x02\x01\x01\x02\x04\x03\x04\x03\x0e\x04\x1f\x14\x1f\x02\x03\x0e\x03\x07\x00\x07\x04\x07\x00\x07\x0c\x01\x1a\x01\n'),
                            bytearray(b'*\xef\x06\xff\x8e\xfe\x1b\xf07\xe0-\x01\x9c\x80\x15\xf7\xee\x11\xff\x01\xfe\x01\xff\x00\xff\x003\xcf\x84{\xf7\x08'),
                        ], is_16bit=False, y_plus=0, y_minus=0, x=112, y=96),
                        Tile(mirror=False, invert=False, format=0, length=7, subtile_bytes=[
                            bytearray(b'\xa0\x00\x00\x00\x11\x02\xc1\x06\x99\x16|3?S}\xc3\xe0\x00\xf0\x00\xe1\x12\xf14y\xf4\xbf\xf3\x9b\xf4?\x80'),
                            bytearray(b'\x00\x00\x00\x00\x00\x00\x00\x00\x00\x00`\x18@\xf8\x00\xf0\x00\x00\x00\x00\x00\x00\x00\x00\x00\x00`\x10\x80\xa8\x90\x10'),
                            bytearray(b'9\xcf\x1e\xc8\xfdj\xedz\xfb4\x17\x08\xef\x00\x9eq\x1fn\xea\xff{\xffz\xfe\xbc~(\xfeq\x9f9\xff'),
                            bytearray(b'\x10\xe0\xe0\x80\x08\x08d\xe0\xb03\xc1\x02\xc60r\x8c0\xe0\xc08(\xf0\xe4\x98\xb0\xccA~r|\xfc\xfe'),
                        ], is_16bit=False, y_plus=0, y_minus=0, x=128, y=96),
                    ]
                ),
                Mold(11, gridplane=False,
                    tiles=[
                        Tile(mirror=False, invert=False, format=1, length=7, subtile_bytes=[
                            bytearray(b'\xbe\xff\xa4\xff\xc7\xffL\x7f\x7f;?0\x0f\x00\x00\x00\x00\x01\x00\x1b\x00>\x00\x7fD;\x0f0\x00\x0f\x00\x00'),
                            bytearray(b'\x15\xfb\xd9\xff\xbc\xfb{\xe0\xc7\x00\x1f\x00\xf0\x00\x00\x00f\xea\x04&\x07{\x1c\xe7\xf8?\xe0\xff\x00\xf0\x00\x00'),
                            None,
                            None,
                        ], is_16bit=False, y_plus=0, y_minus=0, x=108, y=122),
                        Tile(mirror=False, invert=False, format=1, length=5, subtile_bytes=[
                            bytearray(b'\x7f\x06\x7f\x04\x7f\x00\xff\x00\xde\x00\x00\x00\x00\x00\x00\x00\x99\xe6\x9b\xe4\x8f\xf0\x07\xf8\x00\xde\x00\x00\x00\x00\x00\x00'),
                            None,
                            None,
                            None,
                        ], is_16bit=False, y_plus=0, y_minus=0, x=140, y=114),
                        Tile(mirror=False, invert=False, format=1, length=11, subtile_bytes=[
                            bytearray(b'w\x89`\x98\xc4\x18\xfc\xbc||\x98\x98\x85\x99o\xd0C<.\xdf\xbb\x7f\xbf\xff\xfc\xff\xf8\xff\xfd\xfe\xd8\xf8'),
                            bytearray(b'\x8c\x80\x1c\x00\x18\x00<\x04?\x00\x7f\x00\xfc\x00\xfc\x00\x87w\x17\xf3\x07\xe7/\xef\x00\xcf@\xdf\x80\x9c8\x04'),
                            bytearray(b"o\x90\x7f\x80\xff\x00\xf0\x0f\xd9\'\xe7\x1f\xff\x00\x1f\x00\x18\xf8\x85\xfd\x00\xff\x01\xff(\xef\x18\xff\x07\xf4\x00\x1f"),
                            bytearray(b'\xf6<\xe2<\x82|F\xbc\x1c\xf8\x98\xe0\xb0@\xc0\x00@~\xc0\xbe@\xfe\xe0\xfe\xe0\xfc`\xf8\xc0p\x00\xc0'),
                        ], is_16bit=False, y_plus=0, y_minus=0, x=124, y=114),
                        Tile(mirror=False, invert=False, format=1, length=9, subtile_bytes=[
                            bytearray(b'\x00\x00\x00\x00\x04\x08\x00\x0c\x02\x0f\t\x0e\x0b\x07\x05\x02\x00\x00\x00\x00\x04\x04\x00\x00\x00\x00\x01\x01\x08\x08\x05\x07'),
                            None,
                            bytearray(b'\x07\x01\x12\x01\x02\x01\x08\x03\x17\t\x07?\x18\x7f~\xff\x1f\x02\x1f\x00\x0f\x00\x0f\x02\x1f\x10\x0f0\x03d\x00\x81'),
                            bytearray(b'\x0c\xff\x0c\xffL\xf3a\xc0\xcf\x80^\x068\xfe1\xfc\xfe\x02\xfc\x02\xff\x03\xfe\x01\xfe\x01~\x87\xfe\x01\xfd\x02'),
                        ], is_16bit=False, y_plus=0, y_minus=0, x=108, y=106),
                        Tile(mirror=False, invert=False, format=1, length=9, subtile_bytes=[
                            bytearray(b'\x00\x00\x00\x00\x80\x00 \x00\xf8\x80>\xe1\x15\xee\x13\xfc\x00\x00\x00\x00\x80\x00\xc0\xe0\x80x\xe6\x19\xf1\x18\xf3\x00'),
                            None,
                            bytearray(b'\x13\xff\x07\xf0\x07\xfc/\xf4\x17\xe4\xe7\xe4\xc7\xc0\xc6\xc8\xf8\x0f\xf7\x0b\xcfO\xc6^\xde.\xee\x1e\xcd=\xcb;'),
                            bytearray(b'\xe0\xe08\xf8\xb0x\xe4<\xf4<\xfa\x1e\xbb\x0e\x7f\x0e\x00\xe0\x00\xc8\x80\xc8@|@|\xe0\xdeq\xce\xb1\xce'),
                        ], is_16bit=False, y_plus=0, y_minus=0, x=132, y=98),
                        Tile(mirror=False, invert=False, format=1, length=11, subtile_bytes=[
                            bytearray(b'\x00\x01\x00\x01\x00\x01\x00\x01\x04\xc3\x00\xff@\x7f`\x1f\x00\x00\x00\x00\x00\x00\x01\x01\x07\x04\x0f\x00\x0f\x00\x7f`'),
                            bytearray(b'\x02\x03\x06\x87\x02\x8f\x83~\x00\xe7\x00\xef@\xff\xe0\xff\x01\x01\x01\x81\x01\t\xf1\xc8\xa7^\xaf\xb0?\xb0\x1f\x10'),
                            bytearray(b'`9BqFA\x9e\x00\x9a\x00]\x00Q\x05\xf7\x84\x7f@\x7f\x00\x7f\x00\xf9\x86\xff\x84\xf7\x08\xf7\r\xe7\x18'),
                            bytearray(b'\x00\xff\x00\xff\x00\xff\x00\x1f\xc0\x1f\xc0\x0f3\xc7\x1d\xcf\xff\x00\xff\x00\xff\x00\xff\x00\x7f\xa0\xff \x0f\xf0cr'),
                        ], is_16bit=False, y_plus=0, y_minus=0, x=116, y=98),
                    ]
                ),
                Mold(12, gridplane=False,
                    tiles=[
                        Tile(mirror=False, invert=False, format=1, length=11, subtile_bytes=[
                            bytearray(b'\x03\x03\x02\x03\x01\x01\x01\x01\x01\x00\x01\x00\x01\x01\x00\x01\x00\x02\x00\x03\x00\x01\x00\x01\x01\x00\x01\x00\x00\x00\x00\x01'),
                            bytearray(b'\xa0\xc0\xd0\xe0\xf0\xf0\xf8\xf8\x9c\xf4\xb4 g\x80@\x81 @\x10 \x00\x10\x00\x18\x08\xf4\\\xe8\xff\x98>\xff'),
                            bytearray(b'\x01\x00\x00\x00\x03\x03\x07\x05\x10\x17\x10\x17;?40\x01\x00\x01\x01??;9\x18\x19\x18\x18=<8?'),
                            bytearray(b'@\x81\x7f~\xf1\xf1\x99\x81\xc0\x00\x00\x00\x0f\x0f??\xfe\xbf\xff\xfe\xff\xff\xe1\xff\x01\xff\x00\xff\x0f\xf0?\xc0'),
                        ], is_16bit=False, y_plus=0, y_minus=0, x=112, y=95),
                        Tile(mirror=False, invert=False, format=1, length=9, subtile_bytes=[
                            bytearray(b'\x00\x00\x00\x00\x00\x00\x00\x00\x00\x00\x00\x80\x00\x80@\x80\x00\x00\x00\x00\x00\x00\x00\x00\x00\x00\x00\x80\x00\x00@\x00'),
                            None,
                            bytearray(b'\xaf\xc3\xae\xc1\xb6\x81\xde\x81\xafC\x0e\xe1\x1f\xf9\xbf\xf3,C2]\xea\xdd\xe2\xbd0\x9f"\xbf\x1e\xa7\xfcO'),
                            bytearray(b'\x80\x80`\xe0\x00\xe0\xc0\xf0\xe0\xf8\xd4\xf8K\xfc\x8f\xfe\x00\x80\x00\xe0\x00\xe0\x000\x00\x98\x04\xcc\x00\xc7\x00\xe0'),
                        ], is_16bit=False, y_plus=0, y_minus=0, x=128, y=95),
                        Tile(mirror=False, invert=False, format=1, length=11, subtile_bytes=[
                            bytearray(b'\xf0\x10\x9d\xfd*\xc9\xf8\x07\x00\x07|\x1f\xc9~A\xfc\xf8\x1f\x1d~?\xdd\xc0<d||\x02\x8f\x01\r\x82'),
                            bytearray(b'\xcc\xcf\xe4\xe7\xec\xebP\xff\x0c\xff\x00\xff\xc0?\xf8\x07\xcf0\xff\x18\xef\x1a\xf8\x89p\x80\xf9\x89\xff\xc0\xef\xa8'),
                            bytearray(b"\x0b8C\x00\x05\x00\'\x00\x1d\x08\x05\x00\x03\x00\x01\x00(w\x01~\x03>\x01>\x0f\x10\x07\x00\x03\x00\x03\x00"),
                            bytearray(b'\xfeA\x07\x00G\x00G\x00D\x83"\x91\x00\x91\x00\xc9\xf3R\xf5M\xfc\x08\xfb\x05\x7f\x80o\x90o\x907\xc8'),
                        ], is_16bit=False, y_plus=0, y_minus=0, x=112, y=111),
                        Tile(mirror=False, invert=False, format=1, length=11, subtile_bytes=[
                            bytearray(b'\x1e\xf3\x0f\xf3\x0f\xf3\r\xf3\r\xf3\x0c\xf3\x0e\xf0\x1e\xe1\xf8\t\xf8\x08\xf0\x00\xf0\x00\xf0\x00\xf2\x03\xf3\x03\xf1\x11'),
                            bytearray(b'\xc5\xfe\x02\xfc\x82\xfc\xdc\xe0\xb0\xc0@\xc0\xe8\xe0\x0e\xfc\x00\xe0\x00\xe6\x00`0(\x00p\x00\xc0\x10\xf8\x80\xfe'),
                            bytearray(b'\x1e\xe1\xff\x00\xfe\x01\xff\x03|\xc0p\xe0X\xf0\x88\xf8\xf1\x11\xe3\xe3\x03\x03\xc4G\xfc\x1c\xf0\x10\x88p\x00\x88'),
                            bytearray(b'\xf4\xf9\x9a\xfd\xf6\xf93\xfd~r\x00\x00\x00\x00\x00\x00\x02\x0f\x06\x07\x02\x0f\x0e\xce\x0ct\x00\x00\x00\x00\x00\x00'),
                        ], is_16bit=False, y_plus=0, y_minus=0, x=128, y=111),
                        Tile(mirror=False, invert=False, format=1, length=7, subtile_bytes=[
                            bytearray(b'\x02\x00\x02\x00\t\x00\x01\x01\x00\x01\x00\x01\x01\x00\x00\x00\x03\x00\x03\x00\x01\x00\x00\x01\x00\x01\x00\x01\x01\x00\x00\x00'),
                            bytearray(b'\x80h\x80(\xc2\x08"\x84a\x80\x80\x80\x80\x80\x00\x00\x97h\xd7(\xf7\x08{\xc4\x7f\x80\x1e\x00\x02\x00\x00\x00'),
                            None,
                            None,
                        ], is_16bit=False, y_plus=0, y_minus=0, x=112, y=127),
                        Tile(mirror=False, invert=False, format=1, length=5, subtile_bytes=[
                            bytearray(b'\x85\xf8D|\x00\x1c\x00\x0c\x00\x0c\x80\x00\x10\x00\x00\x00\x04\xc8\xc0$\xc0\x04\xc0\x04\x80\x04\x80\x00\x00\x00\x00\x00'),
                            None,
                            None,
                            None,
                        ], is_16bit=False, y_plus=0, y_minus=0, x=128, y=127),
                    ]
                ),
                Mold(13, gridplane=False,
                    tiles=[
                        Tile(mirror=False, invert=False, format=1, length=11, subtile_bytes=[
                            bytearray(b'\x00\x00\x00\x00\x00\x00\x00\x00\x0e\x00?\x00#\x1e`\x1f\x00\x00\x00\x00\x00\x00\x00\x00\x00\x0e\x00?\x01> \x7f'),
                            bytearray(b'\x00\x00\x00\x00\x00\x00\x00\x00\x0f\x00\xff\x00\xff\x00\xff\x80\x00\x00\x00\x00\x00\x00\x00\x00\x00\x0f\x00\xff\x00\xff\x00\xff'),
                            bytearray(b'\xfc\x07\xff\x03\xff\x03\xfe\x01>\x01>\x03\x1c\x03\x1d\x028\xf7<@|B\xfe\x81>\x00<\x00\x1c\x00\x1d\x00'),
                            bytearray(b"\x7f\xc0?\xe0\xdf\xf0O\xf8\'\xf87\xfc\xcb\xfe\xc7\x7f \xdf\x10\xef\x087\x04\xbb\x04[\x02M\x01\xf6\x80K"),
                        ], is_16bit=False, y_plus=0, y_minus=0, x=104, y=96),
                        Tile(mirror=False, invert=False, format=1, length=11, subtile_bytes=[
                            bytearray(b'\x1b\x00\x7f\x00\x7f\x00\xfd\x02\xfe\x01\xff\x00\xff\x00\xff\x00\x00\x1b%m/n?\xf2?\xc1\x7f\x80\x7f\x80\x7f\x80'),
                            bytearray(b'\x00\x00\x80\x00\xe0\x00\xe0\x00\xf0\x00p\x80\xb0\xc0\xb0\xc0\x00\x00\x00\x80\x00`\x00 @p\xc0\xf0 \xd0 \xd0'),
                            bytearray(b'\xff\x00\xff\x00\xff\x01\xff\x03\xfe\x07\xfc?\xf0\x0f\xfe\x01\x7f\x80\xff\x00\xfe\x01|\x83x\x87\x00\xfe\x00\xff\x86y'),
                            bytearray(b'\xb8\xc0\xbe\xec\xc6\xfas\xfd\xfb\xfd\xbd\xfem\xfe\xf1\x0e \xd8\x1c\xce\x06\xba\x03\x8d\x03\x05\x01b\x01\xf2\x93\x9e'),
                        ], is_16bit=False, y_plus=0, y_minus=0, x=120, y=96),
                        Tile(mirror=False, invert=False, format=1, length=5, subtile_bytes=[
                            None,
                            None,
                            bytearray(b'\x00\x00\x00\x00\x00\x00\x00\x00\x00\x00\x00\x00\xfc\xfc\xfe\x1e\x00\x00\x00\x00\x00\x00\x00\x00\x00\x00\x00\x00\xfc\xfc\xe2\x1e'),
                            None,
                        ], is_16bit=False, y_plus=0, y_minus=0, x=136, y=96),
                        Tile(mirror=False, invert=False, format=1, length=9, subtile_bytes=[
                            bytearray(b'\x0f\x00\x07\x03\x02\x03\x00\x00\x00\x00\x00\x00\x00\x00\x00\x00\x0f\x00\x04\x03\x00\x03\x00\x00\x00\x00\x00\x00\x00\x00\x00\x00'),
                            bytearray(b'\xc1\xff\x80\xff\x10\xef\x18\xc7\x9fC\xbf@\xff\x00\xc7 \x00\x8f\x00\x8f\x10\x8f\xa0\xbf\xe0\xffA~Po\xb8\xbf'),
                            None,
                            bytearray(b'`\x1fw\x08\x1f\x00!\x1dP=Z#\x06\x07\x01\x01\x1f\x1fxx\x1f/!\x16A&[$\x07\x00\x01\x00'),
                        ], is_16bit=False, y_plus=0, y_minus=0, x=104, y=112),
                        Tile(mirror=False, invert=False, format=1, length=11, subtile_bytes=[
                            bytearray(b'\xfb\xc0\x7f\xe4?\xe0\xff\xe0\xfe\x81\xfc\x03\xcc3\x1c\xe7%\xdf\x16\xee\x10\xec\x15\xedc\x9a\xcb87\xf4\xef\xe8'),
                            bytearray(b'\xff\x00\xff\x00\x9e`\xef\xf0\xf7\xf8\xf0\x9f\xf0\x8f`\xff\x01\x06EF\xe3\xe3\xf9\t\xfc\x04\xff\x01\x7f\x80\x0f\xf0'),
                            bytearray(b'x\x8f\xe8\x0f\x98\x1f\xfc\xff<\xdb,\xdf \xff\x00\xff\x8f\x80op\x9f\xe0\xff\x00\xe7\x10\xe3\x10\xe7\x00\xec\x13'),
                            bytearray(b'\x80\xffc\xff\x00\xff\x05\xfb\x04\xff\x0f\xff?\xff\xef\xf8\x0fq\x9c\x00\xfc\x04\xfc\x04\xfe\x02\xff\x01\xff\x07\xef\x18'),
                        ], is_16bit=False, y_plus=0, y_minus=0, x=120, y=112),
                        Tile(mirror=False, invert=False, format=1, length=7, subtile_bytes=[
                            bytearray(b'\xe3\x7f\xd9\xfe\x1d\xfe\xff\x1c\xdf \xef\x10\x97\x8a\xcd\xdf\x81\x7f\x01\xe6\x00\xe3\x00\xe3b\x7f\xf0\xff\x95z\xd0?'),
                            None,
                            bytearray(b'^\xdf\x14\xd44\xf5\xaf\xefB\xff \xfc\xb0|\xe0l\xd8\xb9\xd4\xfa4{,p\x00-\x00\x86\xf0\x02\xe0\x10'),
                            None,
                        ], is_16bit=False, y_plus=0, y_minus=0, x=136, y=112),
                        Tile(mirror=False, invert=False, format=1, length=7, subtile_bytes=[
                            bytearray(b'C~\r\x1a\x00\x13\x00\x01\x00\x00\x00\x00\x00\x00\x00\x00x\x04\x04\x16\x00\x12\x00\x01\x00\x00\x00\x00\x00\x00\x00\x00'),
                            bytearray(b'n\xb0\x0e\xf0F\xd0\x00\xc0\x00\x00\x00\x00\x00\x00\x00\x00O@O@\x07\x00\x03\x00\x00\x00\x00\x00\x00\x00\x00\x00'),
                            None,
                            None,
                        ], is_16bit=False, y_plus=0, y_minus=0, x=120, y=128),
                        Tile(mirror=False, invert=False, format=1, length=5, subtile_bytes=[
                            bytearray(b'\xc0\x04\x00\x04\x00\x00\x00\x00\x00\x00\x00\x00\x00\x00\x00\x00\xc00\xc0\x00@\x00\x00\x00\x00\x00\x00\x00\x00\x00\x00\x00'),
                            None,
                            None,
                            None,
                        ], is_16bit=False, y_plus=0, y_minus=0, x=136, y=128),
                    ]
                ),
                Mold(14, gridplane=False,
                    tiles=[
                        Tile(mirror=False, invert=False, format=1, length=7, subtile_bytes=[
                            bytearray(b'\xfc\x02\xfc\x02\xf8\x04\xf9\x04\xf0\x08\x00\x00\x00\x00\x00\x00\xfd\x03\xfd\x03\xfb\x07\xfb\x06\xf0\x08\x00\x00\x00\x00\x00\x00'),
                            bytearray(b'@\x00\x80\x00\x00\x00\x00\x00\x00\x00\x00\x00\x00\x00\x00\x00\xc0\x80\x80\x00\x00\x00\x00\x00\x00\x00\x00\x00\x00\x00\x00\x00'),
                            None,
                            None,
                        ], is_16bit=False, y_plus=0, y_minus=0, x=128, y=128),
                        Tile(mirror=False, invert=False, format=1, length=7, subtile_bytes=[
                            bytearray(b'\x1f\x00\x1f\x00\x07\x00\x00\x00\x00\x00\x00\x00\x00\x00\x00\x00\x1f\x00\x1f\x00\x07\x00\x00\x00\x00\x00\x00\x00\x00\x00\x00\x00'),
                            bytearray(b'\xb3@\x83@\x81@\x01\x00\x00\x00\x00\x00\x00\x00\x00\x00\x81r\x81B\x81@\x01\x00\x00\x00\x00\x00\x00\x00\x00\x00'),
                            None,
                            None,
                        ], is_16bit=False, y_plus=0, y_minus=0, x=112, y=128),
                        Tile(mirror=False, invert=False, format=1, length=11, subtile_bytes=[
                            bytearray(b'\xd3`\xf1UD\x85\x07\x87\x0f0\x8fp\x87x\x87x\x9f,\xbf\x1f\x7f\xbf\xff\xff\xce\xf1\x8e1\x07\x18\x07\x18'),
                            bytearray(b'\xe8`\xa8\xe0\xe8\xf0\xd0\xa8\xe4\x18\xe6\x18\xf7\x08\xf6\x08\xf8p\xe8\xf8\xf0\xf8\xb8\xf8\x1c\xf8\x1e\xf8\t\xfe\n\xfc'),
                            bytearray(b'\x07\xf8\x0f\xf0?\xc0o\x90k\x94\xfb\x04\xf0\x0e\xfc\x02\x07\x18\x0f0_@\xd7\xd0\xd6\xd5\xfe\r\xfd\x0f\xfd\x03'),
                            bytearray(b'\xf4\x08\xf4\x08\xe0\x18\xe8\x10\xe0\x10\xd8 D 8\x00\x0c\xf8\x0c\xf8\x18\xf8\x18\xf0\x10\xf0(\xf0\xbc\xf8\xf8\xc0'),
                        ], is_16bit=False, y_plus=0, y_minus=0, x=128, y=112),
                        Tile(mirror=False, invert=False, format=1, length=11, subtile_bytes=[
                            bytearray(b'\x01\x00\x19\x03\x01\x03\x00\x01\x01\x00\x01\x00\x07\x00\x0f\x0e\x01\x00\x08\n\x00\x02\x00\x01\x01\x00\x01\x00\x07\x00\x01\x00'),
                            bytearray(b'\xc9\x00h\xd0n\xf99\xff\xc3<O\xf0\x7f\xf0\xbf\xce\xffH/\x18\x06\x01\x00\xc6\xe7<\x89\x96\x00\x80\x00\x00'),
                            bytearray(b'o\x13\xafP\xa5Z\xbeA~\x01\x7f\x00?\x00?\x00tt\xd3\xd0]^~A~\x01\x7f\x00?\x00?\x00'),
                            bytearray(b'\xff\xa0^\xbd\xc0?\xf9>M\xbea\x9e?\xc0\xbf@\x00\x00\x00\x80\x81\x01\xc0\x00B\xb2c\x9f9\xc6\x81~'),
                        ], is_16bit=False, y_plus=0, y_minus=0, x=112, y=112),
                        Tile(mirror=False, invert=False, format=1, length=11, subtile_bytes=[
                            bytearray(b'\x00\x00\xcc\x00\x03\x00\x18\x00\xf1\xc0\xa2\x81\x04\x03\xf0\x01\x00\x00\xdc\x00\xff\x00\xe6\x1e\xfe\x0c\xbfA\xfd\x03\xbf\xa3'),
                            bytearray(b'\x00\x00"\x00&\x10$Z\xf0>\xb3|\x93\xfc\x88~\x00\x00\x00\x00\x12\x12&fBB\x80\x80\x83\x83\x82\xc6'),
                            bytearray(b'\xf8U\xff\x01\xd75\x9fQ\xe7\x19\xb5{5;\x087[W\xa796\xcc\xd6h\xee\x18\xc4\xca\xcc\xca\xd0\xff'),
                            bytearray(b'\x04\xfct\xac\xfc\xfc\xd8\xe0\x90\xe0\xb6\xcc4\xc8,\xd0\xfc\xfc\xbc\xbc||\x18 \x10`2@4\xc8<\xd0'),
                        ], is_16bit=False, y_plus=0, y_minus=0, x=128, y=96),
                        Tile(mirror=False, invert=False, format=1, length=11, subtile_bytes=[
                            bytearray(b'\x12\t\x0e\x05\x03?7\x0f\x05\x1e\x00\x0f\x01\x1e\x07\x1b\t\t\x01\x01  \x00\x00\x00\x00\x07\x07\x1f\x1f\x1f\x1f'),
                            bytearray(b'\x04\x08\x04\x18\x00\x1c\xa1\x04 \x87\x14\xc7\x1b\xff\x13\xfc\x04\x00\x04\x00\x00\x149\x04\xbf\x84\xdf\xc0\xc7\xe4\x00\xef'),
                            bytearray(b'\x0c\x1fl\x0b\x06\x01\x06\x01\x03\x00\x01\x00\x01\x00\xc0\x00\x1c\x1f,+\x06\x01\x06\x01\x03\x00\x01\x00\x01\x00@@'),
                            bytearray(b'%\xfe\xae\xff|\xff\x89~\x92\x0c\x03\x04\x00\x00&\x00\x01\x1a\x00\x01\x01\x83\xe1\xf6\xff\xed\xfe\xff\xff\xff\xff\xc1'),
                        ], is_16bit=False, y_plus=0, y_minus=0, x=112, y=96),
                    ]
                ),
                Mold(15, gridplane=False,
                    tiles=[
                        Tile(mirror=False, invert=False, format=1, length=11, subtile_bytes=[
                            bytearray(b'\x00\x00\x00\x00\x00\x10\x00\x18\x00\x1c\x01\x1f\x00\x0f\x00\x07\x00\x00\x00\x00\x00\x00\x00\x08\x00\x04\x01\x12\x00\t\x00\x04'),
                            bytearray(b'\x00\x00\x81\x00C\x00$\x00E\x80"\x80\x00\x80\x00\xc0 \x00\xbd\x00\xff\x00\xff\x03\xff\xa2\xff\x80\xff\x80\xff\x80'),
                            bytearray(b'\x0c\x03\x03\x0f\x07\x1f\x03\x1f\t\x1e\x0b\x1c\x03\x04\x07\x00\r\x03\x07\x0c\x0f\x18\x0f\x19\x03\x17\x02\x12\x06\x06\x04\x04'),
                            bytearray(b'\x00\xc0}\xe0\xff\xb0\xbf\xf8\xff\x00\xff\x00\xf0?\xc1\x7f\xff\x00\xff`\xff\xf0\xff\xf8\x03\x03\x00\x00\x7f@y\x0e'),
                        ], is_16bit=False, y_plus=0, y_minus=0, x=112, y=98),
                        Tile(mirror=False, invert=False, format=1, length=9, subtile_bytes=[
                            bytearray(b'@@\x80@\x80@\x00\xc0@\x00 \x00 \x00`\x00\x00\x00\x80@\x80@\x00\xc0\xc0\x00\xe0\x00\xe0\x00\xe0\x00'),
                            None,
                            bytearray(b's\x00\xfb\x0c\xfb<\xe7{\xfe\x03\xfc\x07\xe3\x1f#\xfd\xf0\x00\xff\x0f\xff?\xff|\xf7\xf4\x0f\t\xe7\xec\xe3\x00'),
                            bytearray(b'\x00\x00\x80\x00\xc0\x00\xe0\x00\x00\xf0\xd0\xe0x\xc0\x18\x10\x00\x00\x00\x00\x00\x00\xa0\xa0\x80\x90\x100\xb8\x98\x18\xe8'),
                        ], is_16bit=False, y_plus=0, y_minus=0, x=128, y=98),
                        Tile(mirror=False, invert=False, format=1, length=11, subtile_bytes=[
                            bytearray(b'\x03\x0c#<K|\xbd~\xb9~C\xbee\xd8\x04\xe3\x00\x0c\x00<\x00d\x00\xc2\x80\xc6\xa0\xfe\xde\xfax\xfe'),
                            bytearray(b'\xc0\x7f\x83~\x87}\x80\x7f\x80\x7f\xc0\x7f\xc0\x7f\xe2?\xf1\x9b\xf0\x93\xf3\x8c\xff\x80\xff\x80\x7f\x00\x7f\x00cD'),
                            bytearray(b'\xbaG\xc6\x0f\x07\x0f\x03\x0f\x08\x0f\x0b\x0f\x07\x07\x12\x1f\xe8X\xc0H\x00\x08\x00\x0c\x00\x0f\x00\x0f\x00\x04\x00\x07'),
                            bytearray(b"\xf3?\xef;\xdf\x17\xc7\x03\xb6@\xb8[b\xd9\xfe\xc1gD\'\x18\x17,C|\xc0\xff\xfe\xdf>\xfc2r"),
                        ], is_16bit=False, y_plus=0, y_minus=0, x=112, y=114),
                        Tile(mirror=False, invert=False, format=1, length=11, subtile_bytes=[
                            bytearray(b'\xa5\xf8\x97\xff\x8f\xff\x07\xff\x0f\xff\x1d\xff8\xff\xfa\xff\xe6\x13\xff\x08\xff\x00\xff\x00\xff\x00\xfc\x00\xfc\x04\xfc\x05'),
                            bytearray(b'\xc8\x08\x04\x00\x10\x0e\x0c\x1e\x06\x08\xa8\x88\xec\x88\\\xd8\x08\xf0\x04\xfc\x00\xfc\x00\xf0\x16\xf8\x1c\xfcX<<\xf8'),
                            bytearray(b'\xfc\xfc\xf0\xf0\xe1\xe0\x84\x83\x0c\x03\x18\x87\x15\xf3!\xc0\xfd\x03\xf0\x0f\xe0\x1f\x87{\x04\xfb\xa8\xf4<:>\x1f'),
                            bytearray(b'\xf8\xf8xpxp\xf4\xe0\xf0N\xf0N\x1f\xc0\x08\xc0\xf8\xf8\xf8\xf0\xf8\xf0\xec\xf8\xca~\xf0N\x7f`\xb8\xf0'),
                        ], is_16bit=False, y_plus=0, y_minus=0, x=128, y=114),
                        Tile(mirror=False, invert=False, format=1, length=7, subtile_bytes=[
                            bytearray(b'\x1d?|?N?s\x0f\x0e\x01\x01\x00\x00\x00\x00\x00\x00\x03\x00\x01\x000\x00|\x00\x0f\x00\x01\x00\x00\x00\x00'),
                            bytearray(b'\xae\xd1\xf9\xc6\xc7\xfe\xf7\xfc\x0f\xf8\xf8\x00\x00\x00\x00\x00:\xda?\xc7\x03?\x02\r\x00\xff\x00\xf8\x00\x00\x00\x00'),
                            None,
                            None,
                        ], is_16bit=False, y_plus=0, y_minus=0, x=112, y=130),
                        Tile(mirror=False, invert=False, format=1, length=7, subtile_bytes=[
                            bytearray(b"\x18\xc0a\x87\xf1\x07\xf2\x07\r\x0f\x07\x03\x00\x00\x00\x00\'\x7f||\x88\xfc\x08\xfc\x00\x0e\x04\x03\x00\x00\x00\x00"),
                            bytearray(b'\x88\x00\xf0\x800\xe0H\xf8\xd4\xfc\x1c\xf8\x00\x00\x00\x00\xf8x0\xc0\x10 \x008\x00\x0c\x04\xf8\x00\x00\x00\x00'),
                            None,
                            None,
                        ], is_16bit=False, y_plus=0, y_minus=0, x=128, y=130),
                    ]
                ),
                Mold(16, gridplane=False,
                    tiles=[
                        Tile(mirror=True, invert=False, format=1, length=7, subtile_bytes=[
                            bytearray(b'\xfd\x02\x7f\x00\x7f\x00\x1b\x00\x00\x00\x00\x00\x00\x00\x00\x00?\xf2/n%m\x00\x1b\x00\x00\x00\x00\x00\x00\x00\x00'),
                            bytearray(b'\xe0\x00\xe0\x00\x80\x00\x00\x00\x00\x00\x00\x00\x00\x00\x00\x00\x00 \x00`\x00\x80\x00\x00\x00\x00\x00\x00\x00\x00\x00\x00'),
                            None,
                            None,
                        ], is_16bit=False, y_plus=0, y_minus=0, x=116, y=132),
                        Tile(mirror=True, invert=False, format=1, length=5, subtile_bytes=[
                            bytearray(b'\xff\x1c\x1d\xfe\xd9\xfe\xe3\x7f\xfe\x1e\xfc\xfc\x00\x00\x00\x00\x00\xe3\x00\xe3\x01\xe6\x81\x7f\xe2\x1e\xfc\xfc\x00\x00\x00\x00'),
                            None,
                            None,
                            None,
                        ], is_16bit=False, y_plus=0, y_minus=0, x=100, y=116),
                        Tile(mirror=True, invert=False, format=1, length=11, subtile_bytes=[
                            bytearray(b'\xff\xe0?\xe0\x7f\xe4\xfb\xc0\xfe\x01\xf0\x0f\xfc?\xfe\x07\x15\xed\x10\xec\x16\xee%\xdf\x86y\x00\xff\x00\xfex\x87'),
                            bytearray(b'\xef\xf0\x9e`\xff\x00\xff\x00\xf1\x0em\xfe\xbd\xfe\xfb\xfd\xf9\t\xe3\xe3EF\x01\x06\x93\x9e\x01\xf2\x01b\x03\x05'),
                            bytearray(b'\xff\x03\xff\x01\xff\x00\xff\x00\xff\x00\xff\x00\xff\x00\xfe\x01|\x83\xfe\x01\xff\x00\x7f\x80\x7f\x80\x7f\x80\x7f\x80?\xc1'),
                            bytearray(b's\xfd\xc6\xfa\xbe\xec\xb8\xc0\xb0\xc0\xb0\xc0p\x80\xf0\x00\x03\x8d\x06\xba\x1c\xce \xd8 \xd0 \xd0\xc0\xf0@p'),
                        ], is_16bit=False, y_plus=0, y_minus=0, x=116, y=116),
                        Tile(mirror=True, invert=False, format=1, length=11, subtile_bytes=[
                            bytearray(b'\x00\x00\x02\x03\x07\x03\x0f\x00\x1d\x02\x1c\x03>\x03>\x01\x00\x00\x00\x03\x04\x03\x0f\x00\x1d\x00\x1c\x00<\x00>\x00'),
                            bytearray(b"\x18\xc7\x10\xef\x80\xff\xc1\xff\xc7\x7f\xcb\xfe7\xfc\'\xf8\xa0\xbf\x10\x8f\x00\x8f\x00\x8f\x80K\x01\xf6\x02M\x04["),
                            bytearray(b'\xfe\x01\xff\x03\xff\x03\xfc\x07`\x1f#\x1e?\x00\x0e\x00\xfe\x81|B<@8\xf7 \x7f\x01>\x00?\x00\x0e'),
                            bytearray(b'O\xf8\xdf\xf0?\xe0\x7f\xc0\xff\x80\xff\x00\xff\x00\x0f\x00\x04\xbb\x087\x10\xef \xdf\x00\xff\x00\xff\x00\xff\x00\x0f'),
                        ], is_16bit=False, y_plus=0, y_minus=0, x=132, y=116),
                        Tile(mirror=True, invert=False, format=1, length=11, subtile_bytes=[
                            bytearray(b'\x00\xc0F\xd0\x0e\xf0n\xb0\xef\xf8?\xff\x0f\xff\x04\xff\x03\x00\x07\x00O@O@\xef\x18\xff\x07\xff\x01\xfe\x02'),
                            bytearray(b'\x00\x00\x00\x00\x00\x04\xc0\x04\xe0l\xb0| \xfcB\xff\x00\x00@\x00\xc0\x00\xc00\xe0\x10\xf0\x02\x00\x86\x00-'),
                            bytearray(b'\x05\xfb\x00\xffc\xff\x80\xff`\xff\xf0\x8f\xf0\x9f\xf7\xf8\xfc\x04\xfc\x04\x9c\x00\x0fq\x0f\xf0\x7f\x80\xff\x01\xfc\x04'),
                            bytearray(b'\xaf\xef4\xf5\x14\xd4^\xdf\xcd\xdf\x97\x8a\xef\x10\xdf ,p4{\xd4\xfa\xd8\xb9\xd0?\x95z\xf0\xffb\x7f'),
                        ], is_16bit=False, y_plus=0, y_minus=0, x=108, y=100),
                        Tile(mirror=True, invert=False, format=1, length=11, subtile_bytes=[
                            bytearray(b'\x00\x00\x00\x00\x00\x00\x00\x00\x01\x01\x06\x07Z#P=\x00\x00\x00\x00\x00\x00\x00\x00\x01\x00\x07\x00[$A&'),
                            bytearray(b'\x00\x01\x00\x13\r\x1aC~\x00\xff \xff,\xdf<\xdb\x00\x01\x00\x12\x04\x16x\x04\xec\x13\xe7\x00\xe3\x10\xe7\x10'),
                            bytearray(b'!\x1d\x1f\x00w\x08`\x1f\xc7 \xff\x00\xbf@\x9fC!\x16\x1f/xx\x1f\x1f\xb8\xbfPoA~\xe0\xff'),
                            bytearray(b'\xfc\xff\x98\x1f\xe8\x0fx\x8f\x1c\xe7\xcc3\xfc\x03\xfe\x81\xff\x00\x9f\xe0op\x8f\x80\xef\xe87\xf4\xcb8c\x9a'),
                        ], is_16bit=False, y_plus=0, y_minus=0, x=124, y=100),
                    ]
                ),
                Mold(17, gridplane=False,
                    tiles=[
                        Tile(mirror=True, invert=True, format=1, length=7, subtile_bytes=[
                            bytearray(b'\xfc\x02\xfc\x02\xf8\x04\xf9\x04\xf0\x08\x00\x00\x00\x00\x00\x00\xfd\x03\xfd\x03\xfb\x07\xfb\x06\xf0\x08\x00\x00\x00\x00\x00\x00'),
                            bytearray(b'@\x00\x80\x00\x00\x00\x00\x00\x00\x00\x00\x00\x00\x00\x00\x00\xc0\x80\x80\x00\x00\x00\x00\x00\x00\x00\x00\x00\x00\x00\x00\x00'),
                            None,
                            None,
                        ], is_16bit=False, y_plus=0, y_minus=0, x=112, y=88),
                        Tile(mirror=True, invert=True, format=1, length=7, subtile_bytes=[
                            bytearray(b'\x1f\x00\x1f\x00\x07\x00\x00\x00\x00\x00\x00\x00\x00\x00\x00\x00\x1f\x00\x1f\x00\x07\x00\x00\x00\x00\x00\x00\x00\x00\x00\x00\x00'),
                            bytearray(b'\xb3@\x83@\x81@\x01\x00\x00\x00\x00\x00\x00\x00\x00\x00\x81r\x81B\x81@\x01\x00\x00\x00\x00\x00\x00\x00\x00\x00'),
                            None,
                            None,
                        ], is_16bit=False, y_plus=0, y_minus=0, x=128, y=88),
                        Tile(mirror=True, invert=True, format=1, length=11, subtile_bytes=[
                            bytearray(b'\xd3`\xf1UD\x85\x07\x87\x0f0\x8fp\x87x\x87x\x9f,\xbf\x1f\x7f\xbf\xff\xff\xce\xf1\x8e1\x07\x18\x07\x18'),
                            bytearray(b'\xe8`\xa8\xe0\xe8\xf0\xd0\xa8\xe4\x18\xe6\x18\xf7\x08\xf6\x08\xf8p\xe8\xf8\xf0\xf8\xb8\xf8\x1c\xf8\x1e\xf8\t\xfe\n\xfc'),
                            bytearray(b'\x07\xf8\x0f\xf0?\xc0o\x90k\x94\xfb\x04\xf0\x0e\xfc\x02\x07\x18\x0f0_@\xd7\xd0\xd6\xd5\xfe\r\xfd\x0f\xfd\x03'),
                            bytearray(b'\xf4\x08\xf4\x08\xe0\x18\xe8\x10\xe0\x10\xd8 D 8\x00\x0c\xf8\x0c\xf8\x18\xf8\x18\xf0\x10\xf0(\xf0\xbc\xf8\xf8\xc0'),
                        ], is_16bit=False, y_plus=0, y_minus=0, x=112, y=104),
                        Tile(mirror=True, invert=True, format=1, length=11, subtile_bytes=[
                            bytearray(b'\x01\x00\x19\x03\x01\x03\x00\x01\x01\x00\x01\x00\x07\x00\x0f\x0e\x01\x00\x08\n\x00\x02\x00\x01\x01\x00\x01\x00\x07\x00\x01\x00'),
                            bytearray(b'\xc9\x00h\xd0n\xf99\xff\xc3<O\xf0\x7f\xf0\xbf\xce\xffH/\x18\x06\x01\x00\xc6\xe7<\x89\x96\x00\x80\x00\x00'),
                            bytearray(b'o\x13\xafP\xa5Z\xbeA~\x01\x7f\x00?\x00?\x00tt\xd3\xd0]^~A~\x01\x7f\x00?\x00?\x00'),
                            bytearray(b'\xff\xa0^\xbd\xc0?\xf9>M\xbea\x9e?\xc0\xbf@\x00\x00\x00\x80\x81\x01\xc0\x00B\xb2c\x9f9\xc6\x81~'),
                        ], is_16bit=False, y_plus=0, y_minus=0, x=128, y=104),
                        Tile(mirror=True, invert=True, format=1, length=11, subtile_bytes=[
                            bytearray(b'\x00\x00\xcc\x00\x03\x00\x18\x00\xf1\xc0\xa2\x81\x04\x03\xf0\x01\x00\x00\xdc\x00\xff\x00\xe6\x1e\xfe\x0c\xbfA\xfd\x03\xbf\xa3'),
                            bytearray(b'\x00\x00"\x00&\x10$Z\xf0>\xb3|\x93\xfc\x88~\x00\x00\x00\x00\x12\x12&fBB\x80\x80\x83\x83\x82\xc6'),
                            bytearray(b'\xf8U\xff\x01\xd75\x9fQ\xe7\x19\xb5{5;\x087[W\xa796\xcc\xd6h\xee\x18\xc4\xca\xcc\xca\xd0\xff'),
                            bytearray(b'\x04\xfct\xac\xfc\xfc\xd8\xe0\x90\xe0\xb6\xcc4\xc8,\xd0\xfc\xfc\xbc\xbc||\x18 \x10`2@4\xc8<\xd0'),
                        ], is_16bit=False, y_plus=0, y_minus=0, x=112, y=120),
                        Tile(mirror=True, invert=True, format=1, length=11, subtile_bytes=[
                            bytearray(b'\x12\t\x0e\x05\x03?7\x0f\x05\x1e\x00\x0f\x01\x1e\x07\x1b\t\t\x01\x01  \x00\x00\x00\x00\x07\x07\x1f\x1f\x1f\x1f'),
                            bytearray(b'\x04\x08\x04\x18\x00\x1c\xa1\x04 \x87\x14\xc7\x1b\xff\x13\xfc\x04\x00\x04\x00\x00\x149\x04\xbf\x84\xdf\xc0\xc7\xe4\x00\xef'),
                            bytearray(b'\x0c\x1fl\x0b\x06\x01\x06\x01\x03\x00\x01\x00\x01\x00\xc0\x00\x1c\x1f,+\x06\x01\x06\x01\x03\x00\x01\x00\x01\x00@@'),
                            bytearray(b'%\xfe\xae\xff|\xff\x89~\x92\x0c\x03\x04\x00\x00&\x00\x01\x1a\x00\x01\x01\x83\xe1\xf6\xff\xed\xfe\xff\xff\xff\xff\xc1'),
                        ], is_16bit=False, y_plus=0, y_minus=0, x=128, y=120),
                    ]
                ),
                Mold(18, gridplane=False,
                    tiles=[
                        Tile(mirror=True, invert=True, format=1, length=7, subtile_bytes=[
                            bytearray(b'\xbe\xff\xa4\xff\xc7\xffL\x7f\x7f;?0\x0f\x00\x00\x00\x00\x01\x00\x1b\x00>\x00\x7fD;\x0f0\x00\x0f\x00\x00'),
                            bytearray(b'\x15\xfb\xd9\xff\xbc\xfb{\xe0\xc7\x00\x1f\x00\xf0\x00\x00\x00f\xea\x04&\x07{\x1c\xe7\xf8?\xe0\xff\x00\xf0\x00\x00'),
                            None,
                            None,
                        ], is_16bit=False, y_plus=0, y_minus=0, x=132, y=94),
                        Tile(mirror=True, invert=True, format=1, length=5, subtile_bytes=[
                            bytearray(b'\x7f\x06\x7f\x04\x7f\x00\xff\x00\xde\x00\x00\x00\x00\x00\x00\x00\x99\xe6\x9b\xe4\x8f\xf0\x07\xf8\x00\xde\x00\x00\x00\x00\x00\x00'),
                            None,
                            None,
                            None,
                        ], is_16bit=False, y_plus=0, y_minus=0, x=100, y=102),
                        Tile(mirror=True, invert=True, format=1, length=11, subtile_bytes=[
                            bytearray(b'w\x89`\x98\xc4\x18\xfc\xbc||\x98\x98\x85\x99o\xd0C<.\xdf\xbb\x7f\xbf\xff\xfc\xff\xf8\xff\xfd\xfe\xd8\xf8'),
                            bytearray(b'\x8c\x80\x1c\x00\x18\x00<\x04?\x00\x7f\x00\xfc\x00\xfc\x00\x87w\x17\xf3\x07\xe7/\xef\x00\xcf@\xdf\x80\x9c8\x04'),
                            bytearray(b"o\x90\x7f\x80\xff\x00\xf0\x0f\xd9\'\xe7\x1f\xff\x00\x1f\x00\x18\xf8\x85\xfd\x00\xff\x01\xff(\xef\x18\xff\x07\xf4\x00\x1f"),
                            bytearray(b'\xf6<\xe2<\x82|F\xbc\x1c\xf8\x98\xe0\xb0@\xc0\x00@~\xc0\xbe@\xfe\xe0\xfe\xe0\xfc`\xf8\xc0p\x00\xc0'),
                        ], is_16bit=False, y_plus=0, y_minus=0, x=116, y=102),
                        Tile(mirror=True, invert=True, format=1, length=9, subtile_bytes=[
                            bytearray(b'\x00\x00\x00\x00\x04\x08\x00\x0c\x02\x0f\t\x0e\x0b\x07\x05\x02\x00\x00\x00\x00\x04\x04\x00\x00\x00\x00\x01\x01\x08\x08\x05\x07'),
                            None,
                            bytearray(b'\x07\x01\x12\x01\x02\x01\x08\x03\x17\t\x07?\x18\x7f~\xff\x1f\x02\x1f\x00\x0f\x00\x0f\x02\x1f\x10\x0f0\x03d\x00\x81'),
                            bytearray(b'\x0c\xff\x0c\xffL\xf3a\xc0\xcf\x80^\x068\xfe1\xfc\xfe\x02\xfc\x02\xff\x03\xfe\x01\xfe\x01~\x87\xfe\x01\xfd\x02'),
                        ], is_16bit=False, y_plus=0, y_minus=0, x=132, y=110),
                        Tile(mirror=True, invert=True, format=1, length=9, subtile_bytes=[
                            bytearray(b'\x00\x00\x00\x00\x80\x00 \x00\xf8\x80>\xe1\x15\xee\x13\xfc\x00\x00\x00\x00\x80\x00\xc0\xe0\x80x\xe6\x19\xf1\x18\xf3\x00'),
                            None,
                            bytearray(b'\x13\xff\x07\xf0\x07\xfc/\xf4\x17\xe4\xe7\xe4\xc7\xc0\xc6\xc8\xf8\x0f\xf7\x0b\xcfO\xc6^\xde.\xee\x1e\xcd=\xcb;'),
                            bytearray(b'\xe0\xe08\xf8\xb0x\xe4<\xf4<\xfa\x1e\xbb\x0e\x7f\x0e\x00\xe0\x00\xc8\x80\xc8@|@|\xe0\xdeq\xce\xb1\xce'),
                        ], is_16bit=False, y_plus=0, y_minus=0, x=108, y=118),
                        Tile(mirror=True, invert=True, format=1, length=11, subtile_bytes=[
                            bytearray(b'\x00\x01\x00\x01\x00\x01\x00\x01\x04\xc3\x00\xff@\x7f`\x1f\x00\x00\x00\x00\x00\x00\x01\x01\x07\x04\x0f\x00\x0f\x00\x7f`'),
                            bytearray(b'\x02\x03\x06\x87\x02\x8f\x83~\x00\xe7\x00\xef@\xff\xe0\xff\x01\x01\x01\x81\x01\t\xf1\xc8\xa7^\xaf\xb0?\xb0\x1f\x10'),
                            bytearray(b'`9BqFA\x9e\x00\x9a\x00]\x00Q\x05\xf7\x84\x7f@\x7f\x00\x7f\x00\xf9\x86\xff\x84\xf7\x08\xf7\r\xe7\x18'),
                            bytearray(b'\x00\xff\x00\xff\x00\xff\x00\x1f\xc0\x1f\xc0\x0f3\xc7\x1d\xcf\xff\x00\xff\x00\xff\x00\xff\x00\x7f\xa0\xff \x0f\xf0cr'),
                        ], is_16bit=False, y_plus=0, y_minus=0, x=124, y=118),
                    ]
                ),
                Mold(19, gridplane=False,
                    tiles=[
                        Tile(mirror=True, invert=False, format=1, length=5, subtile_bytes=[
                            bytearray(b'\x00\x80\x00\x80\x00\x00\x00\x00\x00\x00\x00\x00\x00\x00\x00\x00\x00\x00\x00\x80\x00\x00\x00\x00\x00\x00\x00\x00\x00\x00\x00\x00'),
                            None,
                            None,
                            None,
                        ], is_16bit=False, y_plus=0, y_minus=0, x=112, y=130),
                        Tile(mirror=True, invert=False, format=1, length=7, subtile_bytes=[
                            bytearray(b'\x01\x01\x01\x00\x01\x00\x01\x01\x01\x01\x02\x03\x03\x03\x00\x03\x00\x00\x01\x00\x01\x00\x00\x01\x00\x01\x00\x03\x00\x02\x00\x03'),
                            bytearray(b'g\x80\xb4\x00\x94`\xf8\xe0\xf0\xe0\xd0\xe0\xa0\xc0@\x80\xff\x98l\xd8\x9ch\x18\x00\x10\x00\x10  @@\x80'),
                            None,
                            None,
                        ], is_16bit=False, y_plus=0, y_minus=0, x=128, y=130),
                        Tile(mirror=True, invert=False, format=1, length=11, subtile_bytes=[
                            bytearray(b'\x0e\xf0\x0c\xf3\r\xf3\r\xf3\x0f\xf3\x0f\xf3\x1e\xf3\xbf\xf3\xf3\x03\xf2\x03\xf0\x00\xf0\x00\xf0\x00\xf8\x08\xf8\t\xfcO'),
                            bytearray(b'\xe8\xe0@\xc0\xb0\xc0\xdc\xe0\x82\xfc\x02\xfc\xc5\xfe\x8f\xfe\x10\xf8\x00\xc0\x00p0(\x00`\x00\xe6\x00\xe0\x00\xe0'),
                            bytearray(b'\x1f\xf9\x0e\xe1\xafC\xde\x81\xb6\x81\xae\xc1\xaf\xc3@\x80\x1e\xa7"\xbf0\x9f\xe2\xbd\xea\xdd2],C@\x00'),
                            bytearray(b'K\xfc\xd4\xf8\xe0\xf8\xc0\xf0\x00\xe0`\xe0\x80\x80\x00\x00\x00\xc7\x04\xcc\x00\x98\x000\x00\xe0\x00\xe0\x00\x80\x00\x00'),
                        ], is_16bit=False, y_plus=0, y_minus=0, x=112, y=114),
                        Tile(mirror=True, invert=False, format=1, length=11, subtile_bytes=[
                            bytearray(b'\xc9~|\x1f\x00\x07\xf8\x07*\xc9\x9d\xfd\xf0\x1040\x8f\x01|\x02d|\xc0<?\xdd\x1d~\xf8\x1f8?'),
                            bytearray(b'\xc0?\x00\xff\x0c\xffP\xff\xec\xeb\xe4\xe7\xcc\xcf??\xff\xc0\xf9\x89p\x80\xf8\x89\xef\x1a\xff\x18\xcf0?\xc0'),
                            bytearray(b';?\x10\x17\x10\x17\x07\x05\x03\x03\x00\x00\x01\x00\x00\x01=<\x18\x18\x18\x19;9??\x01\x01\x01\x00\x00\x01'),
                            bytearray(b'\x0f\x0f\x00\x00\xc0\x00\x99\x81\xf1\xf1\x7f~@\x81@\x81\x0f\xf0\x00\xff\x01\xff\xe1\xff\xff\xff\xff\xfe\xfe\xbf>\xff'),
                        ], is_16bit=False, y_plus=0, y_minus=0, x=128, y=114),
                        Tile(mirror=True, invert=False, format=1, length=9, subtile_bytes=[
                            bytearray(b'\x10\x00\x80\x00\x00\x0c\x00\x0c\x00\x1cD|\x85\xf8\x88\xf8\x00\x00\x80\x00\x80\x04\xc0\x04\xc0\x04\xc0$\x04\xc8\x00\x88'),
                            None,
                            bytearray(b'X\xf0p\xe0|\xc0\xff\x03\xfe\x01\xff\x00\x1e\xe1\x1e\xe1\x88p\xf0\x10\xfc\x1c\xc4G\x03\x03\xe3\xe3\xf1\x11\xf1\x11'),
                            bytearray(b'\x00\x00\x00\x00~r3\xfd\xf6\xf9\x9a\xfd\xf4\xf9\x0e\xfc\x00\x00\x00\x00\x0ct\x0e\xce\x02\x0f\x06\x07\x02\x0f\x80\xfe'),
                        ], is_16bit=False, y_plus=0, y_minus=0, x=112, y=98),
                        Tile(mirror=True, invert=False, format=1, length=11, subtile_bytes=[
                            bytearray(b'\x01\x00\x00\x01\x00\x01\x01\x01\t\x00\x02\x00\x02\x00\x01\x00\x01\x00\x00\x01\x00\x01\x00\x01\x01\x00\x03\x00\x03\x00\x03\x00'),
                            bytearray(b'\x80\x80\x80\x80a\x80"\x84\xc2\x08\x80(\x80h\x00\xc9\x02\x00\x1e\x00\x7f\x80{\xc4\xf7\x08\xd7(\x97h7\xc8'),
                            bytearray(b"\x03\x00\x05\x00\x1d\x08\'\x00\x05\x00C\x00\x0b8A\xfc\x03\x00\x07\x00\x0f\x10\x01>\x03>\x01~(w\r\x82"),
                            bytearray(b'\x00\x91"\x91D\x83G\x00G\x00\x07\x00\xfeA\xf8\x07o\x90o\x90\x7f\x80\xfb\x05\xfc\x08\xf5M\xf3R\xef\xa8'),
                        ], is_16bit=False, y_plus=0, y_minus=0, x=128, y=98),
                    ]
                ),
                Mold(20, gridplane=False,
                    tiles=[
                        Tile(mirror=False, invert=False, format=1, length=7, subtile_bytes=[
                            bytearray(b'\xfc\x02\xfc\x02\xf8\x04\xf9\x04\xf0\x08\x00\x00\x00\x00\x00\x00\xfd\x03\xfd\x03\xfb\x07\xfb\x06\xf0\x08\x00\x00\x00\x00\x00\x00'),
                            bytearray(b'@\x00\x80\x00\x00\x00\x00\x00\x00\x00\x00\x00\x00\x00\x00\x00\xc0\x80\x80\x00\x00\x00\x00\x00\x00\x00\x00\x00\x00\x00\x00\x00'),
                            None,
                            None,
                        ], is_16bit=False, y_plus=0, y_minus=0, x=128, y=122),
                        Tile(mirror=False, invert=False, format=1, length=7, subtile_bytes=[
                            bytearray(b'\x1f\x00\x1f\x00\x07\x00\x00\x00\x00\x00\x00\x00\x00\x00\x00\x00\x1f\x00\x1f\x00\x07\x00\x00\x00\x00\x00\x00\x00\x00\x00\x00\x00'),
                            bytearray(b'\xb3@\x83@\x81@\x01\x00\x00\x00\x00\x00\x00\x00\x00\x00\x81r\x81B\x81@\x01\x00\x00\x00\x00\x00\x00\x00\x00\x00'),
                            None,
                            None,
                        ], is_16bit=False, y_plus=0, y_minus=0, x=112, y=122),
                        Tile(mirror=False, invert=False, format=1, length=11, subtile_bytes=[
                            bytearray(b'\xd3`\xf1UD\x85\x07\x87\x0f0\x8fp\x87x\x87x\x9f,\xbf\x1f\x7f\xbf\xff\xff\xce\xf1\x8e1\x07\x18\x07\x18'),
                            bytearray(b'\xe8`\xa8\xe0\xe8\xf0\xd0\xa8\xe4\x18\xe6\x18\xf7\x08\xf6\x08\xf8p\xe8\xf8\xf0\xf8\xb8\xf8\x1c\xf8\x1e\xf8\t\xfe\n\xfc'),
                            bytearray(b'\x07\xf8\x0f\xf0?\xc0o\x90k\x94\xfb\x04\xf0\x0e\xfc\x02\x07\x18\x0f0_@\xd7\xd0\xd6\xd5\xfe\r\xfd\x0f\xfd\x03'),
                            bytearray(b'\xf4\x08\xf4\x08\xe0\x18\xe8\x10\xe0\x10\xd8 D 8\x00\x0c\xf8\x0c\xf8\x18\xf8\x18\xf0\x10\xf0(\xf0\xbc\xf8\xf8\xc0'),
                        ], is_16bit=False, y_plus=0, y_minus=0, x=128, y=106),
                        Tile(mirror=False, invert=False, format=1, length=11, subtile_bytes=[
                            bytearray(b'\x01\x00\x19\x03\x01\x03\x00\x01\x01\x00\x01\x00\x07\x00\x0f\x0e\x01\x00\x08\n\x00\x02\x00\x01\x01\x00\x01\x00\x07\x00\x01\x00'),
                            bytearray(b'\xc9\x00h\xd0n\xf99\xff\xc3<O\xf0\x7f\xf0\xbf\xce\xffH/\x18\x06\x01\x00\xc6\xe7<\x89\x96\x00\x80\x00\x00'),
                            bytearray(b'o\x13\xafP\xa5Z\xbeA~\x01\x7f\x00?\x00?\x00tt\xd3\xd0]^~A~\x01\x7f\x00?\x00?\x00'),
                            bytearray(b'\xff\xa0^\xbd\xc0?\xf9>M\xbea\x9e?\xc0\xbf@\x00\x00\x00\x80\x81\x01\xc0\x00B\xb2c\x9f9\xc6\x81~'),
                        ], is_16bit=False, y_plus=0, y_minus=0, x=112, y=106),
                        Tile(mirror=False, invert=False, format=1, length=11, subtile_bytes=[
                            bytearray(b'\x00\x00\xcc\x00\x03\x00\x18\x00\xf1\xc0\xa2\x81\x04\x03\xf0\x01\x00\x00\xdc\x00\xff\x00\xe6\x1e\xfe\x0c\xbfA\xfd\x03\xbf\xa3'),
                            bytearray(b'\x00\x00"\x00&\x10$Z\xf0>\xb3|\x93\xfc\x88~\x00\x00\x00\x00\x12\x12&fBB\x80\x80\x83\x83\x82\xc6'),
                            bytearray(b'\xf8U\xff\x01\xd75\x9fQ\xe7\x19\xb5{5;\x087[W\xa796\xcc\xd6h\xee\x18\xc4\xca\xcc\xca\xd0\xff'),
                            bytearray(b'\x04\xfct\xac\xfc\xfc\xd8\xe0\x90\xe0\xb6\xcc4\xc8,\xd0\xfc\xfc\xbc\xbc||\x18 \x10`2@4\xc8<\xd0'),
                        ], is_16bit=False, y_plus=0, y_minus=0, x=128, y=90),
                        Tile(mirror=False, invert=False, format=1, length=11, subtile_bytes=[
                            bytearray(b'\x12\t\x0e\x05\x03?7\x0f\x05\x1e\x00\x0f\x01\x1e\x07\x1b\t\t\x01\x01  \x00\x00\x00\x00\x07\x07\x1f\x1f\x1f\x1f'),
                            bytearray(b'\x04\x08\x04\x18\x00\x1c\xa1\x04 \x87\x14\xc7\x1b\xff\x13\xfc\x04\x00\x04\x00\x00\x149\x04\xbf\x84\xdf\xc0\xc7\xe4\x00\xef'),
                            bytearray(b'\x0c\x1fl\x0b\x06\x01\x06\x01\x03\x00\x01\x00\x01\x00\xc0\x00\x1c\x1f,+\x06\x01\x06\x01\x03\x00\x01\x00\x01\x00@@'),
                            bytearray(b'%\xfe\xae\xff|\xff\x89~\x92\x0c\x03\x04\x00\x00&\x00\x01\x1a\x00\x01\x01\x83\xe1\xf6\xff\xed\xfe\xff\xff\xff\xff\xc1'),
                        ], is_16bit=False, y_plus=0, y_minus=0, x=112, y=90),
                    ]
                ),
                Mold(21, gridplane=False,
                    tiles=[
                        Tile(mirror=True, invert=False, format=1, length=5, subtile_bytes=[
                            bytearray(b'\x00\x80\x00\x80\x00\x00\x00\x00\x00\x00\x00\x00\x00\x00\x00\x00\x00\x00\x00\x80\x00\x00\x00\x00\x00\x00\x00\x00\x00\x00\x00\x00'),
                            None,
                            None,
                            None,
                        ], is_16bit=False, y_plus=0, y_minus=0, x=112, y=130),
                        Tile(mirror=True, invert=False, format=1, length=7, subtile_bytes=[
                            bytearray(b'\x01\x01\x01\x00\x01\x00\x01\x01\x01\x01\x02\x03\x03\x03\x00\x03\x00\x00\x01\x00\x01\x00\x00\x01\x00\x01\x00\x03\x00\x02\x00\x03'),
                            bytearray(b'g\x80\xb4\x00\x94`\xf8\xe0\xf0\xe0\xd0\xe0\xa0\xc0@\x80\xff\x98l\xd8\x9ch\x18\x00\x10\x00\x10  @@\x80'),
                            None,
                            None,
                        ], is_16bit=False, y_plus=0, y_minus=0, x=128, y=130),
                        Tile(mirror=True, invert=False, format=1, length=11, subtile_bytes=[
                            bytearray(b'\x0e\xf0\x0c\xf3\r\xf3\r\xf3\x0f\xf3\x0f\xf3\x1e\xf3\xbf\xf3\xf3\x03\xf2\x03\xf0\x00\xf0\x00\xf0\x00\xf8\x08\xf8\t\xfcO'),
                            bytearray(b'\xe8\xe0@\xc0\xb0\xc0\xdc\xe0\x82\xfc\x02\xfc\xc5\xfe\x8f\xfe\x10\xf8\x00\xc0\x00p0(\x00`\x00\xe6\x00\xe0\x00\xe0'),
                            bytearray(b'\x1f\xf9\x0e\xe1\xafC\xde\x81\xb6\x81\xae\xc1\xaf\xc3@\x80\x1e\xa7"\xbf0\x9f\xe2\xbd\xea\xdd2],C@\x00'),
                            bytearray(b'K\xfc\xd4\xf8\xe0\xf8\xc0\xf0\x00\xe0`\xe0\x80\x80\x00\x00\x00\xc7\x04\xcc\x00\x98\x000\x00\xe0\x00\xe0\x00\x80\x00\x00'),
                        ], is_16bit=False, y_plus=0, y_minus=0, x=112, y=114),
                        Tile(mirror=True, invert=False, format=1, length=11, subtile_bytes=[
                            bytearray(b'\xc9~|\x1f\x00\x07\xf8\x07*\xc9\x9d\xfd\xf0\x1040\x8f\x01|\x02d|\xc0<?\xdd\x1d~\xf8\x1f8?'),
                            bytearray(b'\xc0?\x00\xff\x0c\xffP\xff\xec\xeb\xe4\xe7\xcc\xcf??\xff\xc0\xf9\x89p\x80\xf8\x89\xef\x1a\xff\x18\xcf0?\xc0'),
                            bytearray(b';?\x10\x17\x10\x17\x07\x05\x03\x03\x00\x00\x01\x00\x00\x01=<\x18\x18\x18\x19;9??\x01\x01\x01\x00\x00\x01'),
                            bytearray(b'\x0f\x0f\x00\x00\xc0\x00\x99\x81\xf1\xf1\x7f~@\x81@\x81\x0f\xf0\x00\xff\x01\xff\xe1\xff\xff\xff\xff\xfe\xfe\xbf>\xff'),
                        ], is_16bit=False, y_plus=0, y_minus=0, x=128, y=114),
                        Tile(mirror=True, invert=False, format=1, length=9, subtile_bytes=[
                            bytearray(b'\x10\x00\x80\x00\x00\x0c\x00\x0c\x00\x1cD|\x85\xf8\x88\xf8\x00\x00\x80\x00\x80\x04\xc0\x04\xc0\x04\xc0$\x04\xc8\x00\x88'),
                            None,
                            bytearray(b'X\xf0p\xe0|\xc0\xff\x03\xfe\x01\xff\x00\x1e\xe1\x1e\xe1\x88p\xf0\x10\xfc\x1c\xc4G\x03\x03\xe3\xe3\xf1\x11\xf1\x11'),
                            bytearray(b'\x00\x00\x00\x00~r3\xfd\xf6\xf9\x9a\xfd\xf4\xf9\x0e\xfc\x00\x00\x00\x00\x0ct\x0e\xce\x02\x0f\x06\x07\x02\x0f\x80\xfe'),
                        ], is_16bit=False, y_plus=0, y_minus=0, x=112, y=98),
                        Tile(mirror=True, invert=False, format=1, length=11, subtile_bytes=[
                            bytearray(b'\x01\x00\x00\x01\x00\x01\x01\x01\t\x00\x02\x00\x02\x00\x01\x00\x01\x00\x00\x01\x00\x01\x00\x01\x01\x00\x03\x00\x03\x00\x03\x00'),
                            bytearray(b'\x80\x80\x80\x80a\x80"\x84\xc2\x08\x80(\x80h\x00\xc9\x02\x00\x1e\x00\x7f\x80{\xc4\xf7\x08\xd7(\x97h7\xc8'),
                            bytearray(b"\x03\x00\x05\x00\x1d\x08\'\x00\x05\x00C\x00\x0b8A\xfc\x03\x00\x07\x00\x0f\x10\x01>\x03>\x01~(w\r\x82"),
                            bytearray(b'\x00\x91"\x91D\x83G\x00G\x00\x07\x00\xfeA\xf8\x07o\x90o\x90\x7f\x80\xfb\x05\xfc\x08\xf5M\xf3R\xef\xa8'),
                        ], is_16bit=False, y_plus=0, y_minus=0, x=128, y=98),
                    ]
                ),
                Mold(22, gridplane=False,
                    tiles=[
                        Tile(mirror=False, invert=False, format=1, length=11, subtile_bytes=[
                            bytearray(b'\x01\x01\x00\x03\x00\x03\x00\x03\x00\x01\x00\x01\x00\x00\x00\x01\x00\x00\x00\x02\x00\x02\x00\x02\x02\x00\x02\x01\x07\x00\x02\x01'),
                            bytearray(b'\x00\x00\x81\x02\x83\x04J\x84\xc9\xc0%\xe1F\xfe\xe2|\x03\x00\x8d\x02\x9b\x04[\x85>\x03=B\xfe\x81\xff\x00'),
                            bytearray(b'\x02\x00\x03\x04\x03\x04\x0f\x05\x07\x08\x1f\x0f\x1c/,7\x03\x02\x07\x02\x05\x01\r\x05\x04\x08\x14\x07\x14&\x00\x16'),
                            bytearray(b"\x11\xf4\x13\xe9\'\xe7\xfe\x9a\xfe\xc3\xfc\x86>\xed\x1c\xf9\xf3\x8c\xf7\t\xff\x07x\xbbQ\xd2\x00\x87\x12y\x12?"),
                        ], is_16bit=False, y_plus=0, y_minus=0, x=114, y=96),
                        Tile(mirror=False, invert=False, format=1, length=11, subtile_bytes=[
                            bytearray(b'@\x00\x80\x00\xe2\x04\x9a\x04b\x1cJ4\x8ew\x1a\xe7\xc0\x00\x00\x80\xe2\x04\xfa$\xea\x0c\x8ef\x87Y\x1f\x00'),
                            bytearray(b'\x00\x00\x00\x00\x00\x00\x00\x00\x00\x00\xc00\x80\xf0\x00\xe0\x00\x00\x00\x00\x00\x00\x00\x00\x00\x00\xc0 \x00P  '),
                            bytearray(b'\x12\xff\xff\x1b:\x1c\xda}\xf7\xcco\x1c\x9f\xdcs\xe7>\xbd\xdf<\xfe\xff}\xfd\xdd}\x1c\xfc>~?\xef'),
                            bytearray(b' \xc0\xc0\x00\x10\x10\xc8\xc0`f\x82\x04\x8c`\xe4\x18`\xc0\x80pP\xe0\xc80`\x98\x82\xfc\xe4\xf8\xf8\xfc'),
                        ], is_16bit=False, y_plus=0, y_minus=0, x=130, y=96),
                        Tile(mirror=False, invert=False, format=1, length=11, subtile_bytes=[
                            bytearray(b'.s_q\xafV\xfa\x03}\x80\x8e\xf0v\xfc\xc4\xfc\x0c[\x0e\x03\xf9p\xdcU\x17\xf2\x01\x1f\x02\x8c\x00\xbc'),
                            bytearray(b"1\xf3\xe7\xe2\xe6\x06\xec\xfcY\xf8\x03\x00\x9f\x01\x1c\x07<\xff\xfd\xfe\xf9_\x03\x1f\x07\xbe\xff\xfc\xfea8\'"),
                            bytearray(b'\x90\xfc\x9ctX\xa0\x00@\x00\x00\x00\x00\x00\x00\x00\x00\x00\xf4\xa0\xb4\xb0\xb0@@\x00\x00\x00\x00\x00\x00\x00\x00'),
                            bytearray(b'?\x03\x0e\x03\t\x00\x04\x0c\x06\x07\x04\x07\x06\x03\x05\x03<\x03\x1c\x13\x0f\x06\x03\x0b\x00\x01\x00\x03\x04\x03\x04\x02'),
                        ], is_16bit=False, y_plus=0, y_minus=0, x=114, y=112),
                        Tile(mirror=False, invert=False, format=1, length=11, subtile_bytes=[
                            bytearray(b'\xfdEwOi\x7f\x7f\x1f\xe7\xdf\xf3\x1f\xe4\xcfM\x8a\x93_\xf1\xdf\xc0\xf7\xe0\x91 \xd8\xe0\x180\xd9u\xbd'),
                            bytearray(b'\x14h\xa2\x9c\xb4\x08T\xc8|\x804\xc8`\x88\xe8 \xfc\xf8\xfe\xde\xfeZ8\xec\\\xa8\\\xec\x18\xf8\x18p'),
                            bytearray(b'\xc7\x00\xc7\x88\xc5\x03+\x07:\x07\xa4\xf3\x82\xf1@\xf0\xfd=?\xff\xb8|\xfc\xd4\xfc\xc5\x00\xf1\x00p\x000'),
                            bytearray(b'\x98@\x90\xe0\x90\xe0\xd0\xe0\x98\xe0\x98\xe08\xd0\xe0\x00\xe8\xf0@p\x08x8((x8h\xa8\xd8\xe0\xe0'),
                        ], is_16bit=False, y_plus=0, y_minus=0, x=130, y=112),
                        Tile(mirror=False, invert=False, format=1, length=5, subtile_bytes=[
                            None,
                            bytearray(b'\x04\x07\x05\x07\r\x06\x07\x08\x17\x08\x05\n\x00\x02\x00\x00\x00\x06\x08\x0e\x0b\x07\x1d\x1d\x1c\x1c\n\x0f\x02\x02\x00\x00'),
                            None,
                            None,
                        ], is_16bit=False, y_plus=0, y_minus=0, x=114, y=128),
                        Tile(mirror=False, invert=False, format=1, length=7, subtile_bytes=[
                            bytearray(b'\x00\xf0P\xf0\xf00\xf00\xe0 \x00@\x00\x00\x00\x00\x000\x000Pppp``@@\x00\x00\x00\x00'),
                            bytearray(b'@\x00\x00\x00\x00\x00\x00\x00\x00\x00\x00\x00\x00\x00\x00\x00@@\x00\x00\x00\x00\x00\x00\x00\x00\x00\x00\x00\x00\x00\x00'),
                            None,
                            None,
                        ], is_16bit=False, y_plus=0, y_minus=0, x=130, y=128),
                    ]
                ),
                Mold(23, gridplane=False,
                    tiles=[
                        Tile(mirror=False, invert=False, format=1, length=11, subtile_bytes=[
                            bytearray(b'\x01\x01\x00\x03\x00\x03\x00\x03\x00\x01\x00\x01\x00\x00\x00\x01\x00\x00\x00\x02\x00\x02\x00\x02\x02\x00\x02\x01\x07\x00\x02\x01'),
                            bytearray(b'\x00\x00\x81\x02\x83\x04J\x84\xc9\xc0%\xe1F\xfe\xe2|\x03\x00\x8d\x02\x9b\x04[\x85>\x03=B\xfe\x81\xff\x00'),
                            bytearray(b'\x02\x00\x03\x04\x03\x04\x0f\x05\x07\x08\x1f\x0f\x1c/,7\x03\x02\x07\x02\x05\x01\r\x05\x04\x08\x14\x07\x14&\x00\x16'),
                            bytearray(b"\x11\xf4\x13\xe9\'\xe7\xfe\x9a\xfe\xc3\xfc\x86>\xed\x1c\xf9\xf3\x8c\xf7\t\xff\x07x\xbbQ\xd2\x00\x87\x12y\x12?"),
                        ], is_16bit=False, y_plus=0, y_minus=0, x=114, y=95),
                        Tile(mirror=False, invert=False, format=1, length=11, subtile_bytes=[
                            bytearray(b'@\x00\x80\x00\xe2\x04\x9a\x04b\x1cJ4\x8ew\x1a\xe7\xc0\x00\x00\x80\xe2\x04\xfa$\xea\x0c\x8ef\x87Y\x1f\x00'),
                            bytearray(b'\x00\x00\x00\x00\x00\x00\x00\x00\x00\x00\xc00\x80\xf0\x00\xe0\x00\x00\x00\x00\x00\x00\x00\x00\x00\x00\xc0 \x00P  '),
                            bytearray(b'\x12\xff\xff\x1b:\x1c\xda}\xf7\xcco\x1c\x9f\xdc|\xef>\xbd\xdf<\xfe\xff}\xfd\xdd}\x1c\xfc>~?\xef'),
                            bytearray(b' \xc0\xc0\x00\x10\x10\xc8\xc0`f\x82\x04\x8c`\xe4\x18`\xc0\x80pP\xe0\xc80`\x98\x82\xfc\xe4\xf8\xf8\xfc'),
                        ], is_16bit=False, y_plus=0, y_minus=0, x=130, y=95),
                        Tile(mirror=False, invert=False, format=1, length=11, subtile_bytes=[
                            bytearray(b'.s_q\xafV\xfa\x03}\x80\x8e\xf0w\xfc\xc6\xfc\x0c[\x0e\x03\xf9p\xdcU\x17\xf2\x01\x1f\x03\x8c\x02\xbc'),
                            bytearray(b"1\xf3\xf7\xe2\x86\x06\xec\xfcY\xf8\x03\x00\x9f\x01\x1c\x07<\xff\xfd\xee\xf9\x1f\x03\x1f\x07\xbe\xff\xfc\xfea8\'"),
                            bytearray(b'\x90\xfc\x9ctX\xa0\x08@\x00\x00\x00\x00\x00\x00\x00\x00\x00\xf4\xa0\xb4\xb0\xb0HH\x00\x00\x00\x00\x00\x00\x00\x00'),
                            bytearray(b'?\x03\x0e\x03\x01\x00\x08\x00\x05\t\x06\x07\x04\x07\x06\x03<\x03\x1c\x13\x1f\x1e\x0f\x07\x07\x0b\x00\x01\x00\x03\x04\x03'),
                        ], is_16bit=False, y_plus=0, y_minus=0, x=114, y=111),
                        Tile(mirror=False, invert=False, format=1, length=11, subtile_bytes=[
                            bytearray(b'\xfeX]ry\x7fn\x0f\xf6\xcf\xf7\x1f\xf3\xdf[\x9f\x9bY\xfe\xf7\xf0\xff\xf0\x990\xc9\xe0\x18 \xd8`\xb0'),
                            bytearray(b'\x94\xe8B\xfcTH\xd4\xc8\xcc\xd0\xd4\x88P\xc8X\x80\xfc\xf8\xfe\xfe\xfe\xfax\xfc|\xf8|\xac8\xe8x\xa0'),
                            bytearray(b'\xc8\x17\xde\xa1\xff\x00M?\xbc\x7f\xcc\xbf\xc9\xbe\x83\xfc\xe8;5\xf5\x9eo\xe2\xa3\xc0C\x81\x93\x03\xb6\x14_'),
                            bytearray(b'x\x80\xf0\x00\xb0\x80 \x00\xe0\x00\xe0\x00@\x00\x00\x00\xb8\xc00\xc0p\xc0\xe0\xc0`\x80`\x80\xc0\x80\x80\x80'),
                        ], is_16bit=False, y_plus=0, y_minus=0, x=130, y=111),
                        Tile(mirror=False, invert=False, format=1, length=5, subtile_bytes=[
                            None,
                            bytearray(b'\x05\x03\x04\x07\x05\x07\r\x06\x07\x08\x17\x08\x05\n\x00\x02\x04\x02\x00\x06\x08\x0e\x0b\x07\x1d\x1d\x1c\x1c\n\x0f\x02\x02'),
                            None,
                            None,
                        ], is_16bit=False, y_plus=0, y_minus=0, x=114, y=127),
                        Tile(mirror=False, invert=False, format=1, length=7, subtile_bytes=[
                            bytearray(b"o\xd0\x1e\xe4P\xf0\xf00\xf00\xe0 \x00@\x00\x00\'1\x1a>\x000Pppp``@@\x00\x00"),
                            bytearray(b'\x00\x00\x00\x00\x00\x00\x00\x00\x00\x00\x00\x00\x00\x00\x00\x00\x80\x80\x00\x00\x00\x00\x00\x00\x00\x00\x00\x00\x00\x00\x00\x00'),
                            None,
                            None,
                        ], is_16bit=False, y_plus=0, y_minus=0, x=130, y=127),
                    ]
                ),
                Mold(24, gridplane=False,
                    tiles=[
                        Tile(mirror=False, invert=False, format=0, length=5, subtile_bytes=[
                            bytearray(b'\x14;/0^!\x7f\x00?CGy;|b\x7f\n+\x0b\nq1k+\x0cx\x02\x0c\x03D\x00_'),
                            bytearray(b'\xf7\xfd\x1a\xe5\xf7\x00\x17 \xf7\x00s\xfc\xafpn\x83\x00\x08\x05\xed}\x9d\xf8\xa0\xfd%\x02\x8d\x8fP|\x93'),
                            None,
                            None,
                        ], is_16bit=False, y_plus=0, y_minus=0, x=112, y=108),
                        Tile(mirror=False, invert=False, format=0, length=7, subtile_bytes=[
                            bytearray(b'\x00\x00\x00\x00\x00\x01\x00\x01\x00\x01\x00\x00\x00\x00\x01\x01\x00\x00\x00\x00\x00\x01\x00\x01\x00\x01\x01\x00\x01\x00\x01\x00'),
                            bytearray(b'\x00\x00\x80\x80@\x81A\x82%\xc2d\xe0\x12\xf0\xe3\xff\x00\x00\x01\x00F\x01M\x02-B\x1f\x01\x1e\xa1\xff\x00'),
                            bytearray(b'\x00\x00\x02\x00\x01\x02\x07\x00\x07\x00\x0c\x03\x0c\x13\x1d\x13\x01\x00\x01\x02\x02\x00\x01\x05\x04\x00\x08\x02\x08\x12\x08\x02'),
                            bytearray(b'\xf1\xbe^.\xd1(^!s\xa8?\xe0\x8f\xf1\xa3|\xff\x00\xff\x007\x08\xa1\x81\xac\x8c$D\x01p\x81\\'),
                        ], is_16bit=False, y_plus=0, y_minus=0, x=112, y=92),
                        Tile(mirror=False, invert=False, format=0, length=5, subtile_bytes=[
                            bytearray(b'\xf7\xe8\xef\xf2\xfa\xfero;$\x17\x08\n\x11\x00\x00\xf3\xf8\xed\xff\xe1\xe7eg,,\t\r\x11\x19\x00\x00'),
                            bytearray(b'\x98\x00\x18\x00\x18\x00\x10\x00\x80\x90P\xa0\x90 \x00\x00\xf8\xe0\xf8\xe0\xf8\xe0\xf8\xe8x\xf8\xe0\xf0 \xb0\x00\x00'),
                            None,
                            None,
                        ], is_16bit=False, y_plus=0, y_minus=0, x=128, y=124),
                        Tile(mirror=False, invert=False, format=0, length=7, subtile_bytes=[
                            bytearray(b'I\x7fO;.Q\x07!\x05\x07\x18\x0fJ7\x1ea\x00zPZZY&%\x18\x1e0.||tt'),
                            bytearray(b'\xff\x81\xf7\xc18\xc0x\x80\x9e\xf0N\xf0N\xf0\x9f\xf7~\x01>I?\xc7\x7f\x87\x0fq\x0f1\x0f1\x0fw'),
                            bytearray(b'?\x00\x0e\x11\x01\x03\x00\x00\x00\x00\x00\x00\x00\x00\x00\x00\t)\x13\x1b\x03\x03\x00\x00\x00\x00\x00\x00\x00\x00\x00\x00'),
                            bytearray(b'\xff\xff\xff\xff\x81\x81\x00\x00\x00\x00\x00\x00\x00\x00\x00\x00?\xff\xff\xff\x81\x81\x00\x00\x00\x00\x00\x00\x00\x00\x00\x00'),
                        ], is_16bit=False, y_plus=0, y_minus=0, x=112, y=116),
                        Tile(mirror=False, invert=False, format=0, length=7, subtile_bytes=[
                            bytearray(b'\x7f\xc0n\xd1\x1c\xc7\xf7\x07\xfbg\xfb\x0f\xf9\xef-\xcf!\x9c7\x9b \xff8\xcc\x98d\xf0\x0c\x10\xec0\xd8'),
                            bytearray(b'Jt\xa1~\xaa\xa4j\xe4f\xe8\xea\xc4\xa8\xe4\xac\xc0\xfe\xfc\x7f\xff\x7f\xfd<\xfe>\xfc>V\x1ct<P'),
                            bytearray(b'\xe4\x8bo\xd0\xff\x00&\x1f\x9e\xbf\xe6\xdf\xe4\xdf\xe1\xfet\x9d\x1a\xfa\xcf7\xf1\xd1\xa0\xa1\xc0\xc9\xc1\xdb\xea\xef'),
                            bytearray(b'<\xc0x\x80\xd8@\x90\x80p\x80p\x80\xb8\x00\xb8\x00\\\xe0\x98\xe08\xe0p\xe00\xc0\xb0\xc0\xf8@x\xc0'),
                        ], is_16bit=False, y_plus=0, y_minus=0, x=128, y=108),
                        Tile(mirror=False, invert=False, format=0, length=7, subtile_bytes=[
                            bytearray(b'\x00\x00 \x00\xc1\x02\xf1\x02I\x02\xb5\n\xa7\x9bE;\x00\x00\xe0\x00\x81B\xf1\x02\xf9\x92w\x83\xc34G\xa8'),
                            bytearray(b'\x00\x00\x00\x00\x00\x00\x00\x00\x00\x00`\x18@\xf8\x00\xf0\x00\x00\x00\x00\x00\x00\x00\x00\x00\x00`\x10\x80\xa8\x90\x10'),
                            bytearray(b'\tw\x8fy\xfd\x8a\x8d\x92{4w\xf8\xbf\x98\xfe\x11\x8f\x06\x9b^\xfb\x9f\xf2\xfe<\xfe\xf8>\x99\x7f\xd9?'),
                            bytearray(b'\x10\xe0\xe0\x80\x08\x08d\xe0\xb03\xc1\x02\xc60r\x8c0\xe0\xc08(\xf0\xe4\x98\xb0\xccA~r|\xfc\xfe'),
                        ], is_16bit=False, y_plus=0, y_minus=0, x=128, y=92),
                    ]
                ),
                Mold(25, gridplane=False,
                    tiles=[
                        Tile(mirror=False, invert=False, format=0, length=5, subtile_bytes=[
                            bytearray(b'\x178/8T)\x7f\x00?CGy;|b\x7f\x00(\x05\x05\x7f;o)\x0cx\x02\x0c\x03D\x00_'),
                            bytearray(b'\xf7\xfd\x1a\xe1\xf2\x01\x12!\xf2\x05w\xf8\xafpo\x80\x00\x08\x04\xed|\x99\xfc\xa1\xfd%\x05\x8d\x88P}\x95'),
                            None,
                            None,
                        ], is_16bit=False, y_plus=0, y_minus=0, x=112, y=108),
                        Tile(mirror=False, invert=False, format=0, length=7, subtile_bytes=[
                            bytearray(b'\x00\x00\x00\x00\x00\x01\x00\x01\x00\x01\x00\x00\x00\x00\x01\x01\x00\x00\x00\x00\x00\x01\x00\x01\x00\x01\x01\x00\x01\x00\x01\x00'),
                            bytearray(b'\x00\x00\x80\x80@\x81A\x82%\xc2d\xe0\x12\xf0\xe3\xff\x00\x00\x01\x00F\x01M\x02-B\x1f\x01\x1e\xa1\xff\x00'),
                            bytearray(b'\x00\x00\x02\x00\x01\x02\x06\x00\x06\x01\n\x05\n\x15\x1f\x10\x01\x00\x01\x02\x02\x00\x01\x05\x05\x01\x08\x04\r\x15\r\x05'),
                            bytearray(b'\xf1\xbe^.\xd1(\xde!\xf7 ;\xe4\x8f\xf1\xa3|\xff\x00\xff\x007\x08\xa1\x81\xac\x8c,L\x01p\x81\\'),
                        ], is_16bit=False, y_plus=0, y_minus=0, x=112, y=92),
                        Tile(mirror=False, invert=False, format=0, length=5, subtile_bytes=[
                            bytearray(b'\xf7\xe8\xef\xf2\xfa\xfero;$\x17\x08\n\x11\x00\x00\xf3\xf8\xed\xff\xe1\xe7eg,,\t\r\x11\x19\x00\x00'),
                            bytearray(b'\x98\x00\x18\x00\x18\x00\x10\x00\x80\x90P\xa0\x90 \x00\x00\xf8\xe0\xf8\xe0\xf8\xe0\xf8\xe8x\xf8\xe0\xf0 \xb0\x00\x00'),
                            None,
                            None,
                        ], is_16bit=False, y_plus=0, y_minus=0, x=128, y=124),
                        Tile(mirror=False, invert=False, format=0, length=7, subtile_bytes=[
                            bytearray(b'I\x7fO;.Q\x07!\x05\x07\x18\x0fJ7\x1ea\x00zPZZY&%\x18\x1e0.||tt'),
                            bytearray(b'\xff\x81\xf7\xc18\xc0x\x80\x9e\xf0N\xf0N\xf0\x9f\xf7~\x01>I?\xc7\x7f\x87\x0fq\x0f1\x0f1\x0fw'),
                            bytearray(b'?\x00\x0e\x11\x01\x03\x00\x00\x00\x00\x00\x00\x00\x00\x00\x00\t)\x13\x1b\x03\x03\x00\x00\x00\x00\x00\x00\x00\x00\x00\x00'),
                            bytearray(b'\xff\xff\xff\xff\x81\x81\x00\x00\x00\x00\x00\x00\x00\x00\x00\x00?\xff\xff\xff\x81\x81\x00\x00\x00\x00\x00\x00\x00\x00\x00\x00'),
                        ], is_16bit=False, y_plus=0, y_minus=0, x=112, y=116),
                        Tile(mirror=False, invert=False, format=0, length=7, subtile_bytes=[
                            bytearray(b'\x7f\xc0n\xd1\x1c\xc7\xf7\x07\xfbg\xfb\x0f\xf9\xef-\xcf!\x9c7\x9b \xff8\xcc\x98d\xf0\x0c\x10\xec0\xd8'),
                            bytearray(b'Jt\xa1~\xaa\xa4j\xe4f\xe8\xea\xc4\xa8\xe4\xac\xc0\xfe\xfc\x7f\xff\x7f\xfd<\xfe>\xfc>V\x1ct<P'),
                            bytearray(b'\xe4\x8bo\xd0\xff\x00&\x1f\x9e\xbf\xe6\xdf\xe4\xdf\xe1\xfet\x9d\x1a\xfa\xcf7\xf1\xd1\xa0\xa1\xc0\xc9\xc1\xdb\xea\xef'),
                            bytearray(b'<\xc0x\x80\xd8@\x90\x80p\x80p\x80\xb8\x00\xb8\x00\\\xe0\x98\xe08\xe0p\xe00\xc0\xb0\xc0\xf8@x\xc0'),
                        ], is_16bit=False, y_plus=0, y_minus=0, x=128, y=108),
                        Tile(mirror=False, invert=False, format=0, length=7, subtile_bytes=[
                            bytearray(b'\x00\x00 \x00\xc1\x02\xf1\x02I\x02\xb5\n\xa7\x9bE;\x00\x00\xe0\x00\x81B\xf1\x02\xf9\x92w\x83\xc34G\xa8'),
                            bytearray(b'\x00\x00\x00\x00\x00\x00\x00\x00\x00\x00`\x18@\xf8\x00\xf0\x00\x00\x00\x00\x00\x00\x00\x00\x00\x00`\x10\x80\xa8\x90\x10'),
                            bytearray(b'\tw\x8fy\xfd\x8a\x8d\x92{4w\xf8\xbf\x98\xfe\x11\x8f\x06\x9b^\xfb\x9f\xf2\xfe<\xfe\xf8>\x99\x7f\xd9?'),
                            bytearray(b'\x10\xe0\xe0\x80\x08\x08d\xe0\xb03\xc1\x02\xc60r\x8c0\xe0\xc08(\xf0\xe4\x98\xb0\xccA~r|\xfc\xfe'),
                        ], is_16bit=False, y_plus=0, y_minus=0, x=128, y=92),
                    ]
                ),
                Mold(26, gridplane=False,
                    tiles=[
                        Tile(mirror=False, invert=False, format=0, length=5, subtile_bytes=[
                            bytearray(b'\x16;/8T+\x7f\x00?AOq;|b\x7f\x00)\x03\x00{;k+\x00p\n\n\x03D\x00_'),
                            bytearray(b'\xf7\xf8\x1f\xe0\xf7\x00\x10#\xf1\x02s\xfc\xafpn\x83\x05\r\x00\xe8}\x9d\xfc\xa3\xfd&\x03\x8c\x8fP|\x93'),
                            None,
                            None,
                        ], is_16bit=False, y_plus=0, y_minus=0, x=112, y=108),
                        Tile(mirror=False, invert=False, format=0, length=7, subtile_bytes=[
                            bytearray(b'\x00\x00\x00\x00\x00\x01\x00\x01\x00\x01\x00\x00\x00\x00\x01\x01\x00\x00\x00\x00\x00\x01\x00\x01\x00\x01\x01\x00\x01\x00\x01\x00'),
                            bytearray(b'\x00\x00\x80\x80@\x81A\x82%\xc2d\xe0\x12\xf0\xe3\xff\x00\x00\x01\x00F\x01M\x02-B\x1f\x01\x1e\xa1\xff\x00'),
                            bytearray(b'\x00\x00\x02\x00\x01\x02\x07\x00\x06\x01\x0c\x03\x0c\x13\x1d\x13\x01\x00\x01\x02\x02\x00\x01\x05\x05\x01\x08\x02\x08\x12\x08\x02'),
                            bytearray(b'\xf1\xbe^.\xd1(\xde!{\xa4?\xe8\x8f\xf1\xa2}\xff\x00\xff\x007\x08\xa1\x81\xac\x8c,L\x01p\x85]'),
                        ], is_16bit=False, y_plus=0, y_minus=0, x=112, y=92),
                        Tile(mirror=False, invert=False, format=0, length=5, subtile_bytes=[
                            bytearray(b'\xf7\xe8\xef\xf2\xfa\xfero;$\x17\x08\n\x11\x00\x00\xf3\xf8\xed\xff\xe1\xe7eg,,\t\r\x11\x19\x00\x00'),
                            bytearray(b'\x98\x00\x18\x00\x18\x00\x10\x00\x80\x90P\xa0\x90 \x00\x00\xf8\xe0\xf8\xe0\xf8\xe0\xf8\xe8x\xf8\xe0\xf0 \xb0\x00\x00'),
                            None,
                            None,
                        ], is_16bit=False, y_plus=0, y_minus=0, x=128, y=124),
                        Tile(mirror=False, invert=False, format=0, length=7, subtile_bytes=[
                            bytearray(b'I\x7fO;.Q\x07!\x05\x07\x18\x0fJ7\x1ea\x00zPZZY&%\x18\x1e0.||tt'),
                            bytearray(b'\xff\x81\xf7\xc18\xc0x\x80\x9e\xf0N\xf0N\xf0\x9f\xf7~\x01>I?\xc7\x7f\x87\x0fq\x0f1\x0f1\x0fw'),
                            bytearray(b'?\x00\x0e\x11\x01\x03\x00\x00\x00\x00\x00\x00\x00\x00\x00\x00\t)\x13\x1b\x03\x03\x00\x00\x00\x00\x00\x00\x00\x00\x00\x00'),
                            bytearray(b'\xff\xff\xff\xff\x81\x81\x00\x00\x00\x00\x00\x00\x00\x00\x00\x00?\xff\xff\xff\x81\x81\x00\x00\x00\x00\x00\x00\x00\x00\x00\x00'),
                        ], is_16bit=False, y_plus=0, y_minus=0, x=112, y=116),
                        Tile(mirror=False, invert=False, format=0, length=7, subtile_bytes=[
                            bytearray(b'\x7f\xc0n\xd1\x1c\xc7\xf7\x07\xfbg\xfb\x0f\xf9\xef-\xcf!\x9c7\x9b \xff8\xcc\x98d\xf0\x0c\x10\xec0\xd8'),
                            bytearray(b'Jt\xa1~\xaa\xa4j\xe4f\xe8\xea\xc4\xa8\xe4\xac\xc0\xfe\xfc\x7f\xff\x7f\xfd<\xfe>\xfc>V\x1ct<P'),
                            bytearray(b'\xe4\x8bo\xd0\xff\x00&\x1f\x9e\xbf\xe6\xdf\xe4\xdf\xe1\xfet\x9d\x1a\xfa\xcf7\xf1\xd1\xa0\xa1\xc0\xc9\xc1\xdb\xea\xef'),
                            bytearray(b'<\xc0x\x80\xd8@\x90\x80p\x80p\x80\xb8\x00\xb8\x00\\\xe0\x98\xe08\xe0p\xe00\xc0\xb0\xc0\xf8@x\xc0'),
                        ], is_16bit=False, y_plus=0, y_minus=0, x=128, y=108),
                        Tile(mirror=False, invert=False, format=0, length=7, subtile_bytes=[
                            bytearray(b'\x00\x00 \x00\xc1\x02\xf1\x02I\x02\xb5\n\xa7\x9bE;\x00\x00\xe0\x00\x81B\xf1\x02\xf9\x92w\x83\xc34G\xa8'),
                            bytearray(b'\x00\x00\x00\x00\x00\x00\x00\x00\x00\x00`\x18@\xf8\x00\xf0\x00\x00\x00\x00\x00\x00\x00\x00\x00\x00`\x10\x80\xa8\x90\x10'),
                            bytearray(b'\tw\x8fy\xfd\x8a\x8d\x92{4w\xf8\xbf\x98\xfe\x11\x8f\x06\x9b^\xfb\x9f\xf2\xfe<\xfe\xf8>\x99\x7f\xd9?'),
                            bytearray(b'\x10\xe0\xe0\x80\x08\x08d\xe0\xb03\xc1\x02\xc60r\x8c0\xe0\xc08(\xf0\xe4\x98\xb0\xccA~r|\xfc\xfe'),
                        ], is_16bit=False, y_plus=0, y_minus=0, x=128, y=92),
                    ]
                ),
                Mold(27, gridplane=False,
                    tiles=[
                        Tile(mirror=False, invert=False, format=0, length=5, subtile_bytes=[
                            bytearray(b'\x01\x02\x03\x00\x01\x06\x11\x1e%>^?\\?!^\x03\x03\x02\x02\x00\x06\x00\x1e\x002\x00a@cQ~'),
                            bytearray(b'\xf8\x1f\xe0?\xe0?\xc1>\xc3<\xc0?\xc0?\xe0?? <\x07xMyH{D\x7f@\x7f@?\x00'),
                            None,
                            None,
                        ], is_16bit=False, y_plus=0, y_minus=0, x=112, y=108),
                        Tile(mirror=False, invert=False, format=0, length=7, subtile_bytes=[
                            bytearray(b'\x1c\xff}\xff\xfe\xfe\xf8\xf8\xf0\xf0\xc2\xc1\x06\x01\x0c\xc3\xfe\x02\xfe\x02\xfe\x01\xf8\x07\xf0\x0f\xc3=\x02\xfdT\xfa'),
                            bytearray(b"v\xc4.\xec||<8\xbc8z\xf0x\xa7x\xa7,\x1e\x1e\xfc\xfc\xfc|\xf8|\xf8\xf6\xfce\xbfx\'"),
                            bytearray(b"\x15\xf3!\xc0\x18\xc0a\x87\xf1\x07\xf2\x07\r\x0f\x07\x03<:>\x1f\'\x7f||\x88\xfc\x08\xfc\x00\x0e\x04\x03"),
                            bytearray(b'\x1f\xc0\x08\xc0\x88\x00\xf0\x800\xe0H\xf8\xd4\xfc\x1c\xf8\x7f`\xb8\xf0\xf8x0\xc0\x10 \x008\x00\x0c\x04\xf8'),
                        ], is_16bit=False, y_plus=0, y_minus=0, x=128, y=116),
                        Tile(mirror=False, invert=False, format=0, length=7, subtile_bytes=[
                            bytearray(b'2l\x02q]#c\x07\x03\x07\x01\x07\x04\x07\x05\x07o}<\x7ft,`$\x00\x04\x00\x06\x00\x07\x00\x07'),
                            bytearray(b'\xe0?q\x9fy\x9fw\x9d\xef\x8b\xe3\x81[\xa0\xdc\xad?\x001"3"\x13\x0c\x0b\x16!>`\xff\x7f\xef'),
                            bytearray(b'\x07\x07\x12\x1f\x1d?|?N?s\x0f\x0e\x01\x01\x00\x00\x04\x00\x07\x00\x03\x00\x01\x000\x00|\x00\x0f\x00\x01'),
                            bytearray(b'b\xd9\xfe\xc1\xae\xd1\xf9\xc6\xc7\xfe\xf7\xfc\x0f\xf8\xf8\x00>\xfc2r:\xda?\xc7\x03?\x02\r\x00\xff\x00\xf8'),
                        ], is_16bit=False, y_plus=0, y_minus=0, x=112, y=116),
                        Tile(mirror=False, invert=False, format=0, length=4, subtile_bytes=[
                            bytearray(b'\x00\x00\x00\x18\x98\x18P8\x90xp\x88\x10\x80 \x00\x00\x00\x00\x18\x80\x80\xc0\x88\xc8\xe8x\x88p\xa0\xe0\x00'),
                            None,
                            None,
                            None,
                        ], is_16bit=False, y_plus=0, y_minus=0, x=128, y=92),
                        Tile(mirror=False, invert=False, format=0, length=7, subtile_bytes=[
                            bytearray(b'\x00\x00\x00\x00\x03\x03\x01\x07\x00\x0f\x08\x0b\n\r\x02\r\x00\x00\x00\x00\x00\x00\x00\x06\x00\x0f\x04\x02\x02\x06\x00\x0c'),
                            bytearray(b'\x00\x00\x00\x00\x01\x80\x88\xe4\xe8a\x808\x04\xb80\xf0\x00\x00\x02\x00\x17\x00{E\xfe\x01\xbfX?\xd8\x7f\xc4'),
                            bytearray(b'\x0e\x01\x03\x00\x02\x05\x0f\x00\x0f\x08\x0f\x08\x00\x0e\x07\x00\x0c\t\x01\x00\x05\x05\r\r\x00\x00\x05\x05\x01\x0f\x07\x01'),
                            bytearray(b'\x1b\xf0\t\xf8\xc1\xf2\x80\x82\x98\x81@\x11\xff\x00\xff\x00?\xe0?\xc0\xfd\x02\xbdr\xeei\xfe\xfd\x81\x81\x00\x00'),
                        ], is_16bit=False, y_plus=0, y_minus=0, x=112, y=92),
                        Tile(mirror=False, invert=False, format=0, length=7, subtile_bytes=[
                            bytearray(b'P\x00\x00@\x81 \x01"\x11\x06S\r\xff\x01\xfe\x03\xf0\x10\xb0@\xd8 \xdb#\xff\x07\xff\x0e\xfb\xfa\x07\x04'),
                            bytearray(b'\x00\x00\x00\x00\x80\x00\xc0\x00\xe0\x00\xf0\x80\x00\xf8h\xf0\x00\x00\x00\x00\x00\x00\x80\x80\x80\x80\xd0P\xc0H\x88\x98'),
                            bytearray(b'q\x8f\x91\xfeR\xfc\xcb\x7f\xc7\xff\x03\xff\x07\xff\x0e\xff\xf3v\xf1\x00\xf3\x89\x7f\x84\xff\x00\xff\x00\xff\x00\xfe\x00'),
                            bytearray(b'\xbc\xe0\x8c\x88\xe4\x04\x82\x80\x88\x87\x86\x8f\x83\x84\xd4\xc4\xdcL\x8ct\x04\xf8\x82~\x80~\x80x\x8b|\x0e~'),
                        ], is_16bit=False, y_plus=0, y_minus=0, x=128, y=100),
                    ]
                ),
                Mold(28, gridplane=False,
                    tiles=[
                        Tile(mirror=False, invert=False, format=0, length=5, subtile_bytes=[
                            bytearray(b'\x07\x00\x07\x00\x01\x06\x11\x1e%>^?\\?!^\x00\x00\x05\x05\x00\x06\x00\x1e\x002\x00a@cQ~'),
                            bytearray(b'\xf8\x1f\xe0?\xe0?\xc1>\xc3<\xc0?\xc0?\xe0?? <\x07xMyH{D\x7f@\x7f@?\x00'),
                            None,
                            None,
                        ], is_16bit=False, y_plus=0, y_minus=0, x=112, y=108),
                        Tile(mirror=False, invert=False, format=0, length=7, subtile_bytes=[
                            bytearray(b'\x1c\xff}\xff\xfe\xfe\xf8\xf8\xf0\xf0\xc2\xc1\x06\x01\x0c\xc3\xfe\x02\xfe\x02\xfe\x01\xf8\x07\xf0\x0f\xc3=\x02\xfdT\xfa'),
                            bytearray(b"v\xc4.\xec||<8\xbc8z\xf0x\xa7x\xa7,\x1e\x1e\xfc\xfc\xfc|\xf8|\xf8\xf6\xfce\xbfx\'"),
                            bytearray(b"\x15\xf3!\xc0\x18\xc0a\x87\xf1\x07\xf2\x07\r\x0f\x07\x03<:>\x1f\'\x7f||\x88\xfc\x08\xfc\x00\x0e\x04\x03"),
                            bytearray(b'\x1f\xc0\x08\xc0\x88\x00\xf0\x800\xe0H\xf8\xd4\xfc\x1c\xf8\x7f`\xb8\xf0\xf8x0\xc0\x10 \x008\x00\x0c\x04\xf8'),
                        ], is_16bit=False, y_plus=0, y_minus=0, x=128, y=116),
                        Tile(mirror=False, invert=False, format=0, length=7, subtile_bytes=[
                            bytearray(b'2l\x02q]#c\x07\x03\x07\x01\x07\x04\x07\x05\x07o}<\x7ft,`$\x00\x04\x00\x06\x00\x07\x00\x07'),
                            bytearray(b'\xe0?q\x9fy\x9fw\x9d\xef\x8b\xe3\x81[\xa0\xdc\xad?\x001"3"\x13\x0c\x0b\x16!>`\xff\x7f\xef'),
                            bytearray(b'\x07\x07\x12\x1f\x1d?|?N?s\x0f\x0e\x01\x01\x00\x00\x04\x00\x07\x00\x03\x00\x01\x000\x00|\x00\x0f\x00\x01'),
                            bytearray(b'b\xd9\xfe\xc1\xae\xd1\xf9\xc6\xc7\xfe\xf7\xfc\x0f\xf8\xf8\x00>\xfc2r:\xda?\xc7\x03?\x02\r\x00\xff\x00\xf8'),
                        ], is_16bit=False, y_plus=0, y_minus=0, x=112, y=116),
                        Tile(mirror=False, invert=False, format=0, length=4, subtile_bytes=[
                            bytearray(b'\x00\x00\x00\x18\x98\x18P8\x90xp\x88\x10\x80 \x00\x00\x00\x00\x18\x80\x80\xc0\x88\xc8\xe8x\x88p\xa0\xe0\x00'),
                            None,
                            None,
                            None,
                        ], is_16bit=False, y_plus=0, y_minus=0, x=128, y=92),
                        Tile(mirror=False, invert=False, format=0, length=7, subtile_bytes=[
                            bytearray(b'\x00\x00\x00\x00\x03\x03\x01\x07\x00\x0f\x08\x0b\n\r\x02\r\x00\x00\x00\x00\x00\x00\x00\x06\x00\x0f\x04\x02\x02\x06\x00\x0c'),
                            bytearray(b'\x00\x00\x00\x00\x01\x80\x88\xe4\xe8a\x808\x04\xb80\xf0\x00\x00\x02\x00\x17\x00{E\xfe\x01\xbfX?\xd8\x7f\xc4'),
                            bytearray(b'\x0e\x01\x03\x00\x02\x00\x0b\x05\x0e\r\x0e\r\x02\r\x07\x00\x0c\t\x01\x00\x01\x01\r\x0c\x00\x01\x01\x01\x05\r\x05\x05'),
                            bytearray(b'\x1b\xf0\t\xf8\xc1\xf2\x80\x82\x98\x81@\x11\xff\x00\xff\x00?\xe0?\xc0\xfd\x02\xbdr\xeei\xfe\xfd\x81\x81\x00\x00'),
                        ], is_16bit=False, y_plus=0, y_minus=0, x=112, y=92),
                        Tile(mirror=False, invert=False, format=0, length=7, subtile_bytes=[
                            bytearray(b'P\x00\x00@\x81 \x01"\x11\x06S\r\xff\x01\xfe\x03\xf0\x10\xb0@\xd8 \xdb#\xff\x07\xff\x0e\xfb\xfa\x07\x04'),
                            bytearray(b'\x00\x00\x00\x00\x80\x00\xc0\x00\xe0\x00\xf0\x80\x00\xf8h\xf0\x00\x00\x00\x00\x00\x00\x80\x80\x80\x80\xd0P\xc0H\x88\x98'),
                            bytearray(b'q\x8f\x91\xfeR\xfc\xcb\x7f\xc7\xff\x03\xff\x07\xff\x0e\xff\xf3v\xf1\x00\xf3\x89\x7f\x84\xff\x00\xff\x00\xff\x00\xfe\x00'),
                            bytearray(b'\xbc\xe0\x8c\x88\xe4\x04\x82\x80\x88\x87\x86\x8f\x83\x84\xd4\xc4\xdcL\x8ct\x04\xf8\x82~\x80~\x80x\x8b|\x0e~'),
                        ], is_16bit=False, y_plus=0, y_minus=0, x=128, y=100),
                    ]
                ),
                Mold(29, gridplane=False,
                    tiles=[
                        Tile(mirror=False, invert=False, format=0, length=5, subtile_bytes=[
                            bytearray(b'\x01\x02\x03\x00\x01\x06\x11\x1e%>^?\\?!^\x03\x03\x02\x02\x00\x06\x00\x1e\x002\x00a@cQ~'),
                            bytearray(b'\xf8\x1f\xe0?\xe0?\xc1>\xc3<\xc0?\xc0?\xe0?? <\x07xMyH{D\x7f@\x7f@?\x00'),
                            None,
                            None,
                        ], is_16bit=False, y_plus=0, y_minus=0, x=112, y=108),
                        Tile(mirror=False, invert=False, format=0, length=7, subtile_bytes=[
                            bytearray(b'\x1c\xff}\xff\xfe\xfe\xf8\xf8\xf0\xf0\xc2\xc1\x06\x01\x0c\xc3\xfe\x02\xfe\x02\xfe\x01\xf8\x07\xf0\x0f\xc3=\x02\xfdT\xfa'),
                            bytearray(b"v\xc4.\xec||<8\xbc8z\xf0x\xa7x\xa7,\x1e\x1e\xfc\xfc\xfc|\xf8|\xf8\xf6\xfce\xbfx\'"),
                            bytearray(b"\x15\xf3!\xc0\x18\xc0a\x87\xf1\x07\xf2\x07\r\x0f\x07\x03<:>\x1f\'\x7f||\x88\xfc\x08\xfc\x00\x0e\x04\x03"),
                            bytearray(b'\x1f\xc0\x08\xc0\x88\x00\xf0\x800\xe0H\xf8\xd4\xfc\x1c\xf8\x7f`\xb8\xf0\xf8x0\xc0\x10 \x008\x00\x0c\x04\xf8'),
                        ], is_16bit=False, y_plus=0, y_minus=0, x=128, y=116),
                        Tile(mirror=False, invert=False, format=0, length=7, subtile_bytes=[
                            bytearray(b'2l\x02q]#c\x07\x03\x07\x01\x07\x04\x07\x05\x07o}<\x7ft,`$\x00\x04\x00\x06\x00\x07\x00\x07'),
                            bytearray(b'\xe0?q\x9fy\x9fw\x9d\xef\x8b\xe3\x81[\xa0\xdc\xad?\x001"3"\x13\x0c\x0b\x16!>`\xff\x7f\xef'),
                            bytearray(b'\x07\x07\x12\x1f\x1d?|?N?s\x0f\x0e\x01\x01\x00\x00\x04\x00\x07\x00\x03\x00\x01\x000\x00|\x00\x0f\x00\x01'),
                            bytearray(b'b\xd9\xfe\xc1\xae\xd1\xf9\xc6\xc7\xfe\xf7\xfc\x0f\xf8\xf8\x00>\xfc2r:\xda?\xc7\x03?\x02\r\x00\xff\x00\xf8'),
                        ], is_16bit=False, y_plus=0, y_minus=0, x=112, y=116),
                        Tile(mirror=False, invert=False, format=0, length=4, subtile_bytes=[
                            bytearray(b'\x00\x00\x00\x18\x98\x18P8\x90xp\x88\x10\x80 \x00\x00\x00\x00\x18\x80\x80\xc0\x88\xc8\xe8x\x88p\xa0\xe0\x00'),
                            None,
                            None,
                            None,
                        ], is_16bit=False, y_plus=0, y_minus=0, x=128, y=92),
                        Tile(mirror=False, invert=False, format=0, length=7, subtile_bytes=[
                            bytearray(b'\x00\x00\x00\x00\x03\x03\x01\x07\x00\x0f\x08\x0b\n\r\x02\r\x00\x00\x00\x00\x00\x00\x00\x06\x00\x0f\x04\x02\x02\x06\x00\x0c'),
                            bytearray(b'\x00\x00\x00\x00\x01\x80\x88\xe4\xe8a\x808\x04\xb80\xf0\x00\x00\x02\x00\x17\x00{E\xfe\x01\xbfX?\xd8\x7f\xc4'),
                            bytearray(b'\n\x05\x07\x00\x07\x00\x0f\x00\x0c\x0f\x0e\x0f\x00\x0e\x07\x00\r\r\x05\x05\x00\x00\r\r\x02\x03\x01\x01\x01\x0f\x07\x01'),
                            bytearray(b'\x1b\xf0\t\xf8\xc1\xf2\x80\x82\x98\x81@\x11\xff\x00\xff\x00?\xe0?\xc0\xfd\x02\xbdr\xeei\xfe\xfd\x81\x81\x00\x00'),
                        ], is_16bit=False, y_plus=0, y_minus=0, x=112, y=92),
                        Tile(mirror=False, invert=False, format=0, length=7, subtile_bytes=[
                            bytearray(b'P\x00\x00@\x81 \x01"\x11\x06S\r\xff\x01\xfe\x03\xf0\x10\xb0@\xd8 \xdb#\xff\x07\xff\x0e\xfb\xfa\x07\x04'),
                            bytearray(b'\x00\x00\x00\x00\x80\x00\xc0\x00\xe0\x00\xf0\x80\x00\xf8h\xf0\x00\x00\x00\x00\x00\x00\x80\x80\x80\x80\xd0P\xc0H\x88\x98'),
                            bytearray(b'q\x8f\x91\xfeR\xfc\xcb\x7f\xc7\xff\x03\xff\x07\xff\x0e\xff\xf3v\xf1\x00\xf3\x89\x7f\x84\xff\x00\xff\x00\xff\x00\xfe\x00'),
                            bytearray(b'\xbc\xe0\x8c\x88\xe4\x04\x82\x80\x88\x87\x86\x8f\x83\x84\xd4\xc4\xdcL\x8ct\x04\xf8\x82~\x80~\x80x\x8b|\x0e~'),
                        ], is_16bit=False, y_plus=0, y_minus=0, x=128, y=100),
                    ]
                ),
            ],
            sequences=[
                AnimationSequence(
                    frames=[
                        AnimationSequenceFrame(duration=2, mold_id=0),
                    ]
                ),
                AnimationSequence(
                    frames=[
                        AnimationSequenceFrame(duration=2, mold_id=1),
                    ]
                ),
                AnimationSequence(
                    frames=[
                        AnimationSequenceFrame(duration=2, mold_id=2),
                    ]
                ),
                AnimationSequence(
                    frames=[
                        AnimationSequenceFrame(duration=16, mold_id=3),
                        AnimationSequenceFrame(duration=16, mold_id=4),
                    ]
                ),
                AnimationSequence(
                    frames=[
                        AnimationSequenceFrame(duration=16, mold_id=5),
                        AnimationSequenceFrame(duration=16, mold_id=6),
                    ]
                ),
                AnimationSequence(
                    frames=[
                        AnimationSequenceFrame(duration=4, mold_id=7),
                        AnimationSequenceFrame(duration=4, mold_id=8),
                        AnimationSequenceFrame(duration=4, mold_id=9),
                    ]
                ),
                AnimationSequence(
                    frames=[
                        AnimationSequenceFrame(duration=4, mold_id=10),
                        AnimationSequenceFrame(duration=4, mold_id=11),
                        AnimationSequenceFrame(duration=4, mold_id=12),
                        AnimationSequenceFrame(duration=4, mold_id=13),
                        AnimationSequenceFrame(duration=4, mold_id=14),
                    ]
                ),
                AnimationSequence(
                    frames=[
                        AnimationSequenceFrame(duration=4, mold_id=15),
                        AnimationSequenceFrame(duration=4, mold_id=16),
                        AnimationSequenceFrame(duration=4, mold_id=17),
                        AnimationSequenceFrame(duration=4, mold_id=18),
                        AnimationSequenceFrame(duration=4, mold_id=19),
                    ]
                ),
                AnimationSequence(
                    frames=[
                        AnimationSequenceFrame(duration=2, mold_id=20),
                    ]
                ),
                AnimationSequence(
                    frames=[
                        AnimationSequenceFrame(duration=2, mold_id=21),
                    ]
                ),
                AnimationSequence(
                    frames=[
                        AnimationSequenceFrame(duration=6, mold_id=22),
                        AnimationSequenceFrame(duration=6, mold_id=23),
                    ]
                ),
                AnimationSequence(
                    frames=[
                        AnimationSequenceFrame(duration=8, mold_id=24),
                        AnimationSequenceFrame(duration=8, mold_id=25),
                        AnimationSequenceFrame(duration=8, mold_id=24),
                        AnimationSequenceFrame(duration=8, mold_id=26),
                    ]
                ),
                AnimationSequence(
                    frames=[
                        AnimationSequenceFrame(duration=8, mold_id=27),
                        AnimationSequenceFrame(duration=8, mold_id=28),
                        AnimationSequenceFrame(duration=8, mold_id=27),
                        AnimationSequenceFrame(duration=8, mold_id=29),
                    ]
                ),
            ]
        )
    ),
    palette_id=SPAL664_BOWSER_WALKING_DOWN_LEFT,
    palette_offset=0,
    unknown_num=0
)