
from randomizer.data.palettes import CompleteSprite, AnimationPack, AnimationPackProperties, AnimationSequence, AnimationSequenceFrame, Mold, Tile, Clone
sprite = CompleteSprite(
    animation=AnimationPack(304, length=1339, unknown=0x0000,
        properties=AnimationPackProperties(vram_size=4096,
            molds=[
                Mold(0, gridplane=False,
                    tiles=[
                        Tile(mirror=False, invert=False, format=0, length=4, subtile_bytes=[
                            bytearray(b"R\x80\xdb\xef\x90\x80\xda\xec\x07\x80\xee\xf3\x9a\xc0\xee\xe3\x84\x15\xc0\xee\xd3\'<\xc0\xee\xc3\x1e\x86\xb0\xde\xe3\x8c"),
                            None,
                            None,
                            None,
                        ], is_16bit=False, y_plus=0, y_minus=0, x=136, y=133),
                        Tile(mirror=False, invert=False, format=0, length=5, subtile_bytes=[
                            bytearray(b'\x11R\x80\xef\x12\x96B\x00\xfe\xe7\x00\xc2\x00\x00\xfc\x00\x80\xdb\xf1R"\xff\xfbE\x01\x92\xfd\xfcQ\x01\x00\x80'),
                            bytearray(b'\x00b\x01\x02\x10\x01B\xf7\x07<\x01b\x00\x00Q\x01r\xf8\xfby\x01\x80\xe6\xeb\xa6\x00\xce\x06\x0c\x00\x99\x00'),
                            None,
                            None,
                        ], is_16bit=False, y_plus=0, y_minus=0, x=120, y=133),
                        Tile(mirror=False, invert=False, format=0, length=6, subtile_bytes=[
                            None,
                            bytearray(b'\x05_\x05\x92\x05\xbc\x05\xe4\x05\x0c\x064\x06\\\x06\x84\x06\xab\x06\x00\x00\x80\xe7\r\x90\x80\xea\x10R\x80\xef\x13'),
                            bytearray(b'\x80\xdf\xec\xa3\x92\xff\x00Q\x01\x00\x80\xe8\x0e\x90"\x02\x00\x8c\x01B\x01\x00\xe7\x00\xc2\x00\x00\xfc\x00\x80\xdc\xf2'),
                            bytearray(b'\x00\x02\x10\x02\x11\x02\x12\x02\x13\x02\x14\x02\x15\x02\x16\x04\x17\x0e\x18\x02\x19\x02\x1a\x02\x1f\x02\x1b\x02\x1c\x02\x1f\x02'),
                        ], is_16bit=False, y_plus=0, y_minus=0, x=128, y=117),
                        Tile(mirror=False, invert=False, format=0, length=6, subtile_bytes=[
                            bytearray(b'\x96B\x00\xff\xe7\x00\xc2\x00\x00\xfc\x00"\xfe\x00/\x02\x80\xde\xeb\xa3\x92\xfe\xfdQ\x01\x00\x80\xe7\x0f\x90\x80\xec'),
                            None,
                            bytearray(b'\x06  \x00\x00\x00\x1a\x00\xff\xff#\x00,\x00E\x00\x80\x00\x00\x00\x08\x00\x0c\x01\x08\x00\x0c\x02\x00\x02\x00\x02'),
                            bytearray(b'\x1b&\xf0\xde\xd3\x18{W\x94\xf0\xde\xc3L\\m\x93\xb0\xd6\xeb3\x85\xb7\xb0\xce\xdbU(\xad\xf0\xce\xcbE'),
                        ], is_16bit=False, y_plus=0, y_minus=0, x=112, y=117),
                        Tile(mirror=False, invert=False, format=0, length=6, subtile_bytes=[
                            bytearray(b'\x01\xedSC\xf0\xf9\xfd\xa5>\x9e@\xa0\xf1\x1da\x06\xf0\xf1\r1~\x82\xac\xf0\xf1\xed,\x1aA=\xf0\xe9'),
                            None,
                            bytearray(b'\xec\x10R\xf2\x00\x00\xe3\x00"\x00\x007\x01"\xff\xff/\x02\xa2\xff\xfeM\x01\x00"\x00\x00\xf7\x01\x80\xef\x13'),
                            bytearray(b'\xdc\xf3$\x80\xdd\xf0\x07\x80\xe0\xed\xa3\x80\xff\xd9-\xd0\xf7\xc9J`P\x80\xef\xf9s\xf0\xef\xe95\xbc\x11p'),
                        ], is_16bit=False, y_plus=0, y_minus=0, x=120, y=109),
                        Tile(mirror=False, invert=False, format=0, length=7, subtile_bytes=[
                            bytearray(b'\x02^\x02\x80\x02\xa5\x02\xcd\x02*\x03c\x03\xb5\x03\x03\x04?\x04o\x04\x90\x04\xb8\x04\xdd\x04\x02\x05"\x05B'),
                            bytearray(b'\xdc\xf2$\x80\xde\xf0\x07\x80\xe0\xec\xa3\x92\x01\xffQ\x01\x00\x80\xe7\x0f\x90\x80\xeb\x11R\x80\xef\x12\x90B\x00\xfe'),
                            bytearray(b'\xfd\x0e\x0f#\xb9p\xe1\r\x13\x7f\x8b\xb0\xe1\xed\x10!\xa7\xf0\xd9\x05\xa2\x08Y\xbe\xf0\xd9\xf5\x05i6F\x80'),
                            bytearray(b'\x02\x07\x02\x08\x02\t\x02\n\x02\x0b\x02\x0c\x04\r\x02\x0e\x06\x0f\x00\xdb\x00\x88\x01\xb0\x01\xd2\x01\xf7\x01\x1c\x02A'),
                        ], is_16bit=False, y_plus=0, y_minus=0, x=128, y=101),
                    ]
                ),
                Mold(1, gridplane=False,
                    tiles=[
                        Tile(mirror=False, invert=False, format=0, length=4, subtile_bytes=[
                            bytearray(b"R\x80\xdb\xef\x90\x80\xda\xec\x07\x80\xee\xf3\x9a\xc0\xee\xe3\x84\x15\xc0\xee\xd3\'<\xc0\xee\xc3\x1e\x86\xb0\xde\xe3\x8c"),
                            None,
                            None,
                            None,
                        ], is_16bit=False, y_plus=0, y_minus=0, x=137, y=388),
                        Tile(mirror=False, invert=False, format=0, length=5, subtile_bytes=[
                            bytearray(b'\x11R\x80\xef\x12\x96B\x00\xfe\xe7\x00\xc2\x00\x00\xfc\x00\x80\xdb\xf1R"\xff\xfbE\x01\x92\xfd\xfcQ\x01\x00\x80'),
                            bytearray(b'\x00b\x01\x02\x10\x01B\xf7\x07<\x01b\x00\x00Q\x01r\xf8\xfby\x01\x80\xe6\xeb\xa6\x00\xce\x06\x0c\x00\x99\x00'),
                            None,
                            None,
                        ], is_16bit=False, y_plus=0, y_minus=0, x=121, y=388),
                        Tile(mirror=False, invert=False, format=0, length=6, subtile_bytes=[
                            None,
                            bytearray(b'\x05_\x05\x92\x05\xbc\x05\xe4\x05\x0c\x064\x06\\\x06\x84\x06\xab\x06\x00\x00\x80\xe7\r\x90\x80\xea\x10R\x80\xef\x13'),
                            bytearray(b'\x80\xdf\xec\xa3\x92\xff\x00Q\x01\x00\x80\xe8\x0e\x90"\x02\x00\x8c\x01B\x01\x00\xe7\x00\xc2\x00\x00\xfc\x00\x80\xdc\xf2'),
                            bytearray(b'\x00\x02\x10\x02\x11\x02\x12\x02\x13\x02\x14\x02\x15\x02\x16\x04\x17\x0e\x18\x02\x19\x02\x1a\x02\x1f\x02\x1b\x02\x1c\x02\x1f\x02'),
                        ], is_16bit=False, y_plus=0, y_minus=0, x=129, y=372),
                        Tile(mirror=False, invert=False, format=0, length=6, subtile_bytes=[
                            bytearray(b'\x96B\x00\xff\xe7\x00\xc2\x00\x00\xfc\x00"\xfe\x00/\x02\x80\xde\xeb\xa3\x92\xfe\xfdQ\x01\x00\x80\xe7\x0f\x90\x80\xec'),
                            None,
                            bytearray(b'\x06  \x00\x00\x00\x1a\x00\xff\xff#\x00,\x00E\x00\x80\x00\x00\x00\x08\x00\x0c\x01\x08\x00\x0c\x02\x00\x02\x00\x02'),
                            bytearray(b'\x1b&\xf0\xde\xd3\x18{W\x94\xf0\xde\xc3L\\m\x93\xb0\xd6\xeb3\x85\xb7\xb0\xce\xdbU(\xad\xf0\xce\xcbE'),
                        ], is_16bit=False, y_plus=0, y_minus=0, x=113, y=372),
                        Tile(mirror=False, invert=False, format=0, length=6, subtile_bytes=[
                            bytearray(b'\x01\xedSC\xf0\xf9\xfd\xa5>\x9e@\xa0\xf1\x1da\x06\xf0\xf1\r1~\x82\xac\xf0\xf1\xed,\x1aA=\xf0\xe9'),
                            None,
                            bytearray(b'\xec\x10R\xf2\x00\x00\xe3\x00"\x00\x007\x01"\xff\xff/\x02\xa2\xff\xfeM\x01\x00"\x00\x00\xf7\x01\x80\xef\x13'),
                            bytearray(b'\xdc\xf3$\x80\xdd\xf0\x07\x80\xe0\xed\xa3\x80\xff\xd9-\xd0\xf7\xc9J`P\x80\xef\xf9s\xf0\xef\xe95\xbc\x11p'),
                        ], is_16bit=False, y_plus=0, y_minus=0, x=121, y=364),
                        Tile(mirror=False, invert=False, format=0, length=7, subtile_bytes=[
                            bytearray(b'\x02^\x02\x80\x02\xa5\x02\xcd\x02*\x03c\x03\xb5\x03\x03\x04?\x04o\x04\x90\x04\xb8\x04\xdd\x04\x02\x05"\x05B'),
                            bytearray(b'\xdc\xf2$\x80\xde\xf0\x07\x80\xe0\xec\xa3\x92\x01\xffQ\x01\x00\x80\xe7\x0f\x90\x80\xeb\x11R\x80\xef\x12\x90B\x00\xfe'),
                            bytearray(b'\xfd\x0e\x0f#\xb9p\xe1\r\x13\x7f\x8b\xb0\xe1\xed\x10!\xa7\xf0\xd9\x05\xa2\x08Y\xbe\xf0\xd9\xf5\x05i6F\x80'),
                            bytearray(b'\x02\x07\x02\x08\x02\t\x02\n\x02\x0b\x02\x0c\x04\r\x02\x0e\x06\x0f\x00\xdb\x00\x88\x01\xb0\x01\xd2\x01\xf7\x01\x1c\x02A'),
                        ], is_16bit=False, y_plus=0, y_minus=0, x=129, y=356),
                    ]
                ),
                Mold(2, gridplane=False,
                    tiles=[
                        Tile(mirror=False, invert=False, format=0, length=4, subtile_bytes=[
                            bytearray(b"R\x80\xdb\xef\x90\x80\xda\xec\x07\x80\xee\xf3\x9a\xc0\xee\xe3\x84\x15\xc0\xee\xd3\'<\xc0\xee\xc3\x1e\x86\xb0\xde\xe3\x8c"),
                            None,
                            None,
                            None,
                        ], is_16bit=False, y_plus=0, y_minus=0, x=391, y=134),
                        Tile(mirror=False, invert=False, format=0, length=5, subtile_bytes=[
                            bytearray(b'\x11R\x80\xef\x12\x96B\x00\xfe\xe7\x00\xc2\x00\x00\xfc\x00\x80\xdb\xf1R"\xff\xfbE\x01\x92\xfd\xfcQ\x01\x00\x80'),
                            bytearray(b'\x00b\x01\x02\x10\x01B\xf7\x07<\x01b\x00\x00Q\x01r\xf8\xfby\x01\x80\xe6\xeb\xa6\x00\xce\x06\x0c\x00\x99\x00'),
                            None,
                            None,
                        ], is_16bit=False, y_plus=0, y_minus=0, x=375, y=134),
                        Tile(mirror=False, invert=False, format=0, length=6, subtile_bytes=[
                            None,
                            bytearray(b'\x05_\x05\x92\x05\xbc\x05\xe4\x05\x0c\x064\x06\\\x06\x84\x06\xab\x06\x00\x00\x80\xe7\r\x90\x80\xea\x10R\x80\xef\x13'),
                            bytearray(b'\x80\xdf\xec\xa3\x92\xff\x00Q\x01\x00\x80\xe8\x0e\x90"\x02\x00\x8c\x01B\x01\x00\xe7\x00\xc2\x00\x00\xfc\x00\x80\xdc\xf2'),
                            bytearray(b'\x00\x02\x10\x02\x11\x02\x12\x02\x13\x02\x14\x02\x15\x02\x16\x04\x17\x0e\x18\x02\x19\x02\x1a\x02\x1f\x02\x1b\x02\x1c\x02\x1f\x02'),
                        ], is_16bit=False, y_plus=0, y_minus=0, x=383, y=118),
                        Tile(mirror=False, invert=False, format=0, length=6, subtile_bytes=[
                            bytearray(b'\x96B\x00\xff\xe7\x00\xc2\x00\x00\xfc\x00"\xfe\x00/\x02\x80\xde\xeb\xa3\x92\xfe\xfdQ\x01\x00\x80\xe7\x0f\x90\x80\xec'),
                            None,
                            bytearray(b'\x06  \x00\x00\x00\x1a\x00\xff\xff#\x00,\x00E\x00\x80\x00\x00\x00\x08\x00\x0c\x01\x08\x00\x0c\x02\x00\x02\x00\x02'),
                            bytearray(b'\x1b&\xf0\xde\xd3\x18{W\x94\xf0\xde\xc3L\\m\x93\xb0\xd6\xeb3\x85\xb7\xb0\xce\xdbU(\xad\xf0\xce\xcbE'),
                        ], is_16bit=False, y_plus=0, y_minus=0, x=367, y=118),
                        Tile(mirror=False, invert=False, format=0, length=6, subtile_bytes=[
                            bytearray(b'\x01\xedSC\xf0\xf9\xfd\xa5>\x9e@\xa0\xf1\x1da\x06\xf0\xf1\r1~\x82\xac\xf0\xf1\xed,\x1aA=\xf0\xe9'),
                            None,
                            bytearray(b'\xec\x10R\xf2\x00\x00\xe3\x00"\x00\x007\x01"\xff\xff/\x02\xa2\xff\xfeM\x01\x00"\x00\x00\xf7\x01\x80\xef\x13'),
                            bytearray(b'\xdc\xf3$\x80\xdd\xf0\x07\x80\xe0\xed\xa3\x80\xff\xd9-\xd0\xf7\xc9J`P\x80\xef\xf9s\xf0\xef\xe95\xbc\x11p'),
                        ], is_16bit=False, y_plus=0, y_minus=0, x=375, y=110),
                        Tile(mirror=False, invert=False, format=0, length=7, subtile_bytes=[
                            bytearray(b'\x02^\x02\x80\x02\xa5\x02\xcd\x02*\x03c\x03\xb5\x03\x03\x04?\x04o\x04\x90\x04\xb8\x04\xdd\x04\x02\x05"\x05B'),
                            bytearray(b'\xdc\xf2$\x80\xde\xf0\x07\x80\xe0\xec\xa3\x92\x01\xffQ\x01\x00\x80\xe7\x0f\x90\x80\xeb\x11R\x80\xef\x12\x90B\x00\xfe'),
                            bytearray(b'\xfd\x0e\x0f#\xb9p\xe1\r\x13\x7f\x8b\xb0\xe1\xed\x10!\xa7\xf0\xd9\x05\xa2\x08Y\xbe\xf0\xd9\xf5\x05i6F\x80'),
                            bytearray(b'\x02\x07\x02\x08\x02\t\x02\n\x02\x0b\x02\x0c\x04\r\x02\x0e\x06\x0f\x00\xdb\x00\x88\x01\xb0\x01\xd2\x01\xf7\x01\x1c\x02A'),
                        ], is_16bit=False, y_plus=0, y_minus=0, x=383, y=102),
                    ]
                ),
                Mold(3, gridplane=False,
                    tiles=[
                        Tile(mirror=False, invert=False, format=0, length=7, subtile_bytes=[
                            bytearray(b'\x8aB \x00\x80\xe6\r\x90\x80\xec\x0f\x90\x80\x06\x03\x80\xf0\xfe\x0bqDf\x9b\xb0\xf6\xfb\x03x\x8e\xa0\xee\x13'),
                            bytearray(b'\x03\x04\x04\x02\x03\x00\x02\x00\x02\x05\x02\x06\x02\x07\x02\x08\x02\t\x02\n\x04\x0b\x04\x0c\n\r\x02\x00\n\x10\x00\x02'),
                            bytearray(b'\xe7\x00\xc2\xfe\x02\xfc\x00"\x01\xffE\x01\x80\xe0\xeb\xa3\x92\x01\xfeQ\x01\x00"\x00\xff\xf7\x01\x80\xef\x14\x90B'),
                            bytearray(b'\xff\x01\xe7\x00\xc2\x00\x00\xfc\x00\x80\xdd\xf2$\x80\xdd\xef\x07\x80\xdf\xec\xa3\x92\x00\xffQ\x01\x00\x80\xe8\x0f\x90\x80'),
                        ], is_16bit=False, y_plus=0, y_minus=0, x=115, y=112),
                        Tile(mirror=False, invert=False, format=0, length=4, subtile_bytes=[
                            bytearray(b"R\x80\xdb\xef\x90\x80\xda\xec\x07\x80\xee\xf3\x9a\xc0\xee\xe3\x84\x15\xc0\xee\xd3\'<\xc0\xee\xc3\x1e\x86\xb0\xde\xe3\x8c"),
                            None,
                            None,
                            None,
                        ], is_16bit=False, y_plus=0, y_minus=0, x=136, y=133),
                        Tile(mirror=False, invert=False, format=0, length=5, subtile_bytes=[
                            bytearray(b'\x11R\x80\xef\x12\x96B\x00\xfe\xe7\x00\xc2\x00\x00\xfc\x00\x80\xdb\xf1R"\xff\xfbE\x01\x92\xfd\xfcQ\x01\x00\x80'),
                            bytearray(b'\x00b\x01\x02\x10\x01B\xf7\x07<\x01b\x00\x00Q\x01r\xf8\xfby\x01\x80\xe6\xeb\xa6\x00\xce\x06\x0c\x00\x99\x00'),
                            None,
                            None,
                        ], is_16bit=False, y_plus=0, y_minus=0, x=120, y=133),
                        Tile(mirror=False, invert=False, format=0, length=6, subtile_bytes=[
                            None,
                            bytearray(b'\x05_\x05\x92\x05\xbc\x05\xe4\x05\x0c\x064\x06\\\x06\x84\x06\xab\x06\x00\x00\x80\xe7\r\x90\x80\xea\x10R\x80\xef\x13'),
                            bytearray(b'\x80\xdf\xec\xa3\x92\xff\x00Q\x01\x00\x80\xe8\x0e\x90"\x02\x00\x8c\x01B\x01\x00\xe7\x00\xc2\x00\x00\xfc\x00\x80\xdc\xf2'),
                            bytearray(b'\x00\x02\x10\x02\x11\x02\x12\x02\x13\x02\x14\x02\x15\x02\x16\x04\x17\x0e\x18\x02\x19\x02\x1a\x02\x1f\x02\x1b\x02\x1c\x02\x1f\x02'),
                        ], is_16bit=False, y_plus=0, y_minus=0, x=128, y=117),
                        Tile(mirror=False, invert=False, format=0, length=6, subtile_bytes=[
                            bytearray(b'\x96B\x00\xff\xe7\x00\xc2\x00\x00\xfc\x00"\xfe\x00/\x02\x80\xde\xeb\xa3\x92\xfe\xfdQ\x01\x00\x80\xe7\x0f\x90\x80\xec'),
                            None,
                            bytearray(b'\x06  \x00\x00\x00\x1a\x00\xff\xff#\x00,\x00E\x00\x80\x00\x00\x00\x08\x00\x0c\x01\x08\x00\x0c\x02\x00\x02\x00\x02'),
                            bytearray(b'\x1b&\xf0\xde\xd3\x18{W\x94\xf0\xde\xc3L\\m\x93\xb0\xd6\xeb3\x85\xb7\xb0\xce\xdbU(\xad\xf0\xce\xcbE'),
                        ], is_16bit=False, y_plus=0, y_minus=0, x=112, y=117),
                        Tile(mirror=False, invert=False, format=0, length=6, subtile_bytes=[
                            bytearray(b'\x01\xedSC\xf0\xf9\xfd\xa5>\x9e@\xa0\xf1\x1da\x06\xf0\xf1\r1~\x82\xac\xf0\xf1\xed,\x1aA=\xf0\xe9'),
                            None,
                            bytearray(b'\xec\x10R\xf2\x00\x00\xe3\x00"\x00\x007\x01"\xff\xff/\x02\xa2\xff\xfeM\x01\x00"\x00\x00\xf7\x01\x80\xef\x13'),
                            bytearray(b'\xdc\xf3$\x80\xdd\xf0\x07\x80\xe0\xed\xa3\x80\xff\xd9-\xd0\xf7\xc9J`P\x80\xef\xf9s\xf0\xef\xe95\xbc\x11p'),
                        ], is_16bit=False, y_plus=0, y_minus=0, x=120, y=109),
                        Tile(mirror=False, invert=False, format=0, length=7, subtile_bytes=[
                            bytearray(b'\x02^\x02\x80\x02\xa5\x02\xcd\x02*\x03c\x03\xb5\x03\x03\x04?\x04o\x04\x90\x04\xb8\x04\xdd\x04\x02\x05"\x05B'),
                            bytearray(b'\xdc\xf2$\x80\xde\xf0\x07\x80\xe0\xec\xa3\x92\x01\xffQ\x01\x00\x80\xe7\x0f\x90\x80\xeb\x11R\x80\xef\x12\x90B\x00\xfe'),
                            bytearray(b'\xfd\x0e\x0f#\xb9p\xe1\r\x13\x7f\x8b\xb0\xe1\xed\x10!\xa7\xf0\xd9\x05\xa2\x08Y\xbe\xf0\xd9\xf5\x05i6F\x80'),
                            bytearray(b'\x02\x07\x02\x08\x02\t\x02\n\x02\x0b\x02\x0c\x04\r\x02\x0e\x06\x0f\x00\xdb\x00\x88\x01\xb0\x01\xd2\x01\xf7\x01\x1c\x02A'),
                        ], is_16bit=False, y_plus=0, y_minus=0, x=128, y=101),
                    ]
                ),
                Mold(4, gridplane=False,
                    tiles=[
                        Tile(mirror=False, invert=False, format=0, length=7, subtile_bytes=[
                            bytearray(b'\x8aB \x00\x80\xe6\r\x90\x80\xec\x0f\x90\x80\x06\x03\x80\xf0\xfe\x0bqDf\x9b\xb0\xf6\xfb\x03x\x8e\xa0\xee\x13'),
                            bytearray(b'\x03\x04\x04\x02\x03\x00\x02\x00\x02\x05\x02\x06\x02\x07\x02\x08\x02\t\x02\n\x04\x0b\x04\x0c\n\r\x02\x00\n\x10\x00\x02'),
                            bytearray(b'\xe7\x00\xc2\xfe\x02\xfc\x00"\x01\xffE\x01\x80\xe0\xeb\xa3\x92\x01\xfeQ\x01\x00"\x00\xff\xf7\x01\x80\xef\x14\x90B'),
                            bytearray(b'\xff\x01\xe7\x00\xc2\x00\x00\xfc\x00\x80\xdd\xf2$\x80\xdd\xef\x07\x80\xdf\xec\xa3\x92\x00\xffQ\x01\x00\x80\xe8\x0f\x90\x80'),
                        ], is_16bit=False, y_plus=0, y_minus=0, x=366, y=363),
                        Tile(mirror=False, invert=False, format=0, length=4, subtile_bytes=[
                            bytearray(b"R\x80\xdb\xef\x90\x80\xda\xec\x07\x80\xee\xf3\x9a\xc0\xee\xe3\x84\x15\xc0\xee\xd3\'<\xc0\xee\xc3\x1e\x86\xb0\xde\xe3\x8c"),
                            None,
                            None,
                            None,
                        ], is_16bit=False, y_plus=0, y_minus=0, x=136, y=133),
                        Tile(mirror=False, invert=False, format=0, length=5, subtile_bytes=[
                            bytearray(b'\x11R\x80\xef\x12\x96B\x00\xfe\xe7\x00\xc2\x00\x00\xfc\x00\x80\xdb\xf1R"\xff\xfbE\x01\x92\xfd\xfcQ\x01\x00\x80'),
                            bytearray(b'\x00b\x01\x02\x10\x01B\xf7\x07<\x01b\x00\x00Q\x01r\xf8\xfby\x01\x80\xe6\xeb\xa6\x00\xce\x06\x0c\x00\x99\x00'),
                            None,
                            None,
                        ], is_16bit=False, y_plus=0, y_minus=0, x=120, y=133),
                        Tile(mirror=False, invert=False, format=0, length=6, subtile_bytes=[
                            None,
                            bytearray(b'\x05_\x05\x92\x05\xbc\x05\xe4\x05\x0c\x064\x06\\\x06\x84\x06\xab\x06\x00\x00\x80\xe7\r\x90\x80\xea\x10R\x80\xef\x13'),
                            bytearray(b'\x80\xdf\xec\xa3\x92\xff\x00Q\x01\x00\x80\xe8\x0e\x90"\x02\x00\x8c\x01B\x01\x00\xe7\x00\xc2\x00\x00\xfc\x00\x80\xdc\xf2'),
                            bytearray(b'\x00\x02\x10\x02\x11\x02\x12\x02\x13\x02\x14\x02\x15\x02\x16\x04\x17\x0e\x18\x02\x19\x02\x1a\x02\x1f\x02\x1b\x02\x1c\x02\x1f\x02'),
                        ], is_16bit=False, y_plus=0, y_minus=0, x=128, y=117),
                        Tile(mirror=False, invert=False, format=0, length=6, subtile_bytes=[
                            bytearray(b'\x96B\x00\xff\xe7\x00\xc2\x00\x00\xfc\x00"\xfe\x00/\x02\x80\xde\xeb\xa3\x92\xfe\xfdQ\x01\x00\x80\xe7\x0f\x90\x80\xec'),
                            None,
                            bytearray(b'\x06  \x00\x00\x00\x1a\x00\xff\xff#\x00,\x00E\x00\x80\x00\x00\x00\x08\x00\x0c\x01\x08\x00\x0c\x02\x00\x02\x00\x02'),
                            bytearray(b'\x1b&\xf0\xde\xd3\x18{W\x94\xf0\xde\xc3L\\m\x93\xb0\xd6\xeb3\x85\xb7\xb0\xce\xdbU(\xad\xf0\xce\xcbE'),
                        ], is_16bit=False, y_plus=0, y_minus=0, x=112, y=117),
                        Tile(mirror=False, invert=False, format=0, length=6, subtile_bytes=[
                            bytearray(b'\x01\xedSC\xf0\xf9\xfd\xa5>\x9e@\xa0\xf1\x1da\x06\xf0\xf1\r1~\x82\xac\xf0\xf1\xed,\x1aA=\xf0\xe9'),
                            None,
                            bytearray(b'\xec\x10R\xf2\x00\x00\xe3\x00"\x00\x007\x01"\xff\xff/\x02\xa2\xff\xfeM\x01\x00"\x00\x00\xf7\x01\x80\xef\x13'),
                            bytearray(b'\xdc\xf3$\x80\xdd\xf0\x07\x80\xe0\xed\xa3\x80\xff\xd9-\xd0\xf7\xc9J`P\x80\xef\xf9s\xf0\xef\xe95\xbc\x11p'),
                        ], is_16bit=False, y_plus=0, y_minus=0, x=120, y=109),
                        Tile(mirror=False, invert=False, format=0, length=7, subtile_bytes=[
                            bytearray(b'\x02^\x02\x80\x02\xa5\x02\xcd\x02*\x03c\x03\xb5\x03\x03\x04?\x04o\x04\x90\x04\xb8\x04\xdd\x04\x02\x05"\x05B'),
                            bytearray(b'\xdc\xf2$\x80\xde\xf0\x07\x80\xe0\xec\xa3\x92\x01\xffQ\x01\x00\x80\xe7\x0f\x90\x80\xeb\x11R\x80\xef\x12\x90B\x00\xfe'),
                            bytearray(b'\xfd\x0e\x0f#\xb9p\xe1\r\x13\x7f\x8b\xb0\xe1\xed\x10!\xa7\xf0\xd9\x05\xa2\x08Y\xbe\xf0\xd9\xf5\x05i6F\x80'),
                            bytearray(b'\x02\x07\x02\x08\x02\t\x02\n\x02\x0b\x02\x0c\x04\r\x02\x0e\x06\x0f\x00\xdb\x00\x88\x01\xb0\x01\xd2\x01\xf7\x01\x1c\x02A'),
                        ], is_16bit=False, y_plus=0, y_minus=0, x=128, y=101),
                    ]
                ),
                Mold(5, gridplane=False,
                    tiles=[
                        Tile(mirror=False, invert=False, format=0, length=7, subtile_bytes=[
                            bytearray(b'\x8aB \x00\x80\xe6\r\x90\x80\xec\x0f\x90\x80\x06\x03\x80\xf0\xfe\x0bqDf\x9b\xb0\xf6\xfb\x03x\x8e\xa0\xee\x13'),
                            bytearray(b'\x03\x04\x04\x02\x03\x00\x02\x00\x02\x05\x02\x06\x02\x07\x02\x08\x02\t\x02\n\x04\x0b\x04\x0c\n\r\x02\x00\n\x10\x00\x02'),
                            bytearray(b'\xe7\x00\xc2\xfe\x02\xfc\x00"\x01\xffE\x01\x80\xe0\xeb\xa3\x92\x01\xfeQ\x01\x00"\x00\xff\xf7\x01\x80\xef\x14\x90B'),
                            bytearray(b'\xff\x01\xe7\x00\xc2\x00\x00\xfc\x00\x80\xdd\xf2$\x80\xdd\xef\x07\x80\xdf\xec\xa3\x92\x00\xffQ\x01\x00\x80\xe8\x0f\x90\x80'),
                        ], is_16bit=False, y_plus=0, y_minus=0, x=115, y=366),
                        Tile(mirror=False, invert=False, format=0, length=7, subtile_bytes=[
                            bytearray(b'\x8aB \x00\x80\xe6\r\x90\x80\xec\x0f\x90\x80\x06\x03\x80\xf0\xfe\x0bqDf\x9b\xb0\xf6\xfb\x03x\x8e\xa0\xee\x13'),
                            bytearray(b'\x03\x04\x04\x02\x03\x00\x02\x00\x02\x05\x02\x06\x02\x07\x02\x08\x02\t\x02\n\x04\x0b\x04\x0c\n\r\x02\x00\n\x10\x00\x02'),
                            bytearray(b'\xe7\x00\xc2\xfe\x02\xfc\x00"\x01\xffE\x01\x80\xe0\xeb\xa3\x92\x01\xfeQ\x01\x00"\x00\xff\xf7\x01\x80\xef\x14\x90B'),
                            bytearray(b'\xff\x01\xe7\x00\xc2\x00\x00\xfc\x00\x80\xdd\xf2$\x80\xdd\xef\x07\x80\xdf\xec\xa3\x92\x00\xffQ\x01\x00\x80\xe8\x0f\x90\x80'),
                        ], is_16bit=False, y_plus=0, y_minus=0, x=359, y=356),
                        Tile(mirror=False, invert=False, format=0, length=4, subtile_bytes=[
                            bytearray(b"R\x80\xdb\xef\x90\x80\xda\xec\x07\x80\xee\xf3\x9a\xc0\xee\xe3\x84\x15\xc0\xee\xd3\'<\xc0\xee\xc3\x1e\x86\xb0\xde\xe3\x8c"),
                            None,
                            None,
                            None,
                        ], is_16bit=False, y_plus=0, y_minus=0, x=136, y=133),
                        Tile(mirror=False, invert=False, format=0, length=5, subtile_bytes=[
                            bytearray(b'\x11R\x80\xef\x12\x96B\x00\xfe\xe7\x00\xc2\x00\x00\xfc\x00\x80\xdb\xf1R"\xff\xfbE\x01\x92\xfd\xfcQ\x01\x00\x80'),
                            bytearray(b'\x00b\x01\x02\x10\x01B\xf7\x07<\x01b\x00\x00Q\x01r\xf8\xfby\x01\x80\xe6\xeb\xa6\x00\xce\x06\x0c\x00\x99\x00'),
                            None,
                            None,
                        ], is_16bit=False, y_plus=0, y_minus=0, x=120, y=133),
                        Tile(mirror=False, invert=False, format=0, length=6, subtile_bytes=[
                            None,
                            bytearray(b'\x05_\x05\x92\x05\xbc\x05\xe4\x05\x0c\x064\x06\\\x06\x84\x06\xab\x06\x00\x00\x80\xe7\r\x90\x80\xea\x10R\x80\xef\x13'),
                            bytearray(b'\x80\xdf\xec\xa3\x92\xff\x00Q\x01\x00\x80\xe8\x0e\x90"\x02\x00\x8c\x01B\x01\x00\xe7\x00\xc2\x00\x00\xfc\x00\x80\xdc\xf2'),
                            bytearray(b'\x00\x02\x10\x02\x11\x02\x12\x02\x13\x02\x14\x02\x15\x02\x16\x04\x17\x0e\x18\x02\x19\x02\x1a\x02\x1f\x02\x1b\x02\x1c\x02\x1f\x02'),
                        ], is_16bit=False, y_plus=0, y_minus=0, x=128, y=117),
                        Tile(mirror=False, invert=False, format=0, length=6, subtile_bytes=[
                            bytearray(b'\x96B\x00\xff\xe7\x00\xc2\x00\x00\xfc\x00"\xfe\x00/\x02\x80\xde\xeb\xa3\x92\xfe\xfdQ\x01\x00\x80\xe7\x0f\x90\x80\xec'),
                            None,
                            bytearray(b'\x06  \x00\x00\x00\x1a\x00\xff\xff#\x00,\x00E\x00\x80\x00\x00\x00\x08\x00\x0c\x01\x08\x00\x0c\x02\x00\x02\x00\x02'),
                            bytearray(b'\x1b&\xf0\xde\xd3\x18{W\x94\xf0\xde\xc3L\\m\x93\xb0\xd6\xeb3\x85\xb7\xb0\xce\xdbU(\xad\xf0\xce\xcbE'),
                        ], is_16bit=False, y_plus=0, y_minus=0, x=112, y=117),
                        Tile(mirror=False, invert=False, format=0, length=6, subtile_bytes=[
                            bytearray(b'\x01\xedSC\xf0\xf9\xfd\xa5>\x9e@\xa0\xf1\x1da\x06\xf0\xf1\r1~\x82\xac\xf0\xf1\xed,\x1aA=\xf0\xe9'),
                            None,
                            bytearray(b'\xec\x10R\xf2\x00\x00\xe3\x00"\x00\x007\x01"\xff\xff/\x02\xa2\xff\xfeM\x01\x00"\x00\x00\xf7\x01\x80\xef\x13'),
                            bytearray(b'\xdc\xf3$\x80\xdd\xf0\x07\x80\xe0\xed\xa3\x80\xff\xd9-\xd0\xf7\xc9J`P\x80\xef\xf9s\xf0\xef\xe95\xbc\x11p'),
                        ], is_16bit=False, y_plus=0, y_minus=0, x=120, y=109),
                        Tile(mirror=False, invert=False, format=0, length=7, subtile_bytes=[
                            bytearray(b'\x02^\x02\x80\x02\xa5\x02\xcd\x02*\x03c\x03\xb5\x03\x03\x04?\x04o\x04\x90\x04\xb8\x04\xdd\x04\x02\x05"\x05B'),
                            bytearray(b'\xdc\xf2$\x80\xde\xf0\x07\x80\xe0\xec\xa3\x92\x01\xffQ\x01\x00\x80\xe7\x0f\x90\x80\xeb\x11R\x80\xef\x12\x90B\x00\xfe'),
                            bytearray(b'\xfd\x0e\x0f#\xb9p\xe1\r\x13\x7f\x8b\xb0\xe1\xed\x10!\xa7\xf0\xd9\x05\xa2\x08Y\xbe\xf0\xd9\xf5\x05i6F\x80'),
                            bytearray(b'\x02\x07\x02\x08\x02\t\x02\n\x02\x0b\x02\x0c\x04\r\x02\x0e\x06\x0f\x00\xdb\x00\x88\x01\xb0\x01\xd2\x01\xf7\x01\x1c\x02A'),
                        ], is_16bit=False, y_plus=0, y_minus=0, x=128, y=101),
                    ]
                ),
                Mold(6, gridplane=False,
                    tiles=[
                        Tile(mirror=False, invert=False, format=0, length=7, subtile_bytes=[
                            bytearray(b'\x8aB \x00\x80\xe6\r\x90\x80\xec\x0f\x90\x80\x06\x03\x80\xf0\xfe\x0bqDf\x9b\xb0\xf6\xfb\x03x\x8e\xa0\xee\x13'),
                            bytearray(b'\x03\x04\x04\x02\x03\x00\x02\x00\x02\x05\x02\x06\x02\x07\x02\x08\x02\t\x02\n\x04\x0b\x04\x0c\n\r\x02\x00\n\x10\x00\x02'),
                            bytearray(b'\xe7\x00\xc2\xfe\x02\xfc\x00"\x01\xffE\x01\x80\xe0\xeb\xa3\x92\x01\xfeQ\x01\x00"\x00\xff\xf7\x01\x80\xef\x14\x90B'),
                            bytearray(b'\xff\x01\xe7\x00\xc2\x00\x00\xfc\x00\x80\xdd\xf2$\x80\xdd\xef\x07\x80\xdf\xec\xa3\x92\x00\xffQ\x01\x00\x80\xe8\x0f\x90\x80'),
                        ], is_16bit=False, y_plus=0, y_minus=0, x=364, y=359),
                        Tile(mirror=False, invert=False, format=0, length=7, subtile_bytes=[
                            bytearray(b'\x8aB \x00\x80\xe6\r\x90\x80\xec\x0f\x90\x80\x06\x03\x80\xf0\xfe\x0bqDf\x9b\xb0\xf6\xfb\x03x\x8e\xa0\xee\x13'),
                            bytearray(b'\x03\x04\x04\x02\x03\x00\x02\x00\x02\x05\x02\x06\x02\x07\x02\x08\x02\t\x02\n\x04\x0b\x04\x0c\n\r\x02\x00\n\x10\x00\x02'),
                            bytearray(b'\xe7\x00\xc2\xfe\x02\xfc\x00"\x01\xffE\x01\x80\xe0\xeb\xa3\x92\x01\xfeQ\x01\x00"\x00\xff\xf7\x01\x80\xef\x14\x90B'),
                            bytearray(b'\xff\x01\xe7\x00\xc2\x00\x00\xfc\x00\x80\xdd\xf2$\x80\xdd\xef\x07\x80\xdf\xec\xa3\x92\x00\xffQ\x01\x00\x80\xe8\x0f\x90\x80'),
                        ], is_16bit=False, y_plus=0, y_minus=0, x=352, y=350),
                        Tile(mirror=False, invert=False, format=0, length=4, subtile_bytes=[
                            bytearray(b"R\x80\xdb\xef\x90\x80\xda\xec\x07\x80\xee\xf3\x9a\xc0\xee\xe3\x84\x15\xc0\xee\xd3\'<\xc0\xee\xc3\x1e\x86\xb0\xde\xe3\x8c"),
                            None,
                            None,
                            None,
                        ], is_16bit=False, y_plus=0, y_minus=0, x=136, y=133),
                        Tile(mirror=False, invert=False, format=0, length=5, subtile_bytes=[
                            bytearray(b'\x11R\x80\xef\x12\x96B\x00\xfe\xe7\x00\xc2\x00\x00\xfc\x00\x80\xdb\xf1R"\xff\xfbE\x01\x92\xfd\xfcQ\x01\x00\x80'),
                            bytearray(b'\x00b\x01\x02\x10\x01B\xf7\x07<\x01b\x00\x00Q\x01r\xf8\xfby\x01\x80\xe6\xeb\xa6\x00\xce\x06\x0c\x00\x99\x00'),
                            None,
                            None,
                        ], is_16bit=False, y_plus=0, y_minus=0, x=120, y=133),
                        Tile(mirror=False, invert=False, format=0, length=6, subtile_bytes=[
                            None,
                            bytearray(b'\x05_\x05\x92\x05\xbc\x05\xe4\x05\x0c\x064\x06\\\x06\x84\x06\xab\x06\x00\x00\x80\xe7\r\x90\x80\xea\x10R\x80\xef\x13'),
                            bytearray(b'\x80\xdf\xec\xa3\x92\xff\x00Q\x01\x00\x80\xe8\x0e\x90"\x02\x00\x8c\x01B\x01\x00\xe7\x00\xc2\x00\x00\xfc\x00\x80\xdc\xf2'),
                            bytearray(b'\x00\x02\x10\x02\x11\x02\x12\x02\x13\x02\x14\x02\x15\x02\x16\x04\x17\x0e\x18\x02\x19\x02\x1a\x02\x1f\x02\x1b\x02\x1c\x02\x1f\x02'),
                        ], is_16bit=False, y_plus=0, y_minus=0, x=128, y=117),
                        Tile(mirror=False, invert=False, format=0, length=6, subtile_bytes=[
                            bytearray(b'\x96B\x00\xff\xe7\x00\xc2\x00\x00\xfc\x00"\xfe\x00/\x02\x80\xde\xeb\xa3\x92\xfe\xfdQ\x01\x00\x80\xe7\x0f\x90\x80\xec'),
                            None,
                            bytearray(b'\x06  \x00\x00\x00\x1a\x00\xff\xff#\x00,\x00E\x00\x80\x00\x00\x00\x08\x00\x0c\x01\x08\x00\x0c\x02\x00\x02\x00\x02'),
                            bytearray(b'\x1b&\xf0\xde\xd3\x18{W\x94\xf0\xde\xc3L\\m\x93\xb0\xd6\xeb3\x85\xb7\xb0\xce\xdbU(\xad\xf0\xce\xcbE'),
                        ], is_16bit=False, y_plus=0, y_minus=0, x=112, y=117),
                        Tile(mirror=False, invert=False, format=0, length=6, subtile_bytes=[
                            bytearray(b'\x01\xedSC\xf0\xf9\xfd\xa5>\x9e@\xa0\xf1\x1da\x06\xf0\xf1\r1~\x82\xac\xf0\xf1\xed,\x1aA=\xf0\xe9'),
                            None,
                            bytearray(b'\xec\x10R\xf2\x00\x00\xe3\x00"\x00\x007\x01"\xff\xff/\x02\xa2\xff\xfeM\x01\x00"\x00\x00\xf7\x01\x80\xef\x13'),
                            bytearray(b'\xdc\xf3$\x80\xdd\xf0\x07\x80\xe0\xed\xa3\x80\xff\xd9-\xd0\xf7\xc9J`P\x80\xef\xf9s\xf0\xef\xe95\xbc\x11p'),
                        ], is_16bit=False, y_plus=0, y_minus=0, x=120, y=109),
                        Tile(mirror=False, invert=False, format=0, length=7, subtile_bytes=[
                            bytearray(b'\x02^\x02\x80\x02\xa5\x02\xcd\x02*\x03c\x03\xb5\x03\x03\x04?\x04o\x04\x90\x04\xb8\x04\xdd\x04\x02\x05"\x05B'),
                            bytearray(b'\xdc\xf2$\x80\xde\xf0\x07\x80\xe0\xec\xa3\x92\x01\xffQ\x01\x00\x80\xe7\x0f\x90\x80\xeb\x11R\x80\xef\x12\x90B\x00\xfe'),
                            bytearray(b'\xfd\x0e\x0f#\xb9p\xe1\r\x13\x7f\x8b\xb0\xe1\xed\x10!\xa7\xf0\xd9\x05\xa2\x08Y\xbe\xf0\xd9\xf5\x05i6F\x80'),
                            bytearray(b'\x02\x07\x02\x08\x02\t\x02\n\x02\x0b\x02\x0c\x04\r\x02\x0e\x06\x0f\x00\xdb\x00\x88\x01\xb0\x01\xd2\x01\xf7\x01\x1c\x02A'),
                        ], is_16bit=False, y_plus=0, y_minus=0, x=128, y=101),
                    ]
                ),
                Mold(7, gridplane=False,
                    tiles=[
                        Tile(mirror=False, invert=False, format=0, length=7, subtile_bytes=[
                            bytearray(b'\x8aB \x00\x80\xe6\r\x90\x80\xec\x0f\x90\x80\x06\x03\x80\xf0\xfe\x0bqDf\x9b\xb0\xf6\xfb\x03x\x8e\xa0\xee\x13'),
                            bytearray(b'\x03\x04\x04\x02\x03\x00\x02\x00\x02\x05\x02\x06\x02\x07\x02\x08\x02\t\x02\n\x04\x0b\x04\x0c\n\r\x02\x00\n\x10\x00\x02'),
                            bytearray(b'\xe7\x00\xc2\xfe\x02\xfc\x00"\x01\xffE\x01\x80\xe0\xeb\xa3\x92\x01\xfeQ\x01\x00"\x00\xff\xf7\x01\x80\xef\x14\x90B'),
                            bytearray(b'\xff\x01\xe7\x00\xc2\x00\x00\xfc\x00\x80\xdd\xf2$\x80\xdd\xef\x07\x80\xdf\xec\xa3\x92\x00\xffQ\x01\x00\x80\xe8\x0f\x90\x80'),
                        ], is_16bit=False, y_plus=0, y_minus=0, x=370, y=366),
                        Tile(mirror=False, invert=False, format=0, length=7, subtile_bytes=[
                            bytearray(b'\x8aB \x00\x80\xe6\r\x90\x80\xec\x0f\x90\x80\x06\x03\x80\xf0\xfe\x0bqDf\x9b\xb0\xf6\xfb\x03x\x8e\xa0\xee\x13'),
                            bytearray(b'\x03\x04\x04\x02\x03\x00\x02\x00\x02\x05\x02\x06\x02\x07\x02\x08\x02\t\x02\n\x04\x0b\x04\x0c\n\r\x02\x00\n\x10\x00\x02'),
                            bytearray(b'\xe7\x00\xc2\xfe\x02\xfc\x00"\x01\xffE\x01\x80\xe0\xeb\xa3\x92\x01\xfeQ\x01\x00"\x00\xff\xf7\x01\x80\xef\x14\x90B'),
                            bytearray(b'\xff\x01\xe7\x00\xc2\x00\x00\xfc\x00\x80\xdd\xf2$\x80\xdd\xef\x07\x80\xdf\xec\xa3\x92\x00\xffQ\x01\x00\x80\xe8\x0f\x90\x80'),
                        ], is_16bit=False, y_plus=0, y_minus=0, x=358, y=354),
                        Tile(mirror=False, invert=False, format=0, length=7, subtile_bytes=[
                            bytearray(b'\x8aB \x00\x80\xe6\r\x90\x80\xec\x0f\x90\x80\x06\x03\x80\xf0\xfe\x0bqDf\x9b\xb0\xf6\xfb\x03x\x8e\xa0\xee\x13'),
                            bytearray(b'\x03\x04\x04\x02\x03\x00\x02\x00\x02\x05\x02\x06\x02\x07\x02\x08\x02\t\x02\n\x04\x0b\x04\x0c\n\r\x02\x00\n\x10\x00\x02'),
                            bytearray(b'\xe7\x00\xc2\xfe\x02\xfc\x00"\x01\xffE\x01\x80\xe0\xeb\xa3\x92\x01\xfeQ\x01\x00"\x00\xff\xf7\x01\x80\xef\x14\x90B'),
                            bytearray(b'\xff\x01\xe7\x00\xc2\x00\x00\xfc\x00\x80\xdd\xf2$\x80\xdd\xef\x07\x80\xdf\xec\xa3\x92\x00\xffQ\x01\x00\x80\xe8\x0f\x90\x80'),
                        ], is_16bit=False, y_plus=0, y_minus=0, x=340, y=353),
                        Tile(mirror=False, invert=False, format=0, length=4, subtile_bytes=[
                            bytearray(b"R\x80\xdb\xef\x90\x80\xda\xec\x07\x80\xee\xf3\x9a\xc0\xee\xe3\x84\x15\xc0\xee\xd3\'<\xc0\xee\xc3\x1e\x86\xb0\xde\xe3\x8c"),
                            None,
                            None,
                            None,
                        ], is_16bit=False, y_plus=0, y_minus=0, x=136, y=133),
                        Tile(mirror=False, invert=False, format=0, length=5, subtile_bytes=[
                            bytearray(b'\x11R\x80\xef\x12\x96B\x00\xfe\xe7\x00\xc2\x00\x00\xfc\x00\x80\xdb\xf1R"\xff\xfbE\x01\x92\xfd\xfcQ\x01\x00\x80'),
                            bytearray(b'\x00b\x01\x02\x10\x01B\xf7\x07<\x01b\x00\x00Q\x01r\xf8\xfby\x01\x80\xe6\xeb\xa6\x00\xce\x06\x0c\x00\x99\x00'),
                            None,
                            None,
                        ], is_16bit=False, y_plus=0, y_minus=0, x=120, y=133),
                        Tile(mirror=False, invert=False, format=0, length=6, subtile_bytes=[
                            None,
                            bytearray(b'\x05_\x05\x92\x05\xbc\x05\xe4\x05\x0c\x064\x06\\\x06\x84\x06\xab\x06\x00\x00\x80\xe7\r\x90\x80\xea\x10R\x80\xef\x13'),
                            bytearray(b'\x80\xdf\xec\xa3\x92\xff\x00Q\x01\x00\x80\xe8\x0e\x90"\x02\x00\x8c\x01B\x01\x00\xe7\x00\xc2\x00\x00\xfc\x00\x80\xdc\xf2'),
                            bytearray(b'\x00\x02\x10\x02\x11\x02\x12\x02\x13\x02\x14\x02\x15\x02\x16\x04\x17\x0e\x18\x02\x19\x02\x1a\x02\x1f\x02\x1b\x02\x1c\x02\x1f\x02'),
                        ], is_16bit=False, y_plus=0, y_minus=0, x=128, y=117),
                        Tile(mirror=False, invert=False, format=0, length=6, subtile_bytes=[
                            bytearray(b'\x96B\x00\xff\xe7\x00\xc2\x00\x00\xfc\x00"\xfe\x00/\x02\x80\xde\xeb\xa3\x92\xfe\xfdQ\x01\x00\x80\xe7\x0f\x90\x80\xec'),
                            None,
                            bytearray(b'\x06  \x00\x00\x00\x1a\x00\xff\xff#\x00,\x00E\x00\x80\x00\x00\x00\x08\x00\x0c\x01\x08\x00\x0c\x02\x00\x02\x00\x02'),
                            bytearray(b'\x1b&\xf0\xde\xd3\x18{W\x94\xf0\xde\xc3L\\m\x93\xb0\xd6\xeb3\x85\xb7\xb0\xce\xdbU(\xad\xf0\xce\xcbE'),
                        ], is_16bit=False, y_plus=0, y_minus=0, x=112, y=117),
                        Tile(mirror=False, invert=False, format=0, length=6, subtile_bytes=[
                            bytearray(b'\x01\xedSC\xf0\xf9\xfd\xa5>\x9e@\xa0\xf1\x1da\x06\xf0\xf1\r1~\x82\xac\xf0\xf1\xed,\x1aA=\xf0\xe9'),
                            None,
                            bytearray(b'\xec\x10R\xf2\x00\x00\xe3\x00"\x00\x007\x01"\xff\xff/\x02\xa2\xff\xfeM\x01\x00"\x00\x00\xf7\x01\x80\xef\x13'),
                            bytearray(b'\xdc\xf3$\x80\xdd\xf0\x07\x80\xe0\xed\xa3\x80\xff\xd9-\xd0\xf7\xc9J`P\x80\xef\xf9s\xf0\xef\xe95\xbc\x11p'),
                        ], is_16bit=False, y_plus=0, y_minus=0, x=120, y=109),
                        Tile(mirror=False, invert=False, format=0, length=7, subtile_bytes=[
                            bytearray(b'\x02^\x02\x80\x02\xa5\x02\xcd\x02*\x03c\x03\xb5\x03\x03\x04?\x04o\x04\x90\x04\xb8\x04\xdd\x04\x02\x05"\x05B'),
                            bytearray(b'\xdc\xf2$\x80\xde\xf0\x07\x80\xe0\xec\xa3\x92\x01\xffQ\x01\x00\x80\xe7\x0f\x90\x80\xeb\x11R\x80\xef\x12\x90B\x00\xfe'),
                            bytearray(b'\xfd\x0e\x0f#\xb9p\xe1\r\x13\x7f\x8b\xb0\xe1\xed\x10!\xa7\xf0\xd9\x05\xa2\x08Y\xbe\xf0\xd9\xf5\x05i6F\x80'),
                            bytearray(b'\x02\x07\x02\x08\x02\t\x02\n\x02\x0b\x02\x0c\x04\r\x02\x0e\x06\x0f\x00\xdb\x00\x88\x01\xb0\x01\xd2\x01\xf7\x01\x1c\x02A'),
                        ], is_16bit=False, y_plus=0, y_minus=0, x=128, y=101),
                    ]
                ),
                Mold(8, gridplane=False,
                    tiles=[
                        Tile(mirror=False, invert=False, format=0, length=7, subtile_bytes=[
                            bytearray(b'\x8aB \x00\x80\xe6\r\x90\x80\xec\x0f\x90\x80\x06\x03\x80\xf0\xfe\x0bqDf\x9b\xb0\xf6\xfb\x03x\x8e\xa0\xee\x13'),
                            bytearray(b'\x03\x04\x04\x02\x03\x00\x02\x00\x02\x05\x02\x06\x02\x07\x02\x08\x02\t\x02\n\x04\x0b\x04\x0c\n\r\x02\x00\n\x10\x00\x02'),
                            bytearray(b'\xe7\x00\xc2\xfe\x02\xfc\x00"\x01\xffE\x01\x80\xe0\xeb\xa3\x92\x01\xfeQ\x01\x00"\x00\xff\xf7\x01\x80\xef\x14\x90B'),
                            bytearray(b'\xff\x01\xe7\x00\xc2\x00\x00\xfc\x00\x80\xdd\xf2$\x80\xdd\xef\x07\x80\xdf\xec\xa3\x92\x00\xffQ\x01\x00\x80\xe8\x0f\x90\x80'),
                        ], is_16bit=False, y_plus=0, y_minus=0, x=365, y=359),
                        Tile(mirror=False, invert=False, format=0, length=7, subtile_bytes=[
                            bytearray(b'\x8aB \x00\x80\xe6\r\x90\x80\xec\x0f\x90\x80\x06\x03\x80\xf0\xfe\x0bqDf\x9b\xb0\xf6\xfb\x03x\x8e\xa0\xee\x13'),
                            bytearray(b'\x03\x04\x04\x02\x03\x00\x02\x00\x02\x05\x02\x06\x02\x07\x02\x08\x02\t\x02\n\x04\x0b\x04\x0c\n\r\x02\x00\n\x10\x00\x02'),
                            bytearray(b'\xe7\x00\xc2\xfe\x02\xfc\x00"\x01\xffE\x01\x80\xe0\xeb\xa3\x92\x01\xfeQ\x01\x00"\x00\xff\xf7\x01\x80\xef\x14\x90B'),
                            bytearray(b'\xff\x01\xe7\x00\xc2\x00\x00\xfc\x00\x80\xdd\xf2$\x80\xdd\xef\x07\x80\xdf\xec\xa3\x92\x00\xffQ\x01\x00\x80\xe8\x0f\x90\x80'),
                        ], is_16bit=False, y_plus=0, y_minus=0, x=348, y=355),
                        Tile(mirror=False, invert=False, format=0, length=7, subtile_bytes=[
                            bytearray(b'\x8aB \x00\x80\xe6\r\x90\x80\xec\x0f\x90\x80\x06\x03\x80\xf0\xfe\x0bqDf\x9b\xb0\xf6\xfb\x03x\x8e\xa0\xee\x13'),
                            bytearray(b'\x03\x04\x04\x02\x03\x00\x02\x00\x02\x05\x02\x06\x02\x07\x02\x08\x02\t\x02\n\x04\x0b\x04\x0c\n\r\x02\x00\n\x10\x00\x02'),
                            bytearray(b'\xe7\x00\xc2\xfe\x02\xfc\x00"\x01\xffE\x01\x80\xe0\xeb\xa3\x92\x01\xfeQ\x01\x00"\x00\xff\xf7\x01\x80\xef\x14\x90B'),
                            bytearray(b'\xff\x01\xe7\x00\xc2\x00\x00\xfc\x00\x80\xdd\xf2$\x80\xdd\xef\x07\x80\xdf\xec\xa3\x92\x00\xffQ\x01\x00\x80\xe8\x0f\x90\x80'),
                        ], is_16bit=False, y_plus=0, y_minus=0, x=333, y=364),
                        Tile(mirror=False, invert=False, format=0, length=4, subtile_bytes=[
                            bytearray(b"R\x80\xdb\xef\x90\x80\xda\xec\x07\x80\xee\xf3\x9a\xc0\xee\xe3\x84\x15\xc0\xee\xd3\'<\xc0\xee\xc3\x1e\x86\xb0\xde\xe3\x8c"),
                            None,
                            None,
                            None,
                        ], is_16bit=False, y_plus=0, y_minus=0, x=136, y=133),
                        Tile(mirror=False, invert=False, format=0, length=5, subtile_bytes=[
                            bytearray(b'\x11R\x80\xef\x12\x96B\x00\xfe\xe7\x00\xc2\x00\x00\xfc\x00\x80\xdb\xf1R"\xff\xfbE\x01\x92\xfd\xfcQ\x01\x00\x80'),
                            bytearray(b'\x00b\x01\x02\x10\x01B\xf7\x07<\x01b\x00\x00Q\x01r\xf8\xfby\x01\x80\xe6\xeb\xa6\x00\xce\x06\x0c\x00\x99\x00'),
                            None,
                            None,
                        ], is_16bit=False, y_plus=0, y_minus=0, x=120, y=133),
                        Tile(mirror=False, invert=False, format=0, length=6, subtile_bytes=[
                            None,
                            bytearray(b'\x05_\x05\x92\x05\xbc\x05\xe4\x05\x0c\x064\x06\\\x06\x84\x06\xab\x06\x00\x00\x80\xe7\r\x90\x80\xea\x10R\x80\xef\x13'),
                            bytearray(b'\x80\xdf\xec\xa3\x92\xff\x00Q\x01\x00\x80\xe8\x0e\x90"\x02\x00\x8c\x01B\x01\x00\xe7\x00\xc2\x00\x00\xfc\x00\x80\xdc\xf2'),
                            bytearray(b'\x00\x02\x10\x02\x11\x02\x12\x02\x13\x02\x14\x02\x15\x02\x16\x04\x17\x0e\x18\x02\x19\x02\x1a\x02\x1f\x02\x1b\x02\x1c\x02\x1f\x02'),
                        ], is_16bit=False, y_plus=0, y_minus=0, x=128, y=117),
                        Tile(mirror=False, invert=False, format=0, length=6, subtile_bytes=[
                            bytearray(b'\x96B\x00\xff\xe7\x00\xc2\x00\x00\xfc\x00"\xfe\x00/\x02\x80\xde\xeb\xa3\x92\xfe\xfdQ\x01\x00\x80\xe7\x0f\x90\x80\xec'),
                            None,
                            bytearray(b'\x06  \x00\x00\x00\x1a\x00\xff\xff#\x00,\x00E\x00\x80\x00\x00\x00\x08\x00\x0c\x01\x08\x00\x0c\x02\x00\x02\x00\x02'),
                            bytearray(b'\x1b&\xf0\xde\xd3\x18{W\x94\xf0\xde\xc3L\\m\x93\xb0\xd6\xeb3\x85\xb7\xb0\xce\xdbU(\xad\xf0\xce\xcbE'),
                        ], is_16bit=False, y_plus=0, y_minus=0, x=112, y=117),
                        Tile(mirror=False, invert=False, format=0, length=6, subtile_bytes=[
                            bytearray(b'\x01\xedSC\xf0\xf9\xfd\xa5>\x9e@\xa0\xf1\x1da\x06\xf0\xf1\r1~\x82\xac\xf0\xf1\xed,\x1aA=\xf0\xe9'),
                            None,
                            bytearray(b'\xec\x10R\xf2\x00\x00\xe3\x00"\x00\x007\x01"\xff\xff/\x02\xa2\xff\xfeM\x01\x00"\x00\x00\xf7\x01\x80\xef\x13'),
                            bytearray(b'\xdc\xf3$\x80\xdd\xf0\x07\x80\xe0\xed\xa3\x80\xff\xd9-\xd0\xf7\xc9J`P\x80\xef\xf9s\xf0\xef\xe95\xbc\x11p'),
                        ], is_16bit=False, y_plus=0, y_minus=0, x=120, y=109),
                        Tile(mirror=False, invert=False, format=0, length=7, subtile_bytes=[
                            bytearray(b'\x02^\x02\x80\x02\xa5\x02\xcd\x02*\x03c\x03\xb5\x03\x03\x04?\x04o\x04\x90\x04\xb8\x04\xdd\x04\x02\x05"\x05B'),
                            bytearray(b'\xdc\xf2$\x80\xde\xf0\x07\x80\xe0\xec\xa3\x92\x01\xffQ\x01\x00\x80\xe7\x0f\x90\x80\xeb\x11R\x80\xef\x12\x90B\x00\xfe'),
                            bytearray(b'\xfd\x0e\x0f#\xb9p\xe1\r\x13\x7f\x8b\xb0\xe1\xed\x10!\xa7\xf0\xd9\x05\xa2\x08Y\xbe\xf0\xd9\xf5\x05i6F\x80'),
                            bytearray(b'\x02\x07\x02\x08\x02\t\x02\n\x02\x0b\x02\x0c\x04\r\x02\x0e\x06\x0f\x00\xdb\x00\x88\x01\xb0\x01\xd2\x01\xf7\x01\x1c\x02A'),
                        ], is_16bit=False, y_plus=0, y_minus=0, x=128, y=101),
                    ]
                ),
                Mold(9, gridplane=False,
                    tiles=[
                        Tile(mirror=False, invert=False, format=0, length=7, subtile_bytes=[
                            bytearray(b'\x8aB \x00\x80\xe6\r\x90\x80\xec\x0f\x90\x80\x06\x03\x80\xf0\xfe\x0bqDf\x9b\xb0\xf6\xfb\x03x\x8e\xa0\xee\x13'),
                            bytearray(b'\x03\x04\x04\x02\x03\x00\x02\x00\x02\x05\x02\x06\x02\x07\x02\x08\x02\t\x02\n\x04\x0b\x04\x0c\n\r\x02\x00\n\x10\x00\x02'),
                            bytearray(b'\xe7\x00\xc2\xfe\x02\xfc\x00"\x01\xffE\x01\x80\xe0\xeb\xa3\x92\x01\xfeQ\x01\x00"\x00\xff\xf7\x01\x80\xef\x14\x90B'),
                            bytearray(b'\xff\x01\xe7\x00\xc2\x00\x00\xfc\x00\x80\xdd\xf2$\x80\xdd\xef\x07\x80\xdf\xec\xa3\x92\x00\xffQ\x01\x00\x80\xe8\x0f\x90\x80'),
                        ], is_16bit=False, y_plus=0, y_minus=0, x=370, y=366),
                        Tile(mirror=False, invert=False, format=0, length=7, subtile_bytes=[
                            bytearray(b'\x8aB \x00\x80\xe6\r\x90\x80\xec\x0f\x90\x80\x06\x03\x80\xf0\xfe\x0bqDf\x9b\xb0\xf6\xfb\x03x\x8e\xa0\xee\x13'),
                            bytearray(b'\x03\x04\x04\x02\x03\x00\x02\x00\x02\x05\x02\x06\x02\x07\x02\x08\x02\t\x02\n\x04\x0b\x04\x0c\n\r\x02\x00\n\x10\x00\x02'),
                            bytearray(b'\xe7\x00\xc2\xfe\x02\xfc\x00"\x01\xffE\x01\x80\xe0\xeb\xa3\x92\x01\xfeQ\x01\x00"\x00\xff\xf7\x01\x80\xef\x14\x90B'),
                            bytearray(b'\xff\x01\xe7\x00\xc2\x00\x00\xfc\x00\x80\xdd\xf2$\x80\xdd\xef\x07\x80\xdf\xec\xa3\x92\x00\xffQ\x01\x00\x80\xe8\x0f\x90\x80'),
                        ], is_16bit=False, y_plus=0, y_minus=0, x=355, y=355),
                        Tile(mirror=False, invert=False, format=0, length=7, subtile_bytes=[
                            bytearray(b'\x8aB \x00\x80\xe6\r\x90\x80\xec\x0f\x90\x80\x06\x03\x80\xf0\xfe\x0bqDf\x9b\xb0\xf6\xfb\x03x\x8e\xa0\xee\x13'),
                            bytearray(b'\x03\x04\x04\x02\x03\x00\x02\x00\x02\x05\x02\x06\x02\x07\x02\x08\x02\t\x02\n\x04\x0b\x04\x0c\n\r\x02\x00\n\x10\x00\x02'),
                            bytearray(b'\xe7\x00\xc2\xfe\x02\xfc\x00"\x01\xffE\x01\x80\xe0\xeb\xa3\x92\x01\xfeQ\x01\x00"\x00\xff\xf7\x01\x80\xef\x14\x90B'),
                            bytearray(b'\xff\x01\xe7\x00\xc2\x00\x00\xfc\x00\x80\xdd\xf2$\x80\xdd\xef\x07\x80\xdf\xec\xa3\x92\x00\xffQ\x01\x00\x80\xe8\x0f\x90\x80'),
                        ], is_16bit=False, y_plus=0, y_minus=0, x=336, y=363),
                        Tile(mirror=False, invert=False, format=0, length=7, subtile_bytes=[
                            bytearray(b'\x8aB \x00\x80\xe6\r\x90\x80\xec\x0f\x90\x80\x06\x03\x80\xf0\xfe\x0bqDf\x9b\xb0\xf6\xfb\x03x\x8e\xa0\xee\x13'),
                            bytearray(b'\x03\x04\x04\x02\x03\x00\x02\x00\x02\x05\x02\x06\x02\x07\x02\x08\x02\t\x02\n\x04\x0b\x04\x0c\n\r\x02\x00\n\x10\x00\x02'),
                            bytearray(b'\xe7\x00\xc2\xfe\x02\xfc\x00"\x01\xffE\x01\x80\xe0\xeb\xa3\x92\x01\xfeQ\x01\x00"\x00\xff\xf7\x01\x80\xef\x14\x90B'),
                            bytearray(b'\xff\x01\xe7\x00\xc2\x00\x00\xfc\x00\x80\xdd\xf2$\x80\xdd\xef\x07\x80\xdf\xec\xa3\x92\x00\xffQ\x01\x00\x80\xe8\x0f\x90\x80'),
                        ], is_16bit=False, y_plus=0, y_minus=0, x=335, y=127),
                        Tile(mirror=False, invert=False, format=0, length=4, subtile_bytes=[
                            bytearray(b"R\x80\xdb\xef\x90\x80\xda\xec\x07\x80\xee\xf3\x9a\xc0\xee\xe3\x84\x15\xc0\xee\xd3\'<\xc0\xee\xc3\x1e\x86\xb0\xde\xe3\x8c"),
                            None,
                            None,
                            None,
                        ], is_16bit=False, y_plus=0, y_minus=0, x=136, y=133),
                        Tile(mirror=False, invert=False, format=0, length=5, subtile_bytes=[
                            bytearray(b'\x11R\x80\xef\x12\x96B\x00\xfe\xe7\x00\xc2\x00\x00\xfc\x00\x80\xdb\xf1R"\xff\xfbE\x01\x92\xfd\xfcQ\x01\x00\x80'),
                            bytearray(b'\x00b\x01\x02\x10\x01B\xf7\x07<\x01b\x00\x00Q\x01r\xf8\xfby\x01\x80\xe6\xeb\xa6\x00\xce\x06\x0c\x00\x99\x00'),
                            None,
                            None,
                        ], is_16bit=False, y_plus=0, y_minus=0, x=120, y=133),
                        Tile(mirror=False, invert=False, format=0, length=6, subtile_bytes=[
                            None,
                            bytearray(b'\x05_\x05\x92\x05\xbc\x05\xe4\x05\x0c\x064\x06\\\x06\x84\x06\xab\x06\x00\x00\x80\xe7\r\x90\x80\xea\x10R\x80\xef\x13'),
                            bytearray(b'\x80\xdf\xec\xa3\x92\xff\x00Q\x01\x00\x80\xe8\x0e\x90"\x02\x00\x8c\x01B\x01\x00\xe7\x00\xc2\x00\x00\xfc\x00\x80\xdc\xf2'),
                            bytearray(b'\x00\x02\x10\x02\x11\x02\x12\x02\x13\x02\x14\x02\x15\x02\x16\x04\x17\x0e\x18\x02\x19\x02\x1a\x02\x1f\x02\x1b\x02\x1c\x02\x1f\x02'),
                        ], is_16bit=False, y_plus=0, y_minus=0, x=128, y=117),
                        Tile(mirror=False, invert=False, format=0, length=6, subtile_bytes=[
                            bytearray(b'\x96B\x00\xff\xe7\x00\xc2\x00\x00\xfc\x00"\xfe\x00/\x02\x80\xde\xeb\xa3\x92\xfe\xfdQ\x01\x00\x80\xe7\x0f\x90\x80\xec'),
                            None,
                            bytearray(b'\x06  \x00\x00\x00\x1a\x00\xff\xff#\x00,\x00E\x00\x80\x00\x00\x00\x08\x00\x0c\x01\x08\x00\x0c\x02\x00\x02\x00\x02'),
                            bytearray(b'\x1b&\xf0\xde\xd3\x18{W\x94\xf0\xde\xc3L\\m\x93\xb0\xd6\xeb3\x85\xb7\xb0\xce\xdbU(\xad\xf0\xce\xcbE'),
                        ], is_16bit=False, y_plus=0, y_minus=0, x=112, y=117),
                        Tile(mirror=False, invert=False, format=0, length=6, subtile_bytes=[
                            bytearray(b'\x01\xedSC\xf0\xf9\xfd\xa5>\x9e@\xa0\xf1\x1da\x06\xf0\xf1\r1~\x82\xac\xf0\xf1\xed,\x1aA=\xf0\xe9'),
                            None,
                            bytearray(b'\xec\x10R\xf2\x00\x00\xe3\x00"\x00\x007\x01"\xff\xff/\x02\xa2\xff\xfeM\x01\x00"\x00\x00\xf7\x01\x80\xef\x13'),
                            bytearray(b'\xdc\xf3$\x80\xdd\xf0\x07\x80\xe0\xed\xa3\x80\xff\xd9-\xd0\xf7\xc9J`P\x80\xef\xf9s\xf0\xef\xe95\xbc\x11p'),
                        ], is_16bit=False, y_plus=0, y_minus=0, x=120, y=109),
                        Tile(mirror=False, invert=False, format=0, length=7, subtile_bytes=[
                            bytearray(b'\x02^\x02\x80\x02\xa5\x02\xcd\x02*\x03c\x03\xb5\x03\x03\x04?\x04o\x04\x90\x04\xb8\x04\xdd\x04\x02\x05"\x05B'),
                            bytearray(b'\xdc\xf2$\x80\xde\xf0\x07\x80\xe0\xec\xa3\x92\x01\xffQ\x01\x00\x80\xe7\x0f\x90\x80\xeb\x11R\x80\xef\x12\x90B\x00\xfe'),
                            bytearray(b'\xfd\x0e\x0f#\xb9p\xe1\r\x13\x7f\x8b\xb0\xe1\xed\x10!\xa7\xf0\xd9\x05\xa2\x08Y\xbe\xf0\xd9\xf5\x05i6F\x80'),
                            bytearray(b'\x02\x07\x02\x08\x02\t\x02\n\x02\x0b\x02\x0c\x04\r\x02\x0e\x06\x0f\x00\xdb\x00\x88\x01\xb0\x01\xd2\x01\xf7\x01\x1c\x02A'),
                        ], is_16bit=False, y_plus=0, y_minus=0, x=128, y=101),
                    ]
                ),
                Mold(10, gridplane=False,
                    tiles=[
                        Tile(mirror=False, invert=False, format=0, length=7, subtile_bytes=[
                            bytearray(b'\x8aB \x00\x80\xe6\r\x90\x80\xec\x0f\x90\x80\x06\x03\x80\xf0\xfe\x0bqDf\x9b\xb0\xf6\xfb\x03x\x8e\xa0\xee\x13'),
                            bytearray(b'\x03\x04\x04\x02\x03\x00\x02\x00\x02\x05\x02\x06\x02\x07\x02\x08\x02\t\x02\n\x04\x0b\x04\x0c\n\r\x02\x00\n\x10\x00\x02'),
                            bytearray(b'\xe7\x00\xc2\xfe\x02\xfc\x00"\x01\xffE\x01\x80\xe0\xeb\xa3\x92\x01\xfeQ\x01\x00"\x00\xff\xf7\x01\x80\xef\x14\x90B'),
                            bytearray(b'\xff\x01\xe7\x00\xc2\x00\x00\xfc\x00\x80\xdd\xf2$\x80\xdd\xef\x07\x80\xdf\xec\xa3\x92\x00\xffQ\x01\x00\x80\xe8\x0f\x90\x80'),
                        ], is_16bit=False, y_plus=0, y_minus=0, x=116, y=112),
                        Tile(mirror=False, invert=False, format=0, length=7, subtile_bytes=[
                            bytearray(b'\x8aB \x00\x80\xe6\r\x90\x80\xec\x0f\x90\x80\x06\x03\x80\xf0\xfe\x0bqDf\x9b\xb0\xf6\xfb\x03x\x8e\xa0\xee\x13'),
                            bytearray(b'\x03\x04\x04\x02\x03\x00\x02\x00\x02\x05\x02\x06\x02\x07\x02\x08\x02\t\x02\n\x04\x0b\x04\x0c\n\r\x02\x00\n\x10\x00\x02'),
                            bytearray(b'\xe7\x00\xc2\xfe\x02\xfc\x00"\x01\xffE\x01\x80\xe0\xeb\xa3\x92\x01\xfeQ\x01\x00"\x00\xff\xf7\x01\x80\xef\x14\x90B'),
                            bytearray(b'\xff\x01\xe7\x00\xc2\x00\x00\xfc\x00\x80\xdd\xf2$\x80\xdd\xef\x07\x80\xdf\xec\xa3\x92\x00\xffQ\x01\x00\x80\xe8\x0f\x90\x80'),
                        ], is_16bit=False, y_plus=0, y_minus=0, x=360, y=356),
                        Tile(mirror=False, invert=False, format=0, length=7, subtile_bytes=[
                            bytearray(b'\x8aB \x00\x80\xe6\r\x90\x80\xec\x0f\x90\x80\x06\x03\x80\xf0\xfe\x0bqDf\x9b\xb0\xf6\xfb\x03x\x8e\xa0\xee\x13'),
                            bytearray(b'\x03\x04\x04\x02\x03\x00\x02\x00\x02\x05\x02\x06\x02\x07\x02\x08\x02\t\x02\n\x04\x0b\x04\x0c\n\r\x02\x00\n\x10\x00\x02'),
                            bytearray(b'\xe7\x00\xc2\xfe\x02\xfc\x00"\x01\xffE\x01\x80\xe0\xeb\xa3\x92\x01\xfeQ\x01\x00"\x00\xff\xf7\x01\x80\xef\x14\x90B'),
                            bytearray(b'\xff\x01\xe7\x00\xc2\x00\x00\xfc\x00\x80\xdd\xf2$\x80\xdd\xef\x07\x80\xdf\xec\xa3\x92\x00\xffQ\x01\x00\x80\xe8\x0f\x90\x80'),
                        ], is_16bit=False, y_plus=0, y_minus=0, x=340, y=357),
                        Tile(mirror=False, invert=False, format=0, length=7, subtile_bytes=[
                            bytearray(b'\x8aB \x00\x80\xe6\r\x90\x80\xec\x0f\x90\x80\x06\x03\x80\xf0\xfe\x0bqDf\x9b\xb0\xf6\xfb\x03x\x8e\xa0\xee\x13'),
                            bytearray(b'\x03\x04\x04\x02\x03\x00\x02\x00\x02\x05\x02\x06\x02\x07\x02\x08\x02\t\x02\n\x04\x0b\x04\x0c\n\r\x02\x00\n\x10\x00\x02'),
                            bytearray(b'\xe7\x00\xc2\xfe\x02\xfc\x00"\x01\xffE\x01\x80\xe0\xeb\xa3\x92\x01\xfeQ\x01\x00"\x00\xff\xf7\x01\x80\xef\x14\x90B'),
                            bytearray(b'\xff\x01\xe7\x00\xc2\x00\x00\xfc\x00\x80\xdd\xf2$\x80\xdd\xef\x07\x80\xdf\xec\xa3\x92\x00\xffQ\x01\x00\x80\xe8\x0f\x90\x80'),
                        ], is_16bit=False, y_plus=0, y_minus=0, x=333, y=122),
                        Tile(mirror=False, invert=False, format=0, length=7, subtile_bytes=[
                            bytearray(b'\x8aB \x00\x80\xe6\r\x90\x80\xec\x0f\x90\x80\x06\x03\x80\xf0\xfe\x0bqDf\x9b\xb0\xf6\xfb\x03x\x8e\xa0\xee\x13'),
                            bytearray(b'\x03\x04\x04\x02\x03\x00\x02\x00\x02\x05\x02\x06\x02\x07\x02\x08\x02\t\x02\n\x04\x0b\x04\x0c\n\r\x02\x00\n\x10\x00\x02'),
                            bytearray(b'\xe7\x00\xc2\xfe\x02\xfc\x00"\x01\xffE\x01\x80\xe0\xeb\xa3\x92\x01\xfeQ\x01\x00"\x00\xff\xf7\x01\x80\xef\x14\x90B'),
                            bytearray(b'\xff\x01\xe7\x00\xc2\x00\x00\xfc\x00\x80\xdd\xf2$\x80\xdd\xef\x07\x80\xdf\xec\xa3\x92\x00\xffQ\x01\x00\x80\xe8\x0f\x90\x80'),
                        ], is_16bit=False, y_plus=0, y_minus=0, x=349, y=137),
                        Tile(mirror=False, invert=False, format=0, length=4, subtile_bytes=[
                            bytearray(b"R\x80\xdb\xef\x90\x80\xda\xec\x07\x80\xee\xf3\x9a\xc0\xee\xe3\x84\x15\xc0\xee\xd3\'<\xc0\xee\xc3\x1e\x86\xb0\xde\xe3\x8c"),
                            None,
                            None,
                            None,
                        ], is_16bit=False, y_plus=0, y_minus=0, x=136, y=133),
                        Tile(mirror=False, invert=False, format=0, length=5, subtile_bytes=[
                            bytearray(b'\x11R\x80\xef\x12\x96B\x00\xfe\xe7\x00\xc2\x00\x00\xfc\x00\x80\xdb\xf1R"\xff\xfbE\x01\x92\xfd\xfcQ\x01\x00\x80'),
                            bytearray(b'\x00b\x01\x02\x10\x01B\xf7\x07<\x01b\x00\x00Q\x01r\xf8\xfby\x01\x80\xe6\xeb\xa6\x00\xce\x06\x0c\x00\x99\x00'),
                            None,
                            None,
                        ], is_16bit=False, y_plus=0, y_minus=0, x=120, y=133),
                        Tile(mirror=False, invert=False, format=0, length=6, subtile_bytes=[
                            None,
                            bytearray(b'\x05_\x05\x92\x05\xbc\x05\xe4\x05\x0c\x064\x06\\\x06\x84\x06\xab\x06\x00\x00\x80\xe7\r\x90\x80\xea\x10R\x80\xef\x13'),
                            bytearray(b'\x80\xdf\xec\xa3\x92\xff\x00Q\x01\x00\x80\xe8\x0e\x90"\x02\x00\x8c\x01B\x01\x00\xe7\x00\xc2\x00\x00\xfc\x00\x80\xdc\xf2'),
                            bytearray(b'\x00\x02\x10\x02\x11\x02\x12\x02\x13\x02\x14\x02\x15\x02\x16\x04\x17\x0e\x18\x02\x19\x02\x1a\x02\x1f\x02\x1b\x02\x1c\x02\x1f\x02'),
                        ], is_16bit=False, y_plus=0, y_minus=0, x=128, y=117),
                        Tile(mirror=False, invert=False, format=0, length=6, subtile_bytes=[
                            bytearray(b'\x96B\x00\xff\xe7\x00\xc2\x00\x00\xfc\x00"\xfe\x00/\x02\x80\xde\xeb\xa3\x92\xfe\xfdQ\x01\x00\x80\xe7\x0f\x90\x80\xec'),
                            None,
                            bytearray(b'\x06  \x00\x00\x00\x1a\x00\xff\xff#\x00,\x00E\x00\x80\x00\x00\x00\x08\x00\x0c\x01\x08\x00\x0c\x02\x00\x02\x00\x02'),
                            bytearray(b'\x1b&\xf0\xde\xd3\x18{W\x94\xf0\xde\xc3L\\m\x93\xb0\xd6\xeb3\x85\xb7\xb0\xce\xdbU(\xad\xf0\xce\xcbE'),
                        ], is_16bit=False, y_plus=0, y_minus=0, x=112, y=117),
                        Tile(mirror=False, invert=False, format=0, length=6, subtile_bytes=[
                            bytearray(b'\x01\xedSC\xf0\xf9\xfd\xa5>\x9e@\xa0\xf1\x1da\x06\xf0\xf1\r1~\x82\xac\xf0\xf1\xed,\x1aA=\xf0\xe9'),
                            None,
                            bytearray(b'\xec\x10R\xf2\x00\x00\xe3\x00"\x00\x007\x01"\xff\xff/\x02\xa2\xff\xfeM\x01\x00"\x00\x00\xf7\x01\x80\xef\x13'),
                            bytearray(b'\xdc\xf3$\x80\xdd\xf0\x07\x80\xe0\xed\xa3\x80\xff\xd9-\xd0\xf7\xc9J`P\x80\xef\xf9s\xf0\xef\xe95\xbc\x11p'),
                        ], is_16bit=False, y_plus=0, y_minus=0, x=120, y=109),
                        Tile(mirror=False, invert=False, format=0, length=7, subtile_bytes=[
                            bytearray(b'\x02^\x02\x80\x02\xa5\x02\xcd\x02*\x03c\x03\xb5\x03\x03\x04?\x04o\x04\x90\x04\xb8\x04\xdd\x04\x02\x05"\x05B'),
                            bytearray(b'\xdc\xf2$\x80\xde\xf0\x07\x80\xe0\xec\xa3\x92\x01\xffQ\x01\x00\x80\xe7\x0f\x90\x80\xeb\x11R\x80\xef\x12\x90B\x00\xfe'),
                            bytearray(b'\xfd\x0e\x0f#\xb9p\xe1\r\x13\x7f\x8b\xb0\xe1\xed\x10!\xa7\xf0\xd9\x05\xa2\x08Y\xbe\xf0\xd9\xf5\x05i6F\x80'),
                            bytearray(b'\x02\x07\x02\x08\x02\t\x02\n\x02\x0b\x02\x0c\x04\r\x02\x0e\x06\x0f\x00\xdb\x00\x88\x01\xb0\x01\xd2\x01\xf7\x01\x1c\x02A'),
                        ], is_16bit=False, y_plus=0, y_minus=0, x=128, y=101),
                    ]
                ),
                Mold(11, gridplane=False,
                    tiles=[
                        Tile(mirror=False, invert=False, format=0, length=7, subtile_bytes=[
                            bytearray(b'\x8aB \x00\x80\xe6\r\x90\x80\xec\x0f\x90\x80\x06\x03\x80\xf0\xfe\x0bqDf\x9b\xb0\xf6\xfb\x03x\x8e\xa0\xee\x13'),
                            bytearray(b'\x03\x04\x04\x02\x03\x00\x02\x00\x02\x05\x02\x06\x02\x07\x02\x08\x02\t\x02\n\x04\x0b\x04\x0c\n\r\x02\x00\n\x10\x00\x02'),
                            bytearray(b'\xe7\x00\xc2\xfe\x02\xfc\x00"\x01\xffE\x01\x80\xe0\xeb\xa3\x92\x01\xfeQ\x01\x00"\x00\xff\xf7\x01\x80\xef\x14\x90B'),
                            bytearray(b'\xff\x01\xe7\x00\xc2\x00\x00\xfc\x00\x80\xdd\xf2$\x80\xdd\xef\x07\x80\xdf\xec\xa3\x92\x00\xffQ\x01\x00\x80\xe8\x0f\x90\x80'),
                        ], is_16bit=False, y_plus=0, y_minus=0, x=368, y=363),
                        Tile(mirror=False, invert=False, format=0, length=7, subtile_bytes=[
                            bytearray(b'\x8aB \x00\x80\xe6\r\x90\x80\xec\x0f\x90\x80\x06\x03\x80\xf0\xfe\x0bqDf\x9b\xb0\xf6\xfb\x03x\x8e\xa0\xee\x13'),
                            bytearray(b'\x03\x04\x04\x02\x03\x00\x02\x00\x02\x05\x02\x06\x02\x07\x02\x08\x02\t\x02\n\x04\x0b\x04\x0c\n\r\x02\x00\n\x10\x00\x02'),
                            bytearray(b'\xe7\x00\xc2\xfe\x02\xfc\x00"\x01\xffE\x01\x80\xe0\xeb\xa3\x92\x01\xfeQ\x01\x00"\x00\xff\xf7\x01\x80\xef\x14\x90B'),
                            bytearray(b'\xff\x01\xe7\x00\xc2\x00\x00\xfc\x00\x80\xdd\xf2$\x80\xdd\xef\x07\x80\xdf\xec\xa3\x92\x00\xffQ\x01\x00\x80\xe8\x0f\x90\x80'),
                        ], is_16bit=False, y_plus=0, y_minus=0, x=351, y=355),
                        Tile(mirror=False, invert=False, format=0, length=7, subtile_bytes=[
                            bytearray(b'\x8aB \x00\x80\xe6\r\x90\x80\xec\x0f\x90\x80\x06\x03\x80\xf0\xfe\x0bqDf\x9b\xb0\xf6\xfb\x03x\x8e\xa0\xee\x13'),
                            bytearray(b'\x03\x04\x04\x02\x03\x00\x02\x00\x02\x05\x02\x06\x02\x07\x02\x08\x02\t\x02\n\x04\x0b\x04\x0c\n\r\x02\x00\n\x10\x00\x02'),
                            bytearray(b'\xe7\x00\xc2\xfe\x02\xfc\x00"\x01\xffE\x01\x80\xe0\xeb\xa3\x92\x01\xfeQ\x01\x00"\x00\xff\xf7\x01\x80\xef\x14\x90B'),
                            bytearray(b'\xff\x01\xe7\x00\xc2\x00\x00\xfc\x00\x80\xdd\xf2$\x80\xdd\xef\x07\x80\xdf\xec\xa3\x92\x00\xffQ\x01\x00\x80\xe8\x0f\x90\x80'),
                        ], is_16bit=False, y_plus=0, y_minus=0, x=334, y=367),
                        Tile(mirror=False, invert=False, format=0, length=7, subtile_bytes=[
                            bytearray(b'\x8aB \x00\x80\xe6\r\x90\x80\xec\x0f\x90\x80\x06\x03\x80\xf0\xfe\x0bqDf\x9b\xb0\xf6\xfb\x03x\x8e\xa0\xee\x13'),
                            bytearray(b'\x03\x04\x04\x02\x03\x00\x02\x00\x02\x05\x02\x06\x02\x07\x02\x08\x02\t\x02\n\x04\x0b\x04\x0c\n\r\x02\x00\n\x10\x00\x02'),
                            bytearray(b'\xe7\x00\xc2\xfe\x02\xfc\x00"\x01\xffE\x01\x80\xe0\xeb\xa3\x92\x01\xfeQ\x01\x00"\x00\xff\xf7\x01\x80\xef\x14\x90B'),
                            bytearray(b'\xff\x01\xe7\x00\xc2\x00\x00\xfc\x00\x80\xdd\xf2$\x80\xdd\xef\x07\x80\xdf\xec\xa3\x92\x00\xffQ\x01\x00\x80\xe8\x0f\x90\x80'),
                        ], is_16bit=False, y_plus=0, y_minus=0, x=339, y=134),
                        Tile(mirror=False, invert=False, format=0, length=7, subtile_bytes=[
                            bytearray(b'\x8aB \x00\x80\xe6\r\x90\x80\xec\x0f\x90\x80\x06\x03\x80\xf0\xfe\x0bqDf\x9b\xb0\xf6\xfb\x03x\x8e\xa0\xee\x13'),
                            bytearray(b'\x03\x04\x04\x02\x03\x00\x02\x00\x02\x05\x02\x06\x02\x07\x02\x08\x02\t\x02\n\x04\x0b\x04\x0c\n\r\x02\x00\n\x10\x00\x02'),
                            bytearray(b'\xe7\x00\xc2\xfe\x02\xfc\x00"\x01\xffE\x01\x80\xe0\xeb\xa3\x92\x01\xfeQ\x01\x00"\x00\xff\xf7\x01\x80\xef\x14\x90B'),
                            bytearray(b'\xff\x01\xe7\x00\xc2\x00\x00\xfc\x00\x80\xdd\xf2$\x80\xdd\xef\x07\x80\xdf\xec\xa3\x92\x00\xffQ\x01\x00\x80\xe8\x0f\x90\x80'),
                        ], is_16bit=False, y_plus=0, y_minus=0, x=362, y=137),
                        Tile(mirror=False, invert=False, format=0, length=4, subtile_bytes=[
                            bytearray(b"R\x80\xdb\xef\x90\x80\xda\xec\x07\x80\xee\xf3\x9a\xc0\xee\xe3\x84\x15\xc0\xee\xd3\'<\xc0\xee\xc3\x1e\x86\xb0\xde\xe3\x8c"),
                            None,
                            None,
                            None,
                        ], is_16bit=False, y_plus=0, y_minus=0, x=136, y=133),
                        Tile(mirror=False, invert=False, format=0, length=5, subtile_bytes=[
                            bytearray(b'\x11R\x80\xef\x12\x96B\x00\xfe\xe7\x00\xc2\x00\x00\xfc\x00\x80\xdb\xf1R"\xff\xfbE\x01\x92\xfd\xfcQ\x01\x00\x80'),
                            bytearray(b'\x00b\x01\x02\x10\x01B\xf7\x07<\x01b\x00\x00Q\x01r\xf8\xfby\x01\x80\xe6\xeb\xa6\x00\xce\x06\x0c\x00\x99\x00'),
                            None,
                            None,
                        ], is_16bit=False, y_plus=0, y_minus=0, x=120, y=133),
                        Tile(mirror=False, invert=False, format=0, length=6, subtile_bytes=[
                            None,
                            bytearray(b'\x05_\x05\x92\x05\xbc\x05\xe4\x05\x0c\x064\x06\\\x06\x84\x06\xab\x06\x00\x00\x80\xe7\r\x90\x80\xea\x10R\x80\xef\x13'),
                            bytearray(b'\x80\xdf\xec\xa3\x92\xff\x00Q\x01\x00\x80\xe8\x0e\x90"\x02\x00\x8c\x01B\x01\x00\xe7\x00\xc2\x00\x00\xfc\x00\x80\xdc\xf2'),
                            bytearray(b'\x00\x02\x10\x02\x11\x02\x12\x02\x13\x02\x14\x02\x15\x02\x16\x04\x17\x0e\x18\x02\x19\x02\x1a\x02\x1f\x02\x1b\x02\x1c\x02\x1f\x02'),
                        ], is_16bit=False, y_plus=0, y_minus=0, x=128, y=117),
                        Tile(mirror=False, invert=False, format=0, length=6, subtile_bytes=[
                            bytearray(b'\x96B\x00\xff\xe7\x00\xc2\x00\x00\xfc\x00"\xfe\x00/\x02\x80\xde\xeb\xa3\x92\xfe\xfdQ\x01\x00\x80\xe7\x0f\x90\x80\xec'),
                            None,
                            bytearray(b'\x06  \x00\x00\x00\x1a\x00\xff\xff#\x00,\x00E\x00\x80\x00\x00\x00\x08\x00\x0c\x01\x08\x00\x0c\x02\x00\x02\x00\x02'),
                            bytearray(b'\x1b&\xf0\xde\xd3\x18{W\x94\xf0\xde\xc3L\\m\x93\xb0\xd6\xeb3\x85\xb7\xb0\xce\xdbU(\xad\xf0\xce\xcbE'),
                        ], is_16bit=False, y_plus=0, y_minus=0, x=112, y=117),
                        Tile(mirror=False, invert=False, format=0, length=6, subtile_bytes=[
                            bytearray(b'\x01\xedSC\xf0\xf9\xfd\xa5>\x9e@\xa0\xf1\x1da\x06\xf0\xf1\r1~\x82\xac\xf0\xf1\xed,\x1aA=\xf0\xe9'),
                            None,
                            bytearray(b'\xec\x10R\xf2\x00\x00\xe3\x00"\x00\x007\x01"\xff\xff/\x02\xa2\xff\xfeM\x01\x00"\x00\x00\xf7\x01\x80\xef\x13'),
                            bytearray(b'\xdc\xf3$\x80\xdd\xf0\x07\x80\xe0\xed\xa3\x80\xff\xd9-\xd0\xf7\xc9J`P\x80\xef\xf9s\xf0\xef\xe95\xbc\x11p'),
                        ], is_16bit=False, y_plus=0, y_minus=0, x=120, y=109),
                        Tile(mirror=False, invert=False, format=0, length=7, subtile_bytes=[
                            bytearray(b'\x02^\x02\x80\x02\xa5\x02\xcd\x02*\x03c\x03\xb5\x03\x03\x04?\x04o\x04\x90\x04\xb8\x04\xdd\x04\x02\x05"\x05B'),
                            bytearray(b'\xdc\xf2$\x80\xde\xf0\x07\x80\xe0\xec\xa3\x92\x01\xffQ\x01\x00\x80\xe7\x0f\x90\x80\xeb\x11R\x80\xef\x12\x90B\x00\xfe'),
                            bytearray(b'\xfd\x0e\x0f#\xb9p\xe1\r\x13\x7f\x8b\xb0\xe1\xed\x10!\xa7\xf0\xd9\x05\xa2\x08Y\xbe\xf0\xd9\xf5\x05i6F\x80'),
                            bytearray(b'\x02\x07\x02\x08\x02\t\x02\n\x02\x0b\x02\x0c\x04\r\x02\x0e\x06\x0f\x00\xdb\x00\x88\x01\xb0\x01\xd2\x01\xf7\x01\x1c\x02A'),
                        ], is_16bit=False, y_plus=0, y_minus=0, x=128, y=101),
                    ]
                ),
                Mold(12, gridplane=False,
                    tiles=[
                        Tile(mirror=False, invert=False, format=0, length=7, subtile_bytes=[
                            bytearray(b'\x8aB \x00\x80\xe6\r\x90\x80\xec\x0f\x90\x80\x06\x03\x80\xf0\xfe\x0bqDf\x9b\xb0\xf6\xfb\x03x\x8e\xa0\xee\x13'),
                            bytearray(b'\x03\x04\x04\x02\x03\x00\x02\x00\x02\x05\x02\x06\x02\x07\x02\x08\x02\t\x02\n\x04\x0b\x04\x0c\n\r\x02\x00\n\x10\x00\x02'),
                            bytearray(b'\xe7\x00\xc2\xfe\x02\xfc\x00"\x01\xffE\x01\x80\xe0\xeb\xa3\x92\x01\xfeQ\x01\x00"\x00\xff\xf7\x01\x80\xef\x14\x90B'),
                            bytearray(b'\xff\x01\xe7\x00\xc2\x00\x00\xfc\x00\x80\xdd\xf2$\x80\xdd\xef\x07\x80\xdf\xec\xa3\x92\x00\xffQ\x01\x00\x80\xe8\x0f\x90\x80'),
                        ], is_16bit=False, y_plus=0, y_minus=0, x=115, y=367),
                        Tile(mirror=False, invert=False, format=0, length=7, subtile_bytes=[
                            bytearray(b'\x8aB \x00\x80\xe6\r\x90\x80\xec\x0f\x90\x80\x06\x03\x80\xf0\xfe\x0bqDf\x9b\xb0\xf6\xfb\x03x\x8e\xa0\xee\x13'),
                            bytearray(b'\x03\x04\x04\x02\x03\x00\x02\x00\x02\x05\x02\x06\x02\x07\x02\x08\x02\t\x02\n\x04\x0b\x04\x0c\n\r\x02\x00\n\x10\x00\x02'),
                            bytearray(b'\xe7\x00\xc2\xfe\x02\xfc\x00"\x01\xffE\x01\x80\xe0\xeb\xa3\x92\x01\xfeQ\x01\x00"\x00\xff\xf7\x01\x80\xef\x14\x90B'),
                            bytearray(b'\xff\x01\xe7\x00\xc2\x00\x00\xfc\x00\x80\xdd\xf2$\x80\xdd\xef\x07\x80\xdf\xec\xa3\x92\x00\xffQ\x01\x00\x80\xe8\x0f\x90\x80'),
                        ], is_16bit=False, y_plus=0, y_minus=0, x=358, y=355),
                        Tile(mirror=False, invert=False, format=0, length=7, subtile_bytes=[
                            bytearray(b'\x8aB \x00\x80\xe6\r\x90\x80\xec\x0f\x90\x80\x06\x03\x80\xf0\xfe\x0bqDf\x9b\xb0\xf6\xfb\x03x\x8e\xa0\xee\x13'),
                            bytearray(b'\x03\x04\x04\x02\x03\x00\x02\x00\x02\x05\x02\x06\x02\x07\x02\x08\x02\t\x02\n\x04\x0b\x04\x0c\n\r\x02\x00\n\x10\x00\x02'),
                            bytearray(b'\xe7\x00\xc2\xfe\x02\xfc\x00"\x01\xffE\x01\x80\xe0\xeb\xa3\x92\x01\xfeQ\x01\x00"\x00\xff\xf7\x01\x80\xef\x14\x90B'),
                            bytearray(b'\xff\x01\xe7\x00\xc2\x00\x00\xfc\x00\x80\xdd\xf2$\x80\xdd\xef\x07\x80\xdf\xec\xa3\x92\x00\xffQ\x01\x00\x80\xe8\x0f\x90\x80'),
                        ], is_16bit=False, y_plus=0, y_minus=0, x=338, y=362),
                        Tile(mirror=False, invert=False, format=0, length=7, subtile_bytes=[
                            bytearray(b'\x8aB \x00\x80\xe6\r\x90\x80\xec\x0f\x90\x80\x06\x03\x80\xf0\xfe\x0bqDf\x9b\xb0\xf6\xfb\x03x\x8e\xa0\xee\x13'),
                            bytearray(b'\x03\x04\x04\x02\x03\x00\x02\x00\x02\x05\x02\x06\x02\x07\x02\x08\x02\t\x02\n\x04\x0b\x04\x0c\n\r\x02\x00\n\x10\x00\x02'),
                            bytearray(b'\xe7\x00\xc2\xfe\x02\xfc\x00"\x01\xffE\x01\x80\xe0\xeb\xa3\x92\x01\xfeQ\x01\x00"\x00\xff\xf7\x01\x80\xef\x14\x90B'),
                            bytearray(b'\xff\x01\xe7\x00\xc2\x00\x00\xfc\x00\x80\xdd\xf2$\x80\xdd\xef\x07\x80\xdf\xec\xa3\x92\x00\xffQ\x01\x00\x80\xe8\x0f\x90\x80'),
                        ], is_16bit=False, y_plus=0, y_minus=0, x=335, y=127),
                        Tile(mirror=False, invert=False, format=0, length=7, subtile_bytes=[
                            bytearray(b'\x8aB \x00\x80\xe6\r\x90\x80\xec\x0f\x90\x80\x06\x03\x80\xf0\xfe\x0bqDf\x9b\xb0\xf6\xfb\x03x\x8e\xa0\xee\x13'),
                            bytearray(b'\x03\x04\x04\x02\x03\x00\x02\x00\x02\x05\x02\x06\x02\x07\x02\x08\x02\t\x02\n\x04\x0b\x04\x0c\n\r\x02\x00\n\x10\x00\x02'),
                            bytearray(b'\xe7\x00\xc2\xfe\x02\xfc\x00"\x01\xffE\x01\x80\xe0\xeb\xa3\x92\x01\xfeQ\x01\x00"\x00\xff\xf7\x01\x80\xef\x14\x90B'),
                            bytearray(b'\xff\x01\xe7\x00\xc2\x00\x00\xfc\x00\x80\xdd\xf2$\x80\xdd\xef\x07\x80\xdf\xec\xa3\x92\x00\xffQ\x01\x00\x80\xe8\x0f\x90\x80'),
                        ], is_16bit=False, y_plus=0, y_minus=0, x=352, y=139),
                        Tile(mirror=False, invert=False, format=0, length=7, subtile_bytes=[
                            bytearray(b'\x8aB \x00\x80\xe6\r\x90\x80\xec\x0f\x90\x80\x06\x03\x80\xf0\xfe\x0bqDf\x9b\xb0\xf6\xfb\x03x\x8e\xa0\xee\x13'),
                            bytearray(b'\x03\x04\x04\x02\x03\x00\x02\x00\x02\x05\x02\x06\x02\x07\x02\x08\x02\t\x02\n\x04\x0b\x04\x0c\n\r\x02\x00\n\x10\x00\x02'),
                            bytearray(b'\xe7\x00\xc2\xfe\x02\xfc\x00"\x01\xffE\x01\x80\xe0\xeb\xa3\x92\x01\xfeQ\x01\x00"\x00\xff\xf7\x01\x80\xef\x14\x90B'),
                            bytearray(b'\xff\x01\xe7\x00\xc2\x00\x00\xfc\x00\x80\xdd\xf2$\x80\xdd\xef\x07\x80\xdf\xec\xa3\x92\x00\xffQ\x01\x00\x80\xe8\x0f\x90\x80'),
                        ], is_16bit=False, y_plus=0, y_minus=0, x=370, y=132),
                        Tile(mirror=False, invert=False, format=0, length=4, subtile_bytes=[
                            bytearray(b'\x90\x80\x03\x1bV\xc0\x03\x0bX\xbf\xa0\xf3\x1b\x91d\xf0\xf3\x0b\xb8\xa6\x19c\x80\x01\x1d%\xc0\x01\rh\x99\xc0'),
                            None,
                            None,
                            None,
                        ], is_16bit=False, y_plus=0, y_minus=0, x=120, y=109),
                        Tile(mirror=False, invert=False, format=0, length=4, subtile_bytes=[
                            bytearray(b"R\x80\xdb\xef\x90\x80\xda\xec\x07\x80\xee\xf3\x9a\xc0\xee\xe3\x84\x15\xc0\xee\xd3\'<\xc0\xee\xc3\x1e\x86\xb0\xde\xe3\x8c"),
                            None,
                            None,
                            None,
                        ], is_16bit=False, y_plus=0, y_minus=0, x=136, y=133),
                        Tile(mirror=False, invert=False, format=0, length=5, subtile_bytes=[
                            bytearray(b'\x11R\x80\xef\x12\x96B\x00\xfe\xe7\x00\xc2\x00\x00\xfc\x00\x80\xdb\xf1R"\xff\xfbE\x01\x92\xfd\xfcQ\x01\x00\x80'),
                            bytearray(b'\x00b\x01\x02\x10\x01B\xf7\x07<\x01b\x00\x00Q\x01r\xf8\xfby\x01\x80\xe6\xeb\xa6\x00\xce\x06\x0c\x00\x99\x00'),
                            None,
                            None,
                        ], is_16bit=False, y_plus=0, y_minus=0, x=120, y=133),
                        Tile(mirror=False, invert=False, format=0, length=7, subtile_bytes=[
                            bytearray(b'\xf0\xef\xd9y\xb0\xba+\xb0\xe7\xc9\xa4nM\xb0\xdf\xf17?\x14\xf0\xdf\xe14bG}\xf0\xdf\xd1\x8f\x88]'),
                            bytearray(b'\x05_\x05\x92\x05\xbc\x05\xe4\x05\x0c\x064\x06\\\x06\x84\x06\xab\x06\x00\x00\x80\xe7\r\x90\x80\xea\x10R\x80\xef\x13'),
                            bytearray(b'\x80\xdf\xec\xa3\x92\xff\x00Q\x01\x00\x80\xe8\x0e\x90"\x02\x00\x8c\x01B\x01\x00\xe7\x00\xc2\x00\x00\xfc\x00\x80\xdc\xf2'),
                            bytearray(b'\x00\x02\x10\x02\x11\x02\x12\x02\x13\x02\x14\x02\x15\x02\x16\x04\x17\x0e\x18\x02\x19\x02\x1a\x02\x1f\x02\x1b\x02\x1c\x02\x1f\x02'),
                        ], is_16bit=False, y_plus=0, y_minus=0, x=128, y=117),
                        Tile(mirror=False, invert=False, format=0, length=7, subtile_bytes=[
                            bytearray(b'\x96B\x00\xff\xe7\x00\xc2\x00\x00\xfc\x00"\xfe\x00/\x02\x80\xde\xeb\xa3\x92\xfe\xfdQ\x01\x00\x80\xe7\x0f\x90\x80\xec'),
                            bytearray(b'$"\x02\x00\xa2\x01\x92\x01\x00Q\x01\x00"\x01\x01\x88\x01\x80\xf0\x13\x90B\x00\xff\xe7\x00\xc2\xff\x01\xfc\x00\x80'),
                            bytearray(b'\x06  \x00\x00\x00\x1a\x00\xff\xff#\x00,\x00E\x00\x80\x00\x00\x00\x08\x00\x0c\x01\x08\x00\x0c\x02\x00\x02\x00\x02'),
                            bytearray(b'\xe7\x0e\x90\x80\xed\x10R\x80\xf0\x12\x96B\x01\xfd\xe7\x00\xc2\x00\x00\xfc\x00\x80\xda\xf1R\x80\xd9\xee$\x80\xdb\xeb'),
                        ], is_16bit=False, y_plus=0, y_minus=0, x=112, y=117),
                        Tile(mirror=False, invert=False, format=0, length=7, subtile_bytes=[
                            bytearray(b'\x02^\x02\x80\x02\xa5\x02\xcd\x02*\x03c\x03\xb5\x03\x03\x04?\x04o\x04\x90\x04\xb8\x04\xdd\x04\x02\x05"\x05B'),
                            bytearray(b'\xdc\xf2$\x80\xde\xf0\x07\x80\xe0\xec\xa3\x92\x01\xffQ\x01\x00\x80\xe7\x0f\x90\x80\xeb\x11R\x80\xef\x12\x90B\x00\xfe'),
                            bytearray(b'\xfd\x0e\x0f#\xb9p\xe1\r\x13\x7f\x8b\xb0\xe1\xed\x10!\xa7\xf0\xd9\x05\xa2\x08Y\xbe\xf0\xd9\xf5\x05i6F\x80'),
                            bytearray(b'\x02\x07\x02\x08\x02\t\x02\n\x02\x0b\x02\x0c\x04\r\x02\x0e\x06\x0f\x00\xdb\x00\x88\x01\xb0\x01\xd2\x01\xf7\x01\x1c\x02A'),
                        ], is_16bit=False, y_plus=0, y_minus=0, x=128, y=101),
                    ]
                ),
                Mold(13, gridplane=False,
                    tiles=[
                        Tile(mirror=False, invert=False, format=0, length=7, subtile_bytes=[
                            bytearray(b'\x8aB \x00\x80\xe6\r\x90\x80\xec\x0f\x90\x80\x06\x03\x80\xf0\xfe\x0bqDf\x9b\xb0\xf6\xfb\x03x\x8e\xa0\xee\x13'),
                            bytearray(b'\x03\x04\x04\x02\x03\x00\x02\x00\x02\x05\x02\x06\x02\x07\x02\x08\x02\t\x02\n\x04\x0b\x04\x0c\n\r\x02\x00\n\x10\x00\x02'),
                            bytearray(b'\xe7\x00\xc2\xfe\x02\xfc\x00"\x01\xffE\x01\x80\xe0\xeb\xa3\x92\x01\xfeQ\x01\x00"\x00\xff\xf7\x01\x80\xef\x14\x90B'),
                            bytearray(b'\xff\x01\xe7\x00\xc2\x00\x00\xfc\x00\x80\xdd\xf2$\x80\xdd\xef\x07\x80\xdf\xec\xa3\x92\x00\xffQ\x01\x00\x80\xe8\x0f\x90\x80'),
                        ], is_16bit=False, y_plus=0, y_minus=0, x=366, y=360),
                        Tile(mirror=False, invert=False, format=0, length=7, subtile_bytes=[
                            bytearray(b'\x8aB \x00\x80\xe6\r\x90\x80\xec\x0f\x90\x80\x06\x03\x80\xf0\xfe\x0bqDf\x9b\xb0\xf6\xfb\x03x\x8e\xa0\xee\x13'),
                            bytearray(b'\x03\x04\x04\x02\x03\x00\x02\x00\x02\x05\x02\x06\x02\x07\x02\x08\x02\t\x02\n\x04\x0b\x04\x0c\n\r\x02\x00\n\x10\x00\x02'),
                            bytearray(b'\xe7\x00\xc2\xfe\x02\xfc\x00"\x01\xffE\x01\x80\xe0\xeb\xa3\x92\x01\xfeQ\x01\x00"\x00\xff\xf7\x01\x80\xef\x14\x90B'),
                            bytearray(b'\xff\x01\xe7\x00\xc2\x00\x00\xfc\x00\x80\xdd\xf2$\x80\xdd\xef\x07\x80\xdf\xec\xa3\x92\x00\xffQ\x01\x00\x80\xe8\x0f\x90\x80'),
                        ], is_16bit=False, y_plus=0, y_minus=0, x=347, y=354),
                        Tile(mirror=False, invert=False, format=0, length=7, subtile_bytes=[
                            bytearray(b'\x8aB \x00\x80\xe6\r\x90\x80\xec\x0f\x90\x80\x06\x03\x80\xf0\xfe\x0bqDf\x9b\xb0\xf6\xfb\x03x\x8e\xa0\xee\x13'),
                            bytearray(b'\x03\x04\x04\x02\x03\x00\x02\x00\x02\x05\x02\x06\x02\x07\x02\x08\x02\t\x02\n\x04\x0b\x04\x0c\n\r\x02\x00\n\x10\x00\x02'),
                            bytearray(b'\xe7\x00\xc2\xfe\x02\xfc\x00"\x01\xffE\x01\x80\xe0\xeb\xa3\x92\x01\xfeQ\x01\x00"\x00\xff\xf7\x01\x80\xef\x14\x90B'),
                            bytearray(b'\xff\x01\xe7\x00\xc2\x00\x00\xfc\x00\x80\xdd\xf2$\x80\xdd\xef\x07\x80\xdf\xec\xa3\x92\x00\xffQ\x01\x00\x80\xe8\x0f\x90\x80'),
                        ], is_16bit=False, y_plus=0, y_minus=0, x=334, y=114),
                        Tile(mirror=False, invert=False, format=0, length=7, subtile_bytes=[
                            bytearray(b'\x8aB \x00\x80\xe6\r\x90\x80\xec\x0f\x90\x80\x06\x03\x80\xf0\xfe\x0bqDf\x9b\xb0\xf6\xfb\x03x\x8e\xa0\xee\x13'),
                            bytearray(b'\x03\x04\x04\x02\x03\x00\x02\x00\x02\x05\x02\x06\x02\x07\x02\x08\x02\t\x02\n\x04\x0b\x04\x0c\n\r\x02\x00\n\x10\x00\x02'),
                            bytearray(b'\xe7\x00\xc2\xfe\x02\xfc\x00"\x01\xffE\x01\x80\xe0\xeb\xa3\x92\x01\xfeQ\x01\x00"\x00\xff\xf7\x01\x80\xef\x14\x90B'),
                            bytearray(b'\xff\x01\xe7\x00\xc2\x00\x00\xfc\x00\x80\xdd\xf2$\x80\xdd\xef\x07\x80\xdf\xec\xa3\x92\x00\xffQ\x01\x00\x80\xe8\x0f\x90\x80'),
                        ], is_16bit=False, y_plus=0, y_minus=0, x=341, y=134),
                        Tile(mirror=False, invert=False, format=0, length=7, subtile_bytes=[
                            bytearray(b'\x8aB \x00\x80\xe6\r\x90\x80\xec\x0f\x90\x80\x06\x03\x80\xf0\xfe\x0bqDf\x9b\xb0\xf6\xfb\x03x\x8e\xa0\xee\x13'),
                            bytearray(b'\x03\x04\x04\x02\x03\x00\x02\x00\x02\x05\x02\x06\x02\x07\x02\x08\x02\t\x02\n\x04\x0b\x04\x0c\n\r\x02\x00\n\x10\x00\x02'),
                            bytearray(b'\xe7\x00\xc2\xfe\x02\xfc\x00"\x01\xffE\x01\x80\xe0\xeb\xa3\x92\x01\xfeQ\x01\x00"\x00\xff\xf7\x01\x80\xef\x14\x90B'),
                            bytearray(b'\xff\x01\xe7\x00\xc2\x00\x00\xfc\x00\x80\xdd\xf2$\x80\xdd\xef\x07\x80\xdf\xec\xa3\x92\x00\xffQ\x01\x00\x80\xe8\x0f\x90\x80'),
                        ], is_16bit=False, y_plus=0, y_minus=0, x=360, y=136),
                        Tile(mirror=False, invert=False, format=0, length=7, subtile_bytes=[
                            bytearray(b'\x8aB \x00\x80\xe6\r\x90\x80\xec\x0f\x90\x80\x06\x03\x80\xf0\xfe\x0bqDf\x9b\xb0\xf6\xfb\x03x\x8e\xa0\xee\x13'),
                            bytearray(b'\x03\x04\x04\x02\x03\x00\x02\x00\x02\x05\x02\x06\x02\x07\x02\x08\x02\t\x02\n\x04\x0b\x04\x0c\n\r\x02\x00\n\x10\x00\x02'),
                            bytearray(b'\xe7\x00\xc2\xfe\x02\xfc\x00"\x01\xffE\x01\x80\xe0\xeb\xa3\x92\x01\xfeQ\x01\x00"\x00\xff\xf7\x01\x80\xef\x14\x90B'),
                            bytearray(b'\xff\x01\xe7\x00\xc2\x00\x00\xfc\x00\x80\xdd\xf2$\x80\xdd\xef\x07\x80\xdf\xec\xa3\x92\x00\xffQ\x01\x00\x80\xe8\x0f\x90\x80'),
                        ], is_16bit=False, y_plus=0, y_minus=0, x=116, y=122),
                        Tile(mirror=False, invert=False, format=0, length=4, subtile_bytes=[
                            bytearray(b'\x90\x80\x03\x1bV\xc0\x03\x0bX\xbf\xa0\xf3\x1b\x91d\xf0\xf3\x0b\xb8\xa6\x19c\x80\x01\x1d%\xc0\x01\rh\x99\xc0'),
                            None,
                            None,
                            None,
                        ], is_16bit=False, y_plus=0, y_minus=0, x=120, y=109),
                        Tile(mirror=False, invert=False, format=0, length=4, subtile_bytes=[
                            bytearray(b"R\x80\xdb\xef\x90\x80\xda\xec\x07\x80\xee\xf3\x9a\xc0\xee\xe3\x84\x15\xc0\xee\xd3\'<\xc0\xee\xc3\x1e\x86\xb0\xde\xe3\x8c"),
                            None,
                            None,
                            None,
                        ], is_16bit=False, y_plus=0, y_minus=0, x=136, y=133),
                        Tile(mirror=False, invert=False, format=0, length=5, subtile_bytes=[
                            bytearray(b'\x11R\x80\xef\x12\x96B\x00\xfe\xe7\x00\xc2\x00\x00\xfc\x00\x80\xdb\xf1R"\xff\xfbE\x01\x92\xfd\xfcQ\x01\x00\x80'),
                            bytearray(b'\x00b\x01\x02\x10\x01B\xf7\x07<\x01b\x00\x00Q\x01r\xf8\xfby\x01\x80\xe6\xeb\xa6\x00\xce\x06\x0c\x00\x99\x00'),
                            None,
                            None,
                        ], is_16bit=False, y_plus=0, y_minus=0, x=120, y=133),
                        Tile(mirror=False, invert=False, format=0, length=7, subtile_bytes=[
                            bytearray(b'\xf0\xef\xd9y\xb0\xba+\xb0\xe7\xc9\xa4nM\xb0\xdf\xf17?\x14\xf0\xdf\xe14bG}\xf0\xdf\xd1\x8f\x88]'),
                            bytearray(b'\x05_\x05\x92\x05\xbc\x05\xe4\x05\x0c\x064\x06\\\x06\x84\x06\xab\x06\x00\x00\x80\xe7\r\x90\x80\xea\x10R\x80\xef\x13'),
                            bytearray(b'\x80\xdf\xec\xa3\x92\xff\x00Q\x01\x00\x80\xe8\x0e\x90"\x02\x00\x8c\x01B\x01\x00\xe7\x00\xc2\x00\x00\xfc\x00\x80\xdc\xf2'),
                            bytearray(b'\x00\x02\x10\x02\x11\x02\x12\x02\x13\x02\x14\x02\x15\x02\x16\x04\x17\x0e\x18\x02\x19\x02\x1a\x02\x1f\x02\x1b\x02\x1c\x02\x1f\x02'),
                        ], is_16bit=False, y_plus=0, y_minus=0, x=128, y=117),
                        Tile(mirror=False, invert=False, format=0, length=7, subtile_bytes=[
                            bytearray(b'\x96B\x00\xff\xe7\x00\xc2\x00\x00\xfc\x00"\xfe\x00/\x02\x80\xde\xeb\xa3\x92\xfe\xfdQ\x01\x00\x80\xe7\x0f\x90\x80\xec'),
                            bytearray(b'$"\x02\x00\xa2\x01\x92\x01\x00Q\x01\x00"\x01\x01\x88\x01\x80\xf0\x13\x90B\x00\xff\xe7\x00\xc2\xff\x01\xfc\x00\x80'),
                            bytearray(b'\x06  \x00\x00\x00\x1a\x00\xff\xff#\x00,\x00E\x00\x80\x00\x00\x00\x08\x00\x0c\x01\x08\x00\x0c\x02\x00\x02\x00\x02'),
                            bytearray(b'\xe7\x0e\x90\x80\xed\x10R\x80\xf0\x12\x96B\x01\xfd\xe7\x00\xc2\x00\x00\xfc\x00\x80\xda\xf1R\x80\xd9\xee$\x80\xdb\xeb'),
                        ], is_16bit=False, y_plus=0, y_minus=0, x=112, y=117),
                        Tile(mirror=False, invert=False, format=0, length=7, subtile_bytes=[
                            bytearray(b'\x02^\x02\x80\x02\xa5\x02\xcd\x02*\x03c\x03\xb5\x03\x03\x04?\x04o\x04\x90\x04\xb8\x04\xdd\x04\x02\x05"\x05B'),
                            bytearray(b'\xdc\xf2$\x80\xde\xf0\x07\x80\xe0\xec\xa3\x92\x01\xffQ\x01\x00\x80\xe7\x0f\x90\x80\xeb\x11R\x80\xef\x12\x90B\x00\xfe'),
                            bytearray(b'\xfd\x0e\x0f#\xb9p\xe1\r\x13\x7f\x8b\xb0\xe1\xed\x10!\xa7\xf0\xd9\x05\xa2\x08Y\xbe\xf0\xd9\xf5\x05i6F\x80'),
                            bytearray(b'\x02\x07\x02\x08\x02\t\x02\n\x02\x0b\x02\x0c\x04\r\x02\x0e\x06\x0f\x00\xdb\x00\x88\x01\xb0\x01\xd2\x01\xf7\x01\x1c\x02A'),
                        ], is_16bit=False, y_plus=0, y_minus=0, x=128, y=101),
                    ]
                ),
                Mold(14, gridplane=False,
                    tiles=[
                        Tile(mirror=False, invert=False, format=0, length=7, subtile_bytes=[
                            bytearray(b'\x8aB \x00\x80\xe6\r\x90\x80\xec\x0f\x90\x80\x06\x03\x80\xf0\xfe\x0bqDf\x9b\xb0\xf6\xfb\x03x\x8e\xa0\xee\x13'),
                            bytearray(b'\x03\x04\x04\x02\x03\x00\x02\x00\x02\x05\x02\x06\x02\x07\x02\x08\x02\t\x02\n\x04\x0b\x04\x0c\n\r\x02\x00\n\x10\x00\x02'),
                            bytearray(b'\xe7\x00\xc2\xfe\x02\xfc\x00"\x01\xffE\x01\x80\xe0\xeb\xa3\x92\x01\xfeQ\x01\x00"\x00\xff\xf7\x01\x80\xef\x14\x90B'),
                            bytearray(b'\xff\x01\xe7\x00\xc2\x00\x00\xfc\x00\x80\xdd\xf2$\x80\xdd\xef\x07\x80\xdf\xec\xa3\x92\x00\xffQ\x01\x00\x80\xe8\x0f\x90\x80'),
                        ], is_16bit=False, y_plus=0, y_minus=0, x=362, y=363),
                        Tile(mirror=False, invert=False, format=0, length=7, subtile_bytes=[
                            bytearray(b'\x8aB \x00\x80\xe6\r\x90\x80\xec\x0f\x90\x80\x06\x03\x80\xf0\xfe\x0bqDf\x9b\xb0\xf6\xfb\x03x\x8e\xa0\xee\x13'),
                            bytearray(b'\x03\x04\x04\x02\x03\x00\x02\x00\x02\x05\x02\x06\x02\x07\x02\x08\x02\t\x02\n\x04\x0b\x04\x0c\n\r\x02\x00\n\x10\x00\x02'),
                            bytearray(b'\xe7\x00\xc2\xfe\x02\xfc\x00"\x01\xffE\x01\x80\xe0\xeb\xa3\x92\x01\xfeQ\x01\x00"\x00\xff\xf7\x01\x80\xef\x14\x90B'),
                            bytearray(b'\xff\x01\xe7\x00\xc2\x00\x00\xfc\x00\x80\xdd\xf2$\x80\xdd\xef\x07\x80\xdf\xec\xa3\x92\x00\xffQ\x01\x00\x80\xe8\x0f\x90\x80'),
                        ], is_16bit=False, y_plus=0, y_minus=0, x=350, y=361),
                        Tile(mirror=False, invert=False, format=0, length=7, subtile_bytes=[
                            bytearray(b'\x8aB \x00\x80\xe6\r\x90\x80\xec\x0f\x90\x80\x06\x03\x80\xf0\xfe\x0bqDf\x9b\xb0\xf6\xfb\x03x\x8e\xa0\xee\x13'),
                            bytearray(b'\x03\x04\x04\x02\x03\x00\x02\x00\x02\x05\x02\x06\x02\x07\x02\x08\x02\t\x02\n\x04\x0b\x04\x0c\n\r\x02\x00\n\x10\x00\x02'),
                            bytearray(b'\xe7\x00\xc2\xfe\x02\xfc\x00"\x01\xffE\x01\x80\xe0\xeb\xa3\x92\x01\xfeQ\x01\x00"\x00\xff\xf7\x01\x80\xef\x14\x90B'),
                            bytearray(b'\xff\x01\xe7\x00\xc2\x00\x00\xfc\x00\x80\xdd\xf2$\x80\xdd\xef\x07\x80\xdf\xec\xa3\x92\x00\xffQ\x01\x00\x80\xe8\x0f\x90\x80'),
                        ], is_16bit=False, y_plus=0, y_minus=0, x=339, y=115),
                        Tile(mirror=False, invert=False, format=0, length=7, subtile_bytes=[
                            bytearray(b'\x8aB \x00\x80\xe6\r\x90\x80\xec\x0f\x90\x80\x06\x03\x80\xf0\xfe\x0bqDf\x9b\xb0\xf6\xfb\x03x\x8e\xa0\xee\x13'),
                            bytearray(b'\x03\x04\x04\x02\x03\x00\x02\x00\x02\x05\x02\x06\x02\x07\x02\x08\x02\t\x02\n\x04\x0b\x04\x0c\n\r\x02\x00\n\x10\x00\x02'),
                            bytearray(b'\xe7\x00\xc2\xfe\x02\xfc\x00"\x01\xffE\x01\x80\xe0\xeb\xa3\x92\x01\xfeQ\x01\x00"\x00\xff\xf7\x01\x80\xef\x14\x90B'),
                            bytearray(b'\xff\x01\xe7\x00\xc2\x00\x00\xfc\x00\x80\xdd\xf2$\x80\xdd\xef\x07\x80\xdf\xec\xa3\x92\x00\xffQ\x01\x00\x80\xe8\x0f\x90\x80'),
                        ], is_16bit=False, y_plus=0, y_minus=0, x=345, y=129),
                        Tile(mirror=False, invert=False, format=0, length=7, subtile_bytes=[
                            bytearray(b'\x8aB \x00\x80\xe6\r\x90\x80\xec\x0f\x90\x80\x06\x03\x80\xf0\xfe\x0bqDf\x9b\xb0\xf6\xfb\x03x\x8e\xa0\xee\x13'),
                            bytearray(b'\x03\x04\x04\x02\x03\x00\x02\x00\x02\x05\x02\x06\x02\x07\x02\x08\x02\t\x02\n\x04\x0b\x04\x0c\n\r\x02\x00\n\x10\x00\x02'),
                            bytearray(b'\xe7\x00\xc2\xfe\x02\xfc\x00"\x01\xffE\x01\x80\xe0\xeb\xa3\x92\x01\xfeQ\x01\x00"\x00\xff\xf7\x01\x80\xef\x14\x90B'),
                            bytearray(b'\xff\x01\xe7\x00\xc2\x00\x00\xfc\x00\x80\xdd\xf2$\x80\xdd\xef\x07\x80\xdf\xec\xa3\x92\x00\xffQ\x01\x00\x80\xe8\x0f\x90\x80'),
                        ], is_16bit=False, y_plus=0, y_minus=0, x=358, y=131),
                        Tile(mirror=False, invert=False, format=0, length=7, subtile_bytes=[
                            bytearray(b'\x8aB \x00\x80\xe6\r\x90\x80\xec\x0f\x90\x80\x06\x03\x80\xf0\xfe\x0bqDf\x9b\xb0\xf6\xfb\x03x\x8e\xa0\xee\x13'),
                            bytearray(b'\x03\x04\x04\x02\x03\x00\x02\x00\x02\x05\x02\x06\x02\x07\x02\x08\x02\t\x02\n\x04\x0b\x04\x0c\n\r\x02\x00\n\x10\x00\x02'),
                            bytearray(b'\xe7\x00\xc2\xfe\x02\xfc\x00"\x01\xffE\x01\x80\xe0\xeb\xa3\x92\x01\xfeQ\x01\x00"\x00\xff\xf7\x01\x80\xef\x14\x90B'),
                            bytearray(b'\xff\x01\xe7\x00\xc2\x00\x00\xfc\x00\x80\xdd\xf2$\x80\xdd\xef\x07\x80\xdf\xec\xa3\x92\x00\xffQ\x01\x00\x80\xe8\x0f\x90\x80'),
                        ], is_16bit=False, y_plus=0, y_minus=0, x=367, y=120),
                        Tile(mirror=False, invert=False, format=0, length=4, subtile_bytes=[
                            bytearray(b'\x90\x80\x03\x1bV\xc0\x03\x0bX\xbf\xa0\xf3\x1b\x91d\xf0\xf3\x0b\xb8\xa6\x19c\x80\x01\x1d%\xc0\x01\rh\x99\xc0'),
                            None,
                            None,
                            None,
                        ], is_16bit=False, y_plus=0, y_minus=0, x=120, y=109),
                        Tile(mirror=False, invert=False, format=0, length=4, subtile_bytes=[
                            bytearray(b"R\x80\xdb\xef\x90\x80\xda\xec\x07\x80\xee\xf3\x9a\xc0\xee\xe3\x84\x15\xc0\xee\xd3\'<\xc0\xee\xc3\x1e\x86\xb0\xde\xe3\x8c"),
                            None,
                            None,
                            None,
                        ], is_16bit=False, y_plus=0, y_minus=0, x=136, y=133),
                        Tile(mirror=False, invert=False, format=0, length=5, subtile_bytes=[
                            bytearray(b'\x11R\x80\xef\x12\x96B\x00\xfe\xe7\x00\xc2\x00\x00\xfc\x00\x80\xdb\xf1R"\xff\xfbE\x01\x92\xfd\xfcQ\x01\x00\x80'),
                            bytearray(b'\x00b\x01\x02\x10\x01B\xf7\x07<\x01b\x00\x00Q\x01r\xf8\xfby\x01\x80\xe6\xeb\xa6\x00\xce\x06\x0c\x00\x99\x00'),
                            None,
                            None,
                        ], is_16bit=False, y_plus=0, y_minus=0, x=120, y=133),
                        Tile(mirror=False, invert=False, format=0, length=7, subtile_bytes=[
                            bytearray(b'\xf0\xef\xd9y\xb0\xba+\xb0\xe7\xc9\xa4nM\xb0\xdf\xf17?\x14\xf0\xdf\xe14bG}\xf0\xdf\xd1\x8f\x88]'),
                            bytearray(b'\x05_\x05\x92\x05\xbc\x05\xe4\x05\x0c\x064\x06\\\x06\x84\x06\xab\x06\x00\x00\x80\xe7\r\x90\x80\xea\x10R\x80\xef\x13'),
                            bytearray(b'\x80\xdf\xec\xa3\x92\xff\x00Q\x01\x00\x80\xe8\x0e\x90"\x02\x00\x8c\x01B\x01\x00\xe7\x00\xc2\x00\x00\xfc\x00\x80\xdc\xf2'),
                            bytearray(b'\x00\x02\x10\x02\x11\x02\x12\x02\x13\x02\x14\x02\x15\x02\x16\x04\x17\x0e\x18\x02\x19\x02\x1a\x02\x1f\x02\x1b\x02\x1c\x02\x1f\x02'),
                        ], is_16bit=False, y_plus=0, y_minus=0, x=128, y=117),
                        Tile(mirror=False, invert=False, format=0, length=7, subtile_bytes=[
                            bytearray(b'\x96B\x00\xff\xe7\x00\xc2\x00\x00\xfc\x00"\xfe\x00/\x02\x80\xde\xeb\xa3\x92\xfe\xfdQ\x01\x00\x80\xe7\x0f\x90\x80\xec'),
                            bytearray(b'$"\x02\x00\xa2\x01\x92\x01\x00Q\x01\x00"\x01\x01\x88\x01\x80\xf0\x13\x90B\x00\xff\xe7\x00\xc2\xff\x01\xfc\x00\x80'),
                            bytearray(b'\x06  \x00\x00\x00\x1a\x00\xff\xff#\x00,\x00E\x00\x80\x00\x00\x00\x08\x00\x0c\x01\x08\x00\x0c\x02\x00\x02\x00\x02'),
                            bytearray(b'\xe7\x0e\x90\x80\xed\x10R\x80\xf0\x12\x96B\x01\xfd\xe7\x00\xc2\x00\x00\xfc\x00\x80\xda\xf1R\x80\xd9\xee$\x80\xdb\xeb'),
                        ], is_16bit=False, y_plus=0, y_minus=0, x=112, y=117),
                        Tile(mirror=False, invert=False, format=0, length=7, subtile_bytes=[
                            bytearray(b'\x02^\x02\x80\x02\xa5\x02\xcd\x02*\x03c\x03\xb5\x03\x03\x04?\x04o\x04\x90\x04\xb8\x04\xdd\x04\x02\x05"\x05B'),
                            bytearray(b'\xdc\xf2$\x80\xde\xf0\x07\x80\xe0\xec\xa3\x92\x01\xffQ\x01\x00\x80\xe7\x0f\x90\x80\xeb\x11R\x80\xef\x12\x90B\x00\xfe'),
                            bytearray(b'\xfd\x0e\x0f#\xb9p\xe1\r\x13\x7f\x8b\xb0\xe1\xed\x10!\xa7\xf0\xd9\x05\xa2\x08Y\xbe\xf0\xd9\xf5\x05i6F\x80'),
                            bytearray(b'\x02\x07\x02\x08\x02\t\x02\n\x02\x0b\x02\x0c\x04\r\x02\x0e\x06\x0f\x00\xdb\x00\x88\x01\xb0\x01\xd2\x01\xf7\x01\x1c\x02A'),
                        ], is_16bit=False, y_plus=0, y_minus=0, x=128, y=101),
                    ]
                ),
                Mold(15, gridplane=False,
                    tiles=[
                        Tile(mirror=False, invert=False, format=0, length=7, subtile_bytes=[
                            bytearray(b'\x8aB \x00\x80\xe6\r\x90\x80\xec\x0f\x90\x80\x06\x03\x80\xf0\xfe\x0bqDf\x9b\xb0\xf6\xfb\x03x\x8e\xa0\xee\x13'),
                            bytearray(b'\x03\x04\x04\x02\x03\x00\x02\x00\x02\x05\x02\x06\x02\x07\x02\x08\x02\t\x02\n\x04\x0b\x04\x0c\n\r\x02\x00\n\x10\x00\x02'),
                            bytearray(b'\xe7\x00\xc2\xfe\x02\xfc\x00"\x01\xffE\x01\x80\xe0\xeb\xa3\x92\x01\xfeQ\x01\x00"\x00\xff\xf7\x01\x80\xef\x14\x90B'),
                            bytearray(b'\xff\x01\xe7\x00\xc2\x00\x00\xfc\x00\x80\xdd\xf2$\x80\xdd\xef\x07\x80\xdf\xec\xa3\x92\x00\xffQ\x01\x00\x80\xe8\x0f\x90\x80'),
                        ], is_16bit=False, y_plus=0, y_minus=0, x=357, y=112),
                        Tile(mirror=False, invert=False, format=0, length=7, subtile_bytes=[
                            bytearray(b'\x8aB \x00\x80\xe6\r\x90\x80\xec\x0f\x90\x80\x06\x03\x80\xf0\xfe\x0bqDf\x9b\xb0\xf6\xfb\x03x\x8e\xa0\xee\x13'),
                            bytearray(b'\x03\x04\x04\x02\x03\x00\x02\x00\x02\x05\x02\x06\x02\x07\x02\x08\x02\t\x02\n\x04\x0b\x04\x0c\n\r\x02\x00\n\x10\x00\x02'),
                            bytearray(b'\xe7\x00\xc2\xfe\x02\xfc\x00"\x01\xffE\x01\x80\xe0\xeb\xa3\x92\x01\xfeQ\x01\x00"\x00\xff\xf7\x01\x80\xef\x14\x90B'),
                            bytearray(b'\xff\x01\xe7\x00\xc2\x00\x00\xfc\x00\x80\xdd\xf2$\x80\xdd\xef\x07\x80\xdf\xec\xa3\x92\x00\xffQ\x01\x00\x80\xe8\x0f\x90\x80'),
                        ], is_16bit=False, y_plus=0, y_minus=0, x=350, y=365),
                        Tile(mirror=False, invert=False, format=0, length=7, subtile_bytes=[
                            bytearray(b'\x8aB \x00\x80\xe6\r\x90\x80\xec\x0f\x90\x80\x06\x03\x80\xf0\xfe\x0bqDf\x9b\xb0\xf6\xfb\x03x\x8e\xa0\xee\x13'),
                            bytearray(b'\x03\x04\x04\x02\x03\x00\x02\x00\x02\x05\x02\x06\x02\x07\x02\x08\x02\t\x02\n\x04\x0b\x04\x0c\n\r\x02\x00\n\x10\x00\x02'),
                            bytearray(b'\xe7\x00\xc2\xfe\x02\xfc\x00"\x01\xffE\x01\x80\xe0\xeb\xa3\x92\x01\xfeQ\x01\x00"\x00\xff\xf7\x01\x80\xef\x14\x90B'),
                            bytearray(b'\xff\x01\xe7\x00\xc2\x00\x00\xfc\x00\x80\xdd\xf2$\x80\xdd\xef\x07\x80\xdf\xec\xa3\x92\x00\xffQ\x01\x00\x80\xe8\x0f\x90\x80'),
                        ], is_16bit=False, y_plus=0, y_minus=0, x=344, y=115),
                        Tile(mirror=False, invert=False, format=0, length=7, subtile_bytes=[
                            bytearray(b'\x8aB \x00\x80\xe6\r\x90\x80\xec\x0f\x90\x80\x06\x03\x80\xf0\xfe\x0bqDf\x9b\xb0\xf6\xfb\x03x\x8e\xa0\xee\x13'),
                            bytearray(b'\x03\x04\x04\x02\x03\x00\x02\x00\x02\x05\x02\x06\x02\x07\x02\x08\x02\t\x02\n\x04\x0b\x04\x0c\n\r\x02\x00\n\x10\x00\x02'),
                            bytearray(b'\xe7\x00\xc2\xfe\x02\xfc\x00"\x01\xffE\x01\x80\xe0\xeb\xa3\x92\x01\xfeQ\x01\x00"\x00\xff\xf7\x01\x80\xef\x14\x90B'),
                            bytearray(b'\xff\x01\xe7\x00\xc2\x00\x00\xfc\x00\x80\xdd\xf2$\x80\xdd\xef\x07\x80\xdf\xec\xa3\x92\x00\xffQ\x01\x00\x80\xe8\x0f\x90\x80'),
                        ], is_16bit=False, y_plus=0, y_minus=0, x=345, y=123),
                        Tile(mirror=False, invert=False, format=0, length=7, subtile_bytes=[
                            bytearray(b'\x8aB \x00\x80\xe6\r\x90\x80\xec\x0f\x90\x80\x06\x03\x80\xf0\xfe\x0bqDf\x9b\xb0\xf6\xfb\x03x\x8e\xa0\xee\x13'),
                            bytearray(b'\x03\x04\x04\x02\x03\x00\x02\x00\x02\x05\x02\x06\x02\x07\x02\x08\x02\t\x02\n\x04\x0b\x04\x0c\n\r\x02\x00\n\x10\x00\x02'),
                            bytearray(b'\xe7\x00\xc2\xfe\x02\xfc\x00"\x01\xffE\x01\x80\xe0\xeb\xa3\x92\x01\xfeQ\x01\x00"\x00\xff\xf7\x01\x80\xef\x14\x90B'),
                            bytearray(b'\xff\x01\xe7\x00\xc2\x00\x00\xfc\x00\x80\xdd\xf2$\x80\xdd\xef\x07\x80\xdf\xec\xa3\x92\x00\xffQ\x01\x00\x80\xe8\x0f\x90\x80'),
                        ], is_16bit=False, y_plus=0, y_minus=0, x=354, y=124),
                        Tile(mirror=False, invert=False, format=0, length=7, subtile_bytes=[
                            bytearray(b'\x8aB \x00\x80\xe6\r\x90\x80\xec\x0f\x90\x80\x06\x03\x80\xf0\xfe\x0bqDf\x9b\xb0\xf6\xfb\x03x\x8e\xa0\xee\x13'),
                            bytearray(b'\x03\x04\x04\x02\x03\x00\x02\x00\x02\x05\x02\x06\x02\x07\x02\x08\x02\t\x02\n\x04\x0b\x04\x0c\n\r\x02\x00\n\x10\x00\x02'),
                            bytearray(b'\xe7\x00\xc2\xfe\x02\xfc\x00"\x01\xffE\x01\x80\xe0\xeb\xa3\x92\x01\xfeQ\x01\x00"\x00\xff\xf7\x01\x80\xef\x14\x90B'),
                            bytearray(b'\xff\x01\xe7\x00\xc2\x00\x00\xfc\x00\x80\xdd\xf2$\x80\xdd\xef\x07\x80\xdf\xec\xa3\x92\x00\xffQ\x01\x00\x80\xe8\x0f\x90\x80'),
                        ], is_16bit=False, y_plus=0, y_minus=0, x=361, y=118),
                        Tile(mirror=False, invert=False, format=0, length=4, subtile_bytes=[
                            bytearray(b'\x90\x80\x03\x1bV\xc0\x03\x0bX\xbf\xa0\xf3\x1b\x91d\xf0\xf3\x0b\xb8\xa6\x19c\x80\x01\x1d%\xc0\x01\rh\x99\xc0'),
                            None,
                            None,
                            None,
                        ], is_16bit=False, y_plus=0, y_minus=0, x=120, y=109),
                        Tile(mirror=False, invert=False, format=0, length=4, subtile_bytes=[
                            bytearray(b"R\x80\xdb\xef\x90\x80\xda\xec\x07\x80\xee\xf3\x9a\xc0\xee\xe3\x84\x15\xc0\xee\xd3\'<\xc0\xee\xc3\x1e\x86\xb0\xde\xe3\x8c"),
                            None,
                            None,
                            None,
                        ], is_16bit=False, y_plus=0, y_minus=0, x=136, y=133),
                        Tile(mirror=False, invert=False, format=0, length=5, subtile_bytes=[
                            bytearray(b'\x11R\x80\xef\x12\x96B\x00\xfe\xe7\x00\xc2\x00\x00\xfc\x00\x80\xdb\xf1R"\xff\xfbE\x01\x92\xfd\xfcQ\x01\x00\x80'),
                            bytearray(b'\x00b\x01\x02\x10\x01B\xf7\x07<\x01b\x00\x00Q\x01r\xf8\xfby\x01\x80\xe6\xeb\xa6\x00\xce\x06\x0c\x00\x99\x00'),
                            None,
                            None,
                        ], is_16bit=False, y_plus=0, y_minus=0, x=120, y=133),
                        Tile(mirror=False, invert=False, format=0, length=7, subtile_bytes=[
                            bytearray(b'\xf0\xef\xd9y\xb0\xba+\xb0\xe7\xc9\xa4nM\xb0\xdf\xf17?\x14\xf0\xdf\xe14bG}\xf0\xdf\xd1\x8f\x88]'),
                            bytearray(b'\x05_\x05\x92\x05\xbc\x05\xe4\x05\x0c\x064\x06\\\x06\x84\x06\xab\x06\x00\x00\x80\xe7\r\x90\x80\xea\x10R\x80\xef\x13'),
                            bytearray(b'\x80\xdf\xec\xa3\x92\xff\x00Q\x01\x00\x80\xe8\x0e\x90"\x02\x00\x8c\x01B\x01\x00\xe7\x00\xc2\x00\x00\xfc\x00\x80\xdc\xf2'),
                            bytearray(b'\x00\x02\x10\x02\x11\x02\x12\x02\x13\x02\x14\x02\x15\x02\x16\x04\x17\x0e\x18\x02\x19\x02\x1a\x02\x1f\x02\x1b\x02\x1c\x02\x1f\x02'),
                        ], is_16bit=False, y_plus=0, y_minus=0, x=128, y=117),
                        Tile(mirror=False, invert=False, format=0, length=7, subtile_bytes=[
                            bytearray(b'\x96B\x00\xff\xe7\x00\xc2\x00\x00\xfc\x00"\xfe\x00/\x02\x80\xde\xeb\xa3\x92\xfe\xfdQ\x01\x00\x80\xe7\x0f\x90\x80\xec'),
                            bytearray(b'$"\x02\x00\xa2\x01\x92\x01\x00Q\x01\x00"\x01\x01\x88\x01\x80\xf0\x13\x90B\x00\xff\xe7\x00\xc2\xff\x01\xfc\x00\x80'),
                            bytearray(b'\x06  \x00\x00\x00\x1a\x00\xff\xff#\x00,\x00E\x00\x80\x00\x00\x00\x08\x00\x0c\x01\x08\x00\x0c\x02\x00\x02\x00\x02'),
                            bytearray(b'\xe7\x0e\x90\x80\xed\x10R\x80\xf0\x12\x96B\x01\xfd\xe7\x00\xc2\x00\x00\xfc\x00\x80\xda\xf1R\x80\xd9\xee$\x80\xdb\xeb'),
                        ], is_16bit=False, y_plus=0, y_minus=0, x=112, y=117),
                        Tile(mirror=False, invert=False, format=0, length=7, subtile_bytes=[
                            bytearray(b'\x02^\x02\x80\x02\xa5\x02\xcd\x02*\x03c\x03\xb5\x03\x03\x04?\x04o\x04\x90\x04\xb8\x04\xdd\x04\x02\x05"\x05B'),
                            bytearray(b'\xdc\xf2$\x80\xde\xf0\x07\x80\xe0\xec\xa3\x92\x01\xffQ\x01\x00\x80\xe7\x0f\x90\x80\xeb\x11R\x80\xef\x12\x90B\x00\xfe'),
                            bytearray(b'\xfd\x0e\x0f#\xb9p\xe1\r\x13\x7f\x8b\xb0\xe1\xed\x10!\xa7\xf0\xd9\x05\xa2\x08Y\xbe\xf0\xd9\xf5\x05i6F\x80'),
                            bytearray(b'\x02\x07\x02\x08\x02\t\x02\n\x02\x0b\x02\x0c\x04\r\x02\x0e\x06\x0f\x00\xdb\x00\x88\x01\xb0\x01\xd2\x01\xf7\x01\x1c\x02A'),
                        ], is_16bit=False, y_plus=0, y_minus=0, x=128, y=101),
                    ]
                ),
                Mold(16, gridplane=False,
                    tiles=[
                        Tile(mirror=False, invert=False, format=0, length=7, subtile_bytes=[
                            bytearray(b'\x8aB \x00\x80\xe6\r\x90\x80\xec\x0f\x90\x80\x06\x03\x80\xf0\xfe\x0bqDf\x9b\xb0\xf6\xfb\x03x\x8e\xa0\xee\x13'),
                            bytearray(b'\x03\x04\x04\x02\x03\x00\x02\x00\x02\x05\x02\x06\x02\x07\x02\x08\x02\t\x02\n\x04\x0b\x04\x0c\n\r\x02\x00\n\x10\x00\x02'),
                            bytearray(b'\xe7\x00\xc2\xfe\x02\xfc\x00"\x01\xffE\x01\x80\xe0\xeb\xa3\x92\x01\xfeQ\x01\x00"\x00\xff\xf7\x01\x80\xef\x14\x90B'),
                            bytearray(b'\xff\x01\xe7\x00\xc2\x00\x00\xfc\x00\x80\xdd\xf2$\x80\xdd\xef\x07\x80\xdf\xec\xa3\x92\x00\xffQ\x01\x00\x80\xe8\x0f\x90\x80'),
                        ], is_16bit=False, y_plus=0, y_minus=0, x=348, y=115),
                        Tile(mirror=False, invert=False, format=0, length=7, subtile_bytes=[
                            bytearray(b'\x8aB \x00\x80\xe6\r\x90\x80\xec\x0f\x90\x80\x06\x03\x80\xf0\xfe\x0bqDf\x9b\xb0\xf6\xfb\x03x\x8e\xa0\xee\x13'),
                            bytearray(b'\x03\x04\x04\x02\x03\x00\x02\x00\x02\x05\x02\x06\x02\x07\x02\x08\x02\t\x02\n\x04\x0b\x04\x0c\n\r\x02\x00\n\x10\x00\x02'),
                            bytearray(b'\xe7\x00\xc2\xfe\x02\xfc\x00"\x01\xffE\x01\x80\xe0\xeb\xa3\x92\x01\xfeQ\x01\x00"\x00\xff\xf7\x01\x80\xef\x14\x90B'),
                            bytearray(b'\xff\x01\xe7\x00\xc2\x00\x00\xfc\x00\x80\xdd\xf2$\x80\xdd\xef\x07\x80\xdf\xec\xa3\x92\x00\xffQ\x01\x00\x80\xe8\x0f\x90\x80'),
                        ], is_16bit=False, y_plus=0, y_minus=0, x=346, y=116),
                        Tile(mirror=False, invert=False, format=0, length=7, subtile_bytes=[
                            bytearray(b'\x8aB \x00\x80\xe6\r\x90\x80\xec\x0f\x90\x80\x06\x03\x80\xf0\xfe\x0bqDf\x9b\xb0\xf6\xfb\x03x\x8e\xa0\xee\x13'),
                            bytearray(b'\x03\x04\x04\x02\x03\x00\x02\x00\x02\x05\x02\x06\x02\x07\x02\x08\x02\t\x02\n\x04\x0b\x04\x0c\n\r\x02\x00\n\x10\x00\x02'),
                            bytearray(b'\xe7\x00\xc2\xfe\x02\xfc\x00"\x01\xffE\x01\x80\xe0\xeb\xa3\x92\x01\xfeQ\x01\x00"\x00\xff\xf7\x01\x80\xef\x14\x90B'),
                            bytearray(b'\xff\x01\xe7\x00\xc2\x00\x00\xfc\x00\x80\xdd\xf2$\x80\xdd\xef\x07\x80\xdf\xec\xa3\x92\x00\xffQ\x01\x00\x80\xe8\x0f\x90\x80'),
                        ], is_16bit=False, y_plus=0, y_minus=0, x=347, y=118),
                        Tile(mirror=False, invert=False, format=0, length=7, subtile_bytes=[
                            bytearray(b'\x8aB \x00\x80\xe6\r\x90\x80\xec\x0f\x90\x80\x06\x03\x80\xf0\xfe\x0bqDf\x9b\xb0\xf6\xfb\x03x\x8e\xa0\xee\x13'),
                            bytearray(b'\x03\x04\x04\x02\x03\x00\x02\x00\x02\x05\x02\x06\x02\x07\x02\x08\x02\t\x02\n\x04\x0b\x04\x0c\n\r\x02\x00\n\x10\x00\x02'),
                            bytearray(b'\xe7\x00\xc2\xfe\x02\xfc\x00"\x01\xffE\x01\x80\xe0\xeb\xa3\x92\x01\xfeQ\x01\x00"\x00\xff\xf7\x01\x80\xef\x14\x90B'),
                            bytearray(b'\xff\x01\xe7\x00\xc2\x00\x00\xfc\x00\x80\xdd\xf2$\x80\xdd\xef\x07\x80\xdf\xec\xa3\x92\x00\xffQ\x01\x00\x80\xe8\x0f\x90\x80'),
                        ], is_16bit=False, y_plus=0, y_minus=0, x=348, y=120),
                        Tile(mirror=False, invert=False, format=0, length=7, subtile_bytes=[
                            bytearray(b'\x8aB \x00\x80\xe6\r\x90\x80\xec\x0f\x90\x80\x06\x03\x80\xf0\xfe\x0bqDf\x9b\xb0\xf6\xfb\x03x\x8e\xa0\xee\x13'),
                            bytearray(b'\x03\x04\x04\x02\x03\x00\x02\x00\x02\x05\x02\x06\x02\x07\x02\x08\x02\t\x02\n\x04\x0b\x04\x0c\n\r\x02\x00\n\x10\x00\x02'),
                            bytearray(b'\xe7\x00\xc2\xfe\x02\xfc\x00"\x01\xffE\x01\x80\xe0\xeb\xa3\x92\x01\xfeQ\x01\x00"\x00\xff\xf7\x01\x80\xef\x14\x90B'),
                            bytearray(b'\xff\x01\xe7\x00\xc2\x00\x00\xfc\x00\x80\xdd\xf2$\x80\xdd\xef\x07\x80\xdf\xec\xa3\x92\x00\xffQ\x01\x00\x80\xe8\x0f\x90\x80'),
                        ], is_16bit=False, y_plus=0, y_minus=0, x=351, y=121),
                        Tile(mirror=False, invert=False, format=0, length=7, subtile_bytes=[
                            bytearray(b'\x8aB \x00\x80\xe6\r\x90\x80\xec\x0f\x90\x80\x06\x03\x80\xf0\xfe\x0bqDf\x9b\xb0\xf6\xfb\x03x\x8e\xa0\xee\x13'),
                            bytearray(b'\x03\x04\x04\x02\x03\x00\x02\x00\x02\x05\x02\x06\x02\x07\x02\x08\x02\t\x02\n\x04\x0b\x04\x0c\n\r\x02\x00\n\x10\x00\x02'),
                            bytearray(b'\xe7\x00\xc2\xfe\x02\xfc\x00"\x01\xffE\x01\x80\xe0\xeb\xa3\x92\x01\xfeQ\x01\x00"\x00\xff\xf7\x01\x80\xef\x14\x90B'),
                            bytearray(b'\xff\x01\xe7\x00\xc2\x00\x00\xfc\x00\x80\xdd\xf2$\x80\xdd\xef\x07\x80\xdf\xec\xa3\x92\x00\xffQ\x01\x00\x80\xe8\x0f\x90\x80'),
                        ], is_16bit=False, y_plus=0, y_minus=0, x=356, y=118),
                        Tile(mirror=False, invert=False, format=0, length=4, subtile_bytes=[
                            bytearray(b'\x90\x80\x03\x1bV\xc0\x03\x0bX\xbf\xa0\xf3\x1b\x91d\xf0\xf3\x0b\xb8\xa6\x19c\x80\x01\x1d%\xc0\x01\rh\x99\xc0'),
                            None,
                            None,
                            None,
                        ], is_16bit=False, y_plus=0, y_minus=0, x=120, y=109),
                        Tile(mirror=False, invert=False, format=0, length=4, subtile_bytes=[
                            bytearray(b"R\x80\xdb\xef\x90\x80\xda\xec\x07\x80\xee\xf3\x9a\xc0\xee\xe3\x84\x15\xc0\xee\xd3\'<\xc0\xee\xc3\x1e\x86\xb0\xde\xe3\x8c"),
                            None,
                            None,
                            None,
                        ], is_16bit=False, y_plus=0, y_minus=0, x=136, y=133),
                        Tile(mirror=False, invert=False, format=0, length=5, subtile_bytes=[
                            bytearray(b'\x11R\x80\xef\x12\x96B\x00\xfe\xe7\x00\xc2\x00\x00\xfc\x00\x80\xdb\xf1R"\xff\xfbE\x01\x92\xfd\xfcQ\x01\x00\x80'),
                            bytearray(b'\x00b\x01\x02\x10\x01B\xf7\x07<\x01b\x00\x00Q\x01r\xf8\xfby\x01\x80\xe6\xeb\xa6\x00\xce\x06\x0c\x00\x99\x00'),
                            None,
                            None,
                        ], is_16bit=False, y_plus=0, y_minus=0, x=120, y=133),
                        Tile(mirror=False, invert=False, format=0, length=7, subtile_bytes=[
                            bytearray(b'\xf0\xef\xd9y\xb0\xba+\xb0\xe7\xc9\xa4nM\xb0\xdf\xf17?\x14\xf0\xdf\xe14bG}\xf0\xdf\xd1\x8f\x88]'),
                            bytearray(b'\x05_\x05\x92\x05\xbc\x05\xe4\x05\x0c\x064\x06\\\x06\x84\x06\xab\x06\x00\x00\x80\xe7\r\x90\x80\xea\x10R\x80\xef\x13'),
                            bytearray(b'\x80\xdf\xec\xa3\x92\xff\x00Q\x01\x00\x80\xe8\x0e\x90"\x02\x00\x8c\x01B\x01\x00\xe7\x00\xc2\x00\x00\xfc\x00\x80\xdc\xf2'),
                            bytearray(b'\x00\x02\x10\x02\x11\x02\x12\x02\x13\x02\x14\x02\x15\x02\x16\x04\x17\x0e\x18\x02\x19\x02\x1a\x02\x1f\x02\x1b\x02\x1c\x02\x1f\x02'),
                        ], is_16bit=False, y_plus=0, y_minus=0, x=128, y=117),
                        Tile(mirror=False, invert=False, format=0, length=7, subtile_bytes=[
                            bytearray(b'\x96B\x00\xff\xe7\x00\xc2\x00\x00\xfc\x00"\xfe\x00/\x02\x80\xde\xeb\xa3\x92\xfe\xfdQ\x01\x00\x80\xe7\x0f\x90\x80\xec'),
                            bytearray(b'$"\x02\x00\xa2\x01\x92\x01\x00Q\x01\x00"\x01\x01\x88\x01\x80\xf0\x13\x90B\x00\xff\xe7\x00\xc2\xff\x01\xfc\x00\x80'),
                            bytearray(b'\x06  \x00\x00\x00\x1a\x00\xff\xff#\x00,\x00E\x00\x80\x00\x00\x00\x08\x00\x0c\x01\x08\x00\x0c\x02\x00\x02\x00\x02'),
                            bytearray(b'\xe7\x0e\x90\x80\xed\x10R\x80\xf0\x12\x96B\x01\xfd\xe7\x00\xc2\x00\x00\xfc\x00\x80\xda\xf1R\x80\xd9\xee$\x80\xdb\xeb'),
                        ], is_16bit=False, y_plus=0, y_minus=0, x=112, y=117),
                        Tile(mirror=False, invert=False, format=0, length=7, subtile_bytes=[
                            bytearray(b'\x02^\x02\x80\x02\xa5\x02\xcd\x02*\x03c\x03\xb5\x03\x03\x04?\x04o\x04\x90\x04\xb8\x04\xdd\x04\x02\x05"\x05B'),
                            bytearray(b'\xdc\xf2$\x80\xde\xf0\x07\x80\xe0\xec\xa3\x92\x01\xffQ\x01\x00\x80\xe7\x0f\x90\x80\xeb\x11R\x80\xef\x12\x90B\x00\xfe'),
                            bytearray(b'\xfd\x0e\x0f#\xb9p\xe1\r\x13\x7f\x8b\xb0\xe1\xed\x10!\xa7\xf0\xd9\x05\xa2\x08Y\xbe\xf0\xd9\xf5\x05i6F\x80'),
                            bytearray(b'\x02\x07\x02\x08\x02\t\x02\n\x02\x0b\x02\x0c\x04\r\x02\x0e\x06\x0f\x00\xdb\x00\x88\x01\xb0\x01\xd2\x01\xf7\x01\x1c\x02A'),
                        ], is_16bit=False, y_plus=0, y_minus=0, x=128, y=101),
                    ]
                ),
                Mold(17, gridplane=False,
                    tiles=[
                        Tile(mirror=False, invert=False, format=0, length=7, subtile_bytes=[
                            bytearray(b'\x8aB \x00\x80\xe6\r\x90\x80\xec\x0f\x90\x80\x06\x03\x80\xf0\xfe\x0bqDf\x9b\xb0\xf6\xfb\x03x\x8e\xa0\xee\x13'),
                            bytearray(b'\x03\x04\x04\x02\x03\x00\x02\x00\x02\x05\x02\x06\x02\x07\x02\x08\x02\t\x02\n\x04\x0b\x04\x0c\n\r\x02\x00\n\x10\x00\x02'),
                            bytearray(b'\xe7\x00\xc2\xfe\x02\xfc\x00"\x01\xffE\x01\x80\xe0\xeb\xa3\x92\x01\xfeQ\x01\x00"\x00\xff\xf7\x01\x80\xef\x14\x90B'),
                            bytearray(b'\xff\x01\xe7\x00\xc2\x00\x00\xfc\x00\x80\xdd\xf2$\x80\xdd\xef\x07\x80\xdf\xec\xa3\x92\x00\xffQ\x01\x00\x80\xe8\x0f\x90\x80'),
                        ], is_16bit=False, y_plus=0, y_minus=0, x=346, y=119),
                        Tile(mirror=False, invert=False, format=0, length=7, subtile_bytes=[
                            bytearray(b'\x8aB \x00\x80\xe6\r\x90\x80\xec\x0f\x90\x80\x06\x03\x80\xf0\xfe\x0bqDf\x9b\xb0\xf6\xfb\x03x\x8e\xa0\xee\x13'),
                            bytearray(b'\x03\x04\x04\x02\x03\x00\x02\x00\x02\x05\x02\x06\x02\x07\x02\x08\x02\t\x02\n\x04\x0b\x04\x0c\n\r\x02\x00\n\x10\x00\x02'),
                            bytearray(b'\xe7\x00\xc2\xfe\x02\xfc\x00"\x01\xffE\x01\x80\xe0\xeb\xa3\x92\x01\xfeQ\x01\x00"\x00\xff\xf7\x01\x80\xef\x14\x90B'),
                            bytearray(b'\xff\x01\xe7\x00\xc2\x00\x00\xfc\x00\x80\xdd\xf2$\x80\xdd\xef\x07\x80\xdf\xec\xa3\x92\x00\xffQ\x01\x00\x80\xe8\x0f\x90\x80'),
                        ], is_16bit=False, y_plus=0, y_minus=0, x=349, y=117),
                        Tile(mirror=False, invert=False, format=0, length=7, subtile_bytes=[
                            bytearray(b'\x8aB \x00\x80\xe6\r\x90\x80\xec\x0f\x90\x80\x06\x03\x80\xf0\xfe\x0bqDf\x9b\xb0\xf6\xfb\x03x\x8e\xa0\xee\x13'),
                            bytearray(b'\x03\x04\x04\x02\x03\x00\x02\x00\x02\x05\x02\x06\x02\x07\x02\x08\x02\t\x02\n\x04\x0b\x04\x0c\n\r\x02\x00\n\x10\x00\x02'),
                            bytearray(b'\xe7\x00\xc2\xfe\x02\xfc\x00"\x01\xffE\x01\x80\xe0\xeb\xa3\x92\x01\xfeQ\x01\x00"\x00\xff\xf7\x01\x80\xef\x14\x90B'),
                            bytearray(b'\xff\x01\xe7\x00\xc2\x00\x00\xfc\x00\x80\xdd\xf2$\x80\xdd\xef\x07\x80\xdf\xec\xa3\x92\x00\xffQ\x01\x00\x80\xe8\x0f\x90\x80'),
                        ], is_16bit=False, y_plus=0, y_minus=0, x=351, y=116),
                        Tile(mirror=False, invert=False, format=0, length=7, subtile_bytes=[
                            bytearray(b'\x8aB \x00\x80\xe6\r\x90\x80\xec\x0f\x90\x80\x06\x03\x80\xf0\xfe\x0bqDf\x9b\xb0\xf6\xfb\x03x\x8e\xa0\xee\x13'),
                            bytearray(b'\x03\x04\x04\x02\x03\x00\x02\x00\x02\x05\x02\x06\x02\x07\x02\x08\x02\t\x02\n\x04\x0b\x04\x0c\n\r\x02\x00\n\x10\x00\x02'),
                            bytearray(b'\xe7\x00\xc2\xfe\x02\xfc\x00"\x01\xffE\x01\x80\xe0\xeb\xa3\x92\x01\xfeQ\x01\x00"\x00\xff\xf7\x01\x80\xef\x14\x90B'),
                            bytearray(b'\xff\x01\xe7\x00\xc2\x00\x00\xfc\x00\x80\xdd\xf2$\x80\xdd\xef\x07\x80\xdf\xec\xa3\x92\x00\xffQ\x01\x00\x80\xe8\x0f\x90\x80'),
                        ], is_16bit=False, y_plus=0, y_minus=0, x=353, y=116),
                        Tile(mirror=False, invert=False, format=0, length=7, subtile_bytes=[
                            bytearray(b'\x8aB \x00\x80\xe6\r\x90\x80\xec\x0f\x90\x80\x06\x03\x80\xf0\xfe\x0bqDf\x9b\xb0\xf6\xfb\x03x\x8e\xa0\xee\x13'),
                            bytearray(b'\x03\x04\x04\x02\x03\x00\x02\x00\x02\x05\x02\x06\x02\x07\x02\x08\x02\t\x02\n\x04\x0b\x04\x0c\n\r\x02\x00\n\x10\x00\x02'),
                            bytearray(b'\xe7\x00\xc2\xfe\x02\xfc\x00"\x01\xffE\x01\x80\xe0\xeb\xa3\x92\x01\xfeQ\x01\x00"\x00\xff\xf7\x01\x80\xef\x14\x90B'),
                            bytearray(b'\xff\x01\xe7\x00\xc2\x00\x00\xfc\x00\x80\xdd\xf2$\x80\xdd\xef\x07\x80\xdf\xec\xa3\x92\x00\xffQ\x01\x00\x80\xe8\x0f\x90\x80'),
                        ], is_16bit=False, y_plus=0, y_minus=0, x=355, y=115),
                        Tile(mirror=False, invert=False, format=0, length=7, subtile_bytes=[
                            bytearray(b'\x8aB \x00\x80\xe6\r\x90\x80\xec\x0f\x90\x80\x06\x03\x80\xf0\xfe\x0bqDf\x9b\xb0\xf6\xfb\x03x\x8e\xa0\xee\x13'),
                            bytearray(b'\x03\x04\x04\x02\x03\x00\x02\x00\x02\x05\x02\x06\x02\x07\x02\x08\x02\t\x02\n\x04\x0b\x04\x0c\n\r\x02\x00\n\x10\x00\x02'),
                            bytearray(b'\xe7\x00\xc2\xfe\x02\xfc\x00"\x01\xffE\x01\x80\xe0\xeb\xa3\x92\x01\xfeQ\x01\x00"\x00\xff\xf7\x01\x80\xef\x14\x90B'),
                            bytearray(b'\xff\x01\xe7\x00\xc2\x00\x00\xfc\x00\x80\xdd\xf2$\x80\xdd\xef\x07\x80\xdf\xec\xa3\x92\x00\xffQ\x01\x00\x80\xe8\x0f\x90\x80'),
                        ], is_16bit=False, y_plus=0, y_minus=0, x=357, y=115),
                        Tile(mirror=False, invert=False, format=0, length=4, subtile_bytes=[
                            bytearray(b'\x90\x80\x03\x1bV\xc0\x03\x0bX\xbf\xa0\xf3\x1b\x91d\xf0\xf3\x0b\xb8\xa6\x19c\x80\x01\x1d%\xc0\x01\rh\x99\xc0'),
                            None,
                            None,
                            None,
                        ], is_16bit=False, y_plus=0, y_minus=0, x=120, y=109),
                        Tile(mirror=False, invert=False, format=0, length=4, subtile_bytes=[
                            bytearray(b"R\x80\xdb\xef\x90\x80\xda\xec\x07\x80\xee\xf3\x9a\xc0\xee\xe3\x84\x15\xc0\xee\xd3\'<\xc0\xee\xc3\x1e\x86\xb0\xde\xe3\x8c"),
                            None,
                            None,
                            None,
                        ], is_16bit=False, y_plus=0, y_minus=0, x=136, y=133),
                        Tile(mirror=False, invert=False, format=0, length=5, subtile_bytes=[
                            bytearray(b'\x11R\x80\xef\x12\x96B\x00\xfe\xe7\x00\xc2\x00\x00\xfc\x00\x80\xdb\xf1R"\xff\xfbE\x01\x92\xfd\xfcQ\x01\x00\x80'),
                            bytearray(b'\x00b\x01\x02\x10\x01B\xf7\x07<\x01b\x00\x00Q\x01r\xf8\xfby\x01\x80\xe6\xeb\xa6\x00\xce\x06\x0c\x00\x99\x00'),
                            None,
                            None,
                        ], is_16bit=False, y_plus=0, y_minus=0, x=120, y=133),
                        Tile(mirror=False, invert=False, format=0, length=7, subtile_bytes=[
                            bytearray(b'\xf0\xef\xd9y\xb0\xba+\xb0\xe7\xc9\xa4nM\xb0\xdf\xf17?\x14\xf0\xdf\xe14bG}\xf0\xdf\xd1\x8f\x88]'),
                            bytearray(b'\x05_\x05\x92\x05\xbc\x05\xe4\x05\x0c\x064\x06\\\x06\x84\x06\xab\x06\x00\x00\x80\xe7\r\x90\x80\xea\x10R\x80\xef\x13'),
                            bytearray(b'\x80\xdf\xec\xa3\x92\xff\x00Q\x01\x00\x80\xe8\x0e\x90"\x02\x00\x8c\x01B\x01\x00\xe7\x00\xc2\x00\x00\xfc\x00\x80\xdc\xf2'),
                            bytearray(b'\x00\x02\x10\x02\x11\x02\x12\x02\x13\x02\x14\x02\x15\x02\x16\x04\x17\x0e\x18\x02\x19\x02\x1a\x02\x1f\x02\x1b\x02\x1c\x02\x1f\x02'),
                        ], is_16bit=False, y_plus=0, y_minus=0, x=128, y=117),
                        Tile(mirror=False, invert=False, format=0, length=7, subtile_bytes=[
                            bytearray(b'\x96B\x00\xff\xe7\x00\xc2\x00\x00\xfc\x00"\xfe\x00/\x02\x80\xde\xeb\xa3\x92\xfe\xfdQ\x01\x00\x80\xe7\x0f\x90\x80\xec'),
                            bytearray(b'$"\x02\x00\xa2\x01\x92\x01\x00Q\x01\x00"\x01\x01\x88\x01\x80\xf0\x13\x90B\x00\xff\xe7\x00\xc2\xff\x01\xfc\x00\x80'),
                            bytearray(b'\x06  \x00\x00\x00\x1a\x00\xff\xff#\x00,\x00E\x00\x80\x00\x00\x00\x08\x00\x0c\x01\x08\x00\x0c\x02\x00\x02\x00\x02'),
                            bytearray(b'\xe7\x0e\x90\x80\xed\x10R\x80\xf0\x12\x96B\x01\xfd\xe7\x00\xc2\x00\x00\xfc\x00\x80\xda\xf1R\x80\xd9\xee$\x80\xdb\xeb'),
                        ], is_16bit=False, y_plus=0, y_minus=0, x=112, y=117),
                        Tile(mirror=False, invert=False, format=0, length=7, subtile_bytes=[
                            bytearray(b'\x02^\x02\x80\x02\xa5\x02\xcd\x02*\x03c\x03\xb5\x03\x03\x04?\x04o\x04\x90\x04\xb8\x04\xdd\x04\x02\x05"\x05B'),
                            bytearray(b'\xdc\xf2$\x80\xde\xf0\x07\x80\xe0\xec\xa3\x92\x01\xffQ\x01\x00\x80\xe7\x0f\x90\x80\xeb\x11R\x80\xef\x12\x90B\x00\xfe'),
                            bytearray(b'\xfd\x0e\x0f#\xb9p\xe1\r\x13\x7f\x8b\xb0\xe1\xed\x10!\xa7\xf0\xd9\x05\xa2\x08Y\xbe\xf0\xd9\xf5\x05i6F\x80'),
                            bytearray(b'\x02\x07\x02\x08\x02\t\x02\n\x02\x0b\x02\x0c\x04\r\x02\x0e\x06\x0f\x00\xdb\x00\x88\x01\xb0\x01\xd2\x01\xf7\x01\x1c\x02A'),
                        ], is_16bit=False, y_plus=0, y_minus=0, x=128, y=101),
                    ]
                ),
                Mold(18, gridplane=False,
                    tiles=[
                        Tile(mirror=False, invert=False, format=0, length=7, subtile_bytes=[
                            bytearray(b'\x8aB \x00\x80\xe6\r\x90\x80\xec\x0f\x90\x80\x06\x03\x80\xf0\xfe\x0bqDf\x9b\xb0\xf6\xfb\x03x\x8e\xa0\xee\x13'),
                            bytearray(b'\x03\x04\x04\x02\x03\x00\x02\x00\x02\x05\x02\x06\x02\x07\x02\x08\x02\t\x02\n\x04\x0b\x04\x0c\n\r\x02\x00\n\x10\x00\x02'),
                            bytearray(b'\xe7\x00\xc2\xfe\x02\xfc\x00"\x01\xffE\x01\x80\xe0\xeb\xa3\x92\x01\xfeQ\x01\x00"\x00\xff\xf7\x01\x80\xef\x14\x90B'),
                            bytearray(b'\xff\x01\xe7\x00\xc2\x00\x00\xfc\x00\x80\xdd\xf2$\x80\xdd\xef\x07\x80\xdf\xec\xa3\x92\x00\xffQ\x01\x00\x80\xe8\x0f\x90\x80'),
                        ], is_16bit=False, y_plus=0, y_minus=0, x=338, y=127),
                        Tile(mirror=False, invert=False, format=0, length=7, subtile_bytes=[
                            bytearray(b'\x8aB \x00\x80\xe6\r\x90\x80\xec\x0f\x90\x80\x06\x03\x80\xf0\xfe\x0bqDf\x9b\xb0\xf6\xfb\x03x\x8e\xa0\xee\x13'),
                            bytearray(b'\x03\x04\x04\x02\x03\x00\x02\x00\x02\x05\x02\x06\x02\x07\x02\x08\x02\t\x02\n\x04\x0b\x04\x0c\n\r\x02\x00\n\x10\x00\x02'),
                            bytearray(b'\xe7\x00\xc2\xfe\x02\xfc\x00"\x01\xffE\x01\x80\xe0\xeb\xa3\x92\x01\xfeQ\x01\x00"\x00\xff\xf7\x01\x80\xef\x14\x90B'),
                            bytearray(b'\xff\x01\xe7\x00\xc2\x00\x00\xfc\x00\x80\xdd\xf2$\x80\xdd\xef\x07\x80\xdf\xec\xa3\x92\x00\xffQ\x01\x00\x80\xe8\x0f\x90\x80'),
                        ], is_16bit=False, y_plus=0, y_minus=0, x=343, y=121),
                        Tile(mirror=False, invert=False, format=0, length=7, subtile_bytes=[
                            bytearray(b'\x8aB \x00\x80\xe6\r\x90\x80\xec\x0f\x90\x80\x06\x03\x80\xf0\xfe\x0bqDf\x9b\xb0\xf6\xfb\x03x\x8e\xa0\xee\x13'),
                            bytearray(b'\x03\x04\x04\x02\x03\x00\x02\x00\x02\x05\x02\x06\x02\x07\x02\x08\x02\t\x02\n\x04\x0b\x04\x0c\n\r\x02\x00\n\x10\x00\x02'),
                            bytearray(b'\xe7\x00\xc2\xfe\x02\xfc\x00"\x01\xffE\x01\x80\xe0\xeb\xa3\x92\x01\xfeQ\x01\x00"\x00\xff\xf7\x01\x80\xef\x14\x90B'),
                            bytearray(b'\xff\x01\xe7\x00\xc2\x00\x00\xfc\x00\x80\xdd\xf2$\x80\xdd\xef\x07\x80\xdf\xec\xa3\x92\x00\xffQ\x01\x00\x80\xe8\x0f\x90\x80'),
                        ], is_16bit=False, y_plus=0, y_minus=0, x=349, y=116),
                        Tile(mirror=False, invert=False, format=0, length=7, subtile_bytes=[
                            bytearray(b'\x8aB \x00\x80\xe6\r\x90\x80\xec\x0f\x90\x80\x06\x03\x80\xf0\xfe\x0bqDf\x9b\xb0\xf6\xfb\x03x\x8e\xa0\xee\x13'),
                            bytearray(b'\x03\x04\x04\x02\x03\x00\x02\x00\x02\x05\x02\x06\x02\x07\x02\x08\x02\t\x02\n\x04\x0b\x04\x0c\n\r\x02\x00\n\x10\x00\x02'),
                            bytearray(b'\xe7\x00\xc2\xfe\x02\xfc\x00"\x01\xffE\x01\x80\xe0\xeb\xa3\x92\x01\xfeQ\x01\x00"\x00\xff\xf7\x01\x80\xef\x14\x90B'),
                            bytearray(b'\xff\x01\xe7\x00\xc2\x00\x00\xfc\x00\x80\xdd\xf2$\x80\xdd\xef\x07\x80\xdf\xec\xa3\x92\x00\xffQ\x01\x00\x80\xe8\x0f\x90\x80'),
                        ], is_16bit=False, y_plus=0, y_minus=0, x=353, y=112),
                        Tile(mirror=False, invert=False, format=0, length=7, subtile_bytes=[
                            bytearray(b'\x8aB \x00\x80\xe6\r\x90\x80\xec\x0f\x90\x80\x06\x03\x80\xf0\xfe\x0bqDf\x9b\xb0\xf6\xfb\x03x\x8e\xa0\xee\x13'),
                            bytearray(b'\x03\x04\x04\x02\x03\x00\x02\x00\x02\x05\x02\x06\x02\x07\x02\x08\x02\t\x02\n\x04\x0b\x04\x0c\n\r\x02\x00\n\x10\x00\x02'),
                            bytearray(b'\xe7\x00\xc2\xfe\x02\xfc\x00"\x01\xffE\x01\x80\xe0\xeb\xa3\x92\x01\xfeQ\x01\x00"\x00\xff\xf7\x01\x80\xef\x14\x90B'),
                            bytearray(b'\xff\x01\xe7\x00\xc2\x00\x00\xfc\x00\x80\xdd\xf2$\x80\xdd\xef\x07\x80\xdf\xec\xa3\x92\x00\xffQ\x01\x00\x80\xe8\x0f\x90\x80'),
                        ], is_16bit=False, y_plus=0, y_minus=0, x=359, y=364),
                        Tile(mirror=False, invert=False, format=0, length=7, subtile_bytes=[
                            bytearray(b'\x8aB \x00\x80\xe6\r\x90\x80\xec\x0f\x90\x80\x06\x03\x80\xf0\xfe\x0bqDf\x9b\xb0\xf6\xfb\x03x\x8e\xa0\xee\x13'),
                            bytearray(b'\x03\x04\x04\x02\x03\x00\x02\x00\x02\x05\x02\x06\x02\x07\x02\x08\x02\t\x02\n\x04\x0b\x04\x0c\n\r\x02\x00\n\x10\x00\x02'),
                            bytearray(b'\xe7\x00\xc2\xfe\x02\xfc\x00"\x01\xffE\x01\x80\xe0\xeb\xa3\x92\x01\xfeQ\x01\x00"\x00\xff\xf7\x01\x80\xef\x14\x90B'),
                            bytearray(b'\xff\x01\xe7\x00\xc2\x00\x00\xfc\x00\x80\xdd\xf2$\x80\xdd\xef\x07\x80\xdf\xec\xa3\x92\x00\xffQ\x01\x00\x80\xe8\x0f\x90\x80'),
                        ], is_16bit=False, y_plus=0, y_minus=0, x=366, y=360),
                        Tile(mirror=False, invert=False, format=0, length=4, subtile_bytes=[
                            bytearray(b'\x90\x80\x03\x1bV\xc0\x03\x0bX\xbf\xa0\xf3\x1b\x91d\xf0\xf3\x0b\xb8\xa6\x19c\x80\x01\x1d%\xc0\x01\rh\x99\xc0'),
                            None,
                            None,
                            None,
                        ], is_16bit=False, y_plus=0, y_minus=0, x=120, y=109),
                        Tile(mirror=False, invert=False, format=0, length=4, subtile_bytes=[
                            bytearray(b"R\x80\xdb\xef\x90\x80\xda\xec\x07\x80\xee\xf3\x9a\xc0\xee\xe3\x84\x15\xc0\xee\xd3\'<\xc0\xee\xc3\x1e\x86\xb0\xde\xe3\x8c"),
                            None,
                            None,
                            None,
                        ], is_16bit=False, y_plus=0, y_minus=0, x=136, y=133),
                        Tile(mirror=False, invert=False, format=0, length=5, subtile_bytes=[
                            bytearray(b'\x11R\x80\xef\x12\x96B\x00\xfe\xe7\x00\xc2\x00\x00\xfc\x00\x80\xdb\xf1R"\xff\xfbE\x01\x92\xfd\xfcQ\x01\x00\x80'),
                            bytearray(b'\x00b\x01\x02\x10\x01B\xf7\x07<\x01b\x00\x00Q\x01r\xf8\xfby\x01\x80\xe6\xeb\xa6\x00\xce\x06\x0c\x00\x99\x00'),
                            None,
                            None,
                        ], is_16bit=False, y_plus=0, y_minus=0, x=120, y=133),
                        Tile(mirror=False, invert=False, format=0, length=7, subtile_bytes=[
                            bytearray(b'\xf0\xef\xd9y\xb0\xba+\xb0\xe7\xc9\xa4nM\xb0\xdf\xf17?\x14\xf0\xdf\xe14bG}\xf0\xdf\xd1\x8f\x88]'),
                            bytearray(b'\x05_\x05\x92\x05\xbc\x05\xe4\x05\x0c\x064\x06\\\x06\x84\x06\xab\x06\x00\x00\x80\xe7\r\x90\x80\xea\x10R\x80\xef\x13'),
                            bytearray(b'\x80\xdf\xec\xa3\x92\xff\x00Q\x01\x00\x80\xe8\x0e\x90"\x02\x00\x8c\x01B\x01\x00\xe7\x00\xc2\x00\x00\xfc\x00\x80\xdc\xf2'),
                            bytearray(b'\x00\x02\x10\x02\x11\x02\x12\x02\x13\x02\x14\x02\x15\x02\x16\x04\x17\x0e\x18\x02\x19\x02\x1a\x02\x1f\x02\x1b\x02\x1c\x02\x1f\x02'),
                        ], is_16bit=False, y_plus=0, y_minus=0, x=128, y=117),
                        Tile(mirror=False, invert=False, format=0, length=7, subtile_bytes=[
                            bytearray(b'\x96B\x00\xff\xe7\x00\xc2\x00\x00\xfc\x00"\xfe\x00/\x02\x80\xde\xeb\xa3\x92\xfe\xfdQ\x01\x00\x80\xe7\x0f\x90\x80\xec'),
                            bytearray(b'$"\x02\x00\xa2\x01\x92\x01\x00Q\x01\x00"\x01\x01\x88\x01\x80\xf0\x13\x90B\x00\xff\xe7\x00\xc2\xff\x01\xfc\x00\x80'),
                            bytearray(b'\x06  \x00\x00\x00\x1a\x00\xff\xff#\x00,\x00E\x00\x80\x00\x00\x00\x08\x00\x0c\x01\x08\x00\x0c\x02\x00\x02\x00\x02'),
                            bytearray(b'\xe7\x0e\x90\x80\xed\x10R\x80\xf0\x12\x96B\x01\xfd\xe7\x00\xc2\x00\x00\xfc\x00\x80\xda\xf1R\x80\xd9\xee$\x80\xdb\xeb'),
                        ], is_16bit=False, y_plus=0, y_minus=0, x=112, y=117),
                        Tile(mirror=False, invert=False, format=0, length=7, subtile_bytes=[
                            bytearray(b'\x02^\x02\x80\x02\xa5\x02\xcd\x02*\x03c\x03\xb5\x03\x03\x04?\x04o\x04\x90\x04\xb8\x04\xdd\x04\x02\x05"\x05B'),
                            bytearray(b'\xdc\xf2$\x80\xde\xf0\x07\x80\xe0\xec\xa3\x92\x01\xffQ\x01\x00\x80\xe7\x0f\x90\x80\xeb\x11R\x80\xef\x12\x90B\x00\xfe'),
                            bytearray(b'\xfd\x0e\x0f#\xb9p\xe1\r\x13\x7f\x8b\xb0\xe1\xed\x10!\xa7\xf0\xd9\x05\xa2\x08Y\xbe\xf0\xd9\xf5\x05i6F\x80'),
                            bytearray(b'\x02\x07\x02\x08\x02\t\x02\n\x02\x0b\x02\x0c\x04\r\x02\x0e\x06\x0f\x00\xdb\x00\x88\x01\xb0\x01\xd2\x01\xf7\x01\x1c\x02A'),
                        ], is_16bit=False, y_plus=0, y_minus=0, x=128, y=101),
                    ]
                ),
                Mold(19, gridplane=False,
                    tiles=[
                        Tile(mirror=False, invert=False, format=0, length=7, subtile_bytes=[
                            bytearray(b'\x0b\x00\x80\xe6\x0c\x90\x80\xe9\x10R\x80\xee\x14\x90B\xff\x00\xe7\x00\xc2\x00\x00\xfc\x00\x80\xdc\xf4$\x80\xdc\xf0\x07'),
                            bytearray(b'\x1d\x02\x1e\x02\x1f\x02\x19\x02\x1a\x02\x1f\x02\x1b\x02\x1c\x02\x1f\x02\x1d\x02\x1e\x02\x1f\x08\x18\x00\x04\x00\x04\x05\x04\x06'),
                            bytearray(b'\x07\x92\xfc\xfbQ\x01\x00\x80\xe6\x0e\x90\x80\xec\x0eR\x80\xf0\x11\x96B\x01\xfc\xe7\x00\xc2\x00\x00\xfc\x00\x80\xdc\xf3'),
                            bytearray(b'."\xf0\xee\x03\x01\r2_\xc2\x00\x00\xfc\x00"\xff\x00\xe3\x02\x80\xd9\xeb\x07\xa2\xff\x01\xef\x02\x00\x80\xe7\x0b'),
                        ], is_16bit=False, y_plus=0, y_minus=0, x=110, y=104),
                        Tile(mirror=False, invert=False, format=0, length=7, subtile_bytes=[
                            bytearray(b'\x8aB \x00\x80\xe6\r\x90\x80\xec\x0f\x90\x80\x06\x03\x80\xf0\xfe\x0bqDf\x9b\xb0\xf6\xfb\x03x\x8e\xa0\xee\x13'),
                            bytearray(b'\x03\x04\x04\x02\x03\x00\x02\x00\x02\x05\x02\x06\x02\x07\x02\x08\x02\t\x02\n\x04\x0b\x04\x0c\n\r\x02\x00\n\x10\x00\x02'),
                            bytearray(b'\xe7\x00\xc2\xfe\x02\xfc\x00"\x01\xffE\x01\x80\xe0\xeb\xa3\x92\x01\xfeQ\x01\x00"\x00\xff\xf7\x01\x80\xef\x14\x90B'),
                            bytearray(b'\xff\x01\xe7\x00\xc2\x00\x00\xfc\x00\x80\xdd\xf2$\x80\xdd\xef\x07\x80\xdf\xec\xa3\x92\x00\xffQ\x01\x00\x80\xe8\x0f\x90\x80'),
                        ], is_16bit=False, y_plus=0, y_minus=0, x=347, y=354),
                        Tile(mirror=False, invert=False, format=0, length=7, subtile_bytes=[
                            bytearray(b'\x8aB \x00\x80\xe6\r\x90\x80\xec\x0f\x90\x80\x06\x03\x80\xf0\xfe\x0bqDf\x9b\xb0\xf6\xfb\x03x\x8e\xa0\xee\x13'),
                            bytearray(b'\x03\x04\x04\x02\x03\x00\x02\x00\x02\x05\x02\x06\x02\x07\x02\x08\x02\t\x02\n\x04\x0b\x04\x0c\n\r\x02\x00\n\x10\x00\x02'),
                            bytearray(b'\xe7\x00\xc2\xfe\x02\xfc\x00"\x01\xffE\x01\x80\xe0\xeb\xa3\x92\x01\xfeQ\x01\x00"\x00\xff\xf7\x01\x80\xef\x14\x90B'),
                            bytearray(b'\xff\x01\xe7\x00\xc2\x00\x00\xfc\x00\x80\xdd\xf2$\x80\xdd\xef\x07\x80\xdf\xec\xa3\x92\x00\xffQ\x01\x00\x80\xe8\x0f\x90\x80'),
                        ], is_16bit=False, y_plus=0, y_minus=0, x=334, y=114),
                        Tile(mirror=False, invert=False, format=0, length=7, subtile_bytes=[
                            bytearray(b'\x8aB \x00\x80\xe6\r\x90\x80\xec\x0f\x90\x80\x06\x03\x80\xf0\xfe\x0bqDf\x9b\xb0\xf6\xfb\x03x\x8e\xa0\xee\x13'),
                            bytearray(b'\x03\x04\x04\x02\x03\x00\x02\x00\x02\x05\x02\x06\x02\x07\x02\x08\x02\t\x02\n\x04\x0b\x04\x0c\n\r\x02\x00\n\x10\x00\x02'),
                            bytearray(b'\xe7\x00\xc2\xfe\x02\xfc\x00"\x01\xffE\x01\x80\xe0\xeb\xa3\x92\x01\xfeQ\x01\x00"\x00\xff\xf7\x01\x80\xef\x14\x90B'),
                            bytearray(b'\xff\x01\xe7\x00\xc2\x00\x00\xfc\x00\x80\xdd\xf2$\x80\xdd\xef\x07\x80\xdf\xec\xa3\x92\x00\xffQ\x01\x00\x80\xe8\x0f\x90\x80'),
                        ], is_16bit=False, y_plus=0, y_minus=0, x=341, y=134),
                        Tile(mirror=False, invert=False, format=0, length=7, subtile_bytes=[
                            bytearray(b'\x8aB \x00\x80\xe6\r\x90\x80\xec\x0f\x90\x80\x06\x03\x80\xf0\xfe\x0bqDf\x9b\xb0\xf6\xfb\x03x\x8e\xa0\xee\x13'),
                            bytearray(b'\x03\x04\x04\x02\x03\x00\x02\x00\x02\x05\x02\x06\x02\x07\x02\x08\x02\t\x02\n\x04\x0b\x04\x0c\n\r\x02\x00\n\x10\x00\x02'),
                            bytearray(b'\xe7\x00\xc2\xfe\x02\xfc\x00"\x01\xffE\x01\x80\xe0\xeb\xa3\x92\x01\xfeQ\x01\x00"\x00\xff\xf7\x01\x80\xef\x14\x90B'),
                            bytearray(b'\xff\x01\xe7\x00\xc2\x00\x00\xfc\x00\x80\xdd\xf2$\x80\xdd\xef\x07\x80\xdf\xec\xa3\x92\x00\xffQ\x01\x00\x80\xe8\x0f\x90\x80'),
                        ], is_16bit=False, y_plus=0, y_minus=0, x=360, y=136),
                        Tile(mirror=False, invert=False, format=0, length=7, subtile_bytes=[
                            bytearray(b'\x8aB \x00\x80\xe6\r\x90\x80\xec\x0f\x90\x80\x06\x03\x80\xf0\xfe\x0bqDf\x9b\xb0\xf6\xfb\x03x\x8e\xa0\xee\x13'),
                            bytearray(b'\x03\x04\x04\x02\x03\x00\x02\x00\x02\x05\x02\x06\x02\x07\x02\x08\x02\t\x02\n\x04\x0b\x04\x0c\n\r\x02\x00\n\x10\x00\x02'),
                            bytearray(b'\xe7\x00\xc2\xfe\x02\xfc\x00"\x01\xffE\x01\x80\xe0\xeb\xa3\x92\x01\xfeQ\x01\x00"\x00\xff\xf7\x01\x80\xef\x14\x90B'),
                            bytearray(b'\xff\x01\xe7\x00\xc2\x00\x00\xfc\x00\x80\xdd\xf2$\x80\xdd\xef\x07\x80\xdf\xec\xa3\x92\x00\xffQ\x01\x00\x80\xe8\x0f\x90\x80'),
                        ], is_16bit=False, y_plus=0, y_minus=0, x=116, y=122),
                        Tile(mirror=False, invert=False, format=0, length=4, subtile_bytes=[
                            bytearray(b'\x90\x80\x03\x1bV\xc0\x03\x0bX\xbf\xa0\xf3\x1b\x91d\xf0\xf3\x0b\xb8\xa6\x19c\x80\x01\x1d%\xc0\x01\rh\x99\xc0'),
                            None,
                            None,
                            None,
                        ], is_16bit=False, y_plus=0, y_minus=0, x=120, y=109),
                        Tile(mirror=False, invert=False, format=0, length=4, subtile_bytes=[
                            bytearray(b"R\x80\xdb\xef\x90\x80\xda\xec\x07\x80\xee\xf3\x9a\xc0\xee\xe3\x84\x15\xc0\xee\xd3\'<\xc0\xee\xc3\x1e\x86\xb0\xde\xe3\x8c"),
                            None,
                            None,
                            None,
                        ], is_16bit=False, y_plus=0, y_minus=0, x=136, y=133),
                        Tile(mirror=False, invert=False, format=0, length=5, subtile_bytes=[
                            bytearray(b'\x11R\x80\xef\x12\x96B\x00\xfe\xe7\x00\xc2\x00\x00\xfc\x00\x80\xdb\xf1R"\xff\xfbE\x01\x92\xfd\xfcQ\x01\x00\x80'),
                            bytearray(b'\x00b\x01\x02\x10\x01B\xf7\x07<\x01b\x00\x00Q\x01r\xf8\xfby\x01\x80\xe6\xeb\xa6\x00\xce\x06\x0c\x00\x99\x00'),
                            None,
                            None,
                        ], is_16bit=False, y_plus=0, y_minus=0, x=120, y=133),
                        Tile(mirror=False, invert=False, format=0, length=7, subtile_bytes=[
                            bytearray(b'\xf0\xef\xd9y\xb0\xba+\xb0\xe7\xc9\xa4nM\xb0\xdf\xf17?\x14\xf0\xdf\xe14bG}\xf0\xdf\xd1\x8f\x88]'),
                            bytearray(b'\x05_\x05\x92\x05\xbc\x05\xe4\x05\x0c\x064\x06\\\x06\x84\x06\xab\x06\x00\x00\x80\xe7\r\x90\x80\xea\x10R\x80\xef\x13'),
                            bytearray(b'\x80\xdf\xec\xa3\x92\xff\x00Q\x01\x00\x80\xe8\x0e\x90"\x02\x00\x8c\x01B\x01\x00\xe7\x00\xc2\x00\x00\xfc\x00\x80\xdc\xf2'),
                            bytearray(b'\x00\x02\x10\x02\x11\x02\x12\x02\x13\x02\x14\x02\x15\x02\x16\x04\x17\x0e\x18\x02\x19\x02\x1a\x02\x1f\x02\x1b\x02\x1c\x02\x1f\x02'),
                        ], is_16bit=False, y_plus=0, y_minus=0, x=128, y=117),
                        Tile(mirror=False, invert=False, format=0, length=7, subtile_bytes=[
                            bytearray(b'\x96B\x00\xff\xe7\x00\xc2\x00\x00\xfc\x00"\xfe\x00/\x02\x80\xde\xeb\xa3\x92\xfe\xfdQ\x01\x00\x80\xe7\x0f\x90\x80\xec'),
                            bytearray(b'$"\x02\x00\xa2\x01\x92\x01\x00Q\x01\x00"\x01\x01\x88\x01\x80\xf0\x13\x90B\x00\xff\xe7\x00\xc2\xff\x01\xfc\x00\x80'),
                            bytearray(b'\x06  \x00\x00\x00\x1a\x00\xff\xff#\x00,\x00E\x00\x80\x00\x00\x00\x08\x00\x0c\x01\x08\x00\x0c\x02\x00\x02\x00\x02'),
                            bytearray(b'\xe7\x0e\x90\x80\xed\x10R\x80\xf0\x12\x96B\x01\xfd\xe7\x00\xc2\x00\x00\xfc\x00\x80\xda\xf1R\x80\xd9\xee$\x80\xdb\xeb'),
                        ], is_16bit=False, y_plus=0, y_minus=0, x=112, y=117),
                        Tile(mirror=False, invert=False, format=0, length=7, subtile_bytes=[
                            bytearray(b'\x02^\x02\x80\x02\xa5\x02\xcd\x02*\x03c\x03\xb5\x03\x03\x04?\x04o\x04\x90\x04\xb8\x04\xdd\x04\x02\x05"\x05B'),
                            bytearray(b'\xdc\xf2$\x80\xde\xf0\x07\x80\xe0\xec\xa3\x92\x01\xffQ\x01\x00\x80\xe7\x0f\x90\x80\xeb\x11R\x80\xef\x12\x90B\x00\xfe'),
                            bytearray(b'\xfd\x0e\x0f#\xb9p\xe1\r\x13\x7f\x8b\xb0\xe1\xed\x10!\xa7\xf0\xd9\x05\xa2\x08Y\xbe\xf0\xd9\xf5\x05i6F\x80'),
                            bytearray(b'\x02\x07\x02\x08\x02\t\x02\n\x02\x0b\x02\x0c\x04\r\x02\x0e\x06\x0f\x00\xdb\x00\x88\x01\xb0\x01\xd2\x01\xf7\x01\x1c\x02A'),
                        ], is_16bit=False, y_plus=0, y_minus=0, x=128, y=101),
                    ]
                ),
                Mold(20, gridplane=False,
                    tiles=[
                        Tile(mirror=False, invert=False, format=0, length=7, subtile_bytes=[
                            bytearray(b'\x8aB \x00\x80\xe6\r\x90\x80\xec\x0f\x90\x80\x06\x03\x80\xf0\xfe\x0bqDf\x9b\xb0\xf6\xfb\x03x\x8e\xa0\xee\x13'),
                            bytearray(b'\x03\x04\x04\x02\x03\x00\x02\x00\x02\x05\x02\x06\x02\x07\x02\x08\x02\t\x02\n\x04\x0b\x04\x0c\n\r\x02\x00\n\x10\x00\x02'),
                            bytearray(b'\xe7\x00\xc2\xfe\x02\xfc\x00"\x01\xffE\x01\x80\xe0\xeb\xa3\x92\x01\xfeQ\x01\x00"\x00\xff\xf7\x01\x80\xef\x14\x90B'),
                            bytearray(b'\xff\x01\xe7\x00\xc2\x00\x00\xfc\x00\x80\xdd\xf2$\x80\xdd\xef\x07\x80\xdf\xec\xa3\x92\x00\xffQ\x01\x00\x80\xe8\x0f\x90\x80'),
                        ], is_16bit=False, y_plus=0, y_minus=0, x=366, y=360),
                        Tile(mirror=False, invert=False, format=0, length=7, subtile_bytes=[
                            bytearray(b'\x0b\x00\x80\xe6\x0c\x90\x80\xe9\x10R\x80\xee\x14\x90B\xff\x00\xe7\x00\xc2\x00\x00\xfc\x00\x80\xdc\xf4$\x80\xdc\xf0\x07'),
                            bytearray(b'\x1d\x02\x1e\x02\x1f\x02\x19\x02\x1a\x02\x1f\x02\x1b\x02\x1c\x02\x1f\x02\x1d\x02\x1e\x02\x1f\x08\x18\x00\x04\x00\x04\x05\x04\x06'),
                            bytearray(b'\x07\x92\xfc\xfbQ\x01\x00\x80\xe6\x0e\x90\x80\xec\x0eR\x80\xf0\x11\x96B\x01\xfc\xe7\x00\xc2\x00\x00\xfc\x00\x80\xdc\xf3'),
                            bytearray(b'."\xf0\xee\x03\x01\r2_\xc2\x00\x00\xfc\x00"\xff\x00\xe3\x02\x80\xd9\xeb\x07\xa2\xff\x01\xef\x02\x00\x80\xe7\x0b'),
                        ], is_16bit=False, y_plus=0, y_minus=0, x=347, y=354),
                        Tile(mirror=False, invert=False, format=0, length=7, subtile_bytes=[
                            bytearray(b'\x8aB \x00\x80\xe6\r\x90\x80\xec\x0f\x90\x80\x06\x03\x80\xf0\xfe\x0bqDf\x9b\xb0\xf6\xfb\x03x\x8e\xa0\xee\x13'),
                            bytearray(b'\x03\x04\x04\x02\x03\x00\x02\x00\x02\x05\x02\x06\x02\x07\x02\x08\x02\t\x02\n\x04\x0b\x04\x0c\n\r\x02\x00\n\x10\x00\x02'),
                            bytearray(b'\xe7\x00\xc2\xfe\x02\xfc\x00"\x01\xffE\x01\x80\xe0\xeb\xa3\x92\x01\xfeQ\x01\x00"\x00\xff\xf7\x01\x80\xef\x14\x90B'),
                            bytearray(b'\xff\x01\xe7\x00\xc2\x00\x00\xfc\x00\x80\xdd\xf2$\x80\xdd\xef\x07\x80\xdf\xec\xa3\x92\x00\xffQ\x01\x00\x80\xe8\x0f\x90\x80'),
                        ], is_16bit=False, y_plus=0, y_minus=0, x=334, y=114),
                        Tile(mirror=False, invert=False, format=0, length=7, subtile_bytes=[
                            bytearray(b'\x8aB \x00\x80\xe6\r\x90\x80\xec\x0f\x90\x80\x06\x03\x80\xf0\xfe\x0bqDf\x9b\xb0\xf6\xfb\x03x\x8e\xa0\xee\x13'),
                            bytearray(b'\x03\x04\x04\x02\x03\x00\x02\x00\x02\x05\x02\x06\x02\x07\x02\x08\x02\t\x02\n\x04\x0b\x04\x0c\n\r\x02\x00\n\x10\x00\x02'),
                            bytearray(b'\xe7\x00\xc2\xfe\x02\xfc\x00"\x01\xffE\x01\x80\xe0\xeb\xa3\x92\x01\xfeQ\x01\x00"\x00\xff\xf7\x01\x80\xef\x14\x90B'),
                            bytearray(b'\xff\x01\xe7\x00\xc2\x00\x00\xfc\x00\x80\xdd\xf2$\x80\xdd\xef\x07\x80\xdf\xec\xa3\x92\x00\xffQ\x01\x00\x80\xe8\x0f\x90\x80'),
                        ], is_16bit=False, y_plus=0, y_minus=0, x=341, y=134),
                        Tile(mirror=False, invert=False, format=0, length=7, subtile_bytes=[
                            bytearray(b'\x8aB \x00\x80\xe6\r\x90\x80\xec\x0f\x90\x80\x06\x03\x80\xf0\xfe\x0bqDf\x9b\xb0\xf6\xfb\x03x\x8e\xa0\xee\x13'),
                            bytearray(b'\x03\x04\x04\x02\x03\x00\x02\x00\x02\x05\x02\x06\x02\x07\x02\x08\x02\t\x02\n\x04\x0b\x04\x0c\n\r\x02\x00\n\x10\x00\x02'),
                            bytearray(b'\xe7\x00\xc2\xfe\x02\xfc\x00"\x01\xffE\x01\x80\xe0\xeb\xa3\x92\x01\xfeQ\x01\x00"\x00\xff\xf7\x01\x80\xef\x14\x90B'),
                            bytearray(b'\xff\x01\xe7\x00\xc2\x00\x00\xfc\x00\x80\xdd\xf2$\x80\xdd\xef\x07\x80\xdf\xec\xa3\x92\x00\xffQ\x01\x00\x80\xe8\x0f\x90\x80'),
                        ], is_16bit=False, y_plus=0, y_minus=0, x=360, y=136),
                        Tile(mirror=False, invert=False, format=0, length=7, subtile_bytes=[
                            bytearray(b'\x8aB \x00\x80\xe6\r\x90\x80\xec\x0f\x90\x80\x06\x03\x80\xf0\xfe\x0bqDf\x9b\xb0\xf6\xfb\x03x\x8e\xa0\xee\x13'),
                            bytearray(b'\x03\x04\x04\x02\x03\x00\x02\x00\x02\x05\x02\x06\x02\x07\x02\x08\x02\t\x02\n\x04\x0b\x04\x0c\n\r\x02\x00\n\x10\x00\x02'),
                            bytearray(b'\xe7\x00\xc2\xfe\x02\xfc\x00"\x01\xffE\x01\x80\xe0\xeb\xa3\x92\x01\xfeQ\x01\x00"\x00\xff\xf7\x01\x80\xef\x14\x90B'),
                            bytearray(b'\xff\x01\xe7\x00\xc2\x00\x00\xfc\x00\x80\xdd\xf2$\x80\xdd\xef\x07\x80\xdf\xec\xa3\x92\x00\xffQ\x01\x00\x80\xe8\x0f\x90\x80'),
                        ], is_16bit=False, y_plus=0, y_minus=0, x=116, y=122),
                        Tile(mirror=False, invert=False, format=0, length=4, subtile_bytes=[
                            bytearray(b'\x90\x80\x03\x1bV\xc0\x03\x0bX\xbf\xa0\xf3\x1b\x91d\xf0\xf3\x0b\xb8\xa6\x19c\x80\x01\x1d%\xc0\x01\rh\x99\xc0'),
                            None,
                            None,
                            None,
                        ], is_16bit=False, y_plus=0, y_minus=0, x=120, y=109),
                        Tile(mirror=False, invert=False, format=0, length=4, subtile_bytes=[
                            bytearray(b"R\x80\xdb\xef\x90\x80\xda\xec\x07\x80\xee\xf3\x9a\xc0\xee\xe3\x84\x15\xc0\xee\xd3\'<\xc0\xee\xc3\x1e\x86\xb0\xde\xe3\x8c"),
                            None,
                            None,
                            None,
                        ], is_16bit=False, y_plus=0, y_minus=0, x=136, y=133),
                        Tile(mirror=False, invert=False, format=0, length=5, subtile_bytes=[
                            bytearray(b'\x11R\x80\xef\x12\x96B\x00\xfe\xe7\x00\xc2\x00\x00\xfc\x00\x80\xdb\xf1R"\xff\xfbE\x01\x92\xfd\xfcQ\x01\x00\x80'),
                            bytearray(b'\x00b\x01\x02\x10\x01B\xf7\x07<\x01b\x00\x00Q\x01r\xf8\xfby\x01\x80\xe6\xeb\xa6\x00\xce\x06\x0c\x00\x99\x00'),
                            None,
                            None,
                        ], is_16bit=False, y_plus=0, y_minus=0, x=120, y=133),
                        Tile(mirror=False, invert=False, format=0, length=7, subtile_bytes=[
                            bytearray(b'\xf0\xef\xd9y\xb0\xba+\xb0\xe7\xc9\xa4nM\xb0\xdf\xf17?\x14\xf0\xdf\xe14bG}\xf0\xdf\xd1\x8f\x88]'),
                            bytearray(b'\x05_\x05\x92\x05\xbc\x05\xe4\x05\x0c\x064\x06\\\x06\x84\x06\xab\x06\x00\x00\x80\xe7\r\x90\x80\xea\x10R\x80\xef\x13'),
                            bytearray(b'\x80\xdf\xec\xa3\x92\xff\x00Q\x01\x00\x80\xe8\x0e\x90"\x02\x00\x8c\x01B\x01\x00\xe7\x00\xc2\x00\x00\xfc\x00\x80\xdc\xf2'),
                            bytearray(b'\x00\x02\x10\x02\x11\x02\x12\x02\x13\x02\x14\x02\x15\x02\x16\x04\x17\x0e\x18\x02\x19\x02\x1a\x02\x1f\x02\x1b\x02\x1c\x02\x1f\x02'),
                        ], is_16bit=False, y_plus=0, y_minus=0, x=128, y=117),
                        Tile(mirror=False, invert=False, format=0, length=7, subtile_bytes=[
                            bytearray(b'\x96B\x00\xff\xe7\x00\xc2\x00\x00\xfc\x00"\xfe\x00/\x02\x80\xde\xeb\xa3\x92\xfe\xfdQ\x01\x00\x80\xe7\x0f\x90\x80\xec'),
                            bytearray(b'$"\x02\x00\xa2\x01\x92\x01\x00Q\x01\x00"\x01\x01\x88\x01\x80\xf0\x13\x90B\x00\xff\xe7\x00\xc2\xff\x01\xfc\x00\x80'),
                            bytearray(b'\x06  \x00\x00\x00\x1a\x00\xff\xff#\x00,\x00E\x00\x80\x00\x00\x00\x08\x00\x0c\x01\x08\x00\x0c\x02\x00\x02\x00\x02'),
                            bytearray(b'\xe7\x0e\x90\x80\xed\x10R\x80\xf0\x12\x96B\x01\xfd\xe7\x00\xc2\x00\x00\xfc\x00\x80\xda\xf1R\x80\xd9\xee$\x80\xdb\xeb'),
                        ], is_16bit=False, y_plus=0, y_minus=0, x=112, y=117),
                        Tile(mirror=False, invert=False, format=0, length=7, subtile_bytes=[
                            bytearray(b'\x02^\x02\x80\x02\xa5\x02\xcd\x02*\x03c\x03\xb5\x03\x03\x04?\x04o\x04\x90\x04\xb8\x04\xdd\x04\x02\x05"\x05B'),
                            bytearray(b'\xdc\xf2$\x80\xde\xf0\x07\x80\xe0\xec\xa3\x92\x01\xffQ\x01\x00\x80\xe7\x0f\x90\x80\xeb\x11R\x80\xef\x12\x90B\x00\xfe'),
                            bytearray(b'\xfd\x0e\x0f#\xb9p\xe1\r\x13\x7f\x8b\xb0\xe1\xed\x10!\xa7\xf0\xd9\x05\xa2\x08Y\xbe\xf0\xd9\xf5\x05i6F\x80'),
                            bytearray(b'\x02\x07\x02\x08\x02\t\x02\n\x02\x0b\x02\x0c\x04\r\x02\x0e\x06\x0f\x00\xdb\x00\x88\x01\xb0\x01\xd2\x01\xf7\x01\x1c\x02A'),
                        ], is_16bit=False, y_plus=0, y_minus=0, x=128, y=101),
                    ]
                ),
                Mold(21, gridplane=False,
                    tiles=[
                        Tile(mirror=False, invert=False, format=0, length=7, subtile_bytes=[
                            bytearray(b'\x8aB \x00\x80\xe6\r\x90\x80\xec\x0f\x90\x80\x06\x03\x80\xf0\xfe\x0bqDf\x9b\xb0\xf6\xfb\x03x\x8e\xa0\xee\x13'),
                            bytearray(b'\x03\x04\x04\x02\x03\x00\x02\x00\x02\x05\x02\x06\x02\x07\x02\x08\x02\t\x02\n\x04\x0b\x04\x0c\n\r\x02\x00\n\x10\x00\x02'),
                            bytearray(b'\xe7\x00\xc2\xfe\x02\xfc\x00"\x01\xffE\x01\x80\xe0\xeb\xa3\x92\x01\xfeQ\x01\x00"\x00\xff\xf7\x01\x80\xef\x14\x90B'),
                            bytearray(b'\xff\x01\xe7\x00\xc2\x00\x00\xfc\x00\x80\xdd\xf2$\x80\xdd\xef\x07\x80\xdf\xec\xa3\x92\x00\xffQ\x01\x00\x80\xe8\x0f\x90\x80'),
                        ], is_16bit=False, y_plus=0, y_minus=0, x=366, y=360),
                        Tile(mirror=False, invert=False, format=0, length=7, subtile_bytes=[
                            bytearray(b'\x8aB \x00\x80\xe6\r\x90\x80\xec\x0f\x90\x80\x06\x03\x80\xf0\xfe\x0bqDf\x9b\xb0\xf6\xfb\x03x\x8e\xa0\xee\x13'),
                            bytearray(b'\x03\x04\x04\x02\x03\x00\x02\x00\x02\x05\x02\x06\x02\x07\x02\x08\x02\t\x02\n\x04\x0b\x04\x0c\n\r\x02\x00\n\x10\x00\x02'),
                            bytearray(b'\xe7\x00\xc2\xfe\x02\xfc\x00"\x01\xffE\x01\x80\xe0\xeb\xa3\x92\x01\xfeQ\x01\x00"\x00\xff\xf7\x01\x80\xef\x14\x90B'),
                            bytearray(b'\xff\x01\xe7\x00\xc2\x00\x00\xfc\x00\x80\xdd\xf2$\x80\xdd\xef\x07\x80\xdf\xec\xa3\x92\x00\xffQ\x01\x00\x80\xe8\x0f\x90\x80'),
                        ], is_16bit=False, y_plus=0, y_minus=0, x=347, y=354),
                        Tile(mirror=False, invert=False, format=0, length=7, subtile_bytes=[
                            bytearray(b'\x0b\x00\x80\xe6\x0c\x90\x80\xe9\x10R\x80\xee\x14\x90B\xff\x00\xe7\x00\xc2\x00\x00\xfc\x00\x80\xdc\xf4$\x80\xdc\xf0\x07'),
                            bytearray(b'\x1d\x02\x1e\x02\x1f\x02\x19\x02\x1a\x02\x1f\x02\x1b\x02\x1c\x02\x1f\x02\x1d\x02\x1e\x02\x1f\x08\x18\x00\x04\x00\x04\x05\x04\x06'),
                            bytearray(b'\x07\x92\xfc\xfbQ\x01\x00\x80\xe6\x0e\x90\x80\xec\x0eR\x80\xf0\x11\x96B\x01\xfc\xe7\x00\xc2\x00\x00\xfc\x00\x80\xdc\xf3'),
                            bytearray(b'."\xf0\xee\x03\x01\r2_\xc2\x00\x00\xfc\x00"\xff\x00\xe3\x02\x80\xd9\xeb\x07\xa2\xff\x01\xef\x02\x00\x80\xe7\x0b'),
                        ], is_16bit=False, y_plus=0, y_minus=0, x=334, y=114),
                        Tile(mirror=False, invert=False, format=0, length=7, subtile_bytes=[
                            bytearray(b'\x8aB \x00\x80\xe6\r\x90\x80\xec\x0f\x90\x80\x06\x03\x80\xf0\xfe\x0bqDf\x9b\xb0\xf6\xfb\x03x\x8e\xa0\xee\x13'),
                            bytearray(b'\x03\x04\x04\x02\x03\x00\x02\x00\x02\x05\x02\x06\x02\x07\x02\x08\x02\t\x02\n\x04\x0b\x04\x0c\n\r\x02\x00\n\x10\x00\x02'),
                            bytearray(b'\xe7\x00\xc2\xfe\x02\xfc\x00"\x01\xffE\x01\x80\xe0\xeb\xa3\x92\x01\xfeQ\x01\x00"\x00\xff\xf7\x01\x80\xef\x14\x90B'),
                            bytearray(b'\xff\x01\xe7\x00\xc2\x00\x00\xfc\x00\x80\xdd\xf2$\x80\xdd\xef\x07\x80\xdf\xec\xa3\x92\x00\xffQ\x01\x00\x80\xe8\x0f\x90\x80'),
                        ], is_16bit=False, y_plus=0, y_minus=0, x=341, y=134),
                        Tile(mirror=False, invert=False, format=0, length=7, subtile_bytes=[
                            bytearray(b'\x8aB \x00\x80\xe6\r\x90\x80\xec\x0f\x90\x80\x06\x03\x80\xf0\xfe\x0bqDf\x9b\xb0\xf6\xfb\x03x\x8e\xa0\xee\x13'),
                            bytearray(b'\x03\x04\x04\x02\x03\x00\x02\x00\x02\x05\x02\x06\x02\x07\x02\x08\x02\t\x02\n\x04\x0b\x04\x0c\n\r\x02\x00\n\x10\x00\x02'),
                            bytearray(b'\xe7\x00\xc2\xfe\x02\xfc\x00"\x01\xffE\x01\x80\xe0\xeb\xa3\x92\x01\xfeQ\x01\x00"\x00\xff\xf7\x01\x80\xef\x14\x90B'),
                            bytearray(b'\xff\x01\xe7\x00\xc2\x00\x00\xfc\x00\x80\xdd\xf2$\x80\xdd\xef\x07\x80\xdf\xec\xa3\x92\x00\xffQ\x01\x00\x80\xe8\x0f\x90\x80'),
                        ], is_16bit=False, y_plus=0, y_minus=0, x=360, y=136),
                        Tile(mirror=False, invert=False, format=0, length=7, subtile_bytes=[
                            bytearray(b'\x8aB \x00\x80\xe6\r\x90\x80\xec\x0f\x90\x80\x06\x03\x80\xf0\xfe\x0bqDf\x9b\xb0\xf6\xfb\x03x\x8e\xa0\xee\x13'),
                            bytearray(b'\x03\x04\x04\x02\x03\x00\x02\x00\x02\x05\x02\x06\x02\x07\x02\x08\x02\t\x02\n\x04\x0b\x04\x0c\n\r\x02\x00\n\x10\x00\x02'),
                            bytearray(b'\xe7\x00\xc2\xfe\x02\xfc\x00"\x01\xffE\x01\x80\xe0\xeb\xa3\x92\x01\xfeQ\x01\x00"\x00\xff\xf7\x01\x80\xef\x14\x90B'),
                            bytearray(b'\xff\x01\xe7\x00\xc2\x00\x00\xfc\x00\x80\xdd\xf2$\x80\xdd\xef\x07\x80\xdf\xec\xa3\x92\x00\xffQ\x01\x00\x80\xe8\x0f\x90\x80'),
                        ], is_16bit=False, y_plus=0, y_minus=0, x=116, y=122),
                        Tile(mirror=False, invert=False, format=0, length=4, subtile_bytes=[
                            bytearray(b'\x90\x80\x03\x1bV\xc0\x03\x0bX\xbf\xa0\xf3\x1b\x91d\xf0\xf3\x0b\xb8\xa6\x19c\x80\x01\x1d%\xc0\x01\rh\x99\xc0'),
                            None,
                            None,
                            None,
                        ], is_16bit=False, y_plus=0, y_minus=0, x=120, y=109),
                        Tile(mirror=False, invert=False, format=0, length=4, subtile_bytes=[
                            bytearray(b"R\x80\xdb\xef\x90\x80\xda\xec\x07\x80\xee\xf3\x9a\xc0\xee\xe3\x84\x15\xc0\xee\xd3\'<\xc0\xee\xc3\x1e\x86\xb0\xde\xe3\x8c"),
                            None,
                            None,
                            None,
                        ], is_16bit=False, y_plus=0, y_minus=0, x=136, y=133),
                        Tile(mirror=False, invert=False, format=0, length=5, subtile_bytes=[
                            bytearray(b'\x11R\x80\xef\x12\x96B\x00\xfe\xe7\x00\xc2\x00\x00\xfc\x00\x80\xdb\xf1R"\xff\xfbE\x01\x92\xfd\xfcQ\x01\x00\x80'),
                            bytearray(b'\x00b\x01\x02\x10\x01B\xf7\x07<\x01b\x00\x00Q\x01r\xf8\xfby\x01\x80\xe6\xeb\xa6\x00\xce\x06\x0c\x00\x99\x00'),
                            None,
                            None,
                        ], is_16bit=False, y_plus=0, y_minus=0, x=120, y=133),
                        Tile(mirror=False, invert=False, format=0, length=7, subtile_bytes=[
                            bytearray(b'\xf0\xef\xd9y\xb0\xba+\xb0\xe7\xc9\xa4nM\xb0\xdf\xf17?\x14\xf0\xdf\xe14bG}\xf0\xdf\xd1\x8f\x88]'),
                            bytearray(b'\x05_\x05\x92\x05\xbc\x05\xe4\x05\x0c\x064\x06\\\x06\x84\x06\xab\x06\x00\x00\x80\xe7\r\x90\x80\xea\x10R\x80\xef\x13'),
                            bytearray(b'\x80\xdf\xec\xa3\x92\xff\x00Q\x01\x00\x80\xe8\x0e\x90"\x02\x00\x8c\x01B\x01\x00\xe7\x00\xc2\x00\x00\xfc\x00\x80\xdc\xf2'),
                            bytearray(b'\x00\x02\x10\x02\x11\x02\x12\x02\x13\x02\x14\x02\x15\x02\x16\x04\x17\x0e\x18\x02\x19\x02\x1a\x02\x1f\x02\x1b\x02\x1c\x02\x1f\x02'),
                        ], is_16bit=False, y_plus=0, y_minus=0, x=128, y=117),
                        Tile(mirror=False, invert=False, format=0, length=7, subtile_bytes=[
                            bytearray(b'\x96B\x00\xff\xe7\x00\xc2\x00\x00\xfc\x00"\xfe\x00/\x02\x80\xde\xeb\xa3\x92\xfe\xfdQ\x01\x00\x80\xe7\x0f\x90\x80\xec'),
                            bytearray(b'$"\x02\x00\xa2\x01\x92\x01\x00Q\x01\x00"\x01\x01\x88\x01\x80\xf0\x13\x90B\x00\xff\xe7\x00\xc2\xff\x01\xfc\x00\x80'),
                            bytearray(b'\x06  \x00\x00\x00\x1a\x00\xff\xff#\x00,\x00E\x00\x80\x00\x00\x00\x08\x00\x0c\x01\x08\x00\x0c\x02\x00\x02\x00\x02'),
                            bytearray(b'\xe7\x0e\x90\x80\xed\x10R\x80\xf0\x12\x96B\x01\xfd\xe7\x00\xc2\x00\x00\xfc\x00\x80\xda\xf1R\x80\xd9\xee$\x80\xdb\xeb'),
                        ], is_16bit=False, y_plus=0, y_minus=0, x=112, y=117),
                        Tile(mirror=False, invert=False, format=0, length=7, subtile_bytes=[
                            bytearray(b'\x02^\x02\x80\x02\xa5\x02\xcd\x02*\x03c\x03\xb5\x03\x03\x04?\x04o\x04\x90\x04\xb8\x04\xdd\x04\x02\x05"\x05B'),
                            bytearray(b'\xdc\xf2$\x80\xde\xf0\x07\x80\xe0\xec\xa3\x92\x01\xffQ\x01\x00\x80\xe7\x0f\x90\x80\xeb\x11R\x80\xef\x12\x90B\x00\xfe'),
                            bytearray(b'\xfd\x0e\x0f#\xb9p\xe1\r\x13\x7f\x8b\xb0\xe1\xed\x10!\xa7\xf0\xd9\x05\xa2\x08Y\xbe\xf0\xd9\xf5\x05i6F\x80'),
                            bytearray(b'\x02\x07\x02\x08\x02\t\x02\n\x02\x0b\x02\x0c\x04\r\x02\x0e\x06\x0f\x00\xdb\x00\x88\x01\xb0\x01\xd2\x01\xf7\x01\x1c\x02A'),
                        ], is_16bit=False, y_plus=0, y_minus=0, x=128, y=101),
                    ]
                ),
                Mold(22, gridplane=False,
                    tiles=[
                        Tile(mirror=False, invert=False, format=0, length=7, subtile_bytes=[
                            bytearray(b'\x8aB \x00\x80\xe6\r\x90\x80\xec\x0f\x90\x80\x06\x03\x80\xf0\xfe\x0bqDf\x9b\xb0\xf6\xfb\x03x\x8e\xa0\xee\x13'),
                            bytearray(b'\x03\x04\x04\x02\x03\x00\x02\x00\x02\x05\x02\x06\x02\x07\x02\x08\x02\t\x02\n\x04\x0b\x04\x0c\n\r\x02\x00\n\x10\x00\x02'),
                            bytearray(b'\xe7\x00\xc2\xfe\x02\xfc\x00"\x01\xffE\x01\x80\xe0\xeb\xa3\x92\x01\xfeQ\x01\x00"\x00\xff\xf7\x01\x80\xef\x14\x90B'),
                            bytearray(b'\xff\x01\xe7\x00\xc2\x00\x00\xfc\x00\x80\xdd\xf2$\x80\xdd\xef\x07\x80\xdf\xec\xa3\x92\x00\xffQ\x01\x00\x80\xe8\x0f\x90\x80'),
                        ], is_16bit=False, y_plus=0, y_minus=0, x=366, y=360),
                        Tile(mirror=False, invert=False, format=0, length=7, subtile_bytes=[
                            bytearray(b'\x8aB \x00\x80\xe6\r\x90\x80\xec\x0f\x90\x80\x06\x03\x80\xf0\xfe\x0bqDf\x9b\xb0\xf6\xfb\x03x\x8e\xa0\xee\x13'),
                            bytearray(b'\x03\x04\x04\x02\x03\x00\x02\x00\x02\x05\x02\x06\x02\x07\x02\x08\x02\t\x02\n\x04\x0b\x04\x0c\n\r\x02\x00\n\x10\x00\x02'),
                            bytearray(b'\xe7\x00\xc2\xfe\x02\xfc\x00"\x01\xffE\x01\x80\xe0\xeb\xa3\x92\x01\xfeQ\x01\x00"\x00\xff\xf7\x01\x80\xef\x14\x90B'),
                            bytearray(b'\xff\x01\xe7\x00\xc2\x00\x00\xfc\x00\x80\xdd\xf2$\x80\xdd\xef\x07\x80\xdf\xec\xa3\x92\x00\xffQ\x01\x00\x80\xe8\x0f\x90\x80'),
                        ], is_16bit=False, y_plus=0, y_minus=0, x=347, y=354),
                        Tile(mirror=False, invert=False, format=0, length=7, subtile_bytes=[
                            bytearray(b'\x8aB \x00\x80\xe6\r\x90\x80\xec\x0f\x90\x80\x06\x03\x80\xf0\xfe\x0bqDf\x9b\xb0\xf6\xfb\x03x\x8e\xa0\xee\x13'),
                            bytearray(b'\x03\x04\x04\x02\x03\x00\x02\x00\x02\x05\x02\x06\x02\x07\x02\x08\x02\t\x02\n\x04\x0b\x04\x0c\n\r\x02\x00\n\x10\x00\x02'),
                            bytearray(b'\xe7\x00\xc2\xfe\x02\xfc\x00"\x01\xffE\x01\x80\xe0\xeb\xa3\x92\x01\xfeQ\x01\x00"\x00\xff\xf7\x01\x80\xef\x14\x90B'),
                            bytearray(b'\xff\x01\xe7\x00\xc2\x00\x00\xfc\x00\x80\xdd\xf2$\x80\xdd\xef\x07\x80\xdf\xec\xa3\x92\x00\xffQ\x01\x00\x80\xe8\x0f\x90\x80'),
                        ], is_16bit=False, y_plus=0, y_minus=0, x=334, y=114),
                        Tile(mirror=False, invert=False, format=0, length=7, subtile_bytes=[
                            bytearray(b'\x0b\x00\x80\xe6\x0c\x90\x80\xe9\x10R\x80\xee\x14\x90B\xff\x00\xe7\x00\xc2\x00\x00\xfc\x00\x80\xdc\xf4$\x80\xdc\xf0\x07'),
                            bytearray(b'\x1d\x02\x1e\x02\x1f\x02\x19\x02\x1a\x02\x1f\x02\x1b\x02\x1c\x02\x1f\x02\x1d\x02\x1e\x02\x1f\x08\x18\x00\x04\x00\x04\x05\x04\x06'),
                            bytearray(b'\x07\x92\xfc\xfbQ\x01\x00\x80\xe6\x0e\x90\x80\xec\x0eR\x80\xf0\x11\x96B\x01\xfc\xe7\x00\xc2\x00\x00\xfc\x00\x80\xdc\xf3'),
                            bytearray(b'."\xf0\xee\x03\x01\r2_\xc2\x00\x00\xfc\x00"\xff\x00\xe3\x02\x80\xd9\xeb\x07\xa2\xff\x01\xef\x02\x00\x80\xe7\x0b'),
                        ], is_16bit=False, y_plus=0, y_minus=0, x=341, y=134),
                        Tile(mirror=False, invert=False, format=0, length=7, subtile_bytes=[
                            bytearray(b'\x8aB \x00\x80\xe6\r\x90\x80\xec\x0f\x90\x80\x06\x03\x80\xf0\xfe\x0bqDf\x9b\xb0\xf6\xfb\x03x\x8e\xa0\xee\x13'),
                            bytearray(b'\x03\x04\x04\x02\x03\x00\x02\x00\x02\x05\x02\x06\x02\x07\x02\x08\x02\t\x02\n\x04\x0b\x04\x0c\n\r\x02\x00\n\x10\x00\x02'),
                            bytearray(b'\xe7\x00\xc2\xfe\x02\xfc\x00"\x01\xffE\x01\x80\xe0\xeb\xa3\x92\x01\xfeQ\x01\x00"\x00\xff\xf7\x01\x80\xef\x14\x90B'),
                            bytearray(b'\xff\x01\xe7\x00\xc2\x00\x00\xfc\x00\x80\xdd\xf2$\x80\xdd\xef\x07\x80\xdf\xec\xa3\x92\x00\xffQ\x01\x00\x80\xe8\x0f\x90\x80'),
                        ], is_16bit=False, y_plus=0, y_minus=0, x=360, y=136),
                        Tile(mirror=False, invert=False, format=0, length=7, subtile_bytes=[
                            bytearray(b'\x8aB \x00\x80\xe6\r\x90\x80\xec\x0f\x90\x80\x06\x03\x80\xf0\xfe\x0bqDf\x9b\xb0\xf6\xfb\x03x\x8e\xa0\xee\x13'),
                            bytearray(b'\x03\x04\x04\x02\x03\x00\x02\x00\x02\x05\x02\x06\x02\x07\x02\x08\x02\t\x02\n\x04\x0b\x04\x0c\n\r\x02\x00\n\x10\x00\x02'),
                            bytearray(b'\xe7\x00\xc2\xfe\x02\xfc\x00"\x01\xffE\x01\x80\xe0\xeb\xa3\x92\x01\xfeQ\x01\x00"\x00\xff\xf7\x01\x80\xef\x14\x90B'),
                            bytearray(b'\xff\x01\xe7\x00\xc2\x00\x00\xfc\x00\x80\xdd\xf2$\x80\xdd\xef\x07\x80\xdf\xec\xa3\x92\x00\xffQ\x01\x00\x80\xe8\x0f\x90\x80'),
                        ], is_16bit=False, y_plus=0, y_minus=0, x=116, y=122),
                        Tile(mirror=False, invert=False, format=0, length=4, subtile_bytes=[
                            bytearray(b'\x90\x80\x03\x1bV\xc0\x03\x0bX\xbf\xa0\xf3\x1b\x91d\xf0\xf3\x0b\xb8\xa6\x19c\x80\x01\x1d%\xc0\x01\rh\x99\xc0'),
                            None,
                            None,
                            None,
                        ], is_16bit=False, y_plus=0, y_minus=0, x=120, y=109),
                        Tile(mirror=False, invert=False, format=0, length=4, subtile_bytes=[
                            bytearray(b"R\x80\xdb\xef\x90\x80\xda\xec\x07\x80\xee\xf3\x9a\xc0\xee\xe3\x84\x15\xc0\xee\xd3\'<\xc0\xee\xc3\x1e\x86\xb0\xde\xe3\x8c"),
                            None,
                            None,
                            None,
                        ], is_16bit=False, y_plus=0, y_minus=0, x=136, y=133),
                        Tile(mirror=False, invert=False, format=0, length=5, subtile_bytes=[
                            bytearray(b'\x11R\x80\xef\x12\x96B\x00\xfe\xe7\x00\xc2\x00\x00\xfc\x00\x80\xdb\xf1R"\xff\xfbE\x01\x92\xfd\xfcQ\x01\x00\x80'),
                            bytearray(b'\x00b\x01\x02\x10\x01B\xf7\x07<\x01b\x00\x00Q\x01r\xf8\xfby\x01\x80\xe6\xeb\xa6\x00\xce\x06\x0c\x00\x99\x00'),
                            None,
                            None,
                        ], is_16bit=False, y_plus=0, y_minus=0, x=120, y=133),
                        Tile(mirror=False, invert=False, format=0, length=7, subtile_bytes=[
                            bytearray(b'\xf0\xef\xd9y\xb0\xba+\xb0\xe7\xc9\xa4nM\xb0\xdf\xf17?\x14\xf0\xdf\xe14bG}\xf0\xdf\xd1\x8f\x88]'),
                            bytearray(b'\x05_\x05\x92\x05\xbc\x05\xe4\x05\x0c\x064\x06\\\x06\x84\x06\xab\x06\x00\x00\x80\xe7\r\x90\x80\xea\x10R\x80\xef\x13'),
                            bytearray(b'\x80\xdf\xec\xa3\x92\xff\x00Q\x01\x00\x80\xe8\x0e\x90"\x02\x00\x8c\x01B\x01\x00\xe7\x00\xc2\x00\x00\xfc\x00\x80\xdc\xf2'),
                            bytearray(b'\x00\x02\x10\x02\x11\x02\x12\x02\x13\x02\x14\x02\x15\x02\x16\x04\x17\x0e\x18\x02\x19\x02\x1a\x02\x1f\x02\x1b\x02\x1c\x02\x1f\x02'),
                        ], is_16bit=False, y_plus=0, y_minus=0, x=128, y=117),
                        Tile(mirror=False, invert=False, format=0, length=7, subtile_bytes=[
                            bytearray(b'\x96B\x00\xff\xe7\x00\xc2\x00\x00\xfc\x00"\xfe\x00/\x02\x80\xde\xeb\xa3\x92\xfe\xfdQ\x01\x00\x80\xe7\x0f\x90\x80\xec'),
                            bytearray(b'$"\x02\x00\xa2\x01\x92\x01\x00Q\x01\x00"\x01\x01\x88\x01\x80\xf0\x13\x90B\x00\xff\xe7\x00\xc2\xff\x01\xfc\x00\x80'),
                            bytearray(b'\x06  \x00\x00\x00\x1a\x00\xff\xff#\x00,\x00E\x00\x80\x00\x00\x00\x08\x00\x0c\x01\x08\x00\x0c\x02\x00\x02\x00\x02'),
                            bytearray(b'\xe7\x0e\x90\x80\xed\x10R\x80\xf0\x12\x96B\x01\xfd\xe7\x00\xc2\x00\x00\xfc\x00\x80\xda\xf1R\x80\xd9\xee$\x80\xdb\xeb'),
                        ], is_16bit=False, y_plus=0, y_minus=0, x=112, y=117),
                        Tile(mirror=False, invert=False, format=0, length=7, subtile_bytes=[
                            bytearray(b'\x02^\x02\x80\x02\xa5\x02\xcd\x02*\x03c\x03\xb5\x03\x03\x04?\x04o\x04\x90\x04\xb8\x04\xdd\x04\x02\x05"\x05B'),
                            bytearray(b'\xdc\xf2$\x80\xde\xf0\x07\x80\xe0\xec\xa3\x92\x01\xffQ\x01\x00\x80\xe7\x0f\x90\x80\xeb\x11R\x80\xef\x12\x90B\x00\xfe'),
                            bytearray(b'\xfd\x0e\x0f#\xb9p\xe1\r\x13\x7f\x8b\xb0\xe1\xed\x10!\xa7\xf0\xd9\x05\xa2\x08Y\xbe\xf0\xd9\xf5\x05i6F\x80'),
                            bytearray(b'\x02\x07\x02\x08\x02\t\x02\n\x02\x0b\x02\x0c\x04\r\x02\x0e\x06\x0f\x00\xdb\x00\x88\x01\xb0\x01\xd2\x01\xf7\x01\x1c\x02A'),
                        ], is_16bit=False, y_plus=0, y_minus=0, x=128, y=101),
                    ]
                ),
                Mold(23, gridplane=False,
                    tiles=[
                        Tile(mirror=False, invert=False, format=0, length=7, subtile_bytes=[
                            bytearray(b'\x8aB \x00\x80\xe6\r\x90\x80\xec\x0f\x90\x80\x06\x03\x80\xf0\xfe\x0bqDf\x9b\xb0\xf6\xfb\x03x\x8e\xa0\xee\x13'),
                            bytearray(b'\x03\x04\x04\x02\x03\x00\x02\x00\x02\x05\x02\x06\x02\x07\x02\x08\x02\t\x02\n\x04\x0b\x04\x0c\n\r\x02\x00\n\x10\x00\x02'),
                            bytearray(b'\xe7\x00\xc2\xfe\x02\xfc\x00"\x01\xffE\x01\x80\xe0\xeb\xa3\x92\x01\xfeQ\x01\x00"\x00\xff\xf7\x01\x80\xef\x14\x90B'),
                            bytearray(b'\xff\x01\xe7\x00\xc2\x00\x00\xfc\x00\x80\xdd\xf2$\x80\xdd\xef\x07\x80\xdf\xec\xa3\x92\x00\xffQ\x01\x00\x80\xe8\x0f\x90\x80'),
                        ], is_16bit=False, y_plus=0, y_minus=0, x=366, y=360),
                        Tile(mirror=False, invert=False, format=0, length=7, subtile_bytes=[
                            bytearray(b'\x8aB \x00\x80\xe6\r\x90\x80\xec\x0f\x90\x80\x06\x03\x80\xf0\xfe\x0bqDf\x9b\xb0\xf6\xfb\x03x\x8e\xa0\xee\x13'),
                            bytearray(b'\x03\x04\x04\x02\x03\x00\x02\x00\x02\x05\x02\x06\x02\x07\x02\x08\x02\t\x02\n\x04\x0b\x04\x0c\n\r\x02\x00\n\x10\x00\x02'),
                            bytearray(b'\xe7\x00\xc2\xfe\x02\xfc\x00"\x01\xffE\x01\x80\xe0\xeb\xa3\x92\x01\xfeQ\x01\x00"\x00\xff\xf7\x01\x80\xef\x14\x90B'),
                            bytearray(b'\xff\x01\xe7\x00\xc2\x00\x00\xfc\x00\x80\xdd\xf2$\x80\xdd\xef\x07\x80\xdf\xec\xa3\x92\x00\xffQ\x01\x00\x80\xe8\x0f\x90\x80'),
                        ], is_16bit=False, y_plus=0, y_minus=0, x=347, y=354),
                        Tile(mirror=False, invert=False, format=0, length=7, subtile_bytes=[
                            bytearray(b'\x8aB \x00\x80\xe6\r\x90\x80\xec\x0f\x90\x80\x06\x03\x80\xf0\xfe\x0bqDf\x9b\xb0\xf6\xfb\x03x\x8e\xa0\xee\x13'),
                            bytearray(b'\x03\x04\x04\x02\x03\x00\x02\x00\x02\x05\x02\x06\x02\x07\x02\x08\x02\t\x02\n\x04\x0b\x04\x0c\n\r\x02\x00\n\x10\x00\x02'),
                            bytearray(b'\xe7\x00\xc2\xfe\x02\xfc\x00"\x01\xffE\x01\x80\xe0\xeb\xa3\x92\x01\xfeQ\x01\x00"\x00\xff\xf7\x01\x80\xef\x14\x90B'),
                            bytearray(b'\xff\x01\xe7\x00\xc2\x00\x00\xfc\x00\x80\xdd\xf2$\x80\xdd\xef\x07\x80\xdf\xec\xa3\x92\x00\xffQ\x01\x00\x80\xe8\x0f\x90\x80'),
                        ], is_16bit=False, y_plus=0, y_minus=0, x=334, y=114),
                        Tile(mirror=False, invert=False, format=0, length=7, subtile_bytes=[
                            bytearray(b'\x8aB \x00\x80\xe6\r\x90\x80\xec\x0f\x90\x80\x06\x03\x80\xf0\xfe\x0bqDf\x9b\xb0\xf6\xfb\x03x\x8e\xa0\xee\x13'),
                            bytearray(b'\x03\x04\x04\x02\x03\x00\x02\x00\x02\x05\x02\x06\x02\x07\x02\x08\x02\t\x02\n\x04\x0b\x04\x0c\n\r\x02\x00\n\x10\x00\x02'),
                            bytearray(b'\xe7\x00\xc2\xfe\x02\xfc\x00"\x01\xffE\x01\x80\xe0\xeb\xa3\x92\x01\xfeQ\x01\x00"\x00\xff\xf7\x01\x80\xef\x14\x90B'),
                            bytearray(b'\xff\x01\xe7\x00\xc2\x00\x00\xfc\x00\x80\xdd\xf2$\x80\xdd\xef\x07\x80\xdf\xec\xa3\x92\x00\xffQ\x01\x00\x80\xe8\x0f\x90\x80'),
                        ], is_16bit=False, y_plus=0, y_minus=0, x=341, y=134),
                        Tile(mirror=False, invert=False, format=0, length=7, subtile_bytes=[
                            bytearray(b'\x0b\x00\x80\xe6\x0c\x90\x80\xe9\x10R\x80\xee\x14\x90B\xff\x00\xe7\x00\xc2\x00\x00\xfc\x00\x80\xdc\xf4$\x80\xdc\xf0\x07'),
                            bytearray(b'\x1d\x02\x1e\x02\x1f\x02\x19\x02\x1a\x02\x1f\x02\x1b\x02\x1c\x02\x1f\x02\x1d\x02\x1e\x02\x1f\x08\x18\x00\x04\x00\x04\x05\x04\x06'),
                            bytearray(b'\x07\x92\xfc\xfbQ\x01\x00\x80\xe6\x0e\x90\x80\xec\x0eR\x80\xf0\x11\x96B\x01\xfc\xe7\x00\xc2\x00\x00\xfc\x00\x80\xdc\xf3'),
                            bytearray(b'."\xf0\xee\x03\x01\r2_\xc2\x00\x00\xfc\x00"\xff\x00\xe3\x02\x80\xd9\xeb\x07\xa2\xff\x01\xef\x02\x00\x80\xe7\x0b'),
                        ], is_16bit=False, y_plus=0, y_minus=0, x=360, y=136),
                        Tile(mirror=False, invert=False, format=0, length=7, subtile_bytes=[
                            bytearray(b'\x8aB \x00\x80\xe6\r\x90\x80\xec\x0f\x90\x80\x06\x03\x80\xf0\xfe\x0bqDf\x9b\xb0\xf6\xfb\x03x\x8e\xa0\xee\x13'),
                            bytearray(b'\x03\x04\x04\x02\x03\x00\x02\x00\x02\x05\x02\x06\x02\x07\x02\x08\x02\t\x02\n\x04\x0b\x04\x0c\n\r\x02\x00\n\x10\x00\x02'),
                            bytearray(b'\xe7\x00\xc2\xfe\x02\xfc\x00"\x01\xffE\x01\x80\xe0\xeb\xa3\x92\x01\xfeQ\x01\x00"\x00\xff\xf7\x01\x80\xef\x14\x90B'),
                            bytearray(b'\xff\x01\xe7\x00\xc2\x00\x00\xfc\x00\x80\xdd\xf2$\x80\xdd\xef\x07\x80\xdf\xec\xa3\x92\x00\xffQ\x01\x00\x80\xe8\x0f\x90\x80'),
                        ], is_16bit=False, y_plus=0, y_minus=0, x=116, y=122),
                        Tile(mirror=False, invert=False, format=0, length=4, subtile_bytes=[
                            bytearray(b'\x90\x80\x03\x1bV\xc0\x03\x0bX\xbf\xa0\xf3\x1b\x91d\xf0\xf3\x0b\xb8\xa6\x19c\x80\x01\x1d%\xc0\x01\rh\x99\xc0'),
                            None,
                            None,
                            None,
                        ], is_16bit=False, y_plus=0, y_minus=0, x=120, y=109),
                        Tile(mirror=False, invert=False, format=0, length=4, subtile_bytes=[
                            bytearray(b"R\x80\xdb\xef\x90\x80\xda\xec\x07\x80\xee\xf3\x9a\xc0\xee\xe3\x84\x15\xc0\xee\xd3\'<\xc0\xee\xc3\x1e\x86\xb0\xde\xe3\x8c"),
                            None,
                            None,
                            None,
                        ], is_16bit=False, y_plus=0, y_minus=0, x=136, y=133),
                        Tile(mirror=False, invert=False, format=0, length=5, subtile_bytes=[
                            bytearray(b'\x11R\x80\xef\x12\x96B\x00\xfe\xe7\x00\xc2\x00\x00\xfc\x00\x80\xdb\xf1R"\xff\xfbE\x01\x92\xfd\xfcQ\x01\x00\x80'),
                            bytearray(b'\x00b\x01\x02\x10\x01B\xf7\x07<\x01b\x00\x00Q\x01r\xf8\xfby\x01\x80\xe6\xeb\xa6\x00\xce\x06\x0c\x00\x99\x00'),
                            None,
                            None,
                        ], is_16bit=False, y_plus=0, y_minus=0, x=120, y=133),
                        Tile(mirror=False, invert=False, format=0, length=7, subtile_bytes=[
                            bytearray(b'\xf0\xef\xd9y\xb0\xba+\xb0\xe7\xc9\xa4nM\xb0\xdf\xf17?\x14\xf0\xdf\xe14bG}\xf0\xdf\xd1\x8f\x88]'),
                            bytearray(b'\x05_\x05\x92\x05\xbc\x05\xe4\x05\x0c\x064\x06\\\x06\x84\x06\xab\x06\x00\x00\x80\xe7\r\x90\x80\xea\x10R\x80\xef\x13'),
                            bytearray(b'\x80\xdf\xec\xa3\x92\xff\x00Q\x01\x00\x80\xe8\x0e\x90"\x02\x00\x8c\x01B\x01\x00\xe7\x00\xc2\x00\x00\xfc\x00\x80\xdc\xf2'),
                            bytearray(b'\x00\x02\x10\x02\x11\x02\x12\x02\x13\x02\x14\x02\x15\x02\x16\x04\x17\x0e\x18\x02\x19\x02\x1a\x02\x1f\x02\x1b\x02\x1c\x02\x1f\x02'),
                        ], is_16bit=False, y_plus=0, y_minus=0, x=128, y=117),
                        Tile(mirror=False, invert=False, format=0, length=7, subtile_bytes=[
                            bytearray(b'\x96B\x00\xff\xe7\x00\xc2\x00\x00\xfc\x00"\xfe\x00/\x02\x80\xde\xeb\xa3\x92\xfe\xfdQ\x01\x00\x80\xe7\x0f\x90\x80\xec'),
                            bytearray(b'$"\x02\x00\xa2\x01\x92\x01\x00Q\x01\x00"\x01\x01\x88\x01\x80\xf0\x13\x90B\x00\xff\xe7\x00\xc2\xff\x01\xfc\x00\x80'),
                            bytearray(b'\x06  \x00\x00\x00\x1a\x00\xff\xff#\x00,\x00E\x00\x80\x00\x00\x00\x08\x00\x0c\x01\x08\x00\x0c\x02\x00\x02\x00\x02'),
                            bytearray(b'\xe7\x0e\x90\x80\xed\x10R\x80\xf0\x12\x96B\x01\xfd\xe7\x00\xc2\x00\x00\xfc\x00\x80\xda\xf1R\x80\xd9\xee$\x80\xdb\xeb'),
                        ], is_16bit=False, y_plus=0, y_minus=0, x=112, y=117),
                        Tile(mirror=False, invert=False, format=0, length=7, subtile_bytes=[
                            bytearray(b'\x02^\x02\x80\x02\xa5\x02\xcd\x02*\x03c\x03\xb5\x03\x03\x04?\x04o\x04\x90\x04\xb8\x04\xdd\x04\x02\x05"\x05B'),
                            bytearray(b'\xdc\xf2$\x80\xde\xf0\x07\x80\xe0\xec\xa3\x92\x01\xffQ\x01\x00\x80\xe7\x0f\x90\x80\xeb\x11R\x80\xef\x12\x90B\x00\xfe'),
                            bytearray(b'\xfd\x0e\x0f#\xb9p\xe1\r\x13\x7f\x8b\xb0\xe1\xed\x10!\xa7\xf0\xd9\x05\xa2\x08Y\xbe\xf0\xd9\xf5\x05i6F\x80'),
                            bytearray(b'\x02\x07\x02\x08\x02\t\x02\n\x02\x0b\x02\x0c\x04\r\x02\x0e\x06\x0f\x00\xdb\x00\x88\x01\xb0\x01\xd2\x01\xf7\x01\x1c\x02A'),
                        ], is_16bit=False, y_plus=0, y_minus=0, x=128, y=101),
                    ]
                ),
                Mold(24, gridplane=False,
                    tiles=[
                        Tile(mirror=False, invert=False, format=0, length=7, subtile_bytes=[
                            bytearray(b'\x8aB \x00\x80\xe6\r\x90\x80\xec\x0f\x90\x80\x06\x03\x80\xf0\xfe\x0bqDf\x9b\xb0\xf6\xfb\x03x\x8e\xa0\xee\x13'),
                            bytearray(b'\x03\x04\x04\x02\x03\x00\x02\x00\x02\x05\x02\x06\x02\x07\x02\x08\x02\t\x02\n\x04\x0b\x04\x0c\n\r\x02\x00\n\x10\x00\x02'),
                            bytearray(b'\xe7\x00\xc2\xfe\x02\xfc\x00"\x01\xffE\x01\x80\xe0\xeb\xa3\x92\x01\xfeQ\x01\x00"\x00\xff\xf7\x01\x80\xef\x14\x90B'),
                            bytearray(b'\xff\x01\xe7\x00\xc2\x00\x00\xfc\x00\x80\xdd\xf2$\x80\xdd\xef\x07\x80\xdf\xec\xa3\x92\x00\xffQ\x01\x00\x80\xe8\x0f\x90\x80'),
                        ], is_16bit=False, y_plus=0, y_minus=0, x=366, y=360),
                        Tile(mirror=False, invert=False, format=0, length=7, subtile_bytes=[
                            bytearray(b'\x8aB \x00\x80\xe6\r\x90\x80\xec\x0f\x90\x80\x06\x03\x80\xf0\xfe\x0bqDf\x9b\xb0\xf6\xfb\x03x\x8e\xa0\xee\x13'),
                            bytearray(b'\x03\x04\x04\x02\x03\x00\x02\x00\x02\x05\x02\x06\x02\x07\x02\x08\x02\t\x02\n\x04\x0b\x04\x0c\n\r\x02\x00\n\x10\x00\x02'),
                            bytearray(b'\xe7\x00\xc2\xfe\x02\xfc\x00"\x01\xffE\x01\x80\xe0\xeb\xa3\x92\x01\xfeQ\x01\x00"\x00\xff\xf7\x01\x80\xef\x14\x90B'),
                            bytearray(b'\xff\x01\xe7\x00\xc2\x00\x00\xfc\x00\x80\xdd\xf2$\x80\xdd\xef\x07\x80\xdf\xec\xa3\x92\x00\xffQ\x01\x00\x80\xe8\x0f\x90\x80'),
                        ], is_16bit=False, y_plus=0, y_minus=0, x=347, y=354),
                        Tile(mirror=False, invert=False, format=0, length=7, subtile_bytes=[
                            bytearray(b'\x8aB \x00\x80\xe6\r\x90\x80\xec\x0f\x90\x80\x06\x03\x80\xf0\xfe\x0bqDf\x9b\xb0\xf6\xfb\x03x\x8e\xa0\xee\x13'),
                            bytearray(b'\x03\x04\x04\x02\x03\x00\x02\x00\x02\x05\x02\x06\x02\x07\x02\x08\x02\t\x02\n\x04\x0b\x04\x0c\n\r\x02\x00\n\x10\x00\x02'),
                            bytearray(b'\xe7\x00\xc2\xfe\x02\xfc\x00"\x01\xffE\x01\x80\xe0\xeb\xa3\x92\x01\xfeQ\x01\x00"\x00\xff\xf7\x01\x80\xef\x14\x90B'),
                            bytearray(b'\xff\x01\xe7\x00\xc2\x00\x00\xfc\x00\x80\xdd\xf2$\x80\xdd\xef\x07\x80\xdf\xec\xa3\x92\x00\xffQ\x01\x00\x80\xe8\x0f\x90\x80'),
                        ], is_16bit=False, y_plus=0, y_minus=0, x=334, y=114),
                        Tile(mirror=False, invert=False, format=0, length=7, subtile_bytes=[
                            bytearray(b'\x8aB \x00\x80\xe6\r\x90\x80\xec\x0f\x90\x80\x06\x03\x80\xf0\xfe\x0bqDf\x9b\xb0\xf6\xfb\x03x\x8e\xa0\xee\x13'),
                            bytearray(b'\x03\x04\x04\x02\x03\x00\x02\x00\x02\x05\x02\x06\x02\x07\x02\x08\x02\t\x02\n\x04\x0b\x04\x0c\n\r\x02\x00\n\x10\x00\x02'),
                            bytearray(b'\xe7\x00\xc2\xfe\x02\xfc\x00"\x01\xffE\x01\x80\xe0\xeb\xa3\x92\x01\xfeQ\x01\x00"\x00\xff\xf7\x01\x80\xef\x14\x90B'),
                            bytearray(b'\xff\x01\xe7\x00\xc2\x00\x00\xfc\x00\x80\xdd\xf2$\x80\xdd\xef\x07\x80\xdf\xec\xa3\x92\x00\xffQ\x01\x00\x80\xe8\x0f\x90\x80'),
                        ], is_16bit=False, y_plus=0, y_minus=0, x=341, y=134),
                        Tile(mirror=False, invert=False, format=0, length=7, subtile_bytes=[
                            bytearray(b'\x8aB \x00\x80\xe6\r\x90\x80\xec\x0f\x90\x80\x06\x03\x80\xf0\xfe\x0bqDf\x9b\xb0\xf6\xfb\x03x\x8e\xa0\xee\x13'),
                            bytearray(b'\x03\x04\x04\x02\x03\x00\x02\x00\x02\x05\x02\x06\x02\x07\x02\x08\x02\t\x02\n\x04\x0b\x04\x0c\n\r\x02\x00\n\x10\x00\x02'),
                            bytearray(b'\xe7\x00\xc2\xfe\x02\xfc\x00"\x01\xffE\x01\x80\xe0\xeb\xa3\x92\x01\xfeQ\x01\x00"\x00\xff\xf7\x01\x80\xef\x14\x90B'),
                            bytearray(b'\xff\x01\xe7\x00\xc2\x00\x00\xfc\x00\x80\xdd\xf2$\x80\xdd\xef\x07\x80\xdf\xec\xa3\x92\x00\xffQ\x01\x00\x80\xe8\x0f\x90\x80'),
                        ], is_16bit=False, y_plus=0, y_minus=0, x=360, y=136),
                        Tile(mirror=False, invert=False, format=0, length=7, subtile_bytes=[
                            bytearray(b'\x0b\x00\x80\xe6\x0c\x90\x80\xe9\x10R\x80\xee\x14\x90B\xff\x00\xe7\x00\xc2\x00\x00\xfc\x00\x80\xdc\xf4$\x80\xdc\xf0\x07'),
                            bytearray(b'\x1d\x02\x1e\x02\x1f\x02\x19\x02\x1a\x02\x1f\x02\x1b\x02\x1c\x02\x1f\x02\x1d\x02\x1e\x02\x1f\x08\x18\x00\x04\x00\x04\x05\x04\x06'),
                            bytearray(b'\x07\x92\xfc\xfbQ\x01\x00\x80\xe6\x0e\x90\x80\xec\x0eR\x80\xf0\x11\x96B\x01\xfc\xe7\x00\xc2\x00\x00\xfc\x00\x80\xdc\xf3'),
                            bytearray(b'."\xf0\xee\x03\x01\r2_\xc2\x00\x00\xfc\x00"\xff\x00\xe3\x02\x80\xd9\xeb\x07\xa2\xff\x01\xef\x02\x00\x80\xe7\x0b'),
                        ], is_16bit=False, y_plus=0, y_minus=0, x=115, y=121),
                        Tile(mirror=False, invert=False, format=0, length=4, subtile_bytes=[
                            bytearray(b'\x90\x80\x03\x1bV\xc0\x03\x0bX\xbf\xa0\xf3\x1b\x91d\xf0\xf3\x0b\xb8\xa6\x19c\x80\x01\x1d%\xc0\x01\rh\x99\xc0'),
                            None,
                            None,
                            None,
                        ], is_16bit=False, y_plus=0, y_minus=0, x=120, y=109),
                        Tile(mirror=False, invert=False, format=0, length=4, subtile_bytes=[
                            bytearray(b"R\x80\xdb\xef\x90\x80\xda\xec\x07\x80\xee\xf3\x9a\xc0\xee\xe3\x84\x15\xc0\xee\xd3\'<\xc0\xee\xc3\x1e\x86\xb0\xde\xe3\x8c"),
                            None,
                            None,
                            None,
                        ], is_16bit=False, y_plus=0, y_minus=0, x=136, y=133),
                        Tile(mirror=False, invert=False, format=0, length=5, subtile_bytes=[
                            bytearray(b'\x11R\x80\xef\x12\x96B\x00\xfe\xe7\x00\xc2\x00\x00\xfc\x00\x80\xdb\xf1R"\xff\xfbE\x01\x92\xfd\xfcQ\x01\x00\x80'),
                            bytearray(b'\x00b\x01\x02\x10\x01B\xf7\x07<\x01b\x00\x00Q\x01r\xf8\xfby\x01\x80\xe6\xeb\xa6\x00\xce\x06\x0c\x00\x99\x00'),
                            None,
                            None,
                        ], is_16bit=False, y_plus=0, y_minus=0, x=120, y=133),
                        Tile(mirror=False, invert=False, format=0, length=7, subtile_bytes=[
                            bytearray(b'\xf0\xef\xd9y\xb0\xba+\xb0\xe7\xc9\xa4nM\xb0\xdf\xf17?\x14\xf0\xdf\xe14bG}\xf0\xdf\xd1\x8f\x88]'),
                            bytearray(b'\x05_\x05\x92\x05\xbc\x05\xe4\x05\x0c\x064\x06\\\x06\x84\x06\xab\x06\x00\x00\x80\xe7\r\x90\x80\xea\x10R\x80\xef\x13'),
                            bytearray(b'\x80\xdf\xec\xa3\x92\xff\x00Q\x01\x00\x80\xe8\x0e\x90"\x02\x00\x8c\x01B\x01\x00\xe7\x00\xc2\x00\x00\xfc\x00\x80\xdc\xf2'),
                            bytearray(b'\x00\x02\x10\x02\x11\x02\x12\x02\x13\x02\x14\x02\x15\x02\x16\x04\x17\x0e\x18\x02\x19\x02\x1a\x02\x1f\x02\x1b\x02\x1c\x02\x1f\x02'),
                        ], is_16bit=False, y_plus=0, y_minus=0, x=128, y=117),
                        Tile(mirror=False, invert=False, format=0, length=7, subtile_bytes=[
                            bytearray(b'\x96B\x00\xff\xe7\x00\xc2\x00\x00\xfc\x00"\xfe\x00/\x02\x80\xde\xeb\xa3\x92\xfe\xfdQ\x01\x00\x80\xe7\x0f\x90\x80\xec'),
                            bytearray(b'$"\x02\x00\xa2\x01\x92\x01\x00Q\x01\x00"\x01\x01\x88\x01\x80\xf0\x13\x90B\x00\xff\xe7\x00\xc2\xff\x01\xfc\x00\x80'),
                            bytearray(b'\x06  \x00\x00\x00\x1a\x00\xff\xff#\x00,\x00E\x00\x80\x00\x00\x00\x08\x00\x0c\x01\x08\x00\x0c\x02\x00\x02\x00\x02'),
                            bytearray(b'\xe7\x0e\x90\x80\xed\x10R\x80\xf0\x12\x96B\x01\xfd\xe7\x00\xc2\x00\x00\xfc\x00\x80\xda\xf1R\x80\xd9\xee$\x80\xdb\xeb'),
                        ], is_16bit=False, y_plus=0, y_minus=0, x=112, y=117),
                        Tile(mirror=False, invert=False, format=0, length=7, subtile_bytes=[
                            bytearray(b'\x02^\x02\x80\x02\xa5\x02\xcd\x02*\x03c\x03\xb5\x03\x03\x04?\x04o\x04\x90\x04\xb8\x04\xdd\x04\x02\x05"\x05B'),
                            bytearray(b'\xdc\xf2$\x80\xde\xf0\x07\x80\xe0\xec\xa3\x92\x01\xffQ\x01\x00\x80\xe7\x0f\x90\x80\xeb\x11R\x80\xef\x12\x90B\x00\xfe'),
                            bytearray(b'\xfd\x0e\x0f#\xb9p\xe1\r\x13\x7f\x8b\xb0\xe1\xed\x10!\xa7\xf0\xd9\x05\xa2\x08Y\xbe\xf0\xd9\xf5\x05i6F\x80'),
                            bytearray(b'\x02\x07\x02\x08\x02\t\x02\n\x02\x0b\x02\x0c\x04\r\x02\x0e\x06\x0f\x00\xdb\x00\x88\x01\xb0\x01\xd2\x01\xf7\x01\x1c\x02A'),
                        ], is_16bit=False, y_plus=0, y_minus=0, x=128, y=101),
                    ]
                ),
                Mold(25, gridplane=False,
                    tiles=[
                        Tile(mirror=False, invert=False, format=0, length=7, subtile_bytes=[
                            bytearray(b'\x8aB \x00\x80\xe6\r\x90\x80\xec\x0f\x90\x80\x06\x03\x80\xf0\xfe\x0bqDf\x9b\xb0\xf6\xfb\x03x\x8e\xa0\xee\x13'),
                            bytearray(b'\x03\x04\x04\x02\x03\x00\x02\x00\x02\x05\x02\x06\x02\x07\x02\x08\x02\t\x02\n\x04\x0b\x04\x0c\n\r\x02\x00\n\x10\x00\x02'),
                            bytearray(b'\xe7\x00\xc2\xfe\x02\xfc\x00"\x01\xffE\x01\x80\xe0\xeb\xa3\x92\x01\xfeQ\x01\x00"\x00\xff\xf7\x01\x80\xef\x14\x90B'),
                            bytearray(b'\xff\x01\xe7\x00\xc2\x00\x00\xfc\x00\x80\xdd\xf2$\x80\xdd\xef\x07\x80\xdf\xec\xa3\x92\x00\xffQ\x01\x00\x80\xe8\x0f\x90\x80'),
                        ], is_16bit=False, y_plus=0, y_minus=0, x=350, y=119),
                        Tile(mirror=False, invert=False, format=0, length=7, subtile_bytes=[
                            bytearray(b'\x8aB \x00\x80\xe6\r\x90\x80\xec\x0f\x90\x80\x06\x03\x80\xf0\xfe\x0bqDf\x9b\xb0\xf6\xfb\x03x\x8e\xa0\xee\x13'),
                            bytearray(b'\x03\x04\x04\x02\x03\x00\x02\x00\x02\x05\x02\x06\x02\x07\x02\x08\x02\t\x02\n\x04\x0b\x04\x0c\n\r\x02\x00\n\x10\x00\x02'),
                            bytearray(b'\xe7\x00\xc2\xfe\x02\xfc\x00"\x01\xffE\x01\x80\xe0\xeb\xa3\x92\x01\xfeQ\x01\x00"\x00\xff\xf7\x01\x80\xef\x14\x90B'),
                            bytearray(b'\xff\x01\xe7\x00\xc2\x00\x00\xfc\x00\x80\xdd\xf2$\x80\xdd\xef\x07\x80\xdf\xec\xa3\x92\x00\xffQ\x01\x00\x80\xe8\x0f\x90\x80'),
                        ], is_16bit=False, y_plus=0, y_minus=0, x=345, y=115),
                        Tile(mirror=False, invert=False, format=0, length=7, subtile_bytes=[
                            bytearray(b'\x8aB \x00\x80\xe6\r\x90\x80\xec\x0f\x90\x80\x06\x03\x80\xf0\xfe\x0bqDf\x9b\xb0\xf6\xfb\x03x\x8e\xa0\xee\x13'),
                            bytearray(b'\x03\x04\x04\x02\x03\x00\x02\x00\x02\x05\x02\x06\x02\x07\x02\x08\x02\t\x02\n\x04\x0b\x04\x0c\n\r\x02\x00\n\x10\x00\x02'),
                            bytearray(b'\xe7\x00\xc2\xfe\x02\xfc\x00"\x01\xffE\x01\x80\xe0\xeb\xa3\x92\x01\xfeQ\x01\x00"\x00\xff\xf7\x01\x80\xef\x14\x90B'),
                            bytearray(b'\xff\x01\xe7\x00\xc2\x00\x00\xfc\x00\x80\xdd\xf2$\x80\xdd\xef\x07\x80\xdf\xec\xa3\x92\x00\xffQ\x01\x00\x80\xe8\x0f\x90\x80'),
                        ], is_16bit=False, y_plus=0, y_minus=0, x=358, y=123),
                        Tile(mirror=False, invert=False, format=0, length=7, subtile_bytes=[
                            bytearray(b'\x8aB \x00\x80\xe6\r\x90\x80\xec\x0f\x90\x80\x06\x03\x80\xf0\xfe\x0bqDf\x9b\xb0\xf6\xfb\x03x\x8e\xa0\xee\x13'),
                            bytearray(b'\x03\x04\x04\x02\x03\x00\x02\x00\x02\x05\x02\x06\x02\x07\x02\x08\x02\t\x02\n\x04\x0b\x04\x0c\n\r\x02\x00\n\x10\x00\x02'),
                            bytearray(b'\xe7\x00\xc2\xfe\x02\xfc\x00"\x01\xffE\x01\x80\xe0\xeb\xa3\x92\x01\xfeQ\x01\x00"\x00\xff\xf7\x01\x80\xef\x14\x90B'),
                            bytearray(b'\xff\x01\xe7\x00\xc2\x00\x00\xfc\x00\x80\xdd\xf2$\x80\xdd\xef\x07\x80\xdf\xec\xa3\x92\x00\xffQ\x01\x00\x80\xe8\x0f\x90\x80'),
                        ], is_16bit=False, y_plus=0, y_minus=0, x=351, y=112),
                        Tile(mirror=False, invert=False, format=0, length=7, subtile_bytes=[
                            bytearray(b'\x8aB \x00\x80\xe6\r\x90\x80\xec\x0f\x90\x80\x06\x03\x80\xf0\xfe\x0bqDf\x9b\xb0\xf6\xfb\x03x\x8e\xa0\xee\x13'),
                            bytearray(b'\x03\x04\x04\x02\x03\x00\x02\x00\x02\x05\x02\x06\x02\x07\x02\x08\x02\t\x02\n\x04\x0b\x04\x0c\n\r\x02\x00\n\x10\x00\x02'),
                            bytearray(b'\xe7\x00\xc2\xfe\x02\xfc\x00"\x01\xffE\x01\x80\xe0\xeb\xa3\x92\x01\xfeQ\x01\x00"\x00\xff\xf7\x01\x80\xef\x14\x90B'),
                            bytearray(b'\xff\x01\xe7\x00\xc2\x00\x00\xfc\x00\x80\xdd\xf2$\x80\xdd\xef\x07\x80\xdf\xec\xa3\x92\x00\xffQ\x01\x00\x80\xe8\x0f\x90\x80'),
                        ], is_16bit=False, y_plus=0, y_minus=0, x=359, y=115),
                        Tile(mirror=False, invert=False, format=0, length=7, subtile_bytes=[
                            bytearray(b'\x8aB \x00\x80\xe6\r\x90\x80\xec\x0f\x90\x80\x06\x03\x80\xf0\xfe\x0bqDf\x9b\xb0\xf6\xfb\x03x\x8e\xa0\xee\x13'),
                            bytearray(b'\x03\x04\x04\x02\x03\x00\x02\x00\x02\x05\x02\x06\x02\x07\x02\x08\x02\t\x02\n\x04\x0b\x04\x0c\n\r\x02\x00\n\x10\x00\x02'),
                            bytearray(b'\xe7\x00\xc2\xfe\x02\xfc\x00"\x01\xffE\x01\x80\xe0\xeb\xa3\x92\x01\xfeQ\x01\x00"\x00\xff\xf7\x01\x80\xef\x14\x90B'),
                            bytearray(b'\xff\x01\xe7\x00\xc2\x00\x00\xfc\x00\x80\xdd\xf2$\x80\xdd\xef\x07\x80\xdf\xec\xa3\x92\x00\xffQ\x01\x00\x80\xe8\x0f\x90\x80'),
                        ], is_16bit=False, y_plus=0, y_minus=0, x=358, y=365),
                        Tile(mirror=False, invert=False, format=0, length=4, subtile_bytes=[
                            bytearray(b'\x90\x80\x03\x1bV\xc0\x03\x0bX\xbf\xa0\xf3\x1b\x91d\xf0\xf3\x0b\xb8\xa6\x19c\x80\x01\x1d%\xc0\x01\rh\x99\xc0'),
                            None,
                            None,
                            None,
                        ], is_16bit=False, y_plus=0, y_minus=0, x=120, y=109),
                        Tile(mirror=False, invert=False, format=0, length=4, subtile_bytes=[
                            bytearray(b"R\x80\xdb\xef\x90\x80\xda\xec\x07\x80\xee\xf3\x9a\xc0\xee\xe3\x84\x15\xc0\xee\xd3\'<\xc0\xee\xc3\x1e\x86\xb0\xde\xe3\x8c"),
                            None,
                            None,
                            None,
                        ], is_16bit=False, y_plus=0, y_minus=0, x=136, y=133),
                        Tile(mirror=False, invert=False, format=0, length=5, subtile_bytes=[
                            bytearray(b'\x11R\x80\xef\x12\x96B\x00\xfe\xe7\x00\xc2\x00\x00\xfc\x00\x80\xdb\xf1R"\xff\xfbE\x01\x92\xfd\xfcQ\x01\x00\x80'),
                            bytearray(b'\x00b\x01\x02\x10\x01B\xf7\x07<\x01b\x00\x00Q\x01r\xf8\xfby\x01\x80\xe6\xeb\xa6\x00\xce\x06\x0c\x00\x99\x00'),
                            None,
                            None,
                        ], is_16bit=False, y_plus=0, y_minus=0, x=120, y=133),
                        Tile(mirror=False, invert=False, format=0, length=7, subtile_bytes=[
                            bytearray(b'\xf0\xef\xd9y\xb0\xba+\xb0\xe7\xc9\xa4nM\xb0\xdf\xf17?\x14\xf0\xdf\xe14bG}\xf0\xdf\xd1\x8f\x88]'),
                            bytearray(b'\x05_\x05\x92\x05\xbc\x05\xe4\x05\x0c\x064\x06\\\x06\x84\x06\xab\x06\x00\x00\x80\xe7\r\x90\x80\xea\x10R\x80\xef\x13'),
                            bytearray(b'\x80\xdf\xec\xa3\x92\xff\x00Q\x01\x00\x80\xe8\x0e\x90"\x02\x00\x8c\x01B\x01\x00\xe7\x00\xc2\x00\x00\xfc\x00\x80\xdc\xf2'),
                            bytearray(b'\x00\x02\x10\x02\x11\x02\x12\x02\x13\x02\x14\x02\x15\x02\x16\x04\x17\x0e\x18\x02\x19\x02\x1a\x02\x1f\x02\x1b\x02\x1c\x02\x1f\x02'),
                        ], is_16bit=False, y_plus=0, y_minus=0, x=128, y=117),
                        Tile(mirror=False, invert=False, format=0, length=7, subtile_bytes=[
                            bytearray(b'\x96B\x00\xff\xe7\x00\xc2\x00\x00\xfc\x00"\xfe\x00/\x02\x80\xde\xeb\xa3\x92\xfe\xfdQ\x01\x00\x80\xe7\x0f\x90\x80\xec'),
                            bytearray(b'$"\x02\x00\xa2\x01\x92\x01\x00Q\x01\x00"\x01\x01\x88\x01\x80\xf0\x13\x90B\x00\xff\xe7\x00\xc2\xff\x01\xfc\x00\x80'),
                            bytearray(b'\x06  \x00\x00\x00\x1a\x00\xff\xff#\x00,\x00E\x00\x80\x00\x00\x00\x08\x00\x0c\x01\x08\x00\x0c\x02\x00\x02\x00\x02'),
                            bytearray(b'\xe7\x0e\x90\x80\xed\x10R\x80\xf0\x12\x96B\x01\xfd\xe7\x00\xc2\x00\x00\xfc\x00\x80\xda\xf1R\x80\xd9\xee$\x80\xdb\xeb'),
                        ], is_16bit=False, y_plus=0, y_minus=0, x=112, y=117),
                        Tile(mirror=False, invert=False, format=0, length=7, subtile_bytes=[
                            bytearray(b'\x02^\x02\x80\x02\xa5\x02\xcd\x02*\x03c\x03\xb5\x03\x03\x04?\x04o\x04\x90\x04\xb8\x04\xdd\x04\x02\x05"\x05B'),
                            bytearray(b'\xdc\xf2$\x80\xde\xf0\x07\x80\xe0\xec\xa3\x92\x01\xffQ\x01\x00\x80\xe7\x0f\x90\x80\xeb\x11R\x80\xef\x12\x90B\x00\xfe'),
                            bytearray(b'\xfd\x0e\x0f#\xb9p\xe1\r\x13\x7f\x8b\xb0\xe1\xed\x10!\xa7\xf0\xd9\x05\xa2\x08Y\xbe\xf0\xd9\xf5\x05i6F\x80'),
                            bytearray(b'\x02\x07\x02\x08\x02\t\x02\n\x02\x0b\x02\x0c\x04\r\x02\x0e\x06\x0f\x00\xdb\x00\x88\x01\xb0\x01\xd2\x01\xf7\x01\x1c\x02A'),
                        ], is_16bit=False, y_plus=0, y_minus=0, x=128, y=101),
                    ]
                ),
                Mold(26, gridplane=False,
                    tiles=[
                        Tile(mirror=False, invert=False, format=0, length=7, subtile_bytes=[
                            bytearray(b'\x8aB \x00\x80\xe6\r\x90\x80\xec\x0f\x90\x80\x06\x03\x80\xf0\xfe\x0bqDf\x9b\xb0\xf6\xfb\x03x\x8e\xa0\xee\x13'),
                            bytearray(b'\x03\x04\x04\x02\x03\x00\x02\x00\x02\x05\x02\x06\x02\x07\x02\x08\x02\t\x02\n\x04\x0b\x04\x0c\n\r\x02\x00\n\x10\x00\x02'),
                            bytearray(b'\xe7\x00\xc2\xfe\x02\xfc\x00"\x01\xffE\x01\x80\xe0\xeb\xa3\x92\x01\xfeQ\x01\x00"\x00\xff\xf7\x01\x80\xef\x14\x90B'),
                            bytearray(b'\xff\x01\xe7\x00\xc2\x00\x00\xfc\x00\x80\xdd\xf2$\x80\xdd\xef\x07\x80\xdf\xec\xa3\x92\x00\xffQ\x01\x00\x80\xe8\x0f\x90\x80'),
                        ], is_16bit=False, y_plus=0, y_minus=0, x=350, y=128),
                        Tile(mirror=False, invert=False, format=0, length=7, subtile_bytes=[
                            bytearray(b'\x8aB \x00\x80\xe6\r\x90\x80\xec\x0f\x90\x80\x06\x03\x80\xf0\xfe\x0bqDf\x9b\xb0\xf6\xfb\x03x\x8e\xa0\xee\x13'),
                            bytearray(b'\x03\x04\x04\x02\x03\x00\x02\x00\x02\x05\x02\x06\x02\x07\x02\x08\x02\t\x02\n\x04\x0b\x04\x0c\n\r\x02\x00\n\x10\x00\x02'),
                            bytearray(b'\xe7\x00\xc2\xfe\x02\xfc\x00"\x01\xffE\x01\x80\xe0\xeb\xa3\x92\x01\xfeQ\x01\x00"\x00\xff\xf7\x01\x80\xef\x14\x90B'),
                            bytearray(b'\xff\x01\xe7\x00\xc2\x00\x00\xfc\x00\x80\xdd\xf2$\x80\xdd\xef\x07\x80\xdf\xec\xa3\x92\x00\xffQ\x01\x00\x80\xe8\x0f\x90\x80'),
                        ], is_16bit=False, y_plus=0, y_minus=0, x=339, y=123),
                        Tile(mirror=False, invert=False, format=0, length=7, subtile_bytes=[
                            bytearray(b'\x8aB \x00\x80\xe6\r\x90\x80\xec\x0f\x90\x80\x06\x03\x80\xf0\xfe\x0bqDf\x9b\xb0\xf6\xfb\x03x\x8e\xa0\xee\x13'),
                            bytearray(b'\x03\x04\x04\x02\x03\x00\x02\x00\x02\x05\x02\x06\x02\x07\x02\x08\x02\t\x02\n\x04\x0b\x04\x0c\n\r\x02\x00\n\x10\x00\x02'),
                            bytearray(b'\xe7\x00\xc2\xfe\x02\xfc\x00"\x01\xffE\x01\x80\xe0\xeb\xa3\x92\x01\xfeQ\x01\x00"\x00\xff\xf7\x01\x80\xef\x14\x90B'),
                            bytearray(b'\xff\x01\xe7\x00\xc2\x00\x00\xfc\x00\x80\xdd\xf2$\x80\xdd\xef\x07\x80\xdf\xec\xa3\x92\x00\xffQ\x01\x00\x80\xe8\x0f\x90\x80'),
                        ], is_16bit=False, y_plus=0, y_minus=0, x=362, y=132),
                        Tile(mirror=False, invert=False, format=0, length=7, subtile_bytes=[
                            bytearray(b'\x8aB \x00\x80\xe6\r\x90\x80\xec\x0f\x90\x80\x06\x03\x80\xf0\xfe\x0bqDf\x9b\xb0\xf6\xfb\x03x\x8e\xa0\xee\x13'),
                            bytearray(b'\x03\x04\x04\x02\x03\x00\x02\x00\x02\x05\x02\x06\x02\x07\x02\x08\x02\t\x02\n\x04\x0b\x04\x0c\n\r\x02\x00\n\x10\x00\x02'),
                            bytearray(b'\xe7\x00\xc2\xfe\x02\xfc\x00"\x01\xffE\x01\x80\xe0\xeb\xa3\x92\x01\xfeQ\x01\x00"\x00\xff\xf7\x01\x80\xef\x14\x90B'),
                            bytearray(b'\xff\x01\xe7\x00\xc2\x00\x00\xfc\x00\x80\xdd\xf2$\x80\xdd\xef\x07\x80\xdf\xec\xa3\x92\x00\xffQ\x01\x00\x80\xe8\x0f\x90\x80'),
                        ], is_16bit=False, y_plus=0, y_minus=0, x=349, y=113),
                        Tile(mirror=False, invert=False, format=0, length=7, subtile_bytes=[
                            bytearray(b'\x8aB \x00\x80\xe6\r\x90\x80\xec\x0f\x90\x80\x06\x03\x80\xf0\xfe\x0bqDf\x9b\xb0\xf6\xfb\x03x\x8e\xa0\xee\x13'),
                            bytearray(b'\x03\x04\x04\x02\x03\x00\x02\x00\x02\x05\x02\x06\x02\x07\x02\x08\x02\t\x02\n\x04\x0b\x04\x0c\n\r\x02\x00\n\x10\x00\x02'),
                            bytearray(b'\xe7\x00\xc2\xfe\x02\xfc\x00"\x01\xffE\x01\x80\xe0\xeb\xa3\x92\x01\xfeQ\x01\x00"\x00\xff\xf7\x01\x80\xef\x14\x90B'),
                            bytearray(b'\xff\x01\xe7\x00\xc2\x00\x00\xfc\x00\x80\xdd\xf2$\x80\xdd\xef\x07\x80\xdf\xec\xa3\x92\x00\xffQ\x01\x00\x80\xe8\x0f\x90\x80'),
                        ], is_16bit=False, y_plus=0, y_minus=0, x=361, y=117),
                        Tile(mirror=False, invert=False, format=0, length=7, subtile_bytes=[
                            bytearray(b'\x8aB \x00\x80\xe6\r\x90\x80\xec\x0f\x90\x80\x06\x03\x80\xf0\xfe\x0bqDf\x9b\xb0\xf6\xfb\x03x\x8e\xa0\xee\x13'),
                            bytearray(b'\x03\x04\x04\x02\x03\x00\x02\x00\x02\x05\x02\x06\x02\x07\x02\x08\x02\t\x02\n\x04\x0b\x04\x0c\n\r\x02\x00\n\x10\x00\x02'),
                            bytearray(b'\xe7\x00\xc2\xfe\x02\xfc\x00"\x01\xffE\x01\x80\xe0\xeb\xa3\x92\x01\xfeQ\x01\x00"\x00\xff\xf7\x01\x80\xef\x14\x90B'),
                            bytearray(b'\xff\x01\xe7\x00\xc2\x00\x00\xfc\x00\x80\xdd\xf2$\x80\xdd\xef\x07\x80\xdf\xec\xa3\x92\x00\xffQ\x01\x00\x80\xe8\x0f\x90\x80'),
                        ], is_16bit=False, y_plus=0, y_minus=0, x=360, y=358),
                        Tile(mirror=False, invert=False, format=0, length=4, subtile_bytes=[
                            bytearray(b'\x90\x80\x03\x1bV\xc0\x03\x0bX\xbf\xa0\xf3\x1b\x91d\xf0\xf3\x0b\xb8\xa6\x19c\x80\x01\x1d%\xc0\x01\rh\x99\xc0'),
                            None,
                            None,
                            None,
                        ], is_16bit=False, y_plus=0, y_minus=0, x=120, y=109),
                        Tile(mirror=False, invert=False, format=0, length=4, subtile_bytes=[
                            bytearray(b"R\x80\xdb\xef\x90\x80\xda\xec\x07\x80\xee\xf3\x9a\xc0\xee\xe3\x84\x15\xc0\xee\xd3\'<\xc0\xee\xc3\x1e\x86\xb0\xde\xe3\x8c"),
                            None,
                            None,
                            None,
                        ], is_16bit=False, y_plus=0, y_minus=0, x=136, y=133),
                        Tile(mirror=False, invert=False, format=0, length=5, subtile_bytes=[
                            bytearray(b'\x11R\x80\xef\x12\x96B\x00\xfe\xe7\x00\xc2\x00\x00\xfc\x00\x80\xdb\xf1R"\xff\xfbE\x01\x92\xfd\xfcQ\x01\x00\x80'),
                            bytearray(b'\x00b\x01\x02\x10\x01B\xf7\x07<\x01b\x00\x00Q\x01r\xf8\xfby\x01\x80\xe6\xeb\xa6\x00\xce\x06\x0c\x00\x99\x00'),
                            None,
                            None,
                        ], is_16bit=False, y_plus=0, y_minus=0, x=120, y=133),
                        Tile(mirror=False, invert=False, format=0, length=7, subtile_bytes=[
                            bytearray(b'\xf0\xef\xd9y\xb0\xba+\xb0\xe7\xc9\xa4nM\xb0\xdf\xf17?\x14\xf0\xdf\xe14bG}\xf0\xdf\xd1\x8f\x88]'),
                            bytearray(b'\x05_\x05\x92\x05\xbc\x05\xe4\x05\x0c\x064\x06\\\x06\x84\x06\xab\x06\x00\x00\x80\xe7\r\x90\x80\xea\x10R\x80\xef\x13'),
                            bytearray(b'\x80\xdf\xec\xa3\x92\xff\x00Q\x01\x00\x80\xe8\x0e\x90"\x02\x00\x8c\x01B\x01\x00\xe7\x00\xc2\x00\x00\xfc\x00\x80\xdc\xf2'),
                            bytearray(b'\x00\x02\x10\x02\x11\x02\x12\x02\x13\x02\x14\x02\x15\x02\x16\x04\x17\x0e\x18\x02\x19\x02\x1a\x02\x1f\x02\x1b\x02\x1c\x02\x1f\x02'),
                        ], is_16bit=False, y_plus=0, y_minus=0, x=128, y=117),
                        Tile(mirror=False, invert=False, format=0, length=7, subtile_bytes=[
                            bytearray(b'\x96B\x00\xff\xe7\x00\xc2\x00\x00\xfc\x00"\xfe\x00/\x02\x80\xde\xeb\xa3\x92\xfe\xfdQ\x01\x00\x80\xe7\x0f\x90\x80\xec'),
                            bytearray(b'$"\x02\x00\xa2\x01\x92\x01\x00Q\x01\x00"\x01\x01\x88\x01\x80\xf0\x13\x90B\x00\xff\xe7\x00\xc2\xff\x01\xfc\x00\x80'),
                            bytearray(b'\x06  \x00\x00\x00\x1a\x00\xff\xff#\x00,\x00E\x00\x80\x00\x00\x00\x08\x00\x0c\x01\x08\x00\x0c\x02\x00\x02\x00\x02'),
                            bytearray(b'\xe7\x0e\x90\x80\xed\x10R\x80\xf0\x12\x96B\x01\xfd\xe7\x00\xc2\x00\x00\xfc\x00\x80\xda\xf1R\x80\xd9\xee$\x80\xdb\xeb'),
                        ], is_16bit=False, y_plus=0, y_minus=0, x=112, y=117),
                        Tile(mirror=False, invert=False, format=0, length=7, subtile_bytes=[
                            bytearray(b'\x02^\x02\x80\x02\xa5\x02\xcd\x02*\x03c\x03\xb5\x03\x03\x04?\x04o\x04\x90\x04\xb8\x04\xdd\x04\x02\x05"\x05B'),
                            bytearray(b'\xdc\xf2$\x80\xde\xf0\x07\x80\xe0\xec\xa3\x92\x01\xffQ\x01\x00\x80\xe7\x0f\x90\x80\xeb\x11R\x80\xef\x12\x90B\x00\xfe'),
                            bytearray(b'\xfd\x0e\x0f#\xb9p\xe1\r\x13\x7f\x8b\xb0\xe1\xed\x10!\xa7\xf0\xd9\x05\xa2\x08Y\xbe\xf0\xd9\xf5\x05i6F\x80'),
                            bytearray(b'\x02\x07\x02\x08\x02\t\x02\n\x02\x0b\x02\x0c\x04\r\x02\x0e\x06\x0f\x00\xdb\x00\x88\x01\xb0\x01\xd2\x01\xf7\x01\x1c\x02A'),
                        ], is_16bit=False, y_plus=0, y_minus=0, x=128, y=101),
                    ]
                ),
                Mold(27, gridplane=False,
                    tiles=[
                        Tile(mirror=False, invert=False, format=0, length=7, subtile_bytes=[
                            bytearray(b'\x8aB \x00\x80\xe6\r\x90\x80\xec\x0f\x90\x80\x06\x03\x80\xf0\xfe\x0bqDf\x9b\xb0\xf6\xfb\x03x\x8e\xa0\xee\x13'),
                            bytearray(b'\x03\x04\x04\x02\x03\x00\x02\x00\x02\x05\x02\x06\x02\x07\x02\x08\x02\t\x02\n\x04\x0b\x04\x0c\n\r\x02\x00\n\x10\x00\x02'),
                            bytearray(b'\xe7\x00\xc2\xfe\x02\xfc\x00"\x01\xffE\x01\x80\xe0\xeb\xa3\x92\x01\xfeQ\x01\x00"\x00\xff\xf7\x01\x80\xef\x14\x90B'),
                            bytearray(b'\xff\x01\xe7\x00\xc2\x00\x00\xfc\x00\x80\xdd\xf2$\x80\xdd\xef\x07\x80\xdf\xec\xa3\x92\x00\xffQ\x01\x00\x80\xe8\x0f\x90\x80'),
                        ], is_16bit=False, y_plus=0, y_minus=0, x=350, y=119),
                        Tile(mirror=False, invert=False, format=0, length=7, subtile_bytes=[
                            bytearray(b'\x8aB \x00\x80\xe6\r\x90\x80\xec\x0f\x90\x80\x06\x03\x80\xf0\xfe\x0bqDf\x9b\xb0\xf6\xfb\x03x\x8e\xa0\xee\x13'),
                            bytearray(b'\x03\x04\x04\x02\x03\x00\x02\x00\x02\x05\x02\x06\x02\x07\x02\x08\x02\t\x02\n\x04\x0b\x04\x0c\n\r\x02\x00\n\x10\x00\x02'),
                            bytearray(b'\xe7\x00\xc2\xfe\x02\xfc\x00"\x01\xffE\x01\x80\xe0\xeb\xa3\x92\x01\xfeQ\x01\x00"\x00\xff\xf7\x01\x80\xef\x14\x90B'),
                            bytearray(b'\xff\x01\xe7\x00\xc2\x00\x00\xfc\x00\x80\xdd\xf2$\x80\xdd\xef\x07\x80\xdf\xec\xa3\x92\x00\xffQ\x01\x00\x80\xe8\x0f\x90\x80'),
                        ], is_16bit=False, y_plus=0, y_minus=0, x=337, y=124),
                        Tile(mirror=False, invert=False, format=0, length=7, subtile_bytes=[
                            bytearray(b'\x8aB \x00\x80\xe6\r\x90\x80\xec\x0f\x90\x80\x06\x03\x80\xf0\xfe\x0bqDf\x9b\xb0\xf6\xfb\x03x\x8e\xa0\xee\x13'),
                            bytearray(b'\x03\x04\x04\x02\x03\x00\x02\x00\x02\x05\x02\x06\x02\x07\x02\x08\x02\t\x02\n\x04\x0b\x04\x0c\n\r\x02\x00\n\x10\x00\x02'),
                            bytearray(b'\xe7\x00\xc2\xfe\x02\xfc\x00"\x01\xffE\x01\x80\xe0\xeb\xa3\x92\x01\xfeQ\x01\x00"\x00\xff\xf7\x01\x80\xef\x14\x90B'),
                            bytearray(b'\xff\x01\xe7\x00\xc2\x00\x00\xfc\x00\x80\xdd\xf2$\x80\xdd\xef\x07\x80\xdf\xec\xa3\x92\x00\xffQ\x01\x00\x80\xe8\x0f\x90\x80'),
                        ], is_16bit=False, y_plus=0, y_minus=0, x=357, y=133),
                        Tile(mirror=False, invert=False, format=0, length=7, subtile_bytes=[
                            bytearray(b'\x8aB \x00\x80\xe6\r\x90\x80\xec\x0f\x90\x80\x06\x03\x80\xf0\xfe\x0bqDf\x9b\xb0\xf6\xfb\x03x\x8e\xa0\xee\x13'),
                            bytearray(b'\x03\x04\x04\x02\x03\x00\x02\x00\x02\x05\x02\x06\x02\x07\x02\x08\x02\t\x02\n\x04\x0b\x04\x0c\n\r\x02\x00\n\x10\x00\x02'),
                            bytearray(b'\xe7\x00\xc2\xfe\x02\xfc\x00"\x01\xffE\x01\x80\xe0\xeb\xa3\x92\x01\xfeQ\x01\x00"\x00\xff\xf7\x01\x80\xef\x14\x90B'),
                            bytearray(b'\xff\x01\xe7\x00\xc2\x00\x00\xfc\x00\x80\xdd\xf2$\x80\xdd\xef\x07\x80\xdf\xec\xa3\x92\x00\xffQ\x01\x00\x80\xe8\x0f\x90\x80'),
                        ], is_16bit=False, y_plus=0, y_minus=0, x=345, y=358),
                        Tile(mirror=False, invert=False, format=0, length=7, subtile_bytes=[
                            bytearray(b'\x8aB \x00\x80\xe6\r\x90\x80\xec\x0f\x90\x80\x06\x03\x80\xf0\xfe\x0bqDf\x9b\xb0\xf6\xfb\x03x\x8e\xa0\xee\x13'),
                            bytearray(b'\x03\x04\x04\x02\x03\x00\x02\x00\x02\x05\x02\x06\x02\x07\x02\x08\x02\t\x02\n\x04\x0b\x04\x0c\n\r\x02\x00\n\x10\x00\x02'),
                            bytearray(b'\xe7\x00\xc2\xfe\x02\xfc\x00"\x01\xffE\x01\x80\xe0\xeb\xa3\x92\x01\xfeQ\x01\x00"\x00\xff\xf7\x01\x80\xef\x14\x90B'),
                            bytearray(b'\xff\x01\xe7\x00\xc2\x00\x00\xfc\x00\x80\xdd\xf2$\x80\xdd\xef\x07\x80\xdf\xec\xa3\x92\x00\xffQ\x01\x00\x80\xe8\x0f\x90\x80'),
                        ], is_16bit=False, y_plus=0, y_minus=0, x=366, y=113),
                        Tile(mirror=False, invert=False, format=0, length=7, subtile_bytes=[
                            bytearray(b'\x8aB \x00\x80\xe6\r\x90\x80\xec\x0f\x90\x80\x06\x03\x80\xf0\xfe\x0bqDf\x9b\xb0\xf6\xfb\x03x\x8e\xa0\xee\x13'),
                            bytearray(b'\x03\x04\x04\x02\x03\x00\x02\x00\x02\x05\x02\x06\x02\x07\x02\x08\x02\t\x02\n\x04\x0b\x04\x0c\n\r\x02\x00\n\x10\x00\x02'),
                            bytearray(b'\xe7\x00\xc2\xfe\x02\xfc\x00"\x01\xffE\x01\x80\xe0\xeb\xa3\x92\x01\xfeQ\x01\x00"\x00\xff\xf7\x01\x80\xef\x14\x90B'),
                            bytearray(b'\xff\x01\xe7\x00\xc2\x00\x00\xfc\x00\x80\xdd\xf2$\x80\xdd\xef\x07\x80\xdf\xec\xa3\x92\x00\xffQ\x01\x00\x80\xe8\x0f\x90\x80'),
                        ], is_16bit=False, y_plus=0, y_minus=0, x=360, y=354),
                        Tile(mirror=False, invert=False, format=0, length=4, subtile_bytes=[
                            bytearray(b'\x90\x80\x03\x1bV\xc0\x03\x0bX\xbf\xa0\xf3\x1b\x91d\xf0\xf3\x0b\xb8\xa6\x19c\x80\x01\x1d%\xc0\x01\rh\x99\xc0'),
                            None,
                            None,
                            None,
                        ], is_16bit=False, y_plus=0, y_minus=0, x=120, y=109),
                        Tile(mirror=False, invert=False, format=0, length=4, subtile_bytes=[
                            bytearray(b"R\x80\xdb\xef\x90\x80\xda\xec\x07\x80\xee\xf3\x9a\xc0\xee\xe3\x84\x15\xc0\xee\xd3\'<\xc0\xee\xc3\x1e\x86\xb0\xde\xe3\x8c"),
                            None,
                            None,
                            None,
                        ], is_16bit=False, y_plus=0, y_minus=0, x=136, y=133),
                        Tile(mirror=False, invert=False, format=0, length=5, subtile_bytes=[
                            bytearray(b'\x11R\x80\xef\x12\x96B\x00\xfe\xe7\x00\xc2\x00\x00\xfc\x00\x80\xdb\xf1R"\xff\xfbE\x01\x92\xfd\xfcQ\x01\x00\x80'),
                            bytearray(b'\x00b\x01\x02\x10\x01B\xf7\x07<\x01b\x00\x00Q\x01r\xf8\xfby\x01\x80\xe6\xeb\xa6\x00\xce\x06\x0c\x00\x99\x00'),
                            None,
                            None,
                        ], is_16bit=False, y_plus=0, y_minus=0, x=120, y=133),
                        Tile(mirror=False, invert=False, format=0, length=7, subtile_bytes=[
                            bytearray(b'\xf0\xef\xd9y\xb0\xba+\xb0\xe7\xc9\xa4nM\xb0\xdf\xf17?\x14\xf0\xdf\xe14bG}\xf0\xdf\xd1\x8f\x88]'),
                            bytearray(b'\x05_\x05\x92\x05\xbc\x05\xe4\x05\x0c\x064\x06\\\x06\x84\x06\xab\x06\x00\x00\x80\xe7\r\x90\x80\xea\x10R\x80\xef\x13'),
                            bytearray(b'\x80\xdf\xec\xa3\x92\xff\x00Q\x01\x00\x80\xe8\x0e\x90"\x02\x00\x8c\x01B\x01\x00\xe7\x00\xc2\x00\x00\xfc\x00\x80\xdc\xf2'),
                            bytearray(b'\x00\x02\x10\x02\x11\x02\x12\x02\x13\x02\x14\x02\x15\x02\x16\x04\x17\x0e\x18\x02\x19\x02\x1a\x02\x1f\x02\x1b\x02\x1c\x02\x1f\x02'),
                        ], is_16bit=False, y_plus=0, y_minus=0, x=128, y=117),
                        Tile(mirror=False, invert=False, format=0, length=7, subtile_bytes=[
                            bytearray(b'\x96B\x00\xff\xe7\x00\xc2\x00\x00\xfc\x00"\xfe\x00/\x02\x80\xde\xeb\xa3\x92\xfe\xfdQ\x01\x00\x80\xe7\x0f\x90\x80\xec'),
                            bytearray(b'$"\x02\x00\xa2\x01\x92\x01\x00Q\x01\x00"\x01\x01\x88\x01\x80\xf0\x13\x90B\x00\xff\xe7\x00\xc2\xff\x01\xfc\x00\x80'),
                            bytearray(b'\x06  \x00\x00\x00\x1a\x00\xff\xff#\x00,\x00E\x00\x80\x00\x00\x00\x08\x00\x0c\x01\x08\x00\x0c\x02\x00\x02\x00\x02'),
                            bytearray(b'\xe7\x0e\x90\x80\xed\x10R\x80\xf0\x12\x96B\x01\xfd\xe7\x00\xc2\x00\x00\xfc\x00\x80\xda\xf1R\x80\xd9\xee$\x80\xdb\xeb'),
                        ], is_16bit=False, y_plus=0, y_minus=0, x=112, y=117),
                        Tile(mirror=False, invert=False, format=0, length=7, subtile_bytes=[
                            bytearray(b'\x02^\x02\x80\x02\xa5\x02\xcd\x02*\x03c\x03\xb5\x03\x03\x04?\x04o\x04\x90\x04\xb8\x04\xdd\x04\x02\x05"\x05B'),
                            bytearray(b'\xdc\xf2$\x80\xde\xf0\x07\x80\xe0\xec\xa3\x92\x01\xffQ\x01\x00\x80\xe7\x0f\x90\x80\xeb\x11R\x80\xef\x12\x90B\x00\xfe'),
                            bytearray(b'\xfd\x0e\x0f#\xb9p\xe1\r\x13\x7f\x8b\xb0\xe1\xed\x10!\xa7\xf0\xd9\x05\xa2\x08Y\xbe\xf0\xd9\xf5\x05i6F\x80'),
                            bytearray(b'\x02\x07\x02\x08\x02\t\x02\n\x02\x0b\x02\x0c\x04\r\x02\x0e\x06\x0f\x00\xdb\x00\x88\x01\xb0\x01\xd2\x01\xf7\x01\x1c\x02A'),
                        ], is_16bit=False, y_plus=0, y_minus=0, x=128, y=101),
                    ]
                ),
                Mold(28, gridplane=False,
                    tiles=[
                        Tile(mirror=False, invert=False, format=0, length=7, subtile_bytes=[
                            bytearray(b'\x0b\x00\x80\xe6\x0c\x90\x80\xe9\x10R\x80\xee\x14\x90B\xff\x00\xe7\x00\xc2\x00\x00\xfc\x00\x80\xdc\xf4$\x80\xdc\xf0\x07'),
                            bytearray(b'\x1d\x02\x1e\x02\x1f\x02\x19\x02\x1a\x02\x1f\x02\x1b\x02\x1c\x02\x1f\x02\x1d\x02\x1e\x02\x1f\x08\x18\x00\x04\x00\x04\x05\x04\x06'),
                            bytearray(b'\x07\x92\xfc\xfbQ\x01\x00\x80\xe6\x0e\x90\x80\xec\x0eR\x80\xf0\x11\x96B\x01\xfc\xe7\x00\xc2\x00\x00\xfc\x00\x80\xdc\xf3'),
                            bytearray(b'."\xf0\xee\x03\x01\r2_\xc2\x00\x00\xfc\x00"\xff\x00\xe3\x02\x80\xd9\xeb\x07\xa2\xff\x01\xef\x02\x00\x80\xe7\x0b'),
                        ], is_16bit=False, y_plus=0, y_minus=0, x=350, y=119),
                        Tile(mirror=False, invert=False, format=0, length=7, subtile_bytes=[
                            bytearray(b'\x0b\x00\x80\xe6\x0c\x90\x80\xe9\x10R\x80\xee\x14\x90B\xff\x00\xe7\x00\xc2\x00\x00\xfc\x00\x80\xdc\xf4$\x80\xdc\xf0\x07'),
                            bytearray(b'\x1d\x02\x1e\x02\x1f\x02\x19\x02\x1a\x02\x1f\x02\x1b\x02\x1c\x02\x1f\x02\x1d\x02\x1e\x02\x1f\x08\x18\x00\x04\x00\x04\x05\x04\x06'),
                            bytearray(b'\x07\x92\xfc\xfbQ\x01\x00\x80\xe6\x0e\x90\x80\xec\x0eR\x80\xf0\x11\x96B\x01\xfc\xe7\x00\xc2\x00\x00\xfc\x00\x80\xdc\xf3'),
                            bytearray(b'."\xf0\xee\x03\x01\r2_\xc2\x00\x00\xfc\x00"\xff\x00\xe3\x02\x80\xd9\xeb\x07\xa2\xff\x01\xef\x02\x00\x80\xe7\x0b'),
                        ], is_16bit=False, y_plus=0, y_minus=0, x=337, y=124),
                        Tile(mirror=False, invert=False, format=0, length=7, subtile_bytes=[
                            bytearray(b'\x0b\x00\x80\xe6\x0c\x90\x80\xe9\x10R\x80\xee\x14\x90B\xff\x00\xe7\x00\xc2\x00\x00\xfc\x00\x80\xdc\xf4$\x80\xdc\xf0\x07'),
                            bytearray(b'\x1d\x02\x1e\x02\x1f\x02\x19\x02\x1a\x02\x1f\x02\x1b\x02\x1c\x02\x1f\x02\x1d\x02\x1e\x02\x1f\x08\x18\x00\x04\x00\x04\x05\x04\x06'),
                            bytearray(b'\x07\x92\xfc\xfbQ\x01\x00\x80\xe6\x0e\x90\x80\xec\x0eR\x80\xf0\x11\x96B\x01\xfc\xe7\x00\xc2\x00\x00\xfc\x00\x80\xdc\xf3'),
                            bytearray(b'."\xf0\xee\x03\x01\r2_\xc2\x00\x00\xfc\x00"\xff\x00\xe3\x02\x80\xd9\xeb\x07\xa2\xff\x01\xef\x02\x00\x80\xe7\x0b'),
                        ], is_16bit=False, y_plus=0, y_minus=0, x=357, y=133),
                        Tile(mirror=False, invert=False, format=0, length=7, subtile_bytes=[
                            bytearray(b'\x0b\x00\x80\xe6\x0c\x90\x80\xe9\x10R\x80\xee\x14\x90B\xff\x00\xe7\x00\xc2\x00\x00\xfc\x00\x80\xdc\xf4$\x80\xdc\xf0\x07'),
                            bytearray(b'\x1d\x02\x1e\x02\x1f\x02\x19\x02\x1a\x02\x1f\x02\x1b\x02\x1c\x02\x1f\x02\x1d\x02\x1e\x02\x1f\x08\x18\x00\x04\x00\x04\x05\x04\x06'),
                            bytearray(b'\x07\x92\xfc\xfbQ\x01\x00\x80\xe6\x0e\x90\x80\xec\x0eR\x80\xf0\x11\x96B\x01\xfc\xe7\x00\xc2\x00\x00\xfc\x00\x80\xdc\xf3'),
                            bytearray(b'."\xf0\xee\x03\x01\r2_\xc2\x00\x00\xfc\x00"\xff\x00\xe3\x02\x80\xd9\xeb\x07\xa2\xff\x01\xef\x02\x00\x80\xe7\x0b'),
                        ], is_16bit=False, y_plus=0, y_minus=0, x=345, y=358),
                        Tile(mirror=False, invert=False, format=0, length=7, subtile_bytes=[
                            bytearray(b'\x0b\x00\x80\xe6\x0c\x90\x80\xe9\x10R\x80\xee\x14\x90B\xff\x00\xe7\x00\xc2\x00\x00\xfc\x00\x80\xdc\xf4$\x80\xdc\xf0\x07'),
                            bytearray(b'\x1d\x02\x1e\x02\x1f\x02\x19\x02\x1a\x02\x1f\x02\x1b\x02\x1c\x02\x1f\x02\x1d\x02\x1e\x02\x1f\x08\x18\x00\x04\x00\x04\x05\x04\x06'),
                            bytearray(b'\x07\x92\xfc\xfbQ\x01\x00\x80\xe6\x0e\x90\x80\xec\x0eR\x80\xf0\x11\x96B\x01\xfc\xe7\x00\xc2\x00\x00\xfc\x00\x80\xdc\xf3'),
                            bytearray(b'."\xf0\xee\x03\x01\r2_\xc2\x00\x00\xfc\x00"\xff\x00\xe3\x02\x80\xd9\xeb\x07\xa2\xff\x01\xef\x02\x00\x80\xe7\x0b'),
                        ], is_16bit=False, y_plus=0, y_minus=0, x=110, y=113),
                        Tile(mirror=False, invert=False, format=0, length=7, subtile_bytes=[
                            bytearray(b'\x0b\x00\x80\xe6\x0c\x90\x80\xe9\x10R\x80\xee\x14\x90B\xff\x00\xe7\x00\xc2\x00\x00\xfc\x00\x80\xdc\xf4$\x80\xdc\xf0\x07'),
                            bytearray(b'\x1d\x02\x1e\x02\x1f\x02\x19\x02\x1a\x02\x1f\x02\x1b\x02\x1c\x02\x1f\x02\x1d\x02\x1e\x02\x1f\x08\x18\x00\x04\x00\x04\x05\x04\x06'),
                            bytearray(b'\x07\x92\xfc\xfbQ\x01\x00\x80\xe6\x0e\x90\x80\xec\x0eR\x80\xf0\x11\x96B\x01\xfc\xe7\x00\xc2\x00\x00\xfc\x00\x80\xdc\xf3'),
                            bytearray(b'."\xf0\xee\x03\x01\r2_\xc2\x00\x00\xfc\x00"\xff\x00\xe3\x02\x80\xd9\xeb\x07\xa2\xff\x01\xef\x02\x00\x80\xe7\x0b'),
                        ], is_16bit=False, y_plus=0, y_minus=0, x=360, y=354),
                        Tile(mirror=False, invert=False, format=0, length=4, subtile_bytes=[
                            bytearray(b'\x90\x80\x03\x1bV\xc0\x03\x0bX\xbf\xa0\xf3\x1b\x91d\xf0\xf3\x0b\xb8\xa6\x19c\x80\x01\x1d%\xc0\x01\rh\x99\xc0'),
                            None,
                            None,
                            None,
                        ], is_16bit=False, y_plus=0, y_minus=0, x=120, y=109),
                        Tile(mirror=False, invert=False, format=0, length=4, subtile_bytes=[
                            bytearray(b"R\x80\xdb\xef\x90\x80\xda\xec\x07\x80\xee\xf3\x9a\xc0\xee\xe3\x84\x15\xc0\xee\xd3\'<\xc0\xee\xc3\x1e\x86\xb0\xde\xe3\x8c"),
                            None,
                            None,
                            None,
                        ], is_16bit=False, y_plus=0, y_minus=0, x=136, y=133),
                        Tile(mirror=False, invert=False, format=0, length=5, subtile_bytes=[
                            bytearray(b'\x11R\x80\xef\x12\x96B\x00\xfe\xe7\x00\xc2\x00\x00\xfc\x00\x80\xdb\xf1R"\xff\xfbE\x01\x92\xfd\xfcQ\x01\x00\x80'),
                            bytearray(b'\x00b\x01\x02\x10\x01B\xf7\x07<\x01b\x00\x00Q\x01r\xf8\xfby\x01\x80\xe6\xeb\xa6\x00\xce\x06\x0c\x00\x99\x00'),
                            None,
                            None,
                        ], is_16bit=False, y_plus=0, y_minus=0, x=120, y=133),
                        Tile(mirror=False, invert=False, format=0, length=7, subtile_bytes=[
                            bytearray(b'\xf0\xef\xd9y\xb0\xba+\xb0\xe7\xc9\xa4nM\xb0\xdf\xf17?\x14\xf0\xdf\xe14bG}\xf0\xdf\xd1\x8f\x88]'),
                            bytearray(b'\x05_\x05\x92\x05\xbc\x05\xe4\x05\x0c\x064\x06\\\x06\x84\x06\xab\x06\x00\x00\x80\xe7\r\x90\x80\xea\x10R\x80\xef\x13'),
                            bytearray(b'\x80\xdf\xec\xa3\x92\xff\x00Q\x01\x00\x80\xe8\x0e\x90"\x02\x00\x8c\x01B\x01\x00\xe7\x00\xc2\x00\x00\xfc\x00\x80\xdc\xf2'),
                            bytearray(b'\x00\x02\x10\x02\x11\x02\x12\x02\x13\x02\x14\x02\x15\x02\x16\x04\x17\x0e\x18\x02\x19\x02\x1a\x02\x1f\x02\x1b\x02\x1c\x02\x1f\x02'),
                        ], is_16bit=False, y_plus=0, y_minus=0, x=128, y=117),
                        Tile(mirror=False, invert=False, format=0, length=7, subtile_bytes=[
                            bytearray(b'\x96B\x00\xff\xe7\x00\xc2\x00\x00\xfc\x00"\xfe\x00/\x02\x80\xde\xeb\xa3\x92\xfe\xfdQ\x01\x00\x80\xe7\x0f\x90\x80\xec'),
                            bytearray(b'$"\x02\x00\xa2\x01\x92\x01\x00Q\x01\x00"\x01\x01\x88\x01\x80\xf0\x13\x90B\x00\xff\xe7\x00\xc2\xff\x01\xfc\x00\x80'),
                            bytearray(b'\x06  \x00\x00\x00\x1a\x00\xff\xff#\x00,\x00E\x00\x80\x00\x00\x00\x08\x00\x0c\x01\x08\x00\x0c\x02\x00\x02\x00\x02'),
                            bytearray(b'\xe7\x0e\x90\x80\xed\x10R\x80\xf0\x12\x96B\x01\xfd\xe7\x00\xc2\x00\x00\xfc\x00\x80\xda\xf1R\x80\xd9\xee$\x80\xdb\xeb'),
                        ], is_16bit=False, y_plus=0, y_minus=0, x=112, y=117),
                        Tile(mirror=False, invert=False, format=0, length=7, subtile_bytes=[
                            bytearray(b'\x02^\x02\x80\x02\xa5\x02\xcd\x02*\x03c\x03\xb5\x03\x03\x04?\x04o\x04\x90\x04\xb8\x04\xdd\x04\x02\x05"\x05B'),
                            bytearray(b'\xdc\xf2$\x80\xde\xf0\x07\x80\xe0\xec\xa3\x92\x01\xffQ\x01\x00\x80\xe7\x0f\x90\x80\xeb\x11R\x80\xef\x12\x90B\x00\xfe'),
                            bytearray(b'\xfd\x0e\x0f#\xb9p\xe1\r\x13\x7f\x8b\xb0\xe1\xed\x10!\xa7\xf0\xd9\x05\xa2\x08Y\xbe\xf0\xd9\xf5\x05i6F\x80'),
                            bytearray(b'\x02\x07\x02\x08\x02\t\x02\n\x02\x0b\x02\x0c\x04\r\x02\x0e\x06\x0f\x00\xdb\x00\x88\x01\xb0\x01\xd2\x01\xf7\x01\x1c\x02A'),
                        ], is_16bit=False, y_plus=0, y_minus=0, x=128, y=101),
                    ]
                ),
            ],
            sequences=[
                AnimationSequence(
                    frames=[
                        AnimationSequenceFrame(duration=2, mold_id=0),
                    ]
                ),
                AnimationSequence(
                    frames=[
                    ]
                ),
                AnimationSequence(
                    frames=[
                        AnimationSequenceFrame(duration=2, mold_id=0),
                        AnimationSequenceFrame(duration=2, mold_id=1),
                        AnimationSequenceFrame(duration=2, mold_id=0),
                        AnimationSequenceFrame(duration=2, mold_id=2),
                    ]
                ),
                AnimationSequence(
                    frames=[
                        AnimationSequenceFrame(duration=2, mold_id=2),
                        AnimationSequenceFrame(duration=2, mold_id=3),
                        AnimationSequenceFrame(duration=2, mold_id=4),
                        AnimationSequenceFrame(duration=2, mold_id=5),
                        AnimationSequenceFrame(duration=2, mold_id=6),
                        AnimationSequenceFrame(duration=2, mold_id=7),
                        AnimationSequenceFrame(duration=2, mold_id=8),
                        AnimationSequenceFrame(duration=2, mold_id=9),
                        AnimationSequenceFrame(duration=2, mold_id=10),
                        AnimationSequenceFrame(duration=2, mold_id=11),
                        AnimationSequenceFrame(duration=2, mold_id=12),
                        AnimationSequenceFrame(duration=12, mold_id=13),
                    ]
                ),
                AnimationSequence(
                    frames=[
                        AnimationSequenceFrame(duration=2, mold_id=2),
                        AnimationSequenceFrame(duration=2, mold_id=3),
                        AnimationSequenceFrame(duration=2, mold_id=4),
                        AnimationSequenceFrame(duration=2, mold_id=5),
                        AnimationSequenceFrame(duration=2, mold_id=6),
                        AnimationSequenceFrame(duration=2, mold_id=7),
                        AnimationSequenceFrame(duration=2, mold_id=8),
                        AnimationSequenceFrame(duration=2, mold_id=9),
                        AnimationSequenceFrame(duration=2, mold_id=10),
                        AnimationSequenceFrame(duration=2, mold_id=11),
                        AnimationSequenceFrame(duration=2, mold_id=12),
                        AnimationSequenceFrame(duration=2, mold_id=13),
                        AnimationSequenceFrame(duration=2, mold_id=14),
                        AnimationSequenceFrame(duration=2, mold_id=15),
                        AnimationSequenceFrame(duration=2, mold_id=16),
                        AnimationSequenceFrame(duration=2, mold_id=17),
                        AnimationSequenceFrame(duration=12, mold_id=18),
                    ]
                ),
                AnimationSequence(
                    frames=[
                        AnimationSequenceFrame(duration=2, mold_id=2),
                        AnimationSequenceFrame(duration=2, mold_id=3),
                        AnimationSequenceFrame(duration=2, mold_id=4),
                        AnimationSequenceFrame(duration=2, mold_id=5),
                        AnimationSequenceFrame(duration=2, mold_id=6),
                        AnimationSequenceFrame(duration=2, mold_id=7),
                        AnimationSequenceFrame(duration=2, mold_id=8),
                        AnimationSequenceFrame(duration=2, mold_id=9),
                        AnimationSequenceFrame(duration=2, mold_id=10),
                        AnimationSequenceFrame(duration=2, mold_id=11),
                        AnimationSequenceFrame(duration=2, mold_id=12),
                        AnimationSequenceFrame(duration=2, mold_id=13),
                        AnimationSequenceFrame(duration=2, mold_id=19),
                        AnimationSequenceFrame(duration=2, mold_id=20),
                        AnimationSequenceFrame(duration=2, mold_id=21),
                        AnimationSequenceFrame(duration=2, mold_id=22),
                        AnimationSequenceFrame(duration=2, mold_id=23),
                        AnimationSequenceFrame(duration=2, mold_id=24),
                        AnimationSequenceFrame(duration=2, mold_id=19),
                        AnimationSequenceFrame(duration=2, mold_id=20),
                        AnimationSequenceFrame(duration=2, mold_id=21),
                        AnimationSequenceFrame(duration=2, mold_id=22),
                        AnimationSequenceFrame(duration=2, mold_id=23),
                        AnimationSequenceFrame(duration=2, mold_id=24),
                        AnimationSequenceFrame(duration=2, mold_id=19),
                        AnimationSequenceFrame(duration=2, mold_id=20),
                        AnimationSequenceFrame(duration=2, mold_id=21),
                        AnimationSequenceFrame(duration=2, mold_id=22),
                        AnimationSequenceFrame(duration=2, mold_id=23),
                        AnimationSequenceFrame(duration=2, mold_id=24),
                        AnimationSequenceFrame(duration=2, mold_id=13),
                    ]
                ),
                AnimationSequence(
                    frames=[
                        AnimationSequenceFrame(duration=2, mold_id=2),
                        AnimationSequenceFrame(duration=2, mold_id=3),
                        AnimationSequenceFrame(duration=2, mold_id=4),
                        AnimationSequenceFrame(duration=2, mold_id=5),
                        AnimationSequenceFrame(duration=2, mold_id=6),
                        AnimationSequenceFrame(duration=2, mold_id=7),
                        AnimationSequenceFrame(duration=2, mold_id=8),
                        AnimationSequenceFrame(duration=2, mold_id=9),
                        AnimationSequenceFrame(duration=2, mold_id=10),
                        AnimationSequenceFrame(duration=2, mold_id=11),
                        AnimationSequenceFrame(duration=2, mold_id=12),
                        AnimationSequenceFrame(duration=2, mold_id=13),
                        AnimationSequenceFrame(duration=2, mold_id=14),
                        AnimationSequenceFrame(duration=2, mold_id=15),
                        AnimationSequenceFrame(duration=2, mold_id=16),
                        AnimationSequenceFrame(duration=2, mold_id=17),
                        AnimationSequenceFrame(duration=2, mold_id=25),
                        AnimationSequenceFrame(duration=12, mold_id=26),
                    ]
                ),
                AnimationSequence(
                    frames=[
                        AnimationSequenceFrame(duration=2, mold_id=2),
                        AnimationSequenceFrame(duration=2, mold_id=3),
                        AnimationSequenceFrame(duration=2, mold_id=4),
                        AnimationSequenceFrame(duration=2, mold_id=5),
                        AnimationSequenceFrame(duration=2, mold_id=6),
                        AnimationSequenceFrame(duration=2, mold_id=7),
                        AnimationSequenceFrame(duration=2, mold_id=8),
                        AnimationSequenceFrame(duration=2, mold_id=9),
                        AnimationSequenceFrame(duration=2, mold_id=10),
                        AnimationSequenceFrame(duration=2, mold_id=11),
                        AnimationSequenceFrame(duration=2, mold_id=12),
                        AnimationSequenceFrame(duration=2, mold_id=13),
                        AnimationSequenceFrame(duration=2, mold_id=14),
                        AnimationSequenceFrame(duration=2, mold_id=15),
                        AnimationSequenceFrame(duration=4, mold_id=16),
                        AnimationSequenceFrame(duration=2, mold_id=17),
                        AnimationSequenceFrame(duration=2, mold_id=25),
                        AnimationSequenceFrame(duration=2, mold_id=27),
                        AnimationSequenceFrame(duration=2, mold_id=28),
                        AnimationSequenceFrame(duration=2, mold_id=27),
                        AnimationSequenceFrame(duration=2, mold_id=28),
                        AnimationSequenceFrame(duration=2, mold_id=27),
                        AnimationSequenceFrame(duration=2, mold_id=28),
                        AnimationSequenceFrame(duration=2, mold_id=27),
                        AnimationSequenceFrame(duration=2, mold_id=28),
                        AnimationSequenceFrame(duration=2, mold_id=27),
                        AnimationSequenceFrame(duration=2, mold_id=28),
                        AnimationSequenceFrame(duration=2, mold_id=27),
                        AnimationSequenceFrame(duration=2, mold_id=28),
                        AnimationSequenceFrame(duration=2, mold_id=27),
                    ]
                ),
            ]
        )
    ),
    palette_id=600,
    palette_offset=0,
    unknown_num=0
)
