# SPR0989_GENO_MORPH_INTO_CANNON

from smrpgpatchbuilder.datatypes.graphics.classes import (CompleteSprite, AnimationPack, AnimationPackProperties, AnimationSequence, AnimationSequenceFrame, Mold, Tile)
from randomizer.data.variables.sprite_palette_names import SPAL691_GENO_ELBOW_SHOT
sprite = CompleteSprite(
    animation=AnimationPack(271, length=1033, unknown=0x0000,
        properties=AnimationPackProperties(vram_size=2048,
            molds=[
                Mold(0, gridplane=False,
                    tiles=[
                        Tile(mirror=False, invert=False, format=1, length=11, subtile_bytes=[
                            bytearray(b'\x00\x00\x00\x00\x00\x00\x00\x00\x00\x00\x00\x00\x01\x00\x01\x00\x00\x00\x00\x00\x00\x00\x00\x00\x00\x00\x00\x00\x00\x01\x00\x01'),
                            bytearray(b'\x02\x02\x06\x06 ?A}\x02~\x84\xfc\xdc\xfc\xf9\xf9\r\x02\t\x10?@}\x02~\x81\xfc\x03\xfc\x03\xf9\x06'),
                            bytearray(b'\x00\x00\x02\x00\x07\x04\x01\x04\x01\x00\x03\x03\x07\x07\x07\x07\x00\x01\x02\x01\x02\x01\x02\x05\x03\x02\x03\x03\x07\x07\x07\x07'),
                            bytearray(b'\xf7\xf3\xdf\xcb?\x1b\xfc0\xfc\x90\xc7\x87\xfc\xf8\xff?\xf3\x0c\xcb<\x1b\xfc0\xff\xf3\x9c\xf8\xa0\xff\xfb?\xff'),
                        ], is_16bit=False, y_plus=0, y_minus=0, x=114, y=102),
                        Tile(mirror=False, invert=False, format=1, length=7, subtile_bytes=[
                            bytearray(b'\x00\x00@@ppP\xd0\xe0\xe0\xe0\xe0\xc8\xc0\xe8\xe0\x00\x00\xa0@\x00\xb0\xe0\x10\xf0\x00\xe0\x10\xc08\xe0\x18'),
                            None,
                            bytearray(b'\xe8\xe0\xd8\xc8\xa8\x98\x18\x18\xc4\xc4\xb9\x88\xe2`\xc4\x00\xe0\x18\xc00\xa0@ \xc0:\x18p\x07\xe0~\x00\xfc'),
                            None,
                        ], is_16bit=False, y_plus=0, y_minus=0, x=130, y=102),
                        Tile(mirror=False, invert=False, format=1, length=11, subtile_bytes=[
                            bytearray(b'\x07\x04\x0e\x08\x0f\x08\x07\x00\x07\x00\x07\x00\x01\x00\x03\x02\x04\x07\x08\x0f\x08\x0f\x00\x07\x00\x07\x01\x06\x01\x00\x03\x02'),
                            bytearray(b'\x1e\x00\x7f\x7f??\x0f\x0f\x0b\x0b\x05\x01L\x04JJ\x00\xff\x7f\x80?\xc0\x0f\xf0\x0b\xf4\x01\xfe\x04\xff\x0c\xbd'),
                            bytearray(b'\x02\x02\x02\x02\x01\x01\x00\x00\x00\x00\x00\x00\x00\x00\x00\x00\x03\x03\x03\x03\x01\x01\x00\x00\x00\x00\x00\x00\x00\x00\x00\x00'),
                            bytearray(b'7"5\x01\xf8\xf8\x0c\x0c\x07\x07\x00\x00\x00\x00\x00\x00\xcd\x18\xfe\xc8\xff\xfc\x0f\x0f\x07\x07\x00\x00\x00\x00\x00\x00'),
                        ], is_16bit=False, y_plus=0, y_minus=0, x=115, y=118),
                        Tile(mirror=False, invert=False, format=1, length=7, subtile_bytes=[
                            bytearray(b'vp>\xf84\xf6\xb7\xf7\xa1\xe1\xa0\xe0\xd0\xc0`@p\x8e\xff\x01\xf9\t\xf8\x00\xee\x16\xe0\x18\xc00@\xa0'),
                            None,
                            bytearray(b'\xb0\x10\xd0\xd0\x10\x1000\xc0\xc0\x00\x00\x00\x00\x00\x00\xb0Ppp\xf00\xf0\xf0\xc0\xc0\x00\x00\x00\x00\x00\x00'),
                            None,
                        ], is_16bit=False, y_plus=0, y_minus=0, x=131, y=118),
                    ]
                ),
                Mold(1, gridplane=False,
                    tiles=[
                        Tile(mirror=False, invert=False, format=0, length=4, subtile_bytes=[
                            bytearray(b'\x00\x00\x04\x14PZ\x10xHh  \x00\x80\x00\x00\x00\x00h\x00\xa4\x00\x80\x00\x90\x00\x80\x00\x00\x00\x00\x00'),
                            None,
                            None,
                            None,
                        ], is_16bit=False, y_plus=0, y_minus=0, x=120, y=101),
                        Tile(mirror=False, invert=False, format=0, length=4, subtile_bytes=[
                            bytearray(b'\x00\x00\x00\x00\x00\x00\x01\x01\x01\x01\x00\x00\x00\x00\x00\x00\x00\x00\x01\x00\x01\x00\x02\x00\x02\x00\x03\x00\x01\x00\x01\x00'),
                            None,
                            None,
                            None,
                        ], is_16bit=False, y_plus=0, y_minus=0, x=112, y=103),
                        Tile(mirror=False, invert=False, format=0, length=5, subtile_bytes=[
                            bytearray(b'\x10\x00\xd8\xc0\xec\xe0\xec\xe0\xec\xe0\xc0\x80\xc0\x80  \x00\xf0\xc08\xe0\x1c\xe0\x1c\xe0\x1c\xc00\xe0\x10@\x90'),
                            None,
                            bytearray(b'\xc0\xc0\x80\xc0\xc0\xc0` \xe0 \xc0\xc0\x00\x00\x00\x00\xa0\x80\xa0\x80\xc0\xc0\xe0\xa0\xe0 \xc0\xc0\x00\x00\x00\x00'),
                            None,
                        ], is_16bit=False, y_plus=0, y_minus=0, x=132, y=116),
                        Tile(mirror=False, invert=False, format=0, length=7, subtile_bytes=[
                            bytearray(b'\x1f\x1c\x1c\x109!< \x1c\x00\x1c\x00\x05\x00\x04\x00\x1c\x1f\x10\x1f!> ?\x00\x1f\x00\x1f\x00\x07\x00\x06'),
                            bytearray(b'\xff\xfcy\x01\xfc\xff\xfc\xff>?>/6\x17;;\xfc\xff\x01\xfe\xff\x00\xff\x00?\xc0/\xd0\x17\xf8;\xfc'),
                            bytearray(b'\x00\x00\x00\x00\x00\x00\x01\x01\x01\x01\x00\x00\x00\x00\x00\x00\x00\x00\x00\x00\x00\x00\x01\x01\x01\x01\x00\x00\x00\x00\x00\x00'),
                            bytearray(b']AZJ\xa9)\xf10> \xf1\xe0\x1f\x1f\x00\x00=\x82\xb6\x83\xf7s\xff>\xff\xe0\xff\xee\x1f\x1f\x00\x00'),
                        ], is_16bit=False, y_plus=0, y_minus=0, x=116, y=116),
                        Tile(mirror=False, invert=False, format=0, length=5, subtile_bytes=[
                            bytearray(b'\x00\x00\x00\x00\x00\x00\xc0\xc0@@\x80\x80\x80\x80 \x00\x00\x00\x00\x00\x80\x00\x00\xc0\x80@\xc0\x00\x80@\x00\xe0'),
                            None,
                            bytearray(b'\xa0\x80\xa0\x80` \xa0```\x10\x10\xe4 \x80\x80\x80`\x80`\x00\xc0\x80\x00\x80\x00\xe8`\xc0\x1c\x80\xf0'),
                            None,
                        ], is_16bit=False, y_plus=0, y_minus=0, x=132, y=100),
                        Tile(mirror=False, invert=False, format=0, length=7, subtile_bytes=[
                            bytearray(b'\x00\x00\x00\x00\x00\x00\x00\x00\x01\x01\x00\x01\x02\x03\x07\x03\x00\x00\x00\x00\x00\x00\x00\x01\x01\x00\x01\x02\x03\x00\x03\x04'),
                            bytearray(b'\x00\x00\x08\x08\x19\x19\x81\xfd\x05\xf7\x0b\xfb\x13\xf3s\xf3\x00\x004\x08&A\xfc\x02\xf7\x08\xfb\x04\xf3\x0c\xf3\x0c'),
                            bytearray(b'\x07\x03\x03\x03\x0b\x03\x1c\x10\x07\x10\x07\x02\x0f\x0e\x1f\x1f\x03\x04\x03\x04\x0b\x04\x08\x07\x08\x17\x0f\n\x0f\x0e\x1f\x1f'),
                            bytearray(b'\xe7\xe7\xdf\xcf\x7f/\xfen\xf0\xc0\xf3C\x1e\x1e\xf3\xe1\xe7\x18\xcf0/\xf0n\xf1\xc0\xff\xccp\xe1\x80\xff\xed'),
                        ], is_16bit=False, y_plus=0, y_minus=0, x=116, y=100),
                    ]
                ),
                Mold(2, gridplane=False,
                    tiles=[
                        Tile(mirror=False, invert=False, format=0, length=4, subtile_bytes=[
                            bytearray(b'\x00\x00\x04\x14PZ\x10xHh  \x00\x80\x00\x00\x00\x00h\x00\xa4\x00\x80\x00\x90\x00\x80\x00\x00\x00\x00\x00'),
                            None,
                            None,
                            None,
                        ], is_16bit=False, y_plus=0, y_minus=0, x=120, y=356),
                        Tile(mirror=False, invert=False, format=0, length=4, subtile_bytes=[
                            bytearray(b'\x00\x00\x00\x00\x00\x00\x01\x01\x01\x01\x00\x00\x00\x00\x00\x00\x00\x00\x01\x00\x01\x00\x02\x00\x02\x00\x03\x00\x01\x00\x01\x00'),
                            None,
                            None,
                            None,
                        ], is_16bit=False, y_plus=0, y_minus=0, x=112, y=358),
                        Tile(mirror=False, invert=False, format=0, length=5, subtile_bytes=[
                            bytearray(b'\x10\x00\xd8\xc0\xec\xe0\xec\xe0\xec\xe0\xc0\x80\xc0\x80  \x00\xf0\xc08\xe0\x1c\xe0\x1c\xe0\x1c\xc00\xe0\x10@\x90'),
                            None,
                            bytearray(b'\xc0\xc0\x80\xc0\xc0\xc0` \xe0 \xc0\xc0\x00\x00\x00\x00\xa0\x80\xa0\x80\xc0\xc0\xe0\xa0\xe0 \xc0\xc0\x00\x00\x00\x00'),
                            None,
                        ], is_16bit=False, y_plus=0, y_minus=0, x=132, y=116),
                        Tile(mirror=False, invert=False, format=0, length=7, subtile_bytes=[
                            bytearray(b'\x1f\x1c\x1c\x109!< \x1c\x00\x1c\x00\x05\x00\x04\x00\x1c\x1f\x10\x1f!> ?\x00\x1f\x00\x1f\x00\x07\x00\x06'),
                            bytearray(b'\xff\xfcy\x01\xfc\xff\xfc\xff>?>/6\x17;;\xfc\xff\x01\xfe\xff\x00\xff\x00?\xc0/\xd0\x17\xf8;\xfc'),
                            bytearray(b'\x00\x00\x00\x00\x00\x00\x01\x01\x01\x01\x00\x00\x00\x00\x00\x00\x00\x00\x00\x00\x00\x00\x01\x01\x01\x01\x00\x00\x00\x00\x00\x00'),
                            bytearray(b']AZJ\xa9)\xf10> \xf1\xe0\x1f\x1f\x00\x00=\x82\xb6\x83\xf7s\xff>\xff\xe0\xff\xee\x1f\x1f\x00\x00'),
                        ], is_16bit=False, y_plus=0, y_minus=0, x=116, y=116),
                        Tile(mirror=False, invert=False, format=0, length=5, subtile_bytes=[
                            bytearray(b'\x00\x00\x00\x00\x00\x00\xc0\xc0@@\x80\x80\x80\x80 \x00\x00\x00\x00\x00\x80\x00\x00\xc0\x80@\xc0\x00\x80@\x00\xe0'),
                            None,
                            bytearray(b'\xa0\x80\xa0\x80` \xa0```\x10\x10\xe4 \x80\x80\x80`\x80`\x00\xc0\x80\x00\x80\x00\xe8`\xc0\x1c\x80\xf0'),
                            None,
                        ], is_16bit=False, y_plus=0, y_minus=0, x=132, y=100),
                        Tile(mirror=False, invert=False, format=0, length=7, subtile_bytes=[
                            bytearray(b'\x00\x00\x00\x00\x00\x00\x00\x00\x01\x01\x00\x01\x02\x03\x07\x03\x00\x00\x00\x00\x00\x00\x00\x01\x01\x00\x01\x02\x03\x00\x03\x04'),
                            bytearray(b'\x00\x00\x08\x08\x19\x19\x81\xfd\x05\xf7\x0b\xfb\x13\xf3s\xf3\x00\x004\x08&A\xfc\x02\xf7\x08\xfb\x04\xf3\x0c\xf3\x0c'),
                            bytearray(b'\x07\x03\x03\x03\x0b\x03\x1c\x10\x07\x10\x07\x02\x0f\x0e\x1f\x1f\x03\x04\x03\x04\x0b\x04\x08\x07\x08\x17\x0f\n\x0f\x0e\x1f\x1f'),
                            bytearray(b'\xe7\xe7\xdf\xcf\x7f/\xfen\xf0\xc0\xf3C\x1e\x1e\xf3\xe1\xe7\x18\xcf0/\xf0n\xf1\xc0\xff\xccp\xe1\x80\xff\xed'),
                        ], is_16bit=False, y_plus=0, y_minus=0, x=116, y=100),
                    ]
                ),
                Mold(3, gridplane=False,
                    tiles=[
                        Tile(mirror=False, invert=False, format=0, length=4, subtile_bytes=[
                            bytearray(b'\x00\x00\x00\x00\x00\x00\x01\x01\x01\x01\x00\x00\x00\x00\x00\x00\x00\x00\x01\x00\x01\x00\x02\x00\x02\x00\x03\x00\x01\x00\x01\x00'),
                            None,
                            None,
                            None,
                        ], is_16bit=False, y_plus=0, y_minus=0, x=112, y=100),
                        Tile(mirror=False, invert=False, format=0, length=7, subtile_bytes=[
                            bytearray(b'\x00\x00\x00\x00\x00\x00\x04\x14PZ\x10\x7fHn\x01?\x00\x00\x00\x00\x00\x00h\x00\xa4\x00\x87\x00\x96\x01\xbf@'),
                            bytearray(b'\x00\x00\x00\x00\x00\x00\x00\x00\x00\x00\x00\x80\xa0\xe0pp\x00\x00\x00\x00\x00\x00\x00\x00\x00\x00\x80@\xe0\x00p\x80'),
                            bytearray(b'B\xfe\xee~\xfc|{yoe\x9f\r\xfe\x18\xfeH~\x01~\x81|\x83y\x86e\x9e\r\xfe\x18\xff\xf9N'),
                            bytearray(b'ppd`\xf4\xf0\xf4\xf0\xe8\xe0\xd0\xc0\x00\x00@@p\x88`\x9c\xf0\x0c\xf0\x0c\xe0\x18\xd0 \x00\xe0\x80\x00'),
                        ], is_16bit=False, y_plus=0, y_minus=0, x=120, y=98),
                        Tile(mirror=False, invert=False, format=0, length=5, subtile_bytes=[
                            bytearray(b'\x10\x00\xd8\xc0\xec\xe0\xec\xe0\xec\xe0\xc0\x80\xc0\x80  \x00\xf0\xc08\xe0\x1c\xe0\x1c\xe0\x1c\xc00\xe0\x10@\x90'),
                            None,
                            bytearray(b'\xc0\xc0\x80\xc0\xc0\xc0` \xe0 \xc0\xc0\x00\x00\x00\x00\xa0\x80\xa0\x80\xc0\xc0\xe0\xa0\xe0 \xc0\xc0\x00\x00\x00\x00'),
                            None,
                        ], is_16bit=False, y_plus=0, y_minus=0, x=132, y=116),
                        Tile(mirror=False, invert=False, format=0, length=7, subtile_bytes=[
                            bytearray(b'\x1f\x1c\x1c\x109!< \x1c\x00\x1c\x00\x05\x00\x04\x00\x1c\x1f\x10\x1f!> ?\x00\x1f\x00\x1f\x00\x07\x00\x06'),
                            bytearray(b'\xff\xfcy\x01\xfc\xff\xfc\xff>?>/6\x17;;\xfc\xff\x01\xfe\xff\x00\xff\x00?\xc0/\xd0\x17\xf8;\xfc'),
                            bytearray(b'\x00\x00\x00\x00\x00\x00\x01\x01\x01\x01\x00\x00\x00\x00\x00\x00\x00\x00\x00\x00\x00\x00\x01\x01\x01\x01\x00\x00\x00\x00\x00\x00'),
                            bytearray(b']AZJ\xa9)\xf10> \xf1\xe0\x1f\x1f\x00\x00=\x82\xb6\x83\xf7s\xff>\xff\xe0\xff\xee\x1f\x1f\x00\x00'),
                        ], is_16bit=False, y_plus=0, y_minus=0, x=116, y=116),
                        Tile(mirror=False, invert=False, format=0, length=5, subtile_bytes=[
                            bytearray(b'\x00\x00\x00\x00\x00\x00\xc0\xc0@@\x00\x00\x80\x80\x80\x80\x00\x00\x00\x00\x80\x00\x00\xc0\x80@\xc0\x00@\x00`\x00'),
                            None,
                            bytearray(b'\x80\x80\x00\x00  \xa0```\x10\x10\xe4 \x80\x80`\x00\xe0\x00\xc0\x00\x80\x00\x80\x00\xe8`\xc0\x1c\x80\xf0'),
                            None,
                        ], is_16bit=False, y_plus=0, y_minus=0, x=132, y=100),
                        Tile(mirror=False, invert=False, format=0, length=7, subtile_bytes=[
                            bytearray(b'\x00\x00\x00\x00\x00\x00\x00\x00\x00\x00\x00\x00\x01\x01\x01\x01\x00\x00\x00\x00\x00\x00\x00\x00\x01\x00\x03\x00\x02\x00\x06\x00'),
                            bytearray(b'\x00\x00\x08\x08\x19\x19\x01\x01L|\x87\xff\x87\xff\xcf\xff\x00\x004\x08&\x01\xfe\x00\x83\x00\x00\x00\x00\x00\x00\x00'),
                            bytearray(b'\x01\x01\x01\x01\t\x01\x1c\x10\x04\x10\x00\x00\x0e\x0e\x1f\x1f\x06\x00\x06\x00\x0e\x00\x0f\x00\x0f\x13\x0f\t\x0f\x0e\x1f\x1f'),
                            bytearray(b'\xff\xff\xff\xff\xff\xff\xfe\xfe<<\x00\x00\x1e\x1e\xf3\xe1\x00\x00\x00\x00\x00\x00\x01\x00\xc3\x00\xff\xf0\xe1\x00\xff\xed'),
                        ], is_16bit=False, y_plus=0, y_minus=0, x=116, y=100),
                    ]
                ),
                Mold(4, gridplane=False,
                    tiles=[
                        Tile(mirror=False, invert=False, format=0, length=4, subtile_bytes=[
                            bytearray(b'\x00\x00\x00\x00\x00\x00\x01\x01\x01\x01\x00\x00\x00\x00\x00\x00\x00\x00\x01\x00\x01\x00\x02\x00\x02\x00\x03\x00\x01\x00\x01\x00'),
                            None,
                            None,
                            None,
                        ], is_16bit=False, y_plus=0, y_minus=0, x=112, y=354),
                        Tile(mirror=False, invert=False, format=0, length=7, subtile_bytes=[
                            bytearray(b'\x00\x00\x00\x00\x00\x00\x04\x14PZ\x10\x7fHn\x01?\x00\x00\x00\x00\x00\x00h\x00\xa4\x00\x87\x00\x96\x01\xbf@'),
                            bytearray(b'\x00\x00\x00\x00\x00\x00\x00\x00\x00\x00\x00\x80\xa0\xe0pp\x00\x00\x00\x00\x00\x00\x00\x00\x00\x00\x80@\xe0\x00p\x80'),
                            bytearray(b'B\xfe\xee~\xfc|{yoe\x9f\r\xfe\x18\xfeH~\x01~\x81|\x83y\x86e\x9e\r\xfe\x18\xff\xf9N'),
                            bytearray(b'ppd`\xf4\xf0\xf4\xf0\xe8\xe0\xd0\xc0\x00\x00@@p\x88`\x9c\xf0\x0c\xf0\x0c\xe0\x18\xd0 \x00\xe0\x80\x00'),
                        ], is_16bit=False, y_plus=0, y_minus=0, x=120, y=352),
                        Tile(mirror=False, invert=False, format=0, length=5, subtile_bytes=[
                            bytearray(b'\x10\x00\xd8\xc0\xec\xe0\xec\xe0\xec\xe0\xc0\x80\xc0\x80  \x00\xf0\xc08\xe0\x1c\xe0\x1c\xe0\x1c\xc00\xe0\x10@\x90'),
                            None,
                            bytearray(b'\xc0\xc0\x80\xc0\xc0\xc0` \xe0 \xc0\xc0\x00\x00\x00\x00\xa0\x80\xa0\x80\xc0\xc0\xe0\xa0\xe0 \xc0\xc0\x00\x00\x00\x00'),
                            None,
                        ], is_16bit=False, y_plus=0, y_minus=0, x=132, y=116),
                        Tile(mirror=False, invert=False, format=0, length=7, subtile_bytes=[
                            bytearray(b'\x1f\x1c\x1c\x109!< \x1c\x00\x1c\x00\x05\x00\x04\x00\x1c\x1f\x10\x1f!> ?\x00\x1f\x00\x1f\x00\x07\x00\x06'),
                            bytearray(b'\xff\xfcy\x01\xfc\xff\xfc\xff>?>/6\x17;;\xfc\xff\x01\xfe\xff\x00\xff\x00?\xc0/\xd0\x17\xf8;\xfc'),
                            bytearray(b'\x00\x00\x00\x00\x00\x00\x01\x01\x01\x01\x00\x00\x00\x00\x00\x00\x00\x00\x00\x00\x00\x00\x01\x01\x01\x01\x00\x00\x00\x00\x00\x00'),
                            bytearray(b']AZJ\xa9)\xf10> \xf1\xe0\x1f\x1f\x00\x00=\x82\xb6\x83\xf7s\xff>\xff\xe0\xff\xee\x1f\x1f\x00\x00'),
                        ], is_16bit=False, y_plus=0, y_minus=0, x=116, y=116),
                        Tile(mirror=False, invert=False, format=0, length=5, subtile_bytes=[
                            bytearray(b'\x00\x00\x00\x00\x00\x00\xc0\xc0@@\x00\x00\x80\x80\x80\x80\x00\x00\x00\x00\x80\x00\x00\xc0\x80@\xc0\x00@\x00`\x00'),
                            None,
                            bytearray(b'\x80\x80\x00\x00  \xa0```\x10\x10\xe4 \x80\x80`\x00\xe0\x00\xc0\x00\x80\x00\x80\x00\xe8`\xc0\x1c\x80\xf0'),
                            None,
                        ], is_16bit=False, y_plus=0, y_minus=0, x=132, y=100),
                        Tile(mirror=False, invert=False, format=0, length=7, subtile_bytes=[
                            bytearray(b'\x00\x00\x00\x00\x00\x00\x00\x00\x00\x00\x00\x00\x01\x01\x01\x01\x00\x00\x00\x00\x00\x00\x00\x00\x01\x00\x03\x00\x02\x00\x06\x00'),
                            bytearray(b'\x00\x00\x08\x08\x19\x19\x01\x01L|\x87\xff\x87\xff\xcf\xff\x00\x004\x08&\x01\xfe\x00\x83\x00\x00\x00\x00\x00\x00\x00'),
                            bytearray(b'\x01\x01\x01\x01\t\x01\x1c\x10\x04\x10\x00\x00\x0e\x0e\x1f\x1f\x06\x00\x06\x00\x0e\x00\x0f\x00\x0f\x13\x0f\t\x0f\x0e\x1f\x1f'),
                            bytearray(b'\xff\xff\xff\xff\xff\xff\xfe\xfe<<\x00\x00\x1e\x1e\xf3\xe1\x00\x00\x00\x00\x00\x00\x01\x00\xc3\x00\xff\xf0\xe1\x00\xff\xed'),
                        ], is_16bit=False, y_plus=0, y_minus=0, x=116, y=100),
                    ]
                ),
                Mold(5, gridplane=False,
                    tiles=[
                        Tile(mirror=False, invert=False, format=0, length=4, subtile_bytes=[
                            bytearray(b'\x00\x00\x00\x00\x00\x00\x01\x01\x01\x01\x00\x00\x00\x00\x00\x00\x00\x00\x01\x00\x01\x00\x02\x00\x02\x00\x03\x00\x01\x00\x01\x00'),
                            None,
                            None,
                            None,
                        ], is_16bit=False, y_plus=0, y_minus=0, x=112, y=352),
                        Tile(mirror=False, invert=False, format=0, length=7, subtile_bytes=[
                            bytearray(b'\x00\x00\x00\x00\x00\x00\x04\x14PZ\x10\x7fHn\x01?\x00\x00\x00\x00\x00\x00h\x00\xa4\x00\x87\x00\x96\x01\xbf@'),
                            bytearray(b'\x00\x00\x00\x00\x00\x00\x00\x00\x00\x00\x00\x80\xa0\xe0pp\x00\x00\x00\x00\x00\x00\x00\x00\x00\x00\x80@\xe0\x00p\x80'),
                            bytearray(b'B\xfe\xee~\xfc|{yoe\x9f\r\xfe\x18\xfeH~\x01~\x81|\x83y\x86e\x9e\r\xfe\x18\xff\xf9N'),
                            bytearray(b'ppd`\xf4\xf0\xf4\xf0\xe8\xe0\xd0\xc0\x00\x00@@p\x88`\x9c\xf0\x0c\xf0\x0c\xe0\x18\xd0 \x00\xe0\x80\x00'),
                        ], is_16bit=False, y_plus=0, y_minus=0, x=120, y=350),
                        Tile(mirror=False, invert=False, format=0, length=5, subtile_bytes=[
                            bytearray(b'\x10\x00\xd8\xc0\xec\xe0\xec\xe0\xec\xe0\xc0\x80\xc0\x80  \x00\xf0\xc08\xe0\x1c\xe0\x1c\xe0\x1c\xc00\xe0\x10@\x90'),
                            None,
                            bytearray(b'\xc0\xc0\x80\xc0\xc0\xc0` \xe0 \xc0\xc0\x00\x00\x00\x00\xa0\x80\xa0\x80\xc0\xc0\xe0\xa0\xe0 \xc0\xc0\x00\x00\x00\x00'),
                            None,
                        ], is_16bit=False, y_plus=0, y_minus=0, x=132, y=116),
                        Tile(mirror=False, invert=False, format=0, length=7, subtile_bytes=[
                            bytearray(b'\x1f\x1c\x1c\x109!< \x1c\x00\x1c\x00\x05\x00\x04\x00\x1c\x1f\x10\x1f!> ?\x00\x1f\x00\x1f\x00\x07\x00\x06'),
                            bytearray(b'\xff\xfcy\x01\xfc\xff\xfc\xff>?>/6\x17;;\xfc\xff\x01\xfe\xff\x00\xff\x00?\xc0/\xd0\x17\xf8;\xfc'),
                            bytearray(b'\x00\x00\x00\x00\x00\x00\x01\x01\x01\x01\x00\x00\x00\x00\x00\x00\x00\x00\x00\x00\x00\x00\x01\x01\x01\x01\x00\x00\x00\x00\x00\x00'),
                            bytearray(b']AZJ\xa9)\xf10> \xf1\xe0\x1f\x1f\x00\x00=\x82\xb6\x83\xf7s\xff>\xff\xe0\xff\xee\x1f\x1f\x00\x00'),
                        ], is_16bit=False, y_plus=0, y_minus=0, x=116, y=116),
                        Tile(mirror=False, invert=False, format=0, length=5, subtile_bytes=[
                            bytearray(b'\x00\x00\x00\x00\x00\x00\xc0\xc0@@\x00\x00\x80\x80\x80\x80\x00\x00\x00\x00\x80\x00\x00\xc0\x80@\xc0\x00@\x00`\x00'),
                            None,
                            bytearray(b'\x80\x80\x00\x00  \xa0```\x10\x10\xe4 \x80\x80`\x00\xe0\x00\xc0\x00\x80\x00\x80\x00\xe8`\xc0\x1c\x80\xf0'),
                            None,
                        ], is_16bit=False, y_plus=0, y_minus=0, x=132, y=100),
                        Tile(mirror=False, invert=False, format=0, length=7, subtile_bytes=[
                            bytearray(b'\x00\x00\x00\x00\x00\x00\x00\x00\x00\x00\x00\x00\x01\x01\x01\x01\x00\x00\x00\x00\x00\x00\x00\x00\x01\x00\x03\x00\x02\x00\x06\x00'),
                            bytearray(b'\x00\x00\x08\x08\x19\x19\x01\x01L|\x87\xff\x87\xff\xcf\xff\x00\x004\x08&\x01\xfe\x00\x83\x00\x00\x00\x00\x00\x00\x00'),
                            bytearray(b'\x01\x01\x01\x01\t\x01\x1c\x10\x04\x10\x00\x00\x0e\x0e\x1f\x1f\x06\x00\x06\x00\x0e\x00\x0f\x00\x0f\x13\x0f\t\x0f\x0e\x1f\x1f'),
                            bytearray(b'\xff\xff\xff\xff\xff\xff\xfe\xfe<<\x00\x00\x1e\x1e\xf3\xe1\x00\x00\x00\x00\x00\x00\x01\x00\xc3\x00\xff\xf0\xe1\x00\xff\xed'),
                        ], is_16bit=False, y_plus=0, y_minus=0, x=116, y=100),
                    ]
                ),
                Mold(6, gridplane=False,
                    tiles=[
                        Tile(mirror=False, invert=False, format=0, length=5, subtile_bytes=[
                            bytearray(b'\x00\x00\x00\x00\x00\x001\x10,\x07\x11\x0f\x17\x0c\x0c\x00\x00\x00\x00\x00\x18\x00/\x008\x00\x10\x00\x13\x00\x0c\x00'),
                            bytearray(b'\x00\x88\x90\x90$f\x80\xf0T\xf4\xe2b\x08\x08\x08\x08T\x00H\x00\x99\x00\x0c\x00\n\x00\x9c\x00p\x00\x10\x00'),
                            None,
                            None,
                        ], is_16bit=False, y_plus=0, y_minus=0, x=129, y=115),
                        Tile(mirror=False, invert=False, format=0, length=4, subtile_bytes=[
                            bytearray(b'\x00\x00\x00\x00\x00\x00\x01\x01\x01\x01\x00\x00\x00\x00\x00\x00\x00\x00\x01\x00\x01\x00\x02\x00\x02\x00\x03\x00\x01\x00\x01\x00'),
                            None,
                            None,
                            None,
                        ], is_16bit=False, y_plus=0, y_minus=0, x=112, y=352),
                        Tile(mirror=False, invert=False, format=0, length=7, subtile_bytes=[
                            bytearray(b'\x00\x00\x00\x00\x00\x00\x04\x14PZ\x10\x7fHn\x01?\x00\x00\x00\x00\x00\x00h\x00\xa4\x00\x87\x00\x96\x01\xbf@'),
                            bytearray(b'\x00\x00\x00\x00\x00\x00\x00\x00\x00\x00\x00\x80\xa0\xe0pp\x00\x00\x00\x00\x00\x00\x00\x00\x00\x00\x80@\xe0\x00p\x80'),
                            bytearray(b'B\xfe\xee~\xfc|{yoe\x9f\r\xfe\x18\xfeH~\x01~\x81|\x83y\x86e\x9e\r\xfe\x18\xff\xf9N'),
                            bytearray(b'ppd`\xf4\xf0\xf4\xf0\xe8\xe0\xd0\xc0\x00\x00@@p\x88`\x9c\xf0\x0c\xf0\x0c\xe0\x18\xd0 \x00\xe0\x80\x00'),
                        ], is_16bit=False, y_plus=0, y_minus=0, x=120, y=350),
                        Tile(mirror=False, invert=False, format=0, length=5, subtile_bytes=[
                            bytearray(b'\x10\x00\xd8\xc0\xec\xe0\xec\xe0\xec\xe0\xc0\x80\xc0\x80\x00\x00\x00\xf0\xc08\xe0\x1c\xe0\x1c\xe0\x1c\xc00\xc0\x10\x00\x90'),
                            None,
                            bytearray(b'\x80\x80\x80\x80\xc0\xc0` \xe0 \xc0\xc0\x00\x00\x00\x00\x80\x80\x80\x80\xc0\xc0\xe0\xa0\xe0 \xc0\xc0\x00\x00\x00\x00'),
                            None,
                        ], is_16bit=False, y_plus=0, y_minus=0, x=132, y=116),
                        Tile(mirror=False, invert=False, format=0, length=7, subtile_bytes=[
                            bytearray(b'\x1f\x1c\x1c\x109!< \x1c\x00\x1c\x00\x05\x00\x04\x00\x1c\x1f\x10\x1f!> ?\x00\x1f\x00\x1f\x00\x07\x00\x06'),
                            bytearray(b'\xff\xfcy\x01\xfc\xff\xfc\xff>?>/6\x17;;\xfc\xff\x01\xfe\xff\x00\xff\x00?\xc0/\xd0\x17\xf8;\xfc'),
                            bytearray(b'\x00\x00\x00\x00\x00\x00\x01\x01\x01\x01\x00\x00\x00\x00\x00\x00\x00\x00\x00\x00\x00\x00\x01\x01\x01\x01\x00\x00\x00\x00\x00\x00'),
                            bytearray(b']AZJ\xa9)\xf10> \xf1\xe0\x1f\x1f\x00\x00=\x82\xb6\x83\xf7s\xff>\xff\xe0\xff\xee\x1f\x1f\x00\x00'),
                        ], is_16bit=False, y_plus=0, y_minus=0, x=116, y=116),
                        Tile(mirror=False, invert=False, format=0, length=5, subtile_bytes=[
                            bytearray(b'\x00\x00\x00\x00\x00\x00\xc0\xc0@@\x00\x00\x80\x80\x80\x80\x00\x00\x00\x00\x80\x00\x00\xc0\x80@\xc0\x00@\x00`\x00'),
                            None,
                            bytearray(b'\x80\x80\x00\x00  \xa0```\x10\x10\xe4 \x80\x80`\x00\xe0\x00\xc0\x00\x80\x00\x80\x00\xe8`\xc0\x1c\x80\xf0'),
                            None,
                        ], is_16bit=False, y_plus=0, y_minus=0, x=132, y=100),
                        Tile(mirror=False, invert=False, format=0, length=7, subtile_bytes=[
                            bytearray(b'\x00\x00\x00\x00\x00\x00\x00\x00\x00\x00\x00\x00\x01\x01\x01\x01\x00\x00\x00\x00\x00\x00\x00\x00\x01\x00\x03\x00\x02\x00\x06\x00'),
                            bytearray(b'\x00\x00\x08\x08\x19\x19\x01\x01L|\x87\xff\x87\xff\xcf\xff\x00\x004\x08&\x01\xfe\x00\x83\x00\x00\x00\x00\x00\x00\x00'),
                            bytearray(b'\x01\x01\x01\x01\t\x01\x1c\x10\x04\x10\x00\x00\x0e\x0e\x1f\x1f\x06\x00\x06\x00\x0e\x00\x0f\x00\x0f\x13\x0f\t\x0f\x0e\x1f\x1f'),
                            bytearray(b'\xff\xff\xff\xff\xff\xff\xfe\xfe<<\x00\x00\x1e\x1e\xf3\xe1\x00\x00\x00\x00\x00\x00\x01\x00\xc3\x00\xff\xf0\xe1\x00\xff\xed'),
                        ], is_16bit=False, y_plus=0, y_minus=0, x=116, y=100),
                    ]
                ),
                Mold(7, gridplane=False,
                    tiles=[
                        Tile(mirror=False, invert=False, format=0, length=5, subtile_bytes=[
                            bytearray(b'\x00\x00\x00\x00\x00\x1e\x01?#?$<\x19\x1b\x05\x07\x00\x00\x00\x00\x00\x00\x00\x00\x00\x00\x03\x00\x04\x00\x00\x00'),
                            None,
                            bytearray(b'\x05\x07\x06\x06":\x88\xf8\xe0\xe0\x00\x00\x00\x00\x00\x00\x00\x00\t\x00\x05\x00\x07\x00\x18\x00\xe0\x00\x00\x00\x00\x00'),
                            None,
                        ], is_16bit=False, y_plus=0, y_minus=0, x=133, y=105),
                        Tile(mirror=False, invert=False, format=0, length=4, subtile_bytes=[
                            bytearray(b'\x00\x00\x00\x00\x00\x00\x01\x01\x01\x01\x00\x00\x00\x00\x00\x00\x00\x00\x01\x00\x01\x00\x02\x00\x02\x00\x03\x00\x01\x00\x01\x00'),
                            None,
                            None,
                            None,
                        ], is_16bit=False, y_plus=0, y_minus=0, x=112, y=352),
                        Tile(mirror=False, invert=False, format=0, length=7, subtile_bytes=[
                            bytearray(b'\x00\x00\x00\x00\x00\x00\x04\x14PZ\x10\x7fHn\x01?\x00\x00\x00\x00\x00\x00h\x00\xa4\x00\x87\x00\x96\x01\xbf@'),
                            bytearray(b'\x00\x00\x00\x00\x00\x00\x00\x00\x00\x00\x00\x80\xa0\xe0pp\x00\x00\x00\x00\x00\x00\x00\x00\x00\x00\x80@\xe0\x00p\x80'),
                            bytearray(b'B\xfe\xee~\xfc|{yoe\x9f\r\xfe\x18\xfeH~\x01~\x81|\x83y\x86e\x9e\r\xfe\x18\xff\xf9N'),
                            bytearray(b'ppd`\xf4\xf0\xf4\xf0\xe8\xe0\xd0\xc0\x00\x00@@p\x88`\x9c\xf0\x0c\xf0\x0c\xe0\x18\xd0 \x00\xe0\x80\x00'),
                        ], is_16bit=False, y_plus=0, y_minus=0, x=120, y=350),
                        Tile(mirror=False, invert=False, format=0, length=5, subtile_bytes=[
                            bytearray(b'\x10\x00\xd8\xc0\xec\xe0\xec\xe0\xec\xe0\xc0\x80\xc0\x80\x00\x00\x00\xf0\xc08\xe0\x1c\xe0\x1c\xe0\x1c\xc00\xc0\x10\x00\x90'),
                            None,
                            bytearray(b'\x80\x80\x80\x80\xc0\xc0` \xe0 \xc0\xc0\x00\x00\x00\x00\x80\x80\x80\x80\xc0\xc0\xe0\xa0\xe0 \xc0\xc0\x00\x00\x00\x00'),
                            None,
                        ], is_16bit=False, y_plus=0, y_minus=0, x=132, y=116),
                        Tile(mirror=False, invert=False, format=0, length=7, subtile_bytes=[
                            bytearray(b'\x1f\x1c\x1c\x109!< \x1c\x00\x1c\x00\x05\x00\x04\x00\x1c\x1f\x10\x1f!> ?\x00\x1f\x00\x1f\x00\x07\x00\x06'),
                            bytearray(b'\xff\xfcy\x01\xfc\xff\xfc\xff>?>/6\x17;;\xfc\xff\x01\xfe\xff\x00\xff\x00?\xc0/\xd0\x17\xf8;\xfc'),
                            bytearray(b'\x00\x00\x00\x00\x00\x00\x01\x01\x01\x01\x00\x00\x00\x00\x00\x00\x00\x00\x00\x00\x00\x00\x01\x01\x01\x01\x00\x00\x00\x00\x00\x00'),
                            bytearray(b']AZJ\xa9)\xf10> \xf1\xe0\x1f\x1f\x00\x00=\x82\xb6\x83\xf7s\xff>\xff\xe0\xff\xee\x1f\x1f\x00\x00'),
                        ], is_16bit=False, y_plus=0, y_minus=0, x=116, y=116),
                        Tile(mirror=False, invert=False, format=0, length=5, subtile_bytes=[
                            bytearray(b'\x00\x00\x00\x00\x00\x00\xc0\xc0@@\x00\x00\x80\x80\x80\x80\x00\x00\x00\x00\x80\x00\x00\xc0\x80@\xc0\x00@\x00`\x00'),
                            None,
                            bytearray(b'\x80\x80\x00\x00  \xa0```\x10\x10\xe4 \x80\x80`\x00\xe0\x00\xc0\x00\x80\x00\x80\x00\xe8`\xc0\x1c\x80\xf0'),
                            None,
                        ], is_16bit=False, y_plus=0, y_minus=0, x=132, y=100),
                        Tile(mirror=False, invert=False, format=0, length=7, subtile_bytes=[
                            bytearray(b'\x00\x00\x00\x00\x00\x00\x00\x00\x00\x00\x00\x00\x01\x01\x01\x01\x00\x00\x00\x00\x00\x00\x00\x00\x01\x00\x03\x00\x02\x00\x06\x00'),
                            bytearray(b'\x00\x00\x08\x08\x19\x19\x01\x01L|\x87\xff\x87\xff\xcf\xff\x00\x004\x08&\x01\xfe\x00\x83\x00\x00\x00\x00\x00\x00\x00'),
                            bytearray(b'\x01\x01\x01\x01\t\x01\x1c\x10\x04\x10\x00\x00\x0e\x0e\x1f\x1f\x06\x00\x06\x00\x0e\x00\x0f\x00\x0f\x13\x0f\t\x0f\x0e\x1f\x1f'),
                            bytearray(b'\xff\xff\xff\xff\xff\xff\xfe\xfe<<\x00\x00\x1e\x1e\xf3\xe1\x00\x00\x00\x00\x00\x00\x01\x00\xc3\x00\xff\xf0\xe1\x00\xff\xed'),
                        ], is_16bit=False, y_plus=0, y_minus=0, x=116, y=100),
                    ]
                ),
                Mold(8, gridplane=False,
                    tiles=[
                        Tile(mirror=False, invert=False, format=0, length=4, subtile_bytes=[
                            bytearray(b'\x00\x00\x00\x00\x00\x00\x00\x00@\xf0\x08\xf8\x80\xf0\x00p\x00\x00\x00\x00\x00\x00\x00\x00\xf0\x08\xf8\x00\xf0\x0cp\x8c'),
                            None,
                            None,
                            None,
                        ], is_16bit=False, y_plus=0, y_minus=0, x=128, y=94),
                        Tile(mirror=False, invert=False, format=0, length=5, subtile_bytes=[
                            bytearray(b'\x00\x00\x00\x00\x00\x00\x04\x14PZ\x10\x7fHn\x01?\x00\x00\x00\x00\x00\x00h\x00\xa4\x00\x87\x00\x96\x01\xbf@'),
                            None,
                            bytearray(b'B\xfe\xee~\xfc|{yoe\x9f\r\xfe\x18\xfeH~\x01~\x81|\x83y\x86e\x9e\r\xfe\x18\xff\xf9N'),
                            None,
                        ], is_16bit=False, y_plus=0, y_minus=0, x=120, y=94),
                        Tile(mirror=False, invert=False, format=0, length=4, subtile_bytes=[
                            bytearray(b'\x00\x00\x00\x00\x00\x00\x01\x01\x01\x01\x00\x00\x00\x00\x00\x00\x00\x00\x01\x00\x01\x00\x02\x00\x02\x00\x03\x00\x01\x00\x01\x00'),
                            None,
                            None,
                            None,
                        ], is_16bit=False, y_plus=0, y_minus=0, x=112, y=96),
                        Tile(mirror=False, invert=False, format=0, length=5, subtile_bytes=[
                            bytearray(b'Dp\x04p\xa4\xf0\xb4\xf0\xe8\xe0\xd0\xc8\x00\x18@Xp\x8cp\x8c\xf0\x0c\xf0\x0c\xe0\x18\xd0 \x00\xe0\xa4\x00'),
                            None,
                            bytearray(b'\x00\x00\x08\x08\x0c\x0c\x04\x0c\x04\x0c\x04\x0c\x08\x08\x00\x00\x1c\x00\x14\x00\x10\x00\x12\x00\x12\x00\x12\x00\x04\x00\x00\x00'),
                            None,
                        ], is_16bit=False, y_plus=0, y_minus=0, x=128, y=102),
                        Tile(mirror=False, invert=False, format=0, length=5, subtile_bytes=[
                            bytearray(b'\x10\x00\xd8\xc0\xec\xe0\xec\xe0\xec\xe0\xc0\x80\xc0\x80\x00\x00\x00\xf0\xc08\xe0\x1c\xe0\x1c\xe0\x1c\xc00\xc0\x10\x00\x90'),
                            None,
                            bytearray(b'\x80\x80\x80\x80\xc0\xc0` \xe0 \xc0\xc0\x00\x00\x00\x00\x80\x80\x80\x80\xc0\xc0\xe0\xa0\xe0 \xc0\xc0\x00\x00\x00\x00'),
                            None,
                        ], is_16bit=False, y_plus=0, y_minus=0, x=132, y=116),
                        Tile(mirror=False, invert=False, format=0, length=7, subtile_bytes=[
                            bytearray(b'\x1f\x1c\x1c\x109!< \x1c\x00\x1c\x00\x05\x00\x04\x00\x1c\x1f\x10\x1f!> ?\x00\x1f\x00\x1f\x00\x07\x00\x06'),
                            bytearray(b'\xff\xfcy\x01\xfc\xff\xfc\xff>?>/6\x17;;\xfc\xff\x01\xfe\xff\x00\xff\x00?\xc0/\xd0\x17\xf8;\xfc'),
                            bytearray(b'\x00\x00\x00\x00\x00\x00\x01\x01\x01\x01\x00\x00\x00\x00\x00\x00\x00\x00\x00\x00\x00\x00\x01\x01\x01\x01\x00\x00\x00\x00\x00\x00'),
                            bytearray(b']AZJ\xa9)\xf10> \xf1\xe0\x1f\x1f\x00\x00=\x82\xb6\x83\xf7s\xff>\xff\xe0\xff\xee\x1f\x1f\x00\x00'),
                        ], is_16bit=False, y_plus=0, y_minus=0, x=116, y=116),
                        Tile(mirror=False, invert=False, format=0, length=5, subtile_bytes=[
                            bytearray(b'\x00\x00\x00\x00\x00\x00\xc0\xc0@@\x00\x00\x80\x80\x80\x80\x00\x00\x00\x00\x80\x00\x00\xc0\x80@\xc0\x00@\x00`\x00'),
                            None,
                            bytearray(b'\x80\x80\x00\x00  \xa0```\x10\x10\xe4 \x80\x80`\x00\xe0\x00\xc0\x00\x80\x00\x80\x00\xe8`\xc0\x1c\x80\xf0'),
                            None,
                        ], is_16bit=False, y_plus=0, y_minus=0, x=132, y=100),
                        Tile(mirror=False, invert=False, format=0, length=7, subtile_bytes=[
                            bytearray(b'\x00\x00\x00\x00\x00\x00\x00\x00\x00\x00\x00\x00\x01\x01\x01\x01\x00\x00\x00\x00\x00\x00\x00\x00\x01\x00\x03\x00\x02\x00\x06\x00'),
                            bytearray(b'\x00\x00\x08\x08\x19\x19\x01\x01L|\x87\xff\x87\xff\xcf\xff\x00\x004\x08&\x01\xfe\x00\x83\x00\x00\x00\x00\x00\x00\x00'),
                            bytearray(b'\x01\x01\x01\x01\t\x01\x1c\x10\x04\x10\x00\x00\x0e\x0e\x1f\x1f\x06\x00\x06\x00\x0e\x00\x0f\x00\x0f\x13\x0f\t\x0f\x0e\x1f\x1f'),
                            bytearray(b'\xff\xff\xff\xff\xff\xff\xfe\xfe<<\x00\x00\x1e\x1e\xf3\xe1\x00\x00\x00\x00\x00\x00\x01\x00\xc3\x00\xff\xf0\xe1\x00\xff\xed'),
                        ], is_16bit=False, y_plus=0, y_minus=0, x=116, y=100),
                    ]
                ),
                Mold(9, gridplane=False,
                    tiles=[
                        Tile(mirror=False, invert=False, format=0, length=4, subtile_bytes=[
                            bytearray(b'\x00\x00\x00\x00\x00\x0088\x08\xf8\x00\xf8\x80\xf8\x00x\x00\x00\x00\x00\x00\x008\x00\xf8\x00\xf8\x04\xf8\x04x\x84'),
                            None,
                            None,
                            None,
                        ], is_16bit=False, y_plus=0, y_minus=0, x=128, y=94),
                        Tile(mirror=False, invert=False, format=0, length=5, subtile_bytes=[
                            bytearray(b'\x00\x00\x00\x00\x00\x00\x04\x14PZ\x10\x7fHn\x01?\x00\x00\x00\x00\x00\x00h\x00\xa4\x00\x87\x00\x96\x01\xbf@'),
                            None,
                            bytearray(b'B\xfe\xee~\xfc|{yoe\x9f\r\xfe\x18\xfeH~\x01~\x81|\x83y\x86e\x9e\r\xfe\x18\xff\xf9N'),
                            None,
                        ], is_16bit=False, y_plus=0, y_minus=0, x=120, y=94),
                        Tile(mirror=False, invert=False, format=0, length=4, subtile_bytes=[
                            bytearray(b'\x00\x00\x00\x00\x00\x00\x01\x01\x01\x01\x00\x00\x00\x00\x00\x00\x00\x00\x01\x00\x01\x00\x02\x00\x02\x00\x03\x00\x01\x00\x01\x00'),
                            None,
                            None,
                            None,
                        ], is_16bit=False, y_plus=0, y_minus=0, x=112, y=96),
                        Tile(mirror=False, invert=False, format=0, length=5, subtile_bytes=[
                            bytearray(b'\x0cx\x04p\x84\xf0\xd4\xf0\xcc\xe4\xc8\xcc\x10\x1cP\\x\x84p\x8c\xf0\x0c\xf0\x0c\xe0\x18\xd0 \x00\xe0\x80\x00'),
                            None,
                            bytearray(b'\x00\x00\x08\x08\x0c\x0c\x04\x0c\x04\x0c\x04\x0c\x08\x08\x00\x00\x1c\x00\x14\x00\x10\x00\x12\x00\x12\x00\x12\x00\x04\x00\x00\x00'),
                            None,
                        ], is_16bit=False, y_plus=0, y_minus=0, x=128, y=102),
                        Tile(mirror=False, invert=False, format=0, length=5, subtile_bytes=[
                            bytearray(b'\x10\x00\xd8\xc0\xec\xe0\xec\xe0\xec\xe0\xc0\x80\xc0\x80\x00\x00\x00\xf0\xc08\xe0\x1c\xe0\x1c\xe0\x1c\xc00\xc0\x10\x00\x90'),
                            None,
                            bytearray(b'\x80\x80\x80\x80\xc0\xc0` \xe0 \xc0\xc0\x00\x00\x00\x00\x80\x80\x80\x80\xc0\xc0\xe0\xa0\xe0 \xc0\xc0\x00\x00\x00\x00'),
                            None,
                        ], is_16bit=False, y_plus=0, y_minus=0, x=132, y=116),
                        Tile(mirror=False, invert=False, format=0, length=7, subtile_bytes=[
                            bytearray(b'\x1f\x1c\x1c\x109!< \x1c\x00\x1c\x00\x05\x00\x04\x00\x1c\x1f\x10\x1f!> ?\x00\x1f\x00\x1f\x00\x07\x00\x06'),
                            bytearray(b'\xff\xfcy\x01\xfc\xff\xfc\xff>?>/6\x17;;\xfc\xff\x01\xfe\xff\x00\xff\x00?\xc0/\xd0\x17\xf8;\xfc'),
                            bytearray(b'\x00\x00\x00\x00\x00\x00\x01\x01\x01\x01\x00\x00\x00\x00\x00\x00\x00\x00\x00\x00\x00\x00\x01\x01\x01\x01\x00\x00\x00\x00\x00\x00'),
                            bytearray(b']AZJ\xa9)\xf10> \xf1\xe0\x1f\x1f\x00\x00=\x82\xb6\x83\xf7s\xff>\xff\xe0\xff\xee\x1f\x1f\x00\x00'),
                        ], is_16bit=False, y_plus=0, y_minus=0, x=116, y=116),
                        Tile(mirror=False, invert=False, format=0, length=5, subtile_bytes=[
                            bytearray(b'\x00\x00\x00\x00\x00\x00\xc0\xc0@@\x00\x00\x80\x80\x80\x80\x00\x00\x00\x00\x80\x00\x00\xc0\x80@\xc0\x00@\x00`\x00'),
                            None,
                            bytearray(b'\x80\x80\x00\x00  \xa0```\x10\x10\xe4 \x80\x80`\x00\xe0\x00\xc0\x00\x80\x00\x80\x00\xe8`\xc0\x1c\x80\xf0'),
                            None,
                        ], is_16bit=False, y_plus=0, y_minus=0, x=132, y=100),
                        Tile(mirror=False, invert=False, format=0, length=7, subtile_bytes=[
                            bytearray(b'\x00\x00\x00\x00\x00\x00\x00\x00\x00\x00\x00\x00\x01\x01\x01\x01\x00\x00\x00\x00\x00\x00\x00\x00\x01\x00\x03\x00\x02\x00\x06\x00'),
                            bytearray(b'\x00\x00\x08\x08\x19\x19\x01\x01L|\x87\xff\x87\xff\xcf\xff\x00\x004\x08&\x01\xfe\x00\x83\x00\x00\x00\x00\x00\x00\x00'),
                            bytearray(b'\x01\x01\x01\x01\t\x01\x1c\x10\x04\x10\x00\x00\x0e\x0e\x1f\x1f\x06\x00\x06\x00\x0e\x00\x0f\x00\x0f\x13\x0f\t\x0f\x0e\x1f\x1f'),
                            bytearray(b'\xff\xff\xff\xff\xff\xff\xfe\xfe<<\x00\x00\x1e\x1e\xf3\xe1\x00\x00\x00\x00\x00\x00\x01\x00\xc3\x00\xff\xf0\xe1\x00\xff\xed'),
                        ], is_16bit=False, y_plus=0, y_minus=0, x=116, y=100),
                    ]
                ),
                Mold(10, gridplane=False,
                    tiles=[
                        Tile(mirror=False, invert=False, format=0, length=4, subtile_bytes=[
                            bytearray(b'\x00\x00 8\x88\xf8\xe0\xe0\x00\x00\x00\x00\x00\x00\x00\x00\x08\x00\x04\x00\x04\x00\x18\x00\xe0\x00\x00\x00\x00\x00\x00\x00'),
                            None,
                            None,
                            None,
                        ], is_16bit=False, y_plus=0, y_minus=0, x=134, y=114),
                        Tile(mirror=False, invert=False, format=0, length=6, subtile_bytes=[
                            None,
                            bytearray(b'\x00\x00\x00\x00\x00\x00\x00\x00\x00\x00\x00\x00\x00\x0c\x10\x98\x00\x00\x00\x00\x00\x00\x00\x00\x00\x00\x00\x00\x00\x00&\x00'),
                            bytearray(b'\x01\x03\x03\x03\x00\x00\x00\x00\x02\x03\x08\x0f\x02\x06\x00\x00\x00\x00\x00\x00\x01\x00\x01\x00\x00\x00\x10\x00\x19\x00\x0e\x00'),
                            bytearray(b'\x90\xb6\x84\xfc\x92\xeb\x8c\xfc\xf8\xf8\x80\x80\x00\x00\x00\x00I\x00\x03\x00\x04\x00\x03\x00\x06\x00\x7f\x00\x80\x00\x00\x00'),
                        ], is_16bit=False, y_plus=0, y_minus=0, x=133, y=102),
                        Tile(mirror=False, invert=False, format=0, length=4, subtile_bytes=[
                            bytearray(b'\x00\x00\x00\x00\x00\x00\x01\x01\x01\x01\x00\x00\x00\x00\x00\x00\x00\x00\x01\x00\x01\x00\x02\x00\x02\x00\x03\x00\x01\x00\x01\x00'),
                            None,
                            None,
                            None,
                        ], is_16bit=False, y_plus=0, y_minus=0, x=112, y=352),
                        Tile(mirror=False, invert=False, format=0, length=7, subtile_bytes=[
                            bytearray(b'\x00\x00\x00\x00\x00\x00\x04\x14PZ\x10\x7fHn\x01?\x00\x00\x00\x00\x00\x00h\x00\xa4\x00\x87\x00\x96\x01\xbf@'),
                            bytearray(b'\x00\x00\x00\x00\x00\x00\x00\x00\x00\x00\x00\x80\xa0\xe0pp\x00\x00\x00\x00\x00\x00\x00\x00\x00\x00\x80@\xe0\x00p\x80'),
                            bytearray(b'B\xfe\xee~\xfc|{yoe\x9f\r\xfe\x18\xfeH~\x01~\x81|\x83y\x86e\x9e\r\xfe\x18\xff\xf9N'),
                            bytearray(b'ppd`\xf4\xf0\xf4\xf0\xe8\xe0\xd0\xc0\x00\x00@@p\x88`\x9c\xf0\x0c\xf0\x0c\xe0\x18\xd0 \x00\xe0\x80\x00'),
                        ], is_16bit=False, y_plus=0, y_minus=0, x=120, y=350),
                        Tile(mirror=False, invert=False, format=0, length=5, subtile_bytes=[
                            bytearray(b'\x10\x00\xd8\xc0\xec\xe0\xec\xe0\xec\xe0\xc0\x80\xc0\x80\x00\x00\x00\xf0\xc08\xe0\x1c\xe0\x1c\xe0\x1c\xc00\xc0\x10\x00\x90'),
                            None,
                            bytearray(b'\x80\x80\x80\x80\xc0\xc0` \xe0 \xc0\xc0\x00\x00\x00\x00\x80\x80\x80\x80\xc0\xc0\xe0\xa0\xe0 \xc0\xc0\x00\x00\x00\x00'),
                            None,
                        ], is_16bit=False, y_plus=0, y_minus=0, x=132, y=116),
                        Tile(mirror=False, invert=False, format=0, length=7, subtile_bytes=[
                            bytearray(b'\x1f\x1c\x1c\x109!< \x1c\x00\x1c\x00\x05\x00\x04\x00\x1c\x1f\x10\x1f!> ?\x00\x1f\x00\x1f\x00\x07\x00\x06'),
                            bytearray(b'\xff\xfcy\x01\xfc\xff\xfc\xff>?>/6\x17;;\xfc\xff\x01\xfe\xff\x00\xff\x00?\xc0/\xd0\x17\xf8;\xfc'),
                            bytearray(b'\x00\x00\x00\x00\x00\x00\x01\x01\x01\x01\x00\x00\x00\x00\x00\x00\x00\x00\x00\x00\x00\x00\x01\x01\x01\x01\x00\x00\x00\x00\x00\x00'),
                            bytearray(b']AZJ\xa9)\xf10> \xf1\xe0\x1f\x1f\x00\x00=\x82\xb6\x83\xf7s\xff>\xff\xe0\xff\xee\x1f\x1f\x00\x00'),
                        ], is_16bit=False, y_plus=0, y_minus=0, x=116, y=116),
                        Tile(mirror=False, invert=False, format=0, length=5, subtile_bytes=[
                            bytearray(b'\x00\x00\x00\x00\x00\x00\xc0\xc0@@\x00\x00\x80\x80\x80\x80\x00\x00\x00\x00\x80\x00\x00\xc0\x80@\xc0\x00@\x00`\x00'),
                            None,
                            bytearray(b'\x80\x80\x00\x00  \xa0```\x10\x10\xe4 \x80\x80`\x00\xe0\x00\xc0\x00\x80\x00\x80\x00\xe8`\xc0\x1c\x80\xf0'),
                            None,
                        ], is_16bit=False, y_plus=0, y_minus=0, x=132, y=100),
                        Tile(mirror=False, invert=False, format=0, length=7, subtile_bytes=[
                            bytearray(b'\x00\x00\x00\x00\x00\x00\x00\x00\x00\x00\x00\x00\x01\x01\x01\x01\x00\x00\x00\x00\x00\x00\x00\x00\x01\x00\x03\x00\x02\x00\x06\x00'),
                            bytearray(b'\x00\x00\x08\x08\x19\x19\x01\x01L|\x87\xff\x87\xff\xcf\xff\x00\x004\x08&\x01\xfe\x00\x83\x00\x00\x00\x00\x00\x00\x00'),
                            bytearray(b'\x01\x01\x01\x01\t\x01\x1c\x10\x04\x10\x00\x00\x0e\x0e\x1f\x1f\x06\x00\x06\x00\x0e\x00\x0f\x00\x0f\x13\x0f\t\x0f\x0e\x1f\x1f'),
                            bytearray(b'\xff\xff\xff\xff\xff\xff\xfe\xfe<<\x00\x00\x1e\x1e\xf3\xe1\x00\x00\x00\x00\x00\x00\x01\x00\xc3\x00\xff\xf0\xe1\x00\xff\xed'),
                        ], is_16bit=False, y_plus=0, y_minus=0, x=116, y=100),
                    ]
                ),
                Mold(11, gridplane=False,
                    tiles=[
                        Tile(mirror=False, invert=False, format=0, length=4, subtile_bytes=[
                            bytearray(b'\x00\x00 8\x88\xf8\xe0\xe0\x00\x00\x00\x00\x00\x00\x00\x00\x08\x00\x04\x00\x04\x00\x18\x00\xe0\x00\x00\x00\x00\x00\x00\x00'),
                            None,
                            None,
                            None,
                        ], is_16bit=False, y_plus=0, y_minus=0, x=134, y=114),
                        Tile(mirror=False, invert=False, format=0, length=6, subtile_bytes=[
                            None,
                            bytearray(b'\x00\x00\x00\x00\x00\x00\x00\x00\x00\x00\x00 \x00  $\x00\x00\x00\x00\x00\x00\x00\x00\x00\x00@\x00V\x00Z\x00'),
                            bytearray(b'\x01\x03\x03\x03\x00\x00\x00\x00\x02\x03\x08\x0f\x02\x06\x00\x00\x00\x00\x00\x00\x01\x00\x01\x00\x00\x00\x10\x00\x19\x00\x0e\x00'),
                            bytearray(b'\x14<\x88\xf8\x90\xe8\x86\xff\xf0\xf0\x98\x98\x04\x04\x00\x00\xc2\x00\x04\x00\x07\x00\x00\x00\x0e\x00f\x00\x98\x00\x00\x00'),
                        ], is_16bit=False, y_plus=0, y_minus=0, x=135, y=101),
                        Tile(mirror=False, invert=False, format=0, length=4, subtile_bytes=[
                            bytearray(b'\x00\x00\x00\x00\x00\x00\x01\x01\x01\x01\x00\x00\x00\x00\x00\x00\x00\x00\x01\x00\x01\x00\x02\x00\x02\x00\x03\x00\x01\x00\x01\x00'),
                            None,
                            None,
                            None,
                        ], is_16bit=False, y_plus=0, y_minus=0, x=112, y=352),
                        Tile(mirror=False, invert=False, format=0, length=7, subtile_bytes=[
                            bytearray(b'\x00\x00\x00\x00\x00\x00\x04\x14PZ\x10\x7fHn\x01?\x00\x00\x00\x00\x00\x00h\x00\xa4\x00\x87\x00\x96\x01\xbf@'),
                            bytearray(b'\x00\x00\x00\x00\x00\x00\x00\x00\x00\x00\x00\x80\xa0\xe0pp\x00\x00\x00\x00\x00\x00\x00\x00\x00\x00\x80@\xe0\x00p\x80'),
                            bytearray(b'B\xfe\xee~\xfc|{yoe\x9f\r\xfe\x18\xfeH~\x01~\x81|\x83y\x86e\x9e\r\xfe\x18\xff\xf9N'),
                            bytearray(b'ppd`\xf4\xf0\xf4\xf0\xe8\xe0\xd0\xc0\x00\x00@@p\x88`\x9c\xf0\x0c\xf0\x0c\xe0\x18\xd0 \x00\xe0\x80\x00'),
                        ], is_16bit=False, y_plus=0, y_minus=0, x=120, y=350),
                        Tile(mirror=False, invert=False, format=0, length=5, subtile_bytes=[
                            bytearray(b'\x10\x00\xd8\xc0\xec\xe0\xec\xe0\xec\xe0\xc0\x80\xc0\x80\x00\x00\x00\xf0\xc08\xe0\x1c\xe0\x1c\xe0\x1c\xc00\xc0\x10\x00\x90'),
                            None,
                            bytearray(b'\x80\x80\x80\x80\xc0\xc0` \xe0 \xc0\xc0\x00\x00\x00\x00\x80\x80\x80\x80\xc0\xc0\xe0\xa0\xe0 \xc0\xc0\x00\x00\x00\x00'),
                            None,
                        ], is_16bit=False, y_plus=0, y_minus=0, x=132, y=116),
                        Tile(mirror=False, invert=False, format=0, length=7, subtile_bytes=[
                            bytearray(b'\x1f\x1c\x1c\x109!< \x1c\x00\x1c\x00\x05\x00\x04\x00\x1c\x1f\x10\x1f!> ?\x00\x1f\x00\x1f\x00\x07\x00\x06'),
                            bytearray(b'\xff\xfcy\x01\xfc\xff\xfc\xff>?>/6\x17;;\xfc\xff\x01\xfe\xff\x00\xff\x00?\xc0/\xd0\x17\xf8;\xfc'),
                            bytearray(b'\x00\x00\x00\x00\x00\x00\x01\x01\x01\x01\x00\x00\x00\x00\x00\x00\x00\x00\x00\x00\x00\x00\x01\x01\x01\x01\x00\x00\x00\x00\x00\x00'),
                            bytearray(b']AZJ\xa9)\xf10> \xf1\xe0\x1f\x1f\x00\x00=\x82\xb6\x83\xf7s\xff>\xff\xe0\xff\xee\x1f\x1f\x00\x00'),
                        ], is_16bit=False, y_plus=0, y_minus=0, x=116, y=116),
                        Tile(mirror=False, invert=False, format=0, length=5, subtile_bytes=[
                            bytearray(b'\x00\x00\x00\x00\x00\x00\xc0\xc0@@\x00\x00\x80\x80\x80\x80\x00\x00\x00\x00\x80\x00\x00\xc0\x80@\xc0\x00@\x00`\x00'),
                            None,
                            bytearray(b'\x80\x80\x00\x00  \xa0```\x10\x10\xe4 \x80\x80`\x00\xe0\x00\xc0\x00\x80\x00\x80\x00\xe8`\xc0\x1c\x80\xf0'),
                            None,
                        ], is_16bit=False, y_plus=0, y_minus=0, x=132, y=100),
                        Tile(mirror=False, invert=False, format=0, length=7, subtile_bytes=[
                            bytearray(b'\x00\x00\x00\x00\x00\x00\x00\x00\x00\x00\x00\x00\x01\x01\x01\x01\x00\x00\x00\x00\x00\x00\x00\x00\x01\x00\x03\x00\x02\x00\x06\x00'),
                            bytearray(b'\x00\x00\x08\x08\x19\x19\x01\x01L|\x87\xff\x87\xff\xcf\xff\x00\x004\x08&\x01\xfe\x00\x83\x00\x00\x00\x00\x00\x00\x00'),
                            bytearray(b'\x01\x01\x01\x01\t\x01\x1c\x10\x04\x10\x00\x00\x0e\x0e\x1f\x1f\x06\x00\x06\x00\x0e\x00\x0f\x00\x0f\x13\x0f\t\x0f\x0e\x1f\x1f'),
                            bytearray(b'\xff\xff\xff\xff\xff\xff\xfe\xfe<<\x00\x00\x1e\x1e\xf3\xe1\x00\x00\x00\x00\x00\x00\x01\x00\xc3\x00\xff\xf0\xe1\x00\xff\xed'),
                        ], is_16bit=False, y_plus=0, y_minus=0, x=116, y=100),
                    ]
                ),
                Mold(12, gridplane=False,
                    tiles=[
                        Tile(mirror=False, invert=False, format=1, length=11, subtile_bytes=[
                            bytearray(b'\x00\x00\x00\x00\x00\x00\x00\x00\x00\x00\x01\x01\x00\x01\x02\x00\x00\x00\x00\x00\x00\x00\x00\x00\x00\x01\x01\x02\x01\x02\x00\x03'),
                            bytearray(b'\x00\x18\x04<\xc7~\x0e~\x81\xff\x03\xffH\xff\xc2\xff\x18$<B~\x81~\x81\xff\x00\xff\x00\x99\xb1$='),
                            bytearray(b'\x05\x01\x0f\x0b\x0b\x0f\x03\x04\x01\x00\x00\x00\x02\x02\x01\x01\x02\x05\x00\x07\x00\x03\x0b\x00\x0f\x08\x07\x02\x01\x00\x00\x00'),
                            bytearray(b"&\'\xd8\xd8[\x18Z\x18\xd7\x00\x01\x00\x00\x00\x00\x00\xd9\x01$\xdb\xe4\x1b\xe7\x1b\xfe\x02\x81\x00\x00\x00\x00\x00"),
                        ], is_16bit=False, y_plus=0, y_minus=0, x=116, y=96),
                        Tile(mirror=False, invert=False, format=1, length=7, subtile_bytes=[
                            bytearray(b'\x00\x00\x00\x00\x00\x00\x00\x00\x00\x00\x00\x00\x00\x00`\x00\x00\x00\x00\x00\x00\x00\x00\x00\x00\x80\x00\xc0\x00\xc0\x00\xe0'),
                            None,
                            bytearray(b'`\x00\xc0\x10\xd0P\x80\x00\x80\x00`\x00` \x80\x00\x00\xe0 \xe0\xe0\xe0p@\xf0\xf0\xe0\x00\xc0\x00\x80\x00'),
                            None,
                        ], is_16bit=False, y_plus=0, y_minus=0, x=132, y=95),
                        Tile(mirror=False, invert=False, format=1, length=7, subtile_bytes=[
                            None,
                            bytearray(b'\x00\x02\x08\n\x08\x08\x00\x08\x00\x08\x00\x00\x00\x00\x04\x00\x0c\x08\x04\x04\x04\x04\x00\x00\x00\x00\x00\x00\x00\x00\x04\x00'),
                            None,
                            bytearray(b'\x0e\n\x0c\x00\x04\x00\x14\x04\x10\x00\x0c\x0c\x00\x00\x00\x00\x0c\x08\x0c\x00\x0c\x08\x18\x08\x1c\x08\x0c\x0c\x00\x00\x00\x00'),
                        ], is_16bit=False, y_plus=0, y_minus=0, x=108, y=111),
                        Tile(mirror=False, invert=False, format=1, length=7, subtile_bytes=[
                            bytearray(b'\x00@PP\x10\x10\x00\x10\x00\x10\x00\x00\x00\x00 \x000\x10    \x00\x00\x00\x00\x00\x00\x00\x00 \x00'),
                            None,
                            bytearray(b'pP0\x00\x10\x008 \x18\x0000\x00\x00\x00\x000\x100\x000 \x18\x008\x0000\x00\x00\x00\x00'),
                            None,
                        ], is_16bit=False, y_plus=0, y_minus=0, x=132, y=111),
                    ]
                ),
                Mold(13, gridplane=False,
                    tiles=[
                        Tile(mirror=False, invert=False, format=1, length=9, subtile_bytes=[
                            bytearray(b'?;}|\x7f\x7f~~xx00# \x08\x00;\x07|\x03\x7f\x80~\x81x\x870\x0f \x1f\x00\x18'),
                            bytearray(b'\xff\x98\xffx\xcf\xc0\x07\x00\x07\x00\x0f\x00\x0f\x00\x8c\x00\x98\xffx\xff\xc0?\x00\xff\x00\xff\x00\xff\x00\xff\x00\xfc'),
                            None,
                            bytearray(b'\x08\x00H\x00\x00\x00\x00\x00\x00\x00\x00\x00\x00\x00\x00\x00\x00H\x00H\x00\x00\x00\x00\x00\x00\x00\x00\x00\x00\x00\x00'),
                        ], is_16bit=False, y_plus=0, y_minus=0, x=117, y=112),
                        Tile(mirror=False, invert=False, format=1, length=5, subtile_bytes=[
                            bytearray(b'\xa0 \x80\x00\x08\x00\xc8\x00\xe0\x00\xe0\x00\xe0\x00\xc0\x00 \xc0\x00\xf0\x00\xf8\x00\xf8\x00\xf8\x00\xe0\x00\xe0\x00\xc0'),
                            None,
                            None,
                            None,
                        ], is_16bit=False, y_plus=0, y_minus=0, x=133, y=112),
                        Tile(mirror=False, invert=False, format=1, length=11, subtile_bytes=[
                            bytearray(b'\x00\x00\x00\x00\x00\x00\x01\x01\x02\x03\x07\x07\x0f\x0f\x0e\x0f\x00\x00\x00\x00\x00\x00\x01\x00\x03\x00\x07\x00\x0f\x00\x0f\x00'),
                            bytearray(b'vv\x7f\x7f\x06v\x01\xfc\x02\xff\x0f\xffx\xf8`\xe0\x01v\x00wyw\xff\x04\xff\x01\xff\x00\xf8\x07\xe0\x1f'),
                            bytearray(b'\x1e\x1f\x1f\x1f\x0f\x0f\x01\x01\x00\x08\x03\x04\r\x00\x17\x13\x0f\x00\x0f\x00\x1f\x00\x11\x1e\x08\x0f\x0c\x07\x0e\x01\x13\x0f'),
                            bytearray(b'\xc3\xc0\x87\x80\x87\x80\x9f\x83\xbf\x83?\x06?\x04\xbf\x0f\xc0?\x80\x7f\x80\x7f\x83\x7f\x83\x7f\x06\xff\x04\xff\x0f\xff'),
                        ], is_16bit=False, y_plus=0, y_minus=0, x=117, y=100),
                        Tile(mirror=False, invert=False, format=1, length=7, subtile_bytes=[
                            bytearray(b'\x00\x00\x00\x00\x00\x00\x00\x00\x00\x00\x00\x00\x00\x00\x00\x00\x00\x00\x80\x00\x80\x80\x00\x00\x00\x00\x00\x80\x00\xc0\x00\xc0'),
                            None,
                            bytearray(b'\xa0 \xe0 \xc0\x00\xc0\x00\xc0\x00\xc0\x00\xc0@\xc0\x80\x00\xc0\x00\xc0 \xc0 \xe0\x00\xc0\x00\xc0@\xc0\x80\xe0'),
                            None,
                        ], is_16bit=False, y_plus=0, y_minus=0, x=133, y=100),
                    ]
                ),
                Mold(14, gridplane=False,
                    tiles=[
                        Tile(mirror=False, invert=False, format=1, length=11, subtile_bytes=[
                            bytearray(b'\x00\x00\x00\x00\x01\x01bcEG6\x07oclE\x00\x00\x00\x00\x01\x00\x1b`:By\x01\x9c`\xb9G'),
                            bytearray(b'\x08\x0f ?\x03\xff\x0f\xff\x8f\xff?\xff?\xff~\xfe\x0f\x10?@\xff\x00\xff\x00\x7f\x00\x7f\xc0\x7f\xc0\xfe\x81'),
                            bytearray(b'|H30\x02\x00\x13\x18)8\x019\x12\x0c\r\x0c\xb0ONw?\n\x06\x02\x07\x11\x06<\x03\x1d\x02\x01'),
                            bytearray(b'\xfe\xfe\x7f~\xe2\x06\xca>\xed\xeda`\x00\x02\x99\x01\xfe\x01~\x81axA@\x12\x00\x9e\x01\xfc\x0fa\x9e'),
                        ], is_16bit=False, y_plus=0, y_minus=0, x=127, y=94),
                        Tile(mirror=False, invert=False, format=1, length=7, subtile_bytes=[
                            bytearray(b'\x00\xc0@\xc0\xc0\xc0\x84\x80\x0c\x00|\x00@\x00\xc0\x00\xc0 \xc00\xc08\x80|\x00\xfc\x00\xfc\x00\xc0\x00\xc0'),
                            None,
                            bytearray(b'\xc0\x00`\x00  \xc0\xe0\xe0\xe0\xf0\x10x\x08\x0c\x04@\x80\xe0\x80\xc0\x00\x00 \xe0\xe0\x10\xf0\x08\xf8\x04\xfc'),
                            None,
                        ], is_16bit=False, y_plus=0, y_minus=0, x=142, y=94),
                        Tile(mirror=False, invert=False, format=1, length=11, subtile_bytes=[
                            bytearray(b"\x03\x03\'\'\x0f/##\x13\x1b\x03\x03\x03\x03\x10\x10\x03\x04\x17\x08\x0f\x10\x03\x1c#\x04\x0b\x04\x03\x00\x1d\x1f"),
                            bytearray(b'\x0f\x07~~\xfe\xfe\xe0\xe0\x86\x80o\x00{\x00h \x07\xf8~\x81\xfe\x01\xe0\x1f\x80\x7f@\xbfh\x93X\x80'),
                            bytearray(b'  \x0b\x0e\x13\x02\x08\x08\x06\x04\x03\x02\x00\x00\x00\x00?;\x11\x10\x1d\x08\x0f\x0f\x07\x05\x03\x02\x00\x00\x00\x00'),
                            bytearray(b'\xc8H\xc8\xc8\xa8\x88 \x00P\x00\xa0 \xc0@\x00\x00\xb8\x088\x18x\x18\xf0\x10\xf0 \xe0`\xc0@\x00\x00'),
                        ], is_16bit=False, y_plus=0, y_minus=0, x=126, y=110),
                        Tile(mirror=False, invert=False, format=1, length=5, subtile_bytes=[
                            bytearray(b'\x06\x02\x06\x02\x02\x00\x06\x00\x0c\x04\x10\x00\x00\x00\x00\x00\x02\xfe\x02\xfe\x00\xfe\x00\xfe\x04\xfc\x00\xf8\x00\x00\x00\x00'),
                            None,
                            None,
                            None,
                        ], is_16bit=False, y_plus=0, y_minus=0, x=142, y=110),
                    ]
                ),
                Mold(15, gridplane=False,
                    tiles=[
                        Tile(mirror=False, invert=False, format=1, length=5, subtile_bytes=[
                            bytearray(b'\xc0\x00\x00\x00\x08\x00\x10\x00\x18\x00`\x00\xc0@\xc0@\x00\xf0\x00\xf0\x00\xf8\x00\xf0\x00\xf8\x00\xe0 \x80 \xa0'),
                            None,
                            None,
                            None,
                        ], is_16bit=False, y_plus=0, y_minus=0, x=141, y=109),
                        Tile(mirror=False, invert=False, format=1, length=11, subtile_bytes=[
                            bytearray(b'\x00\x00\x00\x00\x00\x00\x00\x01\x00\x03\x08\x0757"#\x00\x00\x00\x00\x00\x00\x01\x02\x03\x04\x05\x0fB:\\)'),
                            bytearray(b'\x00\x0e#?\tx\x01\xf8\x07\xfe\x1e\xfeL\xfc\t\xf8\x0e\x11?@x\x87\xf8\x07\xfe\x01\xfea\x9c\xb3H\xe7'),
                            bytearray(b'\x0e\x0e\x0e\x0e\x06\x060\x00\x17\x00\x02\x03\x00\x00\x00\x00qN1\x0e9\x06?\x07\x1f\x08\x0c\x08\x07\x05\x03\x02'),
                            bytearray(b'i\xe8\xf9\xf8\x12\x11\x9c\x05\xf9\x01\xf8\x98\xd1\xd1\x01\x05\x88\x97\xf8\x07\x10\xee\xea\xc8\x8e\x88gc/\x07\xfb\x1d'),
                        ], is_16bit=False, y_plus=0, y_minus=0, x=126, y=93),
                        Tile(mirror=False, invert=False, format=1, length=7, subtile_bytes=[
                            bytearray(b'\x00\x00\x00\x00\x80\x80\x80\x80\x00\x00\x00\x00\x80\x00\x80\x00\x00\x00\x00\x80\x80\x80\x80\x80\x00\x00\x00\x00\x00\x80\x00\x80'),
                            None,
                            bytearray(b'\x80\x00\xc0\x00\x00\x80\xc0\x80\x00\x00\x80\x00\xc0\x80\xe0\xc0\x00\x80\xc0\x00` `\x00\xc0@\xc0@\x80\xc0\xc0\xe0'),
                            None,
                        ], is_16bit=False, y_plus=0, y_minus=0, x=142, y=93),
                        Tile(mirror=False, invert=False, format=1, length=11, subtile_bytes=[
                            bytearray(b'\x00\x00\x00\x01\x01\x01\x00\x00\x01\x01\x01\x01\x00\x00\x01\x01\x01\x01\x00\x00\x00\x00\x01\x01\x00\x00\x00\x00\x01\x01\x01\x01'),
                            bytearray(b'!=S\xf4\xff\x82\x0c<\x06\xbe\x1f\xbf??\x9e\x82\xc3\x9d\n%\x02\x7f\xfc\x03~\x01\x7f\x00\xbf\xc0\xc2\xbd'),
                            bytearray(b'\x02\x02\x02\x02\x02\x02\x02\x02\x01\x01\x00\x00\x00\x00\x00\x00\x03\x03\x03\x02\x03\x02\x03\x03\x01\x01\x00\x00\x00\x00\x00\x00'),
                            bytearray(b'\x1a\x98\xcb\xd8AA\x00\x00\x10\x10\xb0\xb0``\x00\x00dc$\x03\xbd-\xf88\xf0\xb0\xf0\xf0``\x00\x00'),
                        ], is_16bit=False, y_plus=0, y_minus=0, x=125, y=109),
                    ]
                ),
                Mold(16, gridplane=False,
                    tiles=[
                        Tile(mirror=False, invert=False, format=1, length=5, subtile_bytes=[
                            bytearray(b'\x1c\x04\xce\xc2\x9e\x82\x1e\x02\x1e\x02\\\x00\\L\x00\x00\x04\xfc\xc2>\x82~\x02\xfe\x02\xfe\x00\xfcL\xfc\x00\x80'),
                            None,
                            None,
                            None,
                        ], is_16bit=False, y_plus=0, y_minus=0, x=139, y=112),
                        Tile(mirror=False, invert=False, format=1, length=11, subtile_bytes=[
                            bytearray(b'\t\t\x13\x1f\x1b\x1f\x03\x03\x03\x03\x01\x00\n\x08\x0c\x08\x15\x02#\x0c#\x04\x1b\x04\x03\x04\x01\x06\x0b\r\x0f\n'),
                            bytearray(b'\xcf\xc0\x9f\xff\x9f\xff\xbe\xfe\xbe\xfa\xb6\xf0nn_D\xc0?\xff\x00\xff\x00\xfe\x01\xfa\x05\xf0\x0fn\x91\xc4\xbb'),
                            bytearray(b'\x0c\x08\x0e\x0c\x07\x06\x03\x03\x00\x00\x00\x00\x00\x00\x00\x00\x0f\n\x0f\r\x07\x06\x03\x03\x00\x00\x00\x00\x00\x00\x00\x00'),
                            bytearray(b'\x1e\x10\x14\x10\xa0 \xc0\xc0\x00\x00\x00\x00\x00\x00\x00\x00\xb0^\xf0\x14\xe0`\xc0\xc0\x00\x00\x00\x00\x00\x00\x00\x00'),
                        ], is_16bit=False, y_plus=0, y_minus=0, x=123, y=112),
                        Tile(mirror=False, invert=False, format=1, length=7, subtile_bytes=[
                            bytearray(b'\x00\x00\x00\x00\x80\x80@\xc0\x00\xc0 \xe0p\xe0\xf0\xe0\x00\x00\x00\x00\x80@\xc0\x00\xc0 \xe0\x00\xe0\x10\xe0\x10'),
                            None,
                            bytearray(b'\xe0\xe0h`\x9c\x04\xf0\x84\xf0 x8\xfc\xfc\xfc\x9c\xe0\x10h\x90\x08\xf0\x88\xf4\xf8(\xf8\xb8\xfc\xfc\x9c\xfc'),
                            None,
                        ], is_16bit=False, y_plus=0, y_minus=0, x=139, y=96),
                        Tile(mirror=False, invert=False, format=1, length=11, subtile_bytes=[
                            bytearray(b'\x00\x00\x00\x00\x01\x01\x01\x01\x00\x00\x00\x00\x02\x00\x02\x00\x00\x00\x00\x00\x00\x01\x00\x01\x01\x00\x00\x01\x00\x03\x00\x03'),
                            bytearray(b'\x08\x08LL\xc0\xdfPw\xe8\xef\xe4\xe7gg\xf3\xf3\x16\x08\xb2A\x1f\xa0\xf7\x08\xef\x10\xe7\x18g\x98\xf3\x0c'),
                            bytearray(b'\x02\x00\x03\x02\x02\x03\x03\x03\x04\x04\x07\x02\x08\x00\x00\x00\x00\x03\x00\x01\x00\x00\x00\x00\x0b\x03\x01\x04\x00\x0f\x08\x07'),
                            bytearray(b'\xfd\xf9\x7fz\xbf;\x07\x01ga\xbc<\xe7\xc3\x7f\x1f\xf9\x06z\x87\xbbG\x81\x7f\x99\x07\xc3\x00\xff\xdb\x1f\xff'),
                        ], is_16bit=False, y_plus=0, y_minus=0, x=123, y=96),
                    ]
                ),
                Mold(17, gridplane=False,
                    tiles=[
                        Tile(mirror=False, invert=False, format=1, length=11, subtile_bytes=[
                            bytearray(b'\x7fsq@\xe7\x87\xf3\x83p\x00p\x00\x14\x00\x10\x00s\x7f@\x7f\x87\xf8\x83\xfc\x00\x7f\x00\x7f\x00\x1f\x04\x1b'),
                            bytearray(b'\xfc\xf0\xe7\x07\xf3\xff\xf3\xff\xfb\xff\xfa\xbe\xda\x1e\xecL\xf0\xff\x07\xf8\xff\x00\xff\x00\xff\x00\xbeA\x1e\xe1\xccs'),
                            bytearray(b'  !!##\x0e\x0e\x00\x00\x00\x00\x00\x00\x00\x00>#?3?7\x0e\x0e\x00\x00\x00\x00\x00\x00\x00\x00'),
                            bytearray(b'\xeb\xc2\xed\xe8\x1a\x08l\x04~r>:\x1e\x1e\x00\x00\xc2\xfd\xe8\xffx\x0e|\x04~r>:\x1e\x1e\x00\x00'),
                        ], is_16bit=False, y_plus=0, y_minus=0, x=120, y=117),
                        Tile(mirror=False, invert=False, format=0, length=5, subtile_bytes=[
                            bytearray(b'\x00\x00\x00\x00\x00\x00\x00\x00\x00\x00\x00\x00\x00\x00\x00@\x00\x00\x00\x00\x00\x00\x00\x00\x00\x00\x00\x00@\x00\xa0\x00'),
                            None,
                            bytearray(b' @\x80\x80\xa0\xa0 `\xa0`\xc0\xc0 \x00`\x00\x90\x00p\x00P\x00\x90\x00\x90\x000\x00\x00\xe0\x00\xe0'),
                            None,
                        ], is_16bit=False, y_plus=0, y_minus=0, x=136, y=101),
                        Tile(mirror=False, invert=False, format=0, length=7, subtile_bytes=[
                            bytearray(b'\x03\x03\x03\x03\x00\x00\x00\x03\x08\x0f\x1c\x1f\x0f\x0f\x0f\x0f\x00\x03\x00\x01\x00\x03\x03\x0c\x0f\x10\x1f\x00\x0f0\x0f0'),
                            bytearray(b'\x98\x98\x88\x88\x00\x00\x14\xf4\x00\xf8\x1c\xfc=\xfc>\xfed\x98v\x8a\x1e\xe8\xf2\x0c\xf8\x04\xfc\x02\xfc\x03\xfe\x01'),
                            bytearray(b'\x0f\x0fg\x07f\x06`\x00q\x00sAwC?9\x0f0\x07x\x06y\x00\x7f\x00\x7fA\x7fC\x7f9?'),
                            bytearray(b'\xfe\xfe\xbe\xbf<=\x89\t\x84\x00\xff\x00\xff\xff\xfc\xf8\xff\x00\xbe@>\xc0\n\xf4\x03\xfd\x07\xf8\xfe\xfe\xf8\xff'),
                        ], is_16bit=False, y_plus=0, y_minus=0, x=120, y=101),
                        Tile(mirror=False, invert=False, format=1, length=7, subtile_bytes=[
                            bytearray(b'@\x00`\x00\xb0\x80\xb0\x80\xb0\x80\x00\x00\x80\x00\x80\x00\x00\xc0\x00\xe0\x80p\x80p\x80p\x00\xc0\x00\xc0\x00\xc0'),
                            None,
                            bytearray(b'\x80\x00\x00\x00\x00\x00\x00\x00\x00\x00\x00\x00\x00\x00\x00\x00\x00\x80\x00\x00\x00\x00\x00\x00\x00\x00\x00\x00\x00\x00\x00\x00'),
                            None,
                        ], is_16bit=False, y_plus=0, y_minus=0, x=136, y=117),
                    ]
                ),
                Mold(18, gridplane=False,
                    tiles=[
                        Tile(mirror=False, invert=False, format=0, length=7, subtile_bytes=[
                            bytearray(b'\x03\x03\x03\x03\x00\x00\x00\x03\x08\x0f\x1c\x1f\x0f\x0f\x0f\x0f\x00\x03\x00\x01\x00\x03\x03\x0c\x0f\x10\x1f\x00\x0f0\x0f0'),
                            bytearray(b'\x98\x98\x88\x88\x00\x00\x14\xf4\x00\xf8\x1c\xfc=\xfc>\xfed\x98v\x8a\x1e\xe8\xf2\x0c\xf8\x04\xfc\x02\xfc\x03\xfe\x01'),
                            bytearray(b'\x0f\x0fg\x07f\x06`\x00q\x00sAwC?9\x0f0\x07x\x06y\x00\x7f\x00\x7fA\x7fC\x7f9?'),
                            bytearray(b'\xfe\xfe\xbe\xbf<=\x89\t\x84\x00\xff\x00\xff\xff\xfc\xf8\xff\x00\xbe@>\xc0\n\xf4\x03\xfd\x07\xf8\xfe\xfe\xf8\xff'),
                        ], is_16bit=False, y_plus=0, y_minus=0, x=120, y=100),
                        Tile(mirror=False, invert=False, format=1, length=11, subtile_bytes=[
                            bytearray(b'\x7fsq@\xe7\x87\xf3\x83p\x00p\x00\x14\x00\x12\x00s\x7f@\x7f\x87\xf8\x83\xfc\x00\x7f\x00\x7f\x00\x1f\x04\x1b'),
                            bytearray(b'\xfc\xf0\xe7\x07\xf3\xff\xf3\xff\xfb\xff\xfa\xbe\xda\x1e\xec\xcc\xf0\xff\x07\xf8\xff\x00\xff\x00\xff\x00\xbeA\x1e\xe1\xcc\xf3'),
                            bytearray(b'\x11\x00  !!##\x0e\x0e\x00\x00\x00\x00\x00\x00\x1e\x01?#?3?7\x0e\x0e\x00\x00\x00\x00\x00\x00'),
                            bytearray(b'\xebb\xdd\xc8\xee\xc4~r>:\x1e\x1e\x00\x00\x00\x00\xe2}\xf8\xcf\xfc\xc6~r>:\x1e\x1e\x00\x00\x00\x00'),
                        ], is_16bit=False, y_plus=0, y_minus=0, x=121, y=116),
                        Tile(mirror=False, invert=False, format=1, length=7, subtile_bytes=[
                            bytearray(b'@\x00`\x00\xb0\x80\xb0\x80\xb0\x80\x00\x00\x80\x00\x80\x00\x00\xc0\x00\xe0\x80p\x80p\x80p\x00\xc0\x00\xc0\x00\xc0'),
                            None,
                            bytearray(b'\x80\x00\x00\x00\x00\x00\x00\x00\x00\x00\x00\x00\x00\x00\x00\x00\x00\x80\x00\x00\x00\x00\x00\x00\x00\x00\x00\x00\x00\x00\x00\x00'),
                            None,
                        ], is_16bit=False, y_plus=0, y_minus=0, x=137, y=116),
                        Tile(mirror=False, invert=False, format=0, length=5, subtile_bytes=[
                            bytearray(b'\x00\x00\x00\x00\x00\x00\x00\x00\x00\x00\x00\x00\x00\x00\x00\x00\x00\x00\x00\x00\x00\x00\x00\x00\x00\x00\x00\x00\x00\x00\x00\x00'),
                            None,
                            bytearray(b'\x00@\xa0\xc0\x80\x80  \xa0`\x80\xc0 \x00`\x00\xa0\x00\x10\x00p\x00\xd0\x00\x90\x000\x00\x10\xe0\x00\xe0'),
                            None,
                        ], is_16bit=False, y_plus=0, y_minus=0, x=136, y=100),
                    ]
                ),
                Mold(19, gridplane=False,
                    tiles=[
                        Tile(mirror=False, invert=False, format=1, length=11, subtile_bytes=[
                            bytearray(b'\x1f\x1c\x1c\x109!< \x1c\x00\x1c\x00\x05\x00\x05\x00\x1c\x1f\x10\x1f!> ?\x00\x1f\x00\x1f\x00\x07\x00\x07'),
                            bytearray(b'\xff\xfcy\x01\xfc\xff\xfc\xff>?>/6\x07\xbb\x03\xfc\xff\x01\xfe\xff\x00\xff\x00?\xc0/\xd0\x07\xf8\x03\xfc'),
                            bytearray(b'\x01\x00\x02\x00\x06\x04\x08\x08\x08\x08\x08\x08\x03\x03\x00\x00\x01\x02\x03\x00\x07\x04\x0f\x08\x0f\x0c\x0f\r\x03\x03\x00\x00'),
                            bytearray(b'\xfa8=\x18?\x1876aa\xc0\xc0\x80\x80\x00\x00\xbc{\xfe\x19\xff\x18\xf7\xf6\xe1\xe1\xc0\xc0\x80\x80\x00\x00'),
                        ], is_16bit=False, y_plus=0, y_minus=0, x=120, y=115),
                        Tile(mirror=False, invert=False, format=1, length=11, subtile_bytes=[
                            bytearray(b'\x00\x00\x00\x00\x00\x00\x00\x00\x02\x03\x07\x07\x03\x03\x03\x03\x00\x00\x00\x00\x00\x00\x00\x03\x03\x04\x07\x00\x03\x0c\x03\x0c'),
                            bytearray(b'\xe6\xe6\xe2\xe2\x00\x00\x05\xfd\x00\xfe\x07\xff\xcf\xff\xcf\xff\x19\xe6\x1db\x07\xfa\xfc\x03\xfe\x01\xff\x00\xff\x00\xff\x00'),
                            bytearray(b'\x03\x03\x19\x01\x19\x01\x18\x00\x1c\x00\x1c\x10\x1d\x10\x0f\x0e\x03\x0c\x01\x1e\x01\x1e\x00\x1f\x00\x1f\x10\x1f\x10\x1f\x0e\x0f'),
                            bytearray(b'\xff\xff\xef\xef\x8f\x8f"\x02a\x00\xff@\xff\xff\xff~\xff\x00\xef\x10\x8fp\x02\xfd\x00\xffA\xfe\xff\xff~\xff'),
                        ], is_16bit=False, y_plus=0, y_minus=0, x=120, y=99),
                        Tile(mirror=False, invert=False, format=1, length=7, subtile_bytes=[
                            bytearray(b'\x00\x00\x00\x00\x00\x00\x00\x00\x00\x00\x00\x00@\x00\x80\x80\x00\x00\x80\x80\x80\x00\x80\x00\x00\x00\x00\x80\x00\xc0\x80@'),
                            None,
                            bytearray(b'\x80\x80\xa0\xe0 pHP \x00\xe8(\xc8\xc0\x18\x00\xc0\x00\x80\x00\x88\x00\xa4\x00\xfc@\xd4\x00\x84\xb8\x00\xf8'),
                            None,
                        ], is_16bit=False, y_plus=0, y_minus=0, x=136, y=99),
                        Tile(mirror=False, invert=False, format=1, length=7, subtile_bytes=[
                            bytearray(b'\x10\x00\xd8\xc0\xec\xe0\xec\xe0\xec\xe0\x80\x80\xa0\x80 \x00\x00\xf0\xc08\xe0\x1c\xe0\x1c\xe0\x1c\x80p\x80p\x00\xf0'),
                            None,
                            bytearray(b'\xe0\x80@\x00\xc0@\xc0@\xc0\xc0\x00\x00\x00\x00\x00\x00\x80`\x00\xc0@\xc0\xc0@\xc0\xc0\x00\x00\x00\x00\x00\x00'),
                            None,
                        ], is_16bit=False, y_plus=0, y_minus=0, x=136, y=115),
                    ]
                ),
                Mold(20, gridplane=False,
                    tiles=[
                        Tile(mirror=False, invert=False, format=0, length=5, subtile_bytes=[
                            bytearray(b'\x00\x00\x00\x00\x80\x80\xa0\x80 \x00\x10\x00\x90\x00\xf0\x00\x00\x00\x00\x80\x80@\x80`\x00\xe0\x00\xf0\x00\xf0\x00\xf0'),
                            None,
                            bytearray(b' @\x80\x80\xa0\xa0 `\xa0`\xc0\xc0 \x00`\x00\x90\x00p\x00P\x00\x90\x00\x90\x000\x00\x00\xe0\x00\xe0'),
                            None,
                        ], is_16bit=False, y_plus=0, y_minus=0, x=138, y=101),
                        Tile(mirror=False, invert=False, format=0, length=7, subtile_bytes=[
                            bytearray(b'\x00\x18 &HI\x11=##\x07G(`)`\x00\x0081v@Bh\\\x078\x0f\x1f\x10\x1f\x16'),
                            bytearray(b'\x00\x00\x02~\x19\xefc\x7f\x13\x1fp@\xbf \xf7\x00\x00~~\x81\x7f\xb0\x97\x1c\xe7\x0c\xc0\xff\xe0?\xf87'),
                            bytearray(b'Mg\t/\x13\x07\x12"\x11\x1b\tC\x94\xc0<4\x18\x12P\x168\x04\x1d\x04d\x04\xbc\xa4\xbf\xa9K\x00'),
                            bytearray(b'\x9b\x00\xff\x04\xea\x88\x06\x00\x8f\x80\xbf\x85Y=A\x8d\xee\xc9\x8f\x8cw`\xff\x00\x7f\x00\x7f\x05\xdb\xbds\xad'),
                        ], is_16bit=False, y_plus=0, y_minus=0, x=122, y=100),
                        Tile(mirror=False, invert=False, format=1, length=7, subtile_bytes=[
                            bytearray(b'\x00\x00\x08\x00\x10\x00\x18\x00@\x00\x80\x00\x80\x00\x80\x00\x00\xf0\x00\xf8\x00\xf0\x00\xf8\x00\xc0\x00\x80\x00\x80\x80\x00'),
                            None,
                            bytearray(b'\x00\x00\x00\x00\x00\x00\x00\x00\x00\x00\x00\x00\x00\x00\x00\x00\x00\x00\x00\x00\x00\x00\x00\x00\x00\x00\x00\x00\x00\x00\x00\x00'),
                            None,
                        ], is_16bit=False, y_plus=0, y_minus=0, x=138, y=117),
                        Tile(mirror=False, invert=False, format=1, length=11, subtile_bytes=[
                            bytearray(b'J\x0b\x04\x0444d,$\x0c\n\n\x03\x02\t\x004A\x1f\xe4?\xc73\xd1\x131\r\t\x1d\x10\x1f\x10'),
                            bytearray(b'\x03D\xaf\xe2LT\x16._\x7f\x9f\xaf\x86\x02\x84\x84\xbae\x1a\x17\xac\xa3\xfeA\xff\x00\xaf\xd0\x9a5\xba\xa9'),
                            bytearray(b'\x1f\x11\x0e\x0e\x00\x00\x00\x00\x00\x00\x00\x00\x00\x00\x00\x00\x1f\x11\x0e\x0e\x00\x00\x00\x00\x00\x00\x00\x00\x00\x00\x00\x00'),
                            bytearray(b'\t\x18\x00\x00}Aa@iH?!\x1e\x1e\x00\x00%4<4\x7fC\x7f@wB?!\x1e\x1e\x00\x00'),
                        ], is_16bit=False, y_plus=0, y_minus=0, x=122, y=116),
                    ]
                ),
                Mold(21, gridplane=False,
                    tiles=[
                        Tile(mirror=False, invert=False, format=1, length=7, subtile_bytes=[
                            bytearray(b'\x00\x00\x08\x00\x10\x00\x18\x00@\x00\x80\x00\x80\x00\x80\x00\x00\xf0\x00\xf8\x00\xf0\x00\xf8\x00\xc0\x00\x80\x00\x80\x80\x00'),
                            None,
                            bytearray(b'\x00\x00\x80\x80\x80\x00\x80\x00\x80\x80\x00\x00\x00\x00\x00\x00\x00\x00\x80\x80\x80\x00\x80\x00\x80\x80\x00\x00\x00\x00\x00\x00'),
                            None,
                        ], is_16bit=False, y_plus=0, y_minus=0, x=136, y=116),
                        Tile(mirror=False, invert=False, format=1, length=11, subtile_bytes=[
                            bytearray(b"J\x0b\x05\x05<<d$3\x03\x02\x02\x02\x06\x02\x064@\x1e\xe4?\xc7\'\xde\x06>\x07\x03\t\x08\t\x08"),
                            bytearray(b'\x03\xa4Wr$,\x1a\\_\xfd\x1f/\x06\x02\x0c\x0cZ\xb5\x8a\x0fP\xd3\xe2!{\x00\xafP\xda\xbd\xf2\xb3'),
                            bytearray(b'\x05\x05\x01\x01\x04\x00\x0f\x08\x07\x07\x00\x00\x00\x00\x00\x00\x06\x04\x0e\x08\x0f\x08\x0f\x08\x07\x07\x00\x00\x00\x00\x00\x00'),
                            bytearray(b'ml\xf1 \xf0`\xb5\xa4\x1f\x10\x0f\x0f\x00\x00\x00\x00\xf3\xf2\xff.\xff`\xbb\xa0\x1f\x10\x0f\x0f\x00\x00\x00\x00'),
                        ], is_16bit=False, y_plus=0, y_minus=0, x=120, y=116),
                        Tile(mirror=False, invert=False, format=0, length=5, subtile_bytes=[
                            bytearray(b'\x00\x00\x00\x00\x80\x80\xa0\x80 \x00\x10\x00\x90\x00\xf0\x00\x00\x00\x00\x80\x80@\x80`\x00\xe0\x00\xf0\x00\xf0\x00\xf0'),
                            None,
                            bytearray(b'\xe0\x00\xc0\xc0\x00\x00\x00\x00\x80\x00\xc0\x80\xe0\xc0\xc0\x00\x00\xe0  \xe0@\xc0@\xc0@\x80\xc0\xc0\xe0\x00\xf0'),
                            None,
                        ], is_16bit=False, y_plus=0, y_minus=0, x=137, y=100),
                        Tile(mirror=False, invert=False, format=0, length=7, subtile_bytes=[
                            bytearray(b'\x00\x18 &HI\x11=##\x07G(`)`\x00\x0081v@Bh\\\x078\x0f\x1f\x10\x1f\x16'),
                            bytearray(b'\x00\x00\x02~\x19\xefc\x7f\x13\x1fp@\xbf \xf7\x00\x00~~\x81\x7f\xb0\x97\x1c\xe7\x0c\xc0\xff\xe0?\xf87'),
                            bytearray(b'\x05\x0f\t\x0f\x03\x07\x02\n\x11\x1b\x01K\x94\xd4<<\x00\x02\x00\x02\x08\x005\x10d\x00\xb4\x80\xab\xa1c!'),
                            bytearray(b'\x9b\x00\xff\x04\xea\x88\x06\x00\x8f\x80\xbf\x85i\x1d!E\xee\xc9\x8f\x8cw`\xff\x00\x7f\x00\x7f\x05\xeb\x9d\xbbU'),
                        ], is_16bit=False, y_plus=0, y_minus=0, x=121, y=100),
                    ]
                ),
                Mold(22, gridplane=False,
                    tiles=[
                        Tile(mirror=False, invert=False, format=1, length=5, subtile_bytes=[
                            bytearray(b'\x00\x00\x08\x00\x10\x00\x18\x00@\x00\x80\x00\x80\x00\x80\x80\x00\xf0\x00\xf8\x00\xf0\x00\xf8\x00\xc0\x00\x80\x00\x80\x80\x80'),
                            None,
                            None,
                            None,
                        ], is_16bit=False, y_plus=0, y_minus=0, x=136, y=116),
                        Tile(mirror=False, invert=False, format=1, length=11, subtile_bytes=[
                            bytearray(b"R\x13\r\r,$d$3\x03\x06\x06\r\t\t\t\x08l\x16\xe4?\xc7\'\xde\x06>\x0f\x07\x17\x13\x16\x12"),
                            bytearray(b"s\xf4\xcb\x82\x0cl\x0eb_\xff\x1b+\xde\xc2\'!\n\r>Gp\x83\xfe\x01\x7f\x00\xafT\xda\xe5\xff\xb9"),
                            bytearray(b'\x0b\x0b\x05\x05\x01\x01\x04\x00\x0f\x08\x07\x07\x00\x00\x00\x00\x0c\x08\x06\x04\x0e\x08\x0f\x08\x0f\x08\x07\x07\x00\x00\x00\x00'),
                            bytearray(b'+\t\x7fc\xde\x1e\xc0@\x80\x80\x00\x00\x00\x00\x00\x00\xf7\x85\xff\xe3\xde\x1e\xc0@\x80\x80\x00\x00\x00\x00\x00\x00'),
                        ], is_16bit=False, y_plus=0, y_minus=0, x=120, y=116),
                        Tile(mirror=False, invert=False, format=1, length=7, subtile_bytes=[
                            bytearray(b'\x00\x00\x00\x00\x80\x80\xa0\x80 \x00\x10\x00\x90\x00\xf0\x00\x00\x00\x00\x80\x80@\x80`\x00\xe0\x00\xf0\x00\xf0\x00\xf0'),
                            None,
                            bytearray(b'\xe0\x00\xc0\xc0\x00\x00\x00\x00\x80\x00\xc0\x80\xe0\xc0\xc0\x00\x00\xe0  \xe0@\xc0@\xc0@\x80\xc0\xc0\xe0\x00\xf0'),
                            None,
                        ], is_16bit=False, y_plus=0, y_minus=0, x=136, y=100),
                        Tile(mirror=False, invert=False, format=1, length=11, subtile_bytes=[
                            bytearray(b"\x00\x00\x00\x0012\'\'\x07\x07\x06\x06\t\x01\x01\x08\x00\x00\x00\x01\x0f3X&x\x1f9\x0f\x1f\x11\x07\x06"),
                            bytearray(b'\x00\x00\x02~\x19\xefc\x7f\x03\x17\x00\x94+\xa8{x\x00~~\x81\x7f\xb0\x97\x1c\xeb\x00h#TG\x84\x07'),
                            bytearray(b'\x04\x0f\x08\x07\t\x11\x00(U]\tk$\x14h\x0c\x00\x00\x08\x04.\x14\x17,"\x02\x14t\x0b;\x13g'),
                            bytearray(b'\x93\x10\xc7\x04\xea\x98\x0e\x18\xaf\xb0\xa7\xb5I\r1\x15\xee\xe1\xbf\x84g`\xe7\x00O\x00O\x05\xfb\x8d\xeb\x8d'),
                        ], is_16bit=False, y_plus=0, y_minus=0, x=120, y=100),
                    ]
                ),
                Mold(23, gridplane=False,
                    tiles=[
                    ]
                ),
                Mold(24, gridplane=False,
                    tiles=[
                        Tile(mirror=False, invert=False, format=1, length=11, subtile_bytes=[
                            bytearray(b'???98 3\x039\x018\x008\x00\n\x00??9? ?\x03<\x01>\x00?\x00?\x00\x0f'),
                            bytearray(b'\xe7\xc3\xfe\xf8\xf3\x03\xf9\xff\xf9\xff}\x7f}_m/\xff\xdb\xf8\xff\x03\xfc\xff\x00\xff\x00\x7f\x80_\xa0/\xf0'),
                            bytearray(b'\x08\x00\x00\x00\x00\x00\x01\x00\x03\x02\x02\x02\x01\x01\x00\x00\x00\r\x00\x01\x01\x01\x01\x00\x03\x02\x03\x03\x01\x01\x00\x00'),
                            bytearray(b'vv\xbb\x83\xb5\x95SS\xe2`}@\xe3\xc1>>v\xf9{\x05m\x07\xef\xe7\xff}\xff\xc0\xff\xdd>>'),
                        ], is_16bit=False, y_plus=0, y_minus=0, x=117, y=115),
                        Tile(mirror=False, invert=False, format=1, length=11, subtile_bytes=[
                            bytearray(b'\x00\x00\x00\x00\x00\x00\x00\x00\x01\x01\x02\x03\x00\x03\x04\x07\x00\x00\x00\x00\x00\x00\x00\x00\x01\x02\x03\x00\x03\x04\x07\x00'),
                            bytearray(b"\x00\x00\x00\x00\x10\x1022\x03\xfb\n\xee\x17\xf7\'\xe7\x00\x00\x00\x00h\x10M\x82\xf8\x05\xef\x10\xf7\x08\xe7\x18"),
                            bytearray(b'\x0e\x07\x0f\x07\x07\x07\x16\x069 \x0f!\x0f\x04\x1e\x1c\x07\x08\x07\x08\x07\x08\x16\t\x10\x0f\x11/\x1f\x14\x1f\x1d'),
                            bytearray(b'\xe6\xe6\xcf\xcf\xbf\x9f\xfe^\xfd\xdc\xe0\x80\xe6\x86=<\xe6\x19\xcf0\x9f`^\xe1\xdd\xe2\x81\xfe\x99\xe0\xc3\x00'),
                        ], is_16bit=False, y_plus=0, y_minus=0, x=117, y=99),
                        Tile(mirror=False, invert=False, format=1, length=7, subtile_bytes=[
                            bytearray(b'\x00\x00\x00\x00\x00\x00\x00\x00\x80\x80\x88\x80\x0b\x00\x1b\x00\x00\x00\x00\x00\x00\x00\x00\x00\x10\x80\x14\x80\x94\x00\x14\x90'),
                            None,
                            bytearray(b'[\x00W\x00@\x0f\xf8oI\xcf\xcc\xcf #\xcaC\x0c\xc8\x0b\xc30\xc0\x10\x90\x00\x00\x00\x00\xdc\xc0\x848'),
                            None,
                        ], is_16bit=False, y_plus=0, y_minus=0, x=133, y=99),
                        Tile(mirror=False, invert=False, format=1, length=7, subtile_bytes=[
                            bytearray(b'\x1b\x1f"\x16\xb0\x80\xf8\xf0\xd8\xc0\xd8\xc0\x80\x00\x80\x00\x00\xe0\x08\xe0\x8cp\xf0\x08\xc08\xc08\x80`\x80 '),
                            None,
                            bytearray(b'\x00\x00\x00\x00\x00\x00\x80\x80\xc0@\xc0@\x80\x80\x00\x00\x00 \x00\x00\x00\x00\x80\x80\xc0@\xc0@\x80\x80\x00\x00'),
                            None,
                        ], is_16bit=False, y_plus=0, y_minus=0, x=133, y=115),
                    ]
                ),
                Mold(25, gridplane=False,
                    tiles=[
                        Tile(mirror=False, invert=False, format=1, length=11, subtile_bytes=[
                            bytearray(b'\x00\x00\x00\x00\x00\x00\x00\x00\x01\x01\x02\x03\x00\x03\x04\x07\x00\x00\x00\x00\x00\x00\x00\x00\x01\x02\x03\x00\x03\x04\x07\x00'),
                            bytearray(b"\x00\x00\x00\x00\x10\x1022\x03\xfb\n\xee\x17\xf7\'\xe7\x00\x00\x00\x00h\x10M\x82\xf8\x05\xef\x10\xf7\x08\xe7\x18"),
                            bytearray(b'\x0e\x07\x0f\x07\x07\x07\x16\x069 \x0f!\x0f\x04\x1e\x1c\x07\x08\x07\x08\x07\x08\x16\t\x10\x0f\x11/\x1f\x14\x1f\x1d'),
                            bytearray(b'\xe6\xe6\xcf\xcf\xbf\x9f\xfe^\xfd\xdc\xe0\x80\xe6\x86=<\xe6\x19\xcf0\x9f`^\xe1\xdd\xe2\x81\xfe\x99\xe0\xc3\x00'),
                        ], is_16bit=False, y_plus=0, y_minus=0, x=117, y=99),
                        Tile(mirror=False, invert=False, format=1, length=11, subtile_bytes=[
                            bytearray(b'???98 3\x039\x018\x008\x00\n\x00??9? ?\x03<\x01>\x00?\x00?\x00\x0f'),
                            bytearray(b'\xe7\xc3\xfe\xf8\xf3\x03\xf9\xff\xf9\xff}\x7f}_m/\xff\xdb\xf8\xff\x03\xfc\xff\x00\xff\x00\x7f\x80_\xa0/\xf0'),
                            bytearray(b'\x08\x00\x00\x00\x00\x00\x01\x00\x03\x02\x02\x02\x01\x01\x00\x00\x00\r\x00\x01\x01\x01\x01\x00\x03\x02\x03\x03\x01\x01\x00\x00'),
                            bytearray(b'vv\xbb\x83\xb5\x95SS\xe2`}@\xe3\xc1>>v\xf9{\x05m\x07\xef\xe7\xff}\xff\xc0\xff\xdd>>'),
                        ], is_16bit=False, y_plus=0, y_minus=0, x=117, y=115),
                        Tile(mirror=False, invert=False, format=1, length=11, subtile_bytes=[
                            bytearray(b'\x00\x00\x00\x00\x00\x00\x00\x00\x80\x80\x8c\x80M\x00\x1d\x00\x00\x00\x00\x00\x00\x00\x00\x00\x10\x80\x12\x80\x92@R\x90'),
                            bytearray(b'\x00\x00\x00\x00\x00\x00\x00\x00\x00\x00\x00\x00\xc0\x00\xc0\x00\x00\x00\x00\x00\x00\x00\x00\x00\x00\x00\x00\x00\x00\x00 \x00'),
                            bytearray(b']\x00X\x0fP\x1f\xf8oA\xcf\xce\xcf"#\xcaC\x1e\xdc\x10\xd0\x00\xc0\x10\x90\x00\x00\x00\x00\xdc\xc0\x848'),
                            bytearray(b'\xc0\x00\x00\x80@\xc0\xc0\xc0\x80\x80\x80\x80\x00\x80\x00\x80`@@\x00\x00\x00\x00\x00\x00\x00\x00\x00\x00\x00\x00\x00'),
                        ], is_16bit=False, y_plus=0, y_minus=0, x=133, y=99),
                        Tile(mirror=False, invert=False, format=1, length=7, subtile_bytes=[
                            bytearray(b'\x1b\x1f"\x16\xb0\x80\xf8\xf0\xd8\xc0\xd8\xc0\x80\x00\x80\x00\x00\xe0\x08\xe0\x8cp\xf0\x08\xc08\xc08\x80`\x80 '),
                            None,
                            bytearray(b'\x00\x00\x00\x00\x00\x00\x80\x80\xc0@\xc0@\x80\x80\x00\x00\x00 \x00\x00\x00\x00\x80\x80\xc0@\xc0@\x80\x80\x00\x00'),
                            None,
                        ], is_16bit=False, y_plus=0, y_minus=0, x=133, y=115),
                    ]
                ),
                Mold(26, gridplane=False,
                    tiles=[
                        Tile(mirror=False, invert=False, format=1, length=11, subtile_bytes=[
                            bytearray(b'\x00\x00\x00\x00\x00\x00\x00\x00\x01\x01\x02\x03\x00\x03\x04\x07\x00\x00\x00\x00\x00\x00\x00\x00\x01\x02\x03\x00\x03\x04\x07\x00'),
                            bytearray(b"\x00\x00\x00\x00\x10\x1022\x03\xfb\n\xee\x17\xf7\'\xe7\x00\x00\x00\x00h\x10M\x82\xf8\x05\xef\x10\xf7\x08\xe7\x18"),
                            bytearray(b'\x0e\x07\x0f\x07\x07\x07\x16\x069 \x0f!\x0f\x04\x1e\x1c\x07\x08\x07\x08\x07\x08\x16\t\x10\x0f\x11/\x1f\x14\x1f\x1d'),
                            bytearray(b'\xe6\xe6\xcf\xcf\xbf\x9f\xfe^\xfd\xdc\xe0\x80\xe6\x86=<\xe6\x19\xcf0\x9f`^\xe1\xdd\xe2\x81\xfe\x99\xe0\xc3\x00'),
                        ], is_16bit=False, y_plus=0, y_minus=0, x=117, y=99),
                        Tile(mirror=False, invert=False, format=1, length=11, subtile_bytes=[
                            bytearray(b'???98 3\x039\x018\x008\x00\n\x00??9? ?\x03<\x01>\x00?\x00?\x00\x0f'),
                            bytearray(b'\xe7\xc3\xfe\xf8\xf3\x03\xf9\xff\xf9\xff}\x7f}_m/\xff\xdb\xf8\xff\x03\xfc\xff\x00\xff\x00\x7f\x80_\xa0/\xf0'),
                            bytearray(b'\x08\x00\x00\x00\x00\x00\x01\x00\x03\x02\x02\x02\x01\x01\x00\x00\x00\r\x00\x01\x01\x01\x01\x00\x03\x02\x03\x03\x01\x01\x00\x00'),
                            bytearray(b'vv\xbb\x83\xb5\x95SS\xe2`}@\xe3\xc1>>v\xf9{\x05m\x07\xef\xe7\xff}\xff\xc0\xff\xdd>>'),
                        ], is_16bit=False, y_plus=0, y_minus=0, x=117, y=115),
                        Tile(mirror=False, invert=False, format=1, length=11, subtile_bytes=[
                            bytearray(b'\x00\x00\x00\x00\x00\x00\x00\x00\x80\x80\xb0\x807\x00w\x00\x00\x00\x00\x00\x00\x00\x00\x00@\x80H\x80\xc8\x00H\xc0'),
                            bytearray(b'\x00\x00\x00\x00\x00\x00\x00\x00\x00\x00\x00\x00\x00\x00\x00\x00\x00\x00\x00\x00\x00\x00\x00\x00\x00\x00\x00\x00\x00\x00\x80\x00'),
                            bytearray(b'w\x00~\x00Q\x1f\xf2~l\xed\xee\xef"#\xcaC9\xf1\'\xe6 \xc0\x01\x80\x02\x00\x00\x00\xd4\xc0\x848'),
                            bytearray(b'\x00\x00\x80\x80\x80\x80\x00\x00\x80\x80\x80\x80\x00\x80\x00\x80\x80\x00\x00\x00\x00\x00\x80\x00\x00\x00\x00\x00\x00\x00\x00\x00'),
                        ], is_16bit=False, y_plus=0, y_minus=0, x=133, y=99),
                        Tile(mirror=False, invert=False, format=1, length=7, subtile_bytes=[
                            bytearray(b'\x1b\x1f"\x16\xb0\x80\xf8\xf0\xd8\xc0\xd8\xc0\x80\x00\x80\x00\x00\xe0\x08\xe0\x8cp\xf0\x08\xc08\xc08\x80`\x80 '),
                            None,
                            bytearray(b'\x00\x00\x00\x00\x00\x00\x80\x80\xc0@\xc0@\x80\x80\x00\x00\x00 \x00\x00\x00\x00\x80\x80\xc0@\xc0@\x80\x80\x00\x00'),
                            None,
                        ], is_16bit=False, y_plus=0, y_minus=0, x=133, y=115),
                    ]
                ),
                Mold(27, gridplane=False,
                    tiles=[
                        Tile(mirror=False, invert=False, format=1, length=11, subtile_bytes=[
                            bytearray(b'???98 3\x039\x018\x008\x00\n\x00??9? ?\x03<\x01>\x00?\x00?\x00\x0f'),
                            bytearray(b'\xe7\xc3\xfe\xf8\xf3\x03\xf9\xff\xf9\xff}\x7f}_m/\xff\xdb\xf8\xff\x03\xfc\xff\x00\xff\x00\x7f\x80_\xa0/\xf0'),
                            bytearray(b'\x08\x00\x00\x00\x00\x00\x01\x00\x03\x02\x02\x02\x01\x01\x00\x00\x00\r\x00\x01\x01\x01\x01\x00\x03\x02\x03\x03\x01\x01\x00\x00'),
                            bytearray(b'vv\xbb\x83\xb5\x95SS\xe2`}@\xe3\xc1>>v\xf9{\x05m\x07\xef\xe7\xff}\xff\xc0\xff\xdd>>'),
                        ], is_16bit=False, y_plus=0, y_minus=0, x=117, y=115),
                        Tile(mirror=False, invert=False, format=1, length=11, subtile_bytes=[
                            bytearray(b'\x00\x00\x00\x00\x00\x00\x00\x00\x01\x01\x02\x03\x00\x03\x04\x07\x00\x00\x00\x00\x00\x00\x00\x00\x01\x02\x03\x00\x03\x04\x07\x00'),
                            bytearray(b"\x00\x00\x00\x00\x10\x1022\x03\xfb\n\xee\x17\xf7\'\xe7\x00\x00\x00\x00h\x10M\x82\xf8\x05\xef\x10\xf7\x08\xe7\x18"),
                            bytearray(b'\x0e\x07\x0f\x07\x07\x07\x16\x069 \x0f!\x0f\x04\x1e\x1c\x07\x08\x07\x08\x07\x08\x16\t\x10\x0f\x11/\x1f\x14\x1f\x1d'),
                            bytearray(b'\xe6\xe6\xcf\xcf\xbf\x9f\xfe^\xfd\xdc\xe0\x80\xe6\x86=<\xe6\x19\xcf0\x9f`^\xe1\xdd\xe2\x81\xfe\x99\xe0\xc3\x00'),
                        ], is_16bit=False, y_plus=0, y_minus=0, x=117, y=99),
                        Tile(mirror=False, invert=False, format=1, length=9, subtile_bytes=[
                            bytearray(b'\x00\x00\x00\x00\x00\x00\x00\x00\x80\x80\x80\x80\x00\x00\x00\x00\x00\x00\x00\x00\x00\x00\x00\x00\x00\x80\x00\x80\x80\x00\x00\x80'),
                            None,
                            bytearray(b'@\x00@\x00@\x00\xc0@C\xc8\xcf\xc0! \xd4G\x00\xc0\x00\xc0\x00\xc0\x00\x80\x00\x00\x08\x08\xdf\xc1\x880'),
                            bytearray(b'\x00\x00\x00\x00\x00\x00\x00\x00\x80\x00\xe0\x00\x80@`\xe0\x00\x00\x00\x00\x00\x00\x00\x00\x00\x00\x00\x00 \x00\x00\x00'),
                        ], is_16bit=False, y_plus=0, y_minus=0, x=133, y=99),
                        Tile(mirror=False, invert=False, format=1, length=9, subtile_bytes=[
                            bytearray(b'\x17\x1f$\x0c\xb0\x90\xf8\xf0\xd8\xc0\xd8\xc0\x80\x00\x80\x00\x00\xe0\x13\xe0\x8e`\xf0\x08\xc08\xc08\x80`\x80 '),
                            bytearray(b'\xc0\xc0\x00\x00\x00\x00\x00\x00\x00\x00\x00\x00\x00\x00\x00\x00 \x00\x80\x00\x00\x00\x00\x00\x00\x00\x00\x00\x00\x00\x00\x00'),
                            bytearray(b'\x00\x00\x00\x00\x00\x00\x80\x80\xc0@\xc0@\x80\x80\x00\x00\x00 \x00\x00\x00\x00\x80\x80\xc0@\xc0@\x80\x80\x00\x00'),
                            None,
                        ], is_16bit=False, y_plus=0, y_minus=0, x=133, y=115),
                    ]
                ),
                Mold(28, gridplane=False,
                    tiles=[
                        Tile(mirror=False, invert=False, format=1, length=7, subtile_bytes=[
                            bytearray(b'\x00\x00 \x00\xb0\x80\xd8\xc0\xd8\xc0\xd8\xc0\x80\x00\x80\x00\x00\xe0\x00\xe0\x80p\xc08\xc08\xc08\x80`\xc0 '),
                            None,
                            bytearray(b'@@\x80\x80\x00\x80\x80\x80\xc0@\xc0@\x80\x80\x00\x00\x80 @\x00@\x00\x80\x80\xc0@\xc0@\x80\x80\x00\x00'),
                            None,
                        ], is_16bit=False, y_plus=0, y_minus=0, x=133, y=115),
                        Tile(mirror=False, invert=False, format=1, length=11, subtile_bytes=[
                            bytearray(b'\x00\x00\x00\x00\x00\x00\x00\x00\x01\x01\x02\x03\x00\x03\x04\x07\x00\x00\x00\x00\x00\x00\x00\x00\x01\x02\x03\x00\x03\x04\x07\x00'),
                            bytearray(b"\x00\x00\x00\x00\x10\x1022\x03\xfb\n\xee\x17\xf7\'\xe7\x00\x00\x00\x00h\x10M\x82\xf8\x05\xef\x10\xf7\x08\xe7\x18"),
                            bytearray(b'\x0e\x07\x0f\x07\x07\x07\x16\x069 \x0f!\x0f\x04\x1e\x1c\x07\x08\x07\x08\x07\x08\x16\t\x10\x0f\x11/\x1f\x14\x1f\x1d'),
                            bytearray(b'\xe6\xe6\xcf\xcf\xbf\x9f\xfe^\xfd\xdc\xe0\x80\xe6\x86=<\xe6\x19\xcf0\x9f`^\xe1\xdd\xe2\x81\xfe\x99\xe0\xc3\x00'),
                        ], is_16bit=False, y_plus=0, y_minus=0, x=117, y=99),
                        Tile(mirror=False, invert=False, format=1, length=11, subtile_bytes=[
                            bytearray(b'???98 3\x039\x018\x008\x00\n\x00??9? ?\x03<\x01>\x00?\x00?\x00\x0f'),
                            bytearray(b'\xe7\xc3\xfe\xf8\xf3\x03\xf9\xff\xf9\xff}\x7f}_m/\xff\xdb\xf8\xff\x03\xfc\xff\x00\xff\x00\x7f\x80_\xa0/\xf0'),
                            bytearray(b'\x08\x00\x00\x00\x00\x00\x01\x00\x03\x02\x02\x02\x01\x01\x00\x00\x00\r\x00\x01\x01\x01\x01\x00\x03\x02\x03\x03\x01\x01\x00\x00'),
                            bytearray(b'vv\xbb\x83\xb5\x95SS\xe2`}@\xe3\xc1>>v\xf9{\x05m\x07\xef\xe7\xff}\xff\xc0\xff\xdd>>'),
                        ], is_16bit=False, y_plus=0, y_minus=0, x=117, y=115),
                        Tile(mirror=False, invert=False, format=1, length=7, subtile_bytes=[
                            bytearray(b'\x00\x00\x00\x00\x00\x00\x00\x00\x80\x80\x80\x80\x00\x00\x00\x00\x00\x00\x00\x00\x00\x00\x00\x00\x00\x80\x00\x80\x80\x00\x00\x80'),
                            None,
                            bytearray(b'@\x00@\x00@\x00\xc0@@\xc0\xc0\xc0  \xc8@\x00\xc0\x00\xc0\x00\xc0\x00\x80\x00\x00\x00\x00\xd0\xc0\x808'),
                            None,
                        ], is_16bit=False, y_plus=0, y_minus=0, x=133, y=99),
                    ]
                ),
                Mold(29, gridplane=True,
                    tiles=[
                        Tile(mirror=False, invert=False, format=1, length=15, subtile_bytes=[
                            bytearray(b'\x00\x00\x00\x00\x00\x00\x00\x00\x00\x00\x01\x01\x07\x07\x07\x07\x00\x00\x00\x00\x00\x00\x00\x00\x00\x01\x01\x02\x07\x00\x07\x00'),
                            bytearray(b'\x04\x07\x11\x1f#?HxSp\xf0\xf0~\xfe\xe0\xe0\x07\x08\x1f ?@x\x87p\x8f\xf0\x0f\xfe\x01\xe0\x1f'),
                            bytearray(b'\x00\x00@\x00@\x00\x00\x00\x00\x00@\x00@\x00\xc0\x00\x00\x80\x00\xc0\x00\xc0\x00\x80\x00\x80\x00\xc0\x00\xc0\x00\xc0'),
                            bytearray(b'\x00\x01\x05\x03\x0f\r\x0b\x08\x05\x01\x07\x07\x00\x0c\x05\x02\x06\x01\x0e\x02\x12\x0c\x16\t\x1e\x01\x0c\x07\x03\x0c\x01\x06'),
                            bytearray(b'G\xc0\x97\xf0\x87\xf0\xcf\xc1\xbf\x87\xfd\xbcA@\xc7\x00\xc0\xbfHg8w1\x0fG\xbf\x7f\xbe\xfff\xff8'),
                            bytearray(b'\xe0\x00\xe0\x00\xa0 \xe0\xe0\x80\x00\xa0\x0080<\xb8\x00\xe0\x10\xf0X\x98\x98\x98\xf8\x18\xf0P\xf0\xf8x\xbc'),
                            bytearray(b'\x0e\x00\n\x00\x02\x02\x07\x06\x06\x04\x05\x01\x01\x01\x00\x00\x01\x0e\x00\x0f\x02\x1d\x07\x18\x07\x10\x02\x04\x02\x00\x03\x03'),
                            bytearray(b"<\':\x0e?0\x81\x8f\x80\x8fk\x7fCE;\x01\xf8cq\x84\xc0\x8f\xef\xf0\xff\xc0\xcf\xc0\xf7\xe8{E"),
                            bytearray(b'8\xa0`\xc0\xe1\x00\x82\x80\xc3\xc0\xe8\xe0\xf0\xe0\xd0@`\xbe@\xfe\x00\xff\x80~\xc0?\xe0\x18\xe0\x10@\xb0'),
                            bytearray(b'\x00\x00\x00\x00\x00\x00\x00\x00\x00\x00\x03\x03\x00\x00\x00\x00\x00\x00\x00\x00\x01\x01\x03\x02\x03\x03\x03\x03\x00\x00\x00\x00'),
                            bytearray(b'\x1b\x01=\x1d=\x1d9\x11q1\xf3\xe13!\x1f\x1f\x7fA{Y\xfb\xd9\xffS\xff\xb7\xff\xe5?-\x1f\x1f'),
                            bytearray(b'\x90\x80\xa0\x80\x00\x00\x00\x00\x80\x80\x80\x80\x80\x80\x00\x00P `\x00\x00\x00\x00\x00\x80\x80\x80\x80\x80\x80\x00\x00'),
                        ], is_16bit=True, y_plus=0, y_minus=0, x=0, y=0),
                    ]
                ),
            ],
            sequences=[
                AnimationSequence(
                    frames=[
                        AnimationSequenceFrame(duration=2, mold_id=0),
                    ]
                ),
                AnimationSequence(
                    frames=[
                        AnimationSequenceFrame(duration=4, mold_id=1),
                        AnimationSequenceFrame(duration=4, mold_id=2),
                        AnimationSequenceFrame(duration=6, mold_id=1),
                        AnimationSequenceFrame(duration=2, mold_id=3),
                        AnimationSequenceFrame(duration=2, mold_id=4),
                        AnimationSequenceFrame(duration=6, mold_id=5),
                        AnimationSequenceFrame(duration=2, mold_id=6),
                        AnimationSequenceFrame(duration=2, mold_id=7),
                        AnimationSequenceFrame(duration=6, mold_id=8),
                        AnimationSequenceFrame(duration=6, mold_id=9),
                        AnimationSequenceFrame(duration=6, mold_id=8),
                        AnimationSequenceFrame(duration=6, mold_id=9),
                        AnimationSequenceFrame(duration=4, mold_id=7),
                        AnimationSequenceFrame(duration=4, mold_id=10),
                        AnimationSequenceFrame(duration=4, mold_id=11),
                    ]
                ),
                AnimationSequence(
                    frames=[
                        AnimationSequenceFrame(duration=2, mold_id=12),
                    ]
                ),
                AnimationSequence(
                    frames=[
                        AnimationSequenceFrame(duration=2, mold_id=13),
                    ]
                ),
                AnimationSequence(
                    frames=[
                        AnimationSequenceFrame(duration=2, mold_id=14),
                    ]
                ),
                AnimationSequence(
                    frames=[
                        AnimationSequenceFrame(duration=2, mold_id=15),
                    ]
                ),
                AnimationSequence(
                    frames=[
                        AnimationSequenceFrame(duration=2, mold_id=16),
                    ]
                ),
                AnimationSequence(
                    frames=[
                        AnimationSequenceFrame(duration=8, mold_id=17),
                        AnimationSequenceFrame(duration=8, mold_id=18),
                        AnimationSequenceFrame(duration=8, mold_id=19),
                        AnimationSequenceFrame(duration=8, mold_id=18),
                    ]
                ),
                AnimationSequence(
                    frames=[
                        AnimationSequenceFrame(duration=8, mold_id=20),
                        AnimationSequenceFrame(duration=8, mold_id=21),
                        AnimationSequenceFrame(duration=8, mold_id=22),
                        AnimationSequenceFrame(duration=2, mold_id=21),
                    ]
                ),
                AnimationSequence(
                    frames=[
                        AnimationSequenceFrame(duration=8, mold_id=24),
                        AnimationSequenceFrame(duration=8, mold_id=25),
                        AnimationSequenceFrame(duration=8, mold_id=24),
                        AnimationSequenceFrame(duration=8, mold_id=26),
                    ]
                ),
                AnimationSequence(
                    frames=[
                        AnimationSequenceFrame(duration=8, mold_id=27),
                    ]
                ),
                AnimationSequence(
                    frames=[
                        AnimationSequenceFrame(duration=8, mold_id=28),
                    ]
                ),
                AnimationSequence(
                    frames=[
                        AnimationSequenceFrame(duration=2, mold_id=29),
                    ]
                ),
                AnimationSequence(
                    frames=[
                        AnimationSequenceFrame(duration=2, mold_id=17),
                    ]
                ),
                AnimationSequence(
                    frames=[
                    ]
                ),
                AnimationSequence(
                    frames=[
                        AnimationSequenceFrame(duration=2, mold_id=17),
                    ]
                ),
            ]
        )
    ),
    palette_id=SPAL691_GENO_ELBOW_SHOT,
    palette_offset=0,
    unknown_num=0
)
