# AUTOGENERATED DO NOT EDIT!!
# Run the following command if you need to rebuild the table
# python manage.py graphicsdisassembler --rom ROM
from randomizer.data.palettes import CompleteSprite, AnimationPack, AnimationPackProperties, AnimationSequence, AnimationSequenceFrame, Mold, Tile, Clone
sprite = CompleteSprite(
    animation=AnimationPack(1, length=1147, unknown=0x0000,
        properties=AnimationPackProperties(vram_size=2048,
            molds=[
                Mold(0, gridplane=False,
                    tiles=[
                        Tile(mirror=False, invert=False, format=0, length=6, subtile_bytes=[
                            None,
                            bytearray(b'\x00\x00\x00\x80\x08\xc1H\xc5\x80\xe2\r\xf0Hw\x01\x7f\x01\x00\x01\x80\x0eA\n\x05\r"\x1f\x90\x0f\x00\x0f\xf8'),
                            bytearray(b'\x00\x0c\x01\x0f\x01\x06\x03\x00\x07\x00\x0c\x03\t\x06\x0f\x00\x00\r\x01\n\x02\x06\x00\x00\x07\x07\x0f\x0f\x0f\x0f\x00\x0e'),
                            bytearray(b'\x86\xc3\xd0\x03\xd8\x03\xf5#\x0e\xf3G\xfby\xff\x18\xff\xff@\xff\xc0\x1f2\xef\x8e7\xc548\x00\x02\x00c'),
                        ], is_16bit=False, y_plus=0, y_minus=0, x=120, y=100),
                        Tile(mirror=False, invert=False, format=0, length=7, subtile_bytes=[
                            bytearray(b'\x00\x00\x00\x01A\x03B#\xe2\x07\xc4\x0fz\xef\xc0\xc6\x80\x00\x80\x01\xd0\x02\xd0 \xf0\x14\xd89\xf1\x01\xca7'),
                            bytearray(b'\x00\x00\x00\x00\x00\x00\x00\x00\x00\x00\x00\x00\x00\x00\x00\x00\x00\x00\x00\x00\x00\x00\x00\x00\x00\x00\x00\x00\x00\x00\x00\x80'),
                            bytearray(b'E\xc1-\x80\xc3\x88I =\xcc\xaa\xd1\xcb\xb4\xcf0\xdf"\xbbF\xfc\x1f9\xfe\xfd\xb2\x1auK4\xc96'),
                            bytearray(b'\x80\x98\xc0x`\x90\x10\xe8\xd8\xe0\x08\x00h`Xx\x80X\xc0\x88\xf0\xf0\xf8\xf8\xf8\xe8\xf8\xf0\xf8\xf0\xf8\xf8'),
                        ], is_16bit=False, y_plus=0, y_minus=0, x=136, y=100),
                        Tile(mirror=False, invert=False, format=0, length=7, subtile_bytes=[
                            bytearray(b'\x1d\x02>?\x0e\x0f\x03\x03Aa\x15\xf0\xa0x\xa6|\x1c\x03\x00=p\x7f|\x7f\x1e\x7f\x8f\xee\x87\xc7\xc1\xc1'),
                            bytearray(b'\xbeO\xd9&\xae\xb0\xe40\xe5;\xe6?\xf3\xdf^\xec\xf0\xd1Q\xa6M\xdb\xcf\x14\xc0\x0b\xc0! \x9f\x13\xad'),
                            bytearray(b'\xfe\x9c1\xca9BJ\x04\r\x0c\x02\x08\x0e\x10\x0f\x10!!\xcb\xcaCC\x05\x05\x03\x0e\x0f\r\x1f\x1d\x1f\x1b'),
                            bytearray(b'\x18\xff\xbc\xef\xff\xee\xff\xc7c\x04\x07\x00\x13\x00?\x00\x00\xff\x10\xef\x91\xee\xb8\xc7\xfb\x9c\xff\xf8\xfc\xef\xf8\xf7'),
                        ], is_16bit=False, y_plus=0, y_minus=0, x=120, y=116),
                        Tile(mirror=False, invert=False, format=0, length=7, subtile_bytes=[
                            bytearray(b'\xd9aq\x81\xd5\x05)\t\xc8h0\xf0\xa4\xe0\xba\x00\x9f/o\x8f;\xff\xf7\xff7\xff\x0f\xff\x1f\xfb\xffE'),
                            bytearray(b'x\xf8\xfc\xcc~\x1ex8` \x01\x03\x14\x07\x02\x0f\xf8\xf8\xf0\xcc\xe0\x9e\xc7\xbf\xdf\xbf\xfc\xff\xf8\xfb\xf0\xf1'),
                            bytearray(b'\xf4\xc0:\xe0\xf0\x00\xec\x80\xd0\x00\x92\x00\xf7\x06\xff\x07?\xcb\x1f\xe5\xff\x0f\x7f\x93\xff/\xdfM\x19\xee\x18\xe7'),
                            bytearray(b'r\x1f\x7f\x1cFiN!\x01\x00\x00\x00\x00\x00\xc0 \xc1\x81\xc2\x82\xe9\xe9\xe1\xa1\xc0\xc0\xe0\xe0\xf0\xf0\xf00'),
                        ], is_16bit=False, y_plus=0, y_minus=0, x=136, y=116),
                        Tile(mirror=False, invert=False, format=0, length=5, subtile_bytes=[
                            bytearray(b'\x00\x00\x00\x00\x00\x00\x00\x00\x00\x00\x00\x00\x00\x80\x80\x00\x00\x00\x00\x00\x00\x00\x00\x00\x00\x00\x00\x00\x80\x80\x80\x80'),
                            None,
                            bytearray(b'\x80\x00\x80\x80\x00\x80\x00\x00\x00\x00\x00\x00\x00\x00\x00\x00\x80\x80\x00\x00\x80\x80\x00\x00\x00\x00\x00\x00\x00\x00\x00\x00'),
                            None,
                        ], is_16bit=False, y_plus=0, y_minus=0, x=152, y=116),
                        Tile(mirror=False, invert=False, format=0, length=5, subtile_bytes=[
                            bytearray(b'\x0b\x04\x03\x00\x00\x02\x00\x00\x00\x00\x00\x00\x00\x00\x00\x00\x0f\x0f\x03\x02\x02\x02\x00\x00\x00\x00\x00\x00\x00\x00\x00\x00'),
                            bytearray(b'\xff\x00/\x10\x00 \x00\x00\x00\x00\x00\x00\x00\x00\x00\x00\x90_\x10\x1f  \x00\x00\x00\x00\x00\x00\x00\x00\x00\x00'),
                            None,
                            None,
                        ], is_16bit=False, y_plus=0, y_minus=0, x=120, y=132),
                        Tile(mirror=False, invert=False, format=0, length=5, subtile_bytes=[
                            bytearray(b'\xff\x03\xfe\x01\x07\x00\x03\x00\x02\x00\x00\x00\x00\x00\x00\x00\x0c\xf3\x04\xfd\x01\x05\x01\x01\x02\x02\x00\x00\x00\x00\x00\x00'),
                            bytearray(b'\xc0\xa0\xf0\x00\xf8\x00\xfc\x00x\x04H\x00\x00\x00\x00\x00x\xb8\xfc\x0c\xfc\xe4\x1c\x88,<HH\x00\x00\x00\x00'),
                            None,
                            None,
                        ], is_16bit=False, y_plus=0, y_minus=0, x=136, y=132),
                    ]
                ),
                Mold(1, gridplane=False,
                    tiles=[
                        Tile(mirror=False, invert=False, format=0, length=6, subtile_bytes=[
                            None,
                            bytearray(b'\x00\x00\x00 \x00`\x08t\x04x\x00x@8|\x00\x01\x00\x1f\x00\x1fP\x1fT\x07H\x07LO,\x7f\x00'),
                            bytearray(b'\x00\x00\x00\x00\x00\x00\x00\x00\x02\x00\x0f\x00\x0f\x00\x0f\x03\x00\x00\x00\x00\x00\x00\x00\x00\x00\x00\x08\x08\x00\x00\x07\x04'),
                            bytearray(b'8pPp\x00`P@\x81\x90\x8b\x00\xfe\x01\x0e\xf1\x1f@\x1f\x08\x1fx\x7fx\xff\xf8\xfe\xf9\x00\x01\xfe\x0e'),
                        ], is_16bit=False, y_plus=0, y_minus=0, x=122, y=101),
                        Tile(mirror=False, invert=False, format=0, length=7, subtile_bytes=[
                            bytearray(b'\xa0\x80\x11\x008\x01:\x878\x87(\x87\x1c\x03\x1f\x00` \xfd\x11\xfe\x00|\x84x\x84|\x87\xff\x03\xfc\x03'),
                            bytearray(b'\x00\x00\x00\x80\x00\x80\x00\x80\x00\x80\x00\x00\x00\x00\x80\x00\x00\x00\x00\x80\x00\x80\x00\x80\x00\x80\x00\x00\x00\x00\x80\x00'),
                            bytearray(b"\x0c\x00.\x00.\x00-\x05C\x07H\x00\xbf\xc08\xc7\xff\x03\xfc\x02\xf8\x06\xff\x07\xff/\xff\'\x00\xc0?8"),
                            bytearray(b'\x80\x00\x00\x00\x00\x00\x00\x00\xa0\x80\xf8\x00\xf8\x00x\xe0\x80\x00\x00\x00\x00\x00\x00\x00\x80\x80\x88\x88\x00\x00\xf0\x10'),
                        ], is_16bit=False, y_plus=0, y_minus=0, x=138, y=101),
                        Tile(mirror=False, invert=False, format=0, length=7, subtile_bytes=[
                            bytearray(b"\x1cg\\\xc7\x98\x87\xb8\x87\x98\x87\x18\'<\x07\x1c\x17\x17P/\xa9oiohohOhg@\x07\x10"),
                            bytearray(b'\x12\xff\n\xff9\xefx\xdf\x00\xff\x00\xff\x02\xff\x04\xff\x9e\xe0\x1e\xb1\x0f0?\xc0\xff\x00\xff\x00\xfe\x00\xfe\x02'),
                            bytearray(b'\x0e\x03\x0f\x03\x0e\x03\r\x01\x0c\x00\x0b\x04\x1a\x04\x1c\x03\x06\x04\x06\x04\x02\x01\x01\x02\x04\x07\x0c\x0f\x0f\x1d\x07\x1f'),
                            bytearray(b'-\xff>\xfe\xfc\xbc\xf88r1B\x01\x04\xe3\x05\xf3>B~A|\x838\xc73\xcd\x02\xfd\xa4\xfa\x1c\x1a'),
                        ], is_16bit=False, y_plus=0, y_minus=0, x=122, y=117),
                        Tile(mirror=False, invert=False, format=0, length=7, subtile_bytes=[
                            bytearray(b'\xa4\xff(\xffN\xfb\x8f\xfd\x00\xff\x80\xff\xa0\xff\x10\xff<\x03<F\xf8\x86\xfe\x01\xff\x00\xff\x00?\x00? '),
                            bytearray(b'\x1c\xf3\x1d\xf1\x0c\xf0\x0e\xf0\x0c\xf0\x0c\xf2\x1e\xf0\x1c\xf4\xf4\x85z\xca{K{\x8b\xfb\x0b\xf9\x0b\xf3\x01\xf0\x04'),
                            bytearray(b"Z\xff\xbe?\x1f\x1e\x8f\x0e\'\xc6!\xc0\x10\xe3P\xe7>\xa1?\xc1\x1f\xe0\x0e\xf1\xe6\xd9 \xdf\x12/\x1c,"),
                            bytearray(b'8\xe0x\xe0\xb8\xe0\xd8@\x18\x00h\x10(\x90\x18\xe00\x100\x10 \xc0@\xa0\x10\xf0\x18\xf8\xf8\xd8pp'),
                        ], is_16bit=False, y_plus=0, y_minus=0, x=138, y=117),
                        Tile(mirror=False, invert=False, format=0, length=4, subtile_bytes=[
                            bytearray(b'\x00\x00\x00\x80\x80\x80\x80\x80\x80\x80\x00\x00\x00\x00\x00\x00\x00\x00\x00\x80\x00\x00\x00\x00\x00\x00\x00\x00\x00\x00\x00\x00'),
                            None,
                            None,
                            None,
                        ], is_16bit=False, y_plus=0, y_minus=0, x=154, y=117),
                        Tile(mirror=False, invert=False, format=0, length=5, subtile_bytes=[
                            bytearray(b'\x0f\x00\r\x02\x06\x03\x07\x01\x03\x00\x03\x00\x01\x00\x00\x00\x07\x0f\x03\x0f\x01\x07\x02\x05\x01\x02\x00\x03\x00\x01\x00\x00'),
                            bytearray(b'\x10\xe1\x03\xe0\xb6C\xf0\x03\xe5\xc7\xf6\x07\xe1\x01\x00\x00\x18\x0f\x11>\xb0\xbe\xc0\xfe\x18\xfe\x88\x7f\x0e\xef\x07\x07'),
                            None,
                            None,
                        ], is_16bit=False, y_plus=0, y_minus=0, x=122, y=133),
                        Tile(mirror=False, invert=False, format=0, length=7, subtile_bytes=[
                            bytearray(b'\x04\xc3\xe0\x03\xf6\xe1\x9b\xf0%\xfc\xeb\xfe\x8d\xfc\x03\x00\x0cx\xc4>\x06>\t\x17\x02\x1f\x00\x07\x02\xff\xfc\xff'),
                            bytearray(b'p\x88\\\xb0\xbcp\xf80\xf8`\xf0`\xf0\xc0\xe0\x80xxht\xc0\xfc\x80\xf8\x00\xf8\x00\xf0 \xd0@\xa0'),
                            bytearray(b'\x03\x00\x00\x00\x00\x00\x00\x00\x00\x00\x00\x00\x00\x00\x00\x00\x00\x03\x00\x00\x00\x00\x00\x00\x00\x00\x00\x00\x00\x00\x00\x00'),
                            bytearray(b'\xe0\x00\x00\x00\x00\x00\x00\x00\x00\x00\x00\x00\x00\x00\x00\x00\x80`\x00\x00\x00\x00\x00\x00\x00\x00\x00\x00\x00\x00\x00\x00'),
                        ], is_16bit=False, y_plus=0, y_minus=0, x=138, y=133),
                    ]
                ),
                Mold(2, gridplane=False,
                    tiles=[
                        Tile(mirror=False, invert=False, format=0, length=7, subtile_bytes=[
                            bytearray(b'\x00\x00\x00\x00\x00\x00\x00\x00\x00\x00\x02\x03\x00\x03f\x7f\x00\x00\x00\x00\x00\x00\x00\x00\x01\x00\x03\x00\x03\x00\x07\t'),
                            bytearray(b'\x00\x07\x00\x05\x00\x0e \x03\xe4`\x04\xe2\x01\xfeA~\x00\x01\n\x05\x11\x0e\xfc\x03\xff\x00\xff\x02\xf9\x0e\xf9\x02'),
                            bytearray(b'v\xfc \xfes\xfcP\xff}\xff\x02\xff\x1d\x03\x1f\x01\x0f\x88\x8f\xd3\x0e\x8a\x03\x8e\x03\x82\xc1\xf9\x1c\x06\x1e\x00'),
                            bytearray(b"@>c=\xc1\x1dD\xdc\x11\xff\'\xefO\xef\xc8\xe8\xf3\x0b\xf3\r_/\xdc#\xff\x00\xef\x10/0(7"),
                        ], is_16bit=False, y_plus=0, y_minus=0, x=119, y=100),
                        Tile(mirror=False, invert=False, format=0, length=6, subtile_bytes=[
                            bytearray(b' \x00\xc0\x00\x00\xf2\x00\x86\x00\x82\x1d\x02\x0c\x00\xe0\x0c\xe0\x00\x80@\x00\xf2x\x86|\x82\xff\x03\xfc\x10\xf2\x0c'),
                            None,
                            bytearray(b'\xc0\xb8\x81\x80\x87\x00\xeb\xc8\xdb\xd6\xb6\xbf\x7f?\xf5\xcb\xc7\xb8\xff\x80\x7f\x80\xff\x1c\xde>\xbe~?\xf8\xcc\xf2'),
                            bytearray(b'\x00\x80\x00\x00\x00\x00 \xf0\xd0\xe0`\x80\x00\x80 \xa0\x00\x80\x00\x00\x00\x00\x80\x90\x10 `\x00\x80\xf0\xa0\xd0'),
                        ], is_16bit=False, y_plus=0, y_minus=0, x=135, y=100),
                        Tile(mirror=False, invert=False, format=0, length=7, subtile_bytes=[
                            bytearray(b' \x190\x19)\x1e\x11\x0e\x08\x180\x115\x13\x13\x13&\x11&\t!\x16\x11\x08\x07\x17\x0e\x0f\x0c\x0e\x0c\x0c'),
                            bytearray(b'\xbf\xd7\x7f\x9e\xce\xdb\xdc\x07\xfc\x83\x1e\xf1\xef\xf8\xf7\xf87_^\xbf\xfb\xfc\xe78O\xac\x13\xf2\r\x1d\x06\n'),
                            bytearray(b'\x03\x07\x04\x03\x03\x03\x00\x00\x00\x00\x00\x00\x00\x00\x01\x00\x08\x0c\x0c\x0b\x00\x03\x00\x00\x00\x00\x00\x00\x01\x01\x03\x02'),
                            bytearray(b'\xa0\xfcd\xfc\xf8\xf8 \x01f\x1dV\x7f\xbc?x\x7f\x03_\x03\xff\x07\xff>?\x00{\x80\xf1\xc0c\x80\xc7'),
                        ], is_16bit=False, y_plus=0, y_minus=0, x=119, y=116),
                        Tile(mirror=False, invert=False, format=0, length=7, subtile_bytes=[
                            bytearray(b'\x85\xff\n\xfc\x15\xe9\x07\xff\x0f\xff\x1f\xff\xff>\xfc\x1d\xf0\x80\xe3\x05\xf5\n\xff\x00\xff\x00\xff\x00\x7f@<#'),
                            bytearray(b'\xa6 LG\xc3\xc6\xc6\xc4\x84\x80\x04\x00\x84\x00.\xc0\xa6X\xc8\xb0\xc1>\xc2<\x84x\x04\xf8\x84x.\x10'),
                            bytearray(b'\xf0\x01y\x00\xf8\x00\xf8\x80\xf8\x00x\x81\xb8A\xb0@\xd0_\xc9\x8e\xf8\x1fh\x8f\xe8/h\xaf\xc8GP\xdf'),
                            bytearray(b"\xc9\xe6\x8e\x00\x04\x00\x04\x06\xcb\x06\'\xc0\xc8\xf0\xc0\x08\t6\x8cr\x0c\xf8\x00\xfa\xc94\'\x18\x08\x10\xc88"),
                        ], is_16bit=False, y_plus=0, y_minus=0, x=135, y=116),
                        Tile(mirror=False, invert=False, format=0, length=4, subtile_bytes=[
                            None,
                            None,
                            bytearray(b'\x00\x00\x00\x00\x00\x00\x00\x00\x00\x00\x80\x00\x00\x00\x00\x00\x00\x00\x00\x00\x00\x00\x00\x00\x00\x00\x80\x00\x00\x00\x00\x00'),
                            None,
                        ], is_16bit=False, y_plus=0, y_minus=0, x=151, y=116),
                        Tile(mirror=False, invert=False, format=0, length=6, subtile_bytes=[
                            bytearray(b'\x04\x03\x00\x06\x01\x00\x03\x01\t\x06\x03\x0c\x07\x00\x01\x02\x07\x07\x07\x07\x03\x02\x06\x05\x0f\x0f\x0e\x0e\x01\x05\x02\x03'),
                            bytearray(b"\x84\x7f\xbd\xfb\x8f\xfc\t\xfeI\xfe\xd3>\xff\x00\xdf \x80\x7f\x04\xfb\x00\xff\x00\xc7\x81\x86\x81\x8e8\'`\x7f"),
                            None,
                            bytearray(b'0@\x00\x00\x00\x00\x00\x00\x00\x00\x00\x00\x00\x00\x00\x00@p\x00\x00\x00\x00\x00\x00\x00\x00\x00\x00\x00\x00\x00\x00'),
                        ], is_16bit=False, y_plus=0, y_minus=0, x=119, y=132),
                        Tile(mirror=False, invert=False, format=0, length=5, subtile_bytes=[
                            bytearray(b'\xe0\x10\xc34\xe4\x9b\xfb\x04\xff\x00\xff\x00\xf9\x00\xf0\x00\xd0_\xb4\xbc[\xdbg\xa6=\xde\x00\xff\x00\xf9\x00\xf0'),
                            bytearray(b'\xf8\x00\x80p\x18\xf8\xe3\x7f\xfe|\xfe\x00\xfc\x00\x00\x00\x08\x08pp\x80\xe0\x80\x7f\x82|x\x86\x00\xfc\x00\x00'),
                            None,
                            None,
                        ], is_16bit=False, y_plus=0, y_minus=0, x=135, y=132),
                    ]
                ),
                Mold(3, gridplane=False,
                    tiles=[
                        Tile(mirror=False, invert=False, format=0, length=7, subtile_bytes=[
                            bytearray(b'\x00\x00\x00\x00\x00\x00\x00\x00\x00\x00\x00\x00\x00\x00\x00\x00\x00\x00\x00\x00\x00\x00\x00\x00\x00\x00\x00\x00\x01\x00\x00\x00'),
                            bytearray(b'@@ \xc0 \xc1\x12\xe12p\tx\x11?8_\x00\x00#\x80&\x81\x16\xa1\x8f\x00\x8fP\xff \xbf@'),
                            bytearray(b'\x00\x00\x00\x01\x00\x01\x02\x01\x00\x03\x06\x03\x06\x03\x0f\x05\x00\x00\x01\x00\x01\x00\x02\x01\x00\x03\x04\x01\x04\x01\x08\x00'),
                            bytearray(b'\x84=\xc4:\xc98\x19\xf0\x17\xf8C\xfc\xdb\xbfv\xf9\xfc\xa3\xfd\x82\x7fA\xbe\xe2\x19!\x03<@$\x06\x89'),
                        ], is_16bit=False, y_plus=0, y_minus=0, x=119, y=100),
                        Tile(mirror=False, invert=False, format=0, length=7, subtile_bytes=[
                            bytearray(b'\x10\x00`\x80\xf8\x01\xa6\x01X\x07RM\xa3\x9d\x869\xf0\x00@\xa0\xf8\x01\xfeI\xba\xc3c\x99\xa1V\xc7\x00'),
                            bytearray(b'\x00\x00\x00\x00\x80\x00\x80\x00\x80\x00\xb0\x0c\xa0\xfc\x80\xf8\x00\x00\x00\x00\x80\x00\x80\x00\x80\x00\xb0\x88\xc0T\xc8\x08'),
                            bytearray(b'D?\xffFN\xc7\xb6\x1f\xbds\x9b\x87\xe77\xbf{\xcf/\xf7O\xff\xff\x9f\xff\xf7\x9f\x87\x7f\xcf\x1f\x8f_'),
                            bytearray(b'\x88\xf0\xf0\xc0\x84\x04\xb2p\xd8\x19\xe0\x01\xe3\x189\xc6\x98p\xe0\x1c\x94\xf8rLXf ?\xb9\xbe\xfe\xff'),
                        ], is_16bit=False, y_plus=0, y_minus=0, x=135, y=100),
                        Tile(mirror=False, invert=False, format=0, length=4, subtile_bytes=[
                            None,
                            None,
                            bytearray(b'\x00\x00\x00\x00\x00\x00\x00\x00\x00\x80\x80\x00\x00\x00\x00\x00\x00\x00\x00\x00\x00\x00\x00\x00\x00\x00\x80\x00\x00\x00\x00\x00'),
                            None,
                        ], is_16bit=False, y_plus=0, y_minus=0, x=151, y=100),
                        Tile(mirror=False, invert=False, format=0, length=7, subtile_bytes=[
                            bytearray(b'\x1b\x04\x0e\x10\x17\x18;=#<M~K?+V\x17\x0e\x07\x1d\x03\x04\x02\x02\x01\x1e\x00{P_YZ'),
                            bytearray(b'\x8dpx\xb0\x89\x10\xf9\x81\xbb\xff\xd6>\xe7\x007\xe1\x82w\x8f\xfd\xff\xd1~\x13\x00GA\xaf\xff\x18\x1e\xe9'),
                            bytearray(b'\x1d\xc0\t\x00\x01\x00\x01\x01\x06\x03\x12\r\x07\x18\x0f\x00\xdd\xd8\x01\x00\x01\x00\x02\x03\x0c\x0b\x1f\x1f\x1d\x1d\x02\n'),
                            bytearray(b'\x1f\xe0\xbb\xe0|@<\xe0o\xf0\xaf\xf0\x9fp\xff \x1f\xe0\x1f\xe4\xbf\xc3\x1f\xe3\x0f\x90\x0f\x10\x0e1Po'),
                        ], is_16bit=False, y_plus=0, y_minus=0, x=119, y=116),
                        Tile(mirror=False, invert=False, format=0, length=7, subtile_bytes=[
                            bytearray(b'\x1fpw\xc8\xdb\x81\x93\x81v1\xf7\x03\xf7y\x16\xe9\x81\xfe)\xdef\xbd~\xed\xce\xb9\xfc\n\x8ez\x0c\xfc'),
                            bytearray(b'\xe5\x1a\xb0O5\xf2\xd5\xf2\xd3\xf4\xf5\xf2d\xf2l\xf0_>\xdf\xff\x1f\xfe\x1e?\x0f>\x0f\x1b\x0e\x1a\x0e\x92'),
                            bytearray(b'\xff\xc0\xa3\xde\x7f\x0f#\x1fg\x1f \x1f\xf5\n\xff\x00#\xdd\x19\xf9\xc0\xa0\xe0\xd4\xc0\xb8\xc9\xefr\x9b\x1f\xf9'),
                            bytearray(b'\x8cp\xf8\x00X\x98x\xf8x\xb0\xf8\x00\xc0\x80\xf0\x80^r\xce\xf6\xe6\xfe\x06\xfe\xce\xb6\xff\x07\x7f\xbf\x7f\x8f'),
                        ], is_16bit=False, y_plus=0, y_minus=0, x=135, y=116),
                        Tile(mirror=False, invert=False, format=0, length=4, subtile_bytes=[
                            bytearray(b'\x00\x00\x80\x00\x00\x00\x00\x00\x00\x00\x00\x00\x00\x00\x00\x00\x00\x00\x80\x80\x80\x80\x00\x00\x00\x00\x00\x00\x00\x00\x00\x00'),
                            None,
                            None,
                            None,
                        ], is_16bit=False, y_plus=0, y_minus=0, x=151, y=116),
                        Tile(mirror=False, invert=False, format=0, length=5, subtile_bytes=[
                            bytearray(b'\x03\x04\x00\x00\x00\x00\x00\x00\x00\x00\x00\x00\x00\x00\x00\x00\x04\x06\x00\x00\x00\x00\x00\x00\x00\x00\x00\x00\x00\x00\x00\x00'),
                            bytearray(b'\xbf@`\x80\x00\x00\x00\x00\x00\x00\x00\x00\x00\x00\x00\x00\xc0\xff\x80\xe0\x00\x00\x00\x00\x00\x00\x00\x00\x00\x00\x00\x00'),
                            None,
                            None,
                        ], is_16bit=False, y_plus=0, y_minus=0, x=119, y=132),
                        Tile(mirror=False, invert=False, format=0, length=5, subtile_bytes=[
                            bytearray(b'\xf2\x00\x7f\x01~\x03\x1f\x01\x0f\x00\x02\x01\x01\x02\x00\x00\x0f\xff\x02}\x00}\x00\x1c\x01\r\x01\x01\x02\x03\x00\x00'),
                            bytearray(b'\xe0\x80\xe1\x80c\x80B\xa0@\xa2\xda$R$\x00\x00\x7f\x9f\x7f\x9e\x7f\x9c\xff\xbd\xff\xffd\xfe$6\x00\x00'),
                            None,
                            None,
                        ], is_16bit=False, y_plus=0, y_minus=0, x=135, y=132),
                    ]
                ),
                Mold(4, gridplane=False,
                    tiles=[
                        Tile(mirror=False, invert=False, format=0, length=7, subtile_bytes=[
                            bytearray(b'\x00\x00\x00\x00\x00\x00\x00\x01\x00\x03\x02\x02\x02\x03\x00\x03\x00\x00\x00\x00\x00\x00\x00\x01\x00\x03\x01\x00\x00\x01\x00\x03'),
                            bytearray(b'\x00\x00\x00\x00\xe2\xf9:\xd8 \xce\x01\xee\x0c\xfc\x86\xfc\x00\x00\x05\x00\x1e\x11?\xc0/\x96\x0f\xb6\x1f\xb1\x8fx'),
                            bytearray(b'\x02\x01\x02\x01\x03\x03\x03\x03\x00\x03\x01\x00\x00\x00\x068\x03\x02\x03\x03\x00\x00\x00\x00\x00\x03\x01\x00\x00\x00\x07!'),
                            bytearray(b'\x02\xfe0\xfc`\xe0\xa6\xe0\x10\xc4\x80\x10\xff\x00\xff\x00\xcfp\xff\x00\xef\x9c;Z\x7f\xff\xff\x7f\xc0@\x80\x80'),
                        ], is_16bit=False, y_plus=0, y_minus=0, x=104, y=104),
                        Tile(mirror=False, invert=False, format=0, length=6, subtile_bytes=[
                            bytearray(b'\x00\x06F\x06\x14\x0e$^\x1c"\x04 \x08\x00\xd4\x00\x80\x06\xc0\x00\xf0b\xb2z\xde"\xdc(\xf8\x00\xfc\x04'),
                            None,
                            bytearray(b'@\x10`\x88\x00\x88\x04A\x16A\x93\x00\xd3\x00\xff\x01\xec\x10v\x88v\x88\xbfA\xbfA}\x83\xfd\xc1\x03\x02'),
                            bytearray(b'\x00\x00\x00\x00\xc0\x00\xe0\x00\xf0\x00\xf8\xc0\x80\xfc4\xf8\x00\x00\x00\x00\x00\x00\xc0\xc0\xc0\xc0\xe8(\xe0$\xc4L'),
                        ], is_16bit=False, y_plus=0, y_minus=0, x=120, y=104),
                        Tile(mirror=False, invert=False, format=0, length=7, subtile_bytes=[
                            bytearray(b'"b@FWOOO\x0e\x1f\x11\x0f\x0e\x0e\x00\x00\x1d_9?0800 10/\x00\x0e\x00\x00'),
                            bytearray(b'\xfc\x0f\xf0\x1f\xf0\x1f\xe0\x1f\xe1\x9e\xe0\x1f`\x1fp\x1f\x1f\x10\x1e\x03<&<$\xbd\xa2\xbf ? \x1f\x00'),
                            bytearray(b'\x00\x00\x00\x00\x00\x01\x01\x03\x01\x03\x01\x07\x04\x07\x05\x07\x00\x00\x00\x00\x00\x00\x00\x02\x00\x02\x00\x06\x00\x07\x00\x07'),
                            bytearray(b'p\x1f8\xcf\xbc\xcf\xbb\xcc\xf7\xc5\xf1\xc0m\xd0\xee\xd6\x1f\x00\x18\x91\x19\x11\x0b\x04\x05\x0b\x10_0\xff?\xf7'),
                        ], is_16bit=False, y_plus=0, y_minus=0, x=104, y=120),
                        Tile(mirror=False, invert=False, format=0, length=7, subtile_bytes=[
                            bytearray(b'8\xc7H\xff)\xfe\xe5?\xe3\x7f\x01\xff\x03\xff\x07\xff\xf9;x\x80y\xc4\xbfB\xff\x00\xff\x00\xff\x00\xff\x00'),
                            bytearray(b"\xde\xf0\xc6Dr\x02\xc1\xc0\xc4\xc3\xc3\xc7\xc1\xc2j\xc2\xee&\xc6:\x82\xfc\xc1?\xc0?\xc0<\xc5>\'\x1f"),
                            bytearray(b'\x0e\xff\xbe\xff\xff\xff\xfc\xfc\xf8\xf8\xe1\xe0\x83\x00\x06\xe1\xff\x01\xff\x01\xff\x00\xfc\x03\xf8\x07\xe1\x1e\x01\xfe\xaa\xfd'),
                            bytearray(b';\xe2\x97\xe6>>\x1e\x1c^\x1c=\xf8<\xd3<\xd3\x16\x0f\x1fn~\xfe>\xfc>\xfc\xfb\xfe2\xdf<\x13'),
                        ], is_16bit=False, y_plus=0, y_minus=0, x=120, y=120),
                        Tile(mirror=False, invert=False, format=0, length=5, subtile_bytes=[
                            bytearray(b'\x00\x00\x00\x00\x00\x00\x00\x00\x00\x80\x00\x80\x80\x00\x00\x00\x00\x00\x00\x00\x00\x00\x00\x00\x00\x00\x00\x00\x80\x00\x00\x00'),
                            None,
                            bytearray(b'\x00\x00\x00\x00\x00\x00\x00\x00\x00\x00\x00\x00\x00\x80\x00\x80\x00\x00\x00\x00\x00\x00\x00\x00\x00\x00\x00\x00\x80\x80\x00\x80'),
                            None,
                        ], is_16bit=False, y_plus=0, y_minus=0, x=136, y=120),
                        Tile(mirror=False, invert=False, format=0, length=5, subtile_bytes=[
                            bytearray(b'\x07\x07&;;}\xf9~\xce?s\x0f\x0e\x01\x01\x00\x00\x04\x04\x0b\x02\x05\x01\x02\x00\xb0\x00|\x00\x0f\x00\x01'),
                            bytearray(b'q\xec\xbf\xe0\xb7\xf8\xc4{\xf7\xfe\x8f\xfc?\xc0\xc0\x00\x1f\xfe\x19y\r\xfd\x87;\x02\x0f\x02}\x00\xff\x00\xc0'),
                            None,
                            None,
                        ], is_16bit=False, y_plus=0, y_minus=0, x=104, y=136),
                        Tile(mirror=False, invert=False, format=0, length=6, subtile_bytes=[
                            bytearray(b'\n\xf9\x10\xe0\x0c\xe0\xb3C\xfc\x07\xf5\x0f\x1f\x0f\x00\x03\x1e\x1d\x1f\x0f\x13?\xbc\xbd\xc0\xf8\x00\xf8\x00\x1c\x00\x03'),
                            bytearray(b'\x8f\xe0\x84`F\x00\xfeLb\xbe~\x84@\xc0\xe0\xc0?0\\\xf8\xfe\xb8\xb2L@>z\x04\x00\x80 \xc0'),
                            None,
                            bytearray(b'\x80\x80\x00\x00\x00\x00\x00\x00\x00\x00\x00\x00\x00\x00\x00\x00\x00\x80\x00\x00\x00\x00\x00\x00\x00\x00\x00\x00\x00\x00\x00\x00'),
                        ], is_16bit=False, y_plus=0, y_minus=0, x=120, y=136),
                        Tile(mirror=False, invert=False, format=0, length=4, subtile_bytes=[
                            bytearray(b'\x80\x00\x00\x00\x00\x00\x00\x00\x00\x00\x00\x00\x00\x00\x00\x00\x80\x00\x00\x00\x00\x00\x00\x00\x00\x00\x00\x00\x00\x00\x00\x00'),
                            None,
                            None,
                            None,
                        ], is_16bit=False, y_plus=0, y_minus=0, x=136, y=136),
                    ]
                ),
                Mold(5, gridplane=False,
                    tiles=[
                        Tile(mirror=False, invert=False, format=0, length=6, subtile_bytes=[
                            None,
                            bytearray(b'\x00\x00\x00 \x020\x121 8\x03<\x12\x1d\x00\x1f\x00\x00\x00 \x03\x10\x02\x01\x03\x08\x07$\x03\x00\x03>'),
                            bytearray(b'\x00\x03\x00\x03\x00\x01\x00\x00\x01\x00\x03\x00\x02\x01\x03\x00\x00\x03\x00\x02\x00\x01\x00\x00\x01\x01\x03\x03\x03\x03\x00\x03'),
                            bytearray(b'!0t\xc0v\x80\xfd\x08\xc3<\x11\xfe^\xbf\xc6??P\x7f\xb0\x87\x8c;#\xcd\xf1\xcd\xce\xc0\xc0\x00\x98'),
                        ], is_16bit=False, y_plus=0, y_minus=0, x=104, y=104),
                        Tile(mirror=False, invert=False, format=0, length=7, subtile_bytes=[
                            bytearray(b'\x00\x00\x00\x00\x10@\x10H8\x81q\x03\x1e\xfbp\xf1`\x00`\x00\xb4@\xb4H|\x85\xf6\x0e\xfc\x00\xf2\r'),
                            bytearray(b'\x00\x00\x00@@\xc0\x80\xc0\x80\xc0\x00\xc0\x80\xc0\x00\x80\x00\x00\x00@\x00\x80\x00\x00\x00\x00\x00@@@\x80\xe0'),
                            bytearray(b'\x91\xf0\x0b\xe00\xe2R\xc8\x8f\xf3\xea\xf4r\xed3\xcc\xf7\x08\xee\x11\xff\x87\xce\xbf\xffl\x06\x1d\x12\x8d2\xcd'),
                            bytearray(b'`fp\x1e\xd8$D:v8\x82@\xda\x18\xd6\x1e\xe0\x96\xf0\xa2<\xfc~\xbe~\xba\xbe|\xfe<~\xbe'),
                        ], is_16bit=False, y_plus=0, y_minus=0, x=120, y=104),
                        Tile(mirror=False, invert=False, format=0, length=7, subtile_bytes=[
                            bytearray(b'\x0f\x08\x07\x07\x03\x03!1\x00pZ8 |\xf6\x9c\x07\x08\x18\x1f\x1c\x1f\x0e?O\x7fGgCC!!'),
                            bytearray(b'o\x93\xb6\xc9\xabl\xf9\xccyNy\x0f<7\x17;<\xf4\x14i\x93v3\xc5\xb0\xc2\xf0\x88\xc8\xe7\xc4\xeb'),
                            bytearray(b'>\xcc4J\x90\x04\x02\x00\x01\x01\x01\x02\x03\x04\x03\x04\xc0\xc0NN\x04\x04\x01\x01\x02\x03\x07\x06\x07\x07\x07\x06'),
                            bytearray(b"\x06?o\xbb\xff;\xff1\xd8\x01\x81\x00\x84\x00\xcf\x00\xc0\xff\xc4\xbb\xe4\xfbnq\xfe\'\xff~\xff{\xfe\xfd"),
                        ], is_16bit=False, y_plus=0, y_minus=0, x=104, y=120),
                        Tile(mirror=False, invert=False, format=0, length=7, subtile_bytes=[
                            bytearray(b"\xb6\xd8\\\xa0\xb5\x01\n\x02r\xda\x8c\xfc\xe9\xf8\xae\x00\'K[\xa3N\xff\xfd?\r\xff\x03\x7f\x07\xfe\xffQ"),
                            bytearray(b'^~\x7fq_C^N\x18\x08\x00\x00\x05\x01\x80\x03\xfe\xfe\xfe\xf1\xfc\xe3\xf1\xef\xf7\xef\xff\xff\xfe\xfe\xfc|'),
                            bytearray(b'=\xf0\x0e\xf8\xfc\x80\xfb\xe0\xf4\x00\xe4\x00\xfd\x01\xff\x01\x0f\xf2\x07\xf9\x7f\x83\x1f\xe4\xff\x0b\xf7\x13\x06\xfb\x06\xf9'),
                            bytearray(b'\x1e\x03\x9f\x03\x10\x15\x11\x04\x00\x00\x80\x00\xc0\x80\xf0\xc8\xf8\xe0\xf0h\xf5\xf5\xf4\xe4\xf0\xf0\xf8x|\xbc<\xcc'),
                        ], is_16bit=False, y_plus=0, y_minus=0, x=120, y=120),
                        Tile(mirror=False, invert=False, format=0, length=5, subtile_bytes=[
                            bytearray(b'\x00\x00\x00\x00\x80\x80\x00\x00@@\x00\xe0 \xc0\x90\xe0\x00\x00\x00\x00@\xc0\xc0\xc0\x80\xc0 \xe0 \xe00p'),
                            None,
                            bytearray(b'p\xd0\xc0\xb0\xc0 \xe0\x00\x00\x00\x00\x00\x00\x00\x00\x00\x00\x00pp  \x00\x00\x00\x00\x00\x00\x00\x00\x00\x00'),
                            None,
                        ], is_16bit=False, y_plus=0, y_minus=0, x=136, y=120),
                        Tile(mirror=False, invert=False, format=0, length=5, subtile_bytes=[
                            bytearray(b'\x02\x01\x00\x00\x00\x00\x00\x00\x00\x00\x00\x00\x00\x00\x00\x00\x03\x03\x00\x00\x00\x00\x00\x00\x00\x00\x00\x00\x00\x00\x00\x00'),
                            bytearray(b'\xff\x00\xcb\x04\x00\x88\x00\x00\x00\x00\x00\x00\x00\x00\x00\x00\xe4\xd7\xc4\x87\x88\x88\x00\x00\x00\x00\x00\x00\x00\x00\x00\x00'),
                            None,
                            None,
                        ], is_16bit=False, y_plus=0, y_minus=0, x=104, y=136),
                        Tile(mirror=False, invert=False, format=0, length=5, subtile_bytes=[
                            bytearray(b'\xff\x00\xff\x00\x01\x00\x00\x00\x00\x00\x00\x00\x00\x00\x00\x00\x03\xfc\x01\xff\x00\x01\x00\x00\x00\x00\x00\x00\x00\x00\x00\x00'),
                            bytearray(b'\xf0\xe8\xbc@\xfe\x00\xff\x00\x9e\x01\x12\x00\x00\x00\x00\x00\x1e\xee?C\x7fyGb\x8b\x8f\x12\x12\x00\x00\x00\x00'),
                            None,
                            None,
                        ], is_16bit=False, y_plus=0, y_minus=0, x=120, y=136),
                    ]
                ),
                Mold(6, gridplane=False,
                    tiles=[
                        Tile(mirror=False, invert=False, format=0, length=6, subtile_bytes=[
                            None,
                            bytearray(b'\x00\x00\x00 \x00`\x08t\x04x\x00x@8|\x00\x01\x00\x1f\x00\x1fP\x1fT\x07H\x07LO,\x7f\x00'),
                            bytearray(b'\x00\x00\x00\x00\x00\x00\x00\x00\x02\x00\x0f\x00\x0f\x00\x0fs\x00\x00\x00\x00\x00\x00\x00\x00\x00\x00\x08\x08\x00\x00\x07D'),
                            bytearray(b'8pPp\x00`P@\x81\x90\x8b\x00\xfe\x01\x0e\xf1\x1f@\x1f\x08\x1fx\x7fx\xff\xf8\xfe\xf9\x00\x01\xfe\x0e'),
                        ], is_16bit=False, y_plus=0, y_minus=0, x=104, y=104),
                        Tile(mirror=False, invert=False, format=0, length=7, subtile_bytes=[
                            bytearray(b'\xa0\x80\x11\x008\x01:\x878\x87(\x87\x1c\x03\x1f\x00` \xfd\x11\xfe\x00|\x84x\x84|\x87\xff\x03\xfc\x03'),
                            bytearray(b'\x00\x00\x00\x80\x00\x80\x00\x80\x00\x80\x00\x00\x00\x00\x80\x00\x00\x00\x00\x80\x00\x80\x00\x80\x00\x80\x00\x00\x00\x00\x80\x00'),
                            bytearray(b"\x0c\x00.\x00.\x00-\x05C\x07H\x00\xbf\xc08\xc7\xff\x03\xfc\x02\xf8\x06\xff\x07\xff/\xff\'\x00\xc0?8"),
                            bytearray(b'\x80\x00\x00\x00\x00\x00\x00\x00\xa0\x80\xf8\x00\xf8\x00x\xe7\x80\x00\x00\x00\x00\x00\x00\x00\x80\x80\x88\x88\x00\x00\xf0\x11'),
                        ], is_16bit=False, y_plus=0, y_minus=0, x=120, y=104),
                        Tile(mirror=False, invert=False, format=0, length=7, subtile_bytes=[
                            bytearray(b"\\\xc7\x9c\x87\xb8\x87\x98\x87\x18\'8\x07\x1c\x07\x0c\x077\xb0oioiohOhoH\x07\x00\x07\x00"),
                            bytearray(b'\x12\xff\n\xff9\xefx\xdf\x00\xff\x00\xff\x02\xff\x04\xff\x9e\xe0\x1e\xb1\x0f0?\xc0\xff\x00\xff\x00\xfe\x00\xfe\x02'),
                            bytearray(b'\x0e\x03\x0f\x03\x0e\x03\r\x01\x0c\x00\x0b\x04\x1a\x04\x1c\x03\x06\x04\x06\x04\x02\x01\x01\x02\x04\x07\x0c\x0f\x0f\x1d\x07\x1f'),
                            bytearray(b'-\xff>\xfe\xfc\xbc\xf88r1B\x01\x04\xe3\x05\xf3>B~A|\x838\xc73\xcd\x02\xfd\xa4\xfa\x1c\x1a'),
                        ], is_16bit=False, y_plus=0, y_minus=0, x=104, y=120),
                        Tile(mirror=False, invert=False, format=0, length=7, subtile_bytes=[
                            bytearray(b'\xa4\xff(\xffN\xfb\x8f\xfd\x00\xff\x80\xff\xa0\xff\x10\xff<\x03<F\xf8\x86\xfe\x01\xff\x00\xff\x00?\x00? '),
                            bytearray(b'\x1d\xf1\x1c\xf0\x0e\xf0\x0c\xf0\x0c\xf2\x0e\xf0\x1c\xf0\x18\xf0\xf6\x86{\xcb{K{\x8b\xf9\x0b\xfb\t\xf0\x00\xf0\x00'),
                            bytearray(b"Z\xff\xbe?\x1f\x1e\x8f\x0e\'\xc6!\xc0\x10\xe3P\xe7>\xa1?\xc1\x1f\xe0\x0e\xf1\xe6\xd9 \xdf\x12/\x1c,"),
                            bytearray(b'8\xe0x\xe0\xb8\xe0\xd8@\x18\x00h\x10(\x90\x18\xe00\x100\x10 \xc0@\xa0\x10\xf0\x18\xf8\xf8\xd8pp'),
                        ], is_16bit=False, y_plus=0, y_minus=0, x=120, y=120),
                        Tile(mirror=False, invert=False, format=0, length=4, subtile_bytes=[
                            bytearray(b'\x00\x80\x80\x80\x80\x80\x80\x80\x00\x00\x00\x00\x00\x00\x00\x00\x00\x80\x00\x00\x00\x00\x00\x00\x00\x00\x00\x00\x00\x00\x00\x00'),
                            None,
                            None,
                            None,
                        ], is_16bit=False, y_plus=0, y_minus=0, x=136, y=120),
                        Tile(mirror=False, invert=False, format=0, length=5, subtile_bytes=[
                            bytearray(b'\x0f\x00\r\x02\x06\x03\x07\x01\x03\x00\x03\x00\x01\x00\x00\x00\x07\x0f\x03\x0f\x01\x07\x02\x05\x01\x02\x00\x03\x00\x01\x00\x00'),
                            bytearray(b'\x10\xe1\x03\xe0\xb6C\xf0\x03\xe5\xc7\xf6\x07\xe1\x01\x00\x00\x18\x0f\x11>\xb0\xbe\xc0\xfe\x18\xfe\x88\x7f\x0e\xef\x07\x07'),
                            None,
                            None,
                        ], is_16bit=False, y_plus=0, y_minus=0, x=104, y=136),
                        Tile(mirror=False, invert=False, format=0, length=7, subtile_bytes=[
                            bytearray(b'\x04\xc3\xe0\x03\xf6\xe1\x9b\xf0%\xfc\xeb\xfe\x8d\xfc\x03\x00\x0cx\xc4>\x06>\t\x17\x02\x1f\x00\x07\x02\xff\xfc\xff'),
                            bytearray(b'p\x88\\\xb0\xbcp\xf80\xf8`\xf0`\xf0\xc0\xe0\x80xxht\xc0\xfc\x80\xf8\x00\xf8\x00\xf0 \xd0@\xa0'),
                            bytearray(b'\x03\x00\x03\x00\x00\x00\x00\x00\x00\x00\x00\x00\x00\x00\x00\x00\x00\x03\x00\x03\x00\x00\x00\x00\x00\x00\x00\x00\x00\x00\x00\x00'),
                            bytearray(b'\xe0\x00\xc0\x00\x00\x00\x00\x00\x00\x00\x00\x00\x00\x00\x00\x00\x80`\x00\xc0\x00\x00\x00\x00\x00\x00\x00\x00\x00\x00\x00\x00'),
                        ], is_16bit=False, y_plus=0, y_minus=0, x=120, y=136),
                    ]
                ),
                Mold(7, gridplane=False,
                    tiles=[
                        Tile(mirror=False, invert=False, format=0, length=7, subtile_bytes=[
                            bytearray(b'\x00\x00\x00\x00\x00\x00\x00\x00\x00\x00\x02\x03\x00\x03f\x7f\x00\x00\x00\x00\x00\x00\x00\x00\x01\x00\x03\x00\x03\x00\x07\t'),
                            bytearray(b'\x00\x07\x00\x05\x00\x0e \x03\xe4`\x04\xe2\x01\xfeA~\x00\x01\n\x05\x11\x0e\xfc\x03\xff\x00\xff\x02\xf9\x0e\xf9\x02'),
                            bytearray(b'v\xfc \xfes\xfcP\xff}\xff\x02\xff\x1d\x03\x1f\x01\x0f\x88\x8f\xd3\x0e\x8a\x03\x8e\x03\x82\xc1\xf9\x1c\x06\x1e\x00'),
                            bytearray(b"@>c=\xc1\x1dD\xdc\x11\xff\'\xefO\xef\xc8\xe8\xf3\x0b\xf3\r_/\xdc#\xff\x00\xef\x10/0(7"),
                        ], is_16bit=False, y_plus=0, y_minus=0, x=360, y=104),
                        Tile(mirror=False, invert=False, format=0, length=6, subtile_bytes=[
                            bytearray(b' \x00\xc0\x00\x00\xf2\x00\x86\x00\x82\x1d\x02\x0c\x00\xe0\x0c\xe0\x00\x80@\x00\xf2x\x86|\x82\xff\x03\xfc\x10\xf2\x0c'),
                            None,
                            bytearray(b'\xc0\xb8\x81\x80\x87\x00\xeb\xc8\xdb\xd6\xb6\xbf\x7f?\xf5\xcb\xc7\xb8\xff\x80\x7f\x80\xff\x1c\xde>\xbe~?\xf8\xcc\xf2'),
                            bytearray(b'\x00\x80\x00\x00\x00\x00 \xf0\xd0\xe0`\x80\x00\x80 \xa0\x00\x80\x00\x00\x00\x00\x80\x90\x10 `\x00\x80\xf0\xa0\xd0'),
                        ], is_16bit=False, y_plus=0, y_minus=0, x=376, y=104),
                        Tile(mirror=False, invert=False, format=0, length=7, subtile_bytes=[
                            bytearray(b' \x190\x19)\x1e\x1a\x00\x00\x07\x04\x0c\x18\x08\x1a\t&\x11&\t!\x16\x1d\x07\x00\x04\x03\x0b\x07\x07\x06\x07'),
                            bytearray(b'\xbf\xd7\x7f\x9e\xce\xdb\xdc\x07\xfc\x03~q\x0f\xf8\xf7\xf87_^\xbf\xfb\xfc\xe78\xcf,\xb3\xf2\r\xfd\x06\n'),
                            bytearray(b'\t\t\x01\x03\x02\x01\x01\x01\x00\x00\x00\x00\x00\x00\x01\x00\x06\x06\x04\x06\x06\x05\x00\x01\x00\x00\x00\x00\x01\x01\x03\x02'),
                            bytearray(b'\xf0\xfc\xc4\xfc8\xf8\xe0\xc1f\x1dV\x7f\xbc?x\x7f\x03\x0f\x03?\x07\xff>\xff\x00{\x80\xf1\xc0c\x80\xc7'),
                        ], is_16bit=False, y_plus=0, y_minus=0, x=104, y=120),
                        Tile(mirror=False, invert=False, format=0, length=7, subtile_bytes=[
                            bytearray(b'\x85\xff\n\xfc\x15\xe9\x07\xff\x0f\xff\x1f\xff\xff>\xfc\x1d\xf0\x80\xe3\x05\xf5\n\xff\x00\xff\x00\xff\x00\x7f@<#'),
                            bytearray(b'\xa6 LG\xc3\xc6\xc6\xc4\x84\x80\x04\x00\x84\x00.\xc0\xa6X\xc8\xb0\xc1>\xc2<\x84x\x04\xf8\x84x.\x10'),
                            bytearray(b'\xf0\x01y\x00\xf8\x00\xf8\x80\xf8\x00x\x81\xb8A\xb0@\xd0_\xc9\x8e\xf8\x1fh\x8f\xe8/h\xaf\xc8GP\xdf'),
                            bytearray(b"\xc9\xe6\x8e\x00\x04\x00\x04\x06\xcb\x06\'\xc0\xc8\xf0\xc0\x08\t6\x8cr\x0c\xf8\x00\xfa\xc94\'\x18\x08\x10\xc88"),
                        ], is_16bit=False, y_plus=0, y_minus=0, x=376, y=120),
                        Tile(mirror=False, invert=False, format=0, length=4, subtile_bytes=[
                            None,
                            None,
                            bytearray(b'\x00\x00\x00\x00\x00\x00\x00\x00\x00\x00\x80\x00\x00\x00\x00\x00\x00\x00\x00\x00\x00\x00\x00\x00\x00\x00\x80\x00\x00\x00\x00\x00'),
                            None,
                        ], is_16bit=False, y_plus=0, y_minus=0, x=392, y=120),
                        Tile(mirror=False, invert=False, format=0, length=6, subtile_bytes=[
                            bytearray(b'\x04\x03\x00\x06\x01\x00\x03\x01\t\x06\x03\x0c\x07\x00\x01\x02\x07\x07\x07\x07\x03\x02\x06\x05\x0f\x0f\x0e\x0e\x01\x05\x02\x03'),
                            bytearray(b"\x84\x7f\xbd\xfb\x8f\xfc\t\xfeI\xfe\xd3>\xff\x00\xdf \x80\x7f\x04\xfb\x00\xff\x00\xc7\x81\x86\x81\x8e8\'`\x7f"),
                            None,
                            bytearray(b'0@\x00\x00\x00\x00\x00\x00\x00\x00\x00\x00\x00\x00\x00\x00@p\x00\x00\x00\x00\x00\x00\x00\x00\x00\x00\x00\x00\x00\x00'),
                        ], is_16bit=False, y_plus=0, y_minus=0, x=360, y=136),
                        Tile(mirror=False, invert=False, format=0, length=5, subtile_bytes=[
                            bytearray(b'\xe0\x10\xc34\xe4\x9b\xfb\x04\xff\x00\xff\x00\xf9\x00\xf0\x00\xd0_\xb4\xbc[\xdbg\xa6=\xde\x00\xff\x00\xf9\x00\xf0'),
                            bytearray(b'\xf8\x00\x80p\x18\xf8\xe3\x7f\xfe|\xfe\x00\xfc\x00\x00\x00\x08\x08pp\x80\xe0\x80\x7f\x82|x\x86\x00\xfc\x00\x00'),
                            None,
                            None,
                        ], is_16bit=False, y_plus=0, y_minus=0, x=376, y=136),
                    ]
                ),
                Mold(8, gridplane=False,
                    tiles=[
                        Tile(mirror=False, invert=False, format=0, length=7, subtile_bytes=[
                            bytearray(b'\x00\x00\x00\x00\x00\x00\x00\x00\x00\x00\x00\x00\x00\x00\x00\x00\x00\x00\x00\x00\x00\x00\x00\x00\x00\x00\x00\x00\x01\x00\x00\x00'),
                            bytearray(b'@@ \xc0 \xc1\x12\xe12p\tx\x11?8_\x00\x00#\x80&\x81\x16\xa1\x8f\x00\x8fP\xff \xbf@'),
                            bytearray(b'\x00\x00\x00\x01\x00\x01\x02\x01\x00\x03\x0e\x03\x0e\x03\x07\t\x00\x00\x01\x00\x01\x00\x02\x01\x00\x03\x0c\x01\x0c\x01\x00\x0c'),
                            bytearray(b'\x84=\xc4:\xc98\x19\xf0\x17\xf8C\xfc\xdb\xbfv\xf9\xfc\xa3\xfd\x82\x7fA\xbe\xe2\x19!\x03<@$\x06\x89'),
                        ], is_16bit=False, y_plus=0, y_minus=0, x=104, y=104),
                        Tile(mirror=False, invert=False, format=0, length=7, subtile_bytes=[
                            bytearray(b'\x10\x00`\x80\xf8\x01\xa6\x01X\x07RM\xa3\x9d\x869\xf0\x00@\xa0\xf8\x01\xfeI\xba\xc3c\x99\xa1V\xc7\x00'),
                            bytearray(b'\x00\x00\x00\x00\x80\x00\x80\x00\x80\x00\xb0\x0c\xa0\xfc\x80\xf8\x00\x00\x00\x00\x80\x00\x80\x00\x80\x00\xb0\x88\xc0T\xc8\x08'),
                            bytearray(b'D?\xffFN\xc7\xb6\x1f\xbds\x9b\x87\xe77\xbf{\xcf/\xf7O\xff\xff\x9f\xff\xf7\x9f\x87\x7f\xcf\x1f\x8f_'),
                            bytearray(b'\x88\xf0\xf0\xc0\x84\x04\xb2p\xd8\x19\xe0\x01\xe3\x189\xc6\x98p\xe0\x1c\x94\xf8rLXf ?\xb9\xbe\xfe\xff'),
                        ], is_16bit=False, y_plus=0, y_minus=0, x=376, y=104),
                        Tile(mirror=False, invert=False, format=0, length=4, subtile_bytes=[
                            None,
                            None,
                            bytearray(b'\x00\x00\x00\x00\x00\x00\x00\x00\x00\x80\x80\x00\x00\x00\x00\x00\x00\x00\x00\x00\x00\x00\x00\x00\x00\x00\x80\x00\x00\x00\x00\x00'),
                            None,
                        ], is_16bit=False, y_plus=0, y_minus=0, x=392, y=104),
                        Tile(mirror=False, invert=False, format=0, length=7, subtile_bytes=[
                            bytearray(b'?8*<\xd3|\x1b\xfdU\xbc7\x8e2\x00\t\x00\x03\x06\x03\x11\x83\xfc\xa0\xb6\xa3\xbe\xb0\xb7\x12\x00\t\x00'),
                            bytearray(b'\x8dpx\xb0\x89\x10\xf9\x81\xbb\xff\xd6>\xe7\x007\xe1\x82w\x8f\xfd\xff\xd1~\x13\x00GA\xaf\xff\x18\x1e\xe9'),
                            bytearray(b'\x01\x00\x01\x00\x01\x00\x01\x01\x06\x03\x12\r\x07\x18\x0f\x00\x01\x00\x01\x00\x01\x00\x02\x03\x0c\x0b\x1f\x1f\x1d\x1d\x02\n'),
                            bytearray(b'\x1f\xe0\xbb\xe0|@<\xe0o\xf0\xaf\xf0\x9fp\xff \x1f\xe0\x1f\xe4\xbf\xc3\x1f\xe3\x0f\x90\x0f\x10\x0e1Po'),
                        ], is_16bit=False, y_plus=0, y_minus=0, x=104, y=120),
                        Tile(mirror=False, invert=False, format=0, length=7, subtile_bytes=[
                            bytearray(b"\x1fpw\xc8\xdb\x81\x93\x81t3\xf5\x02\xf7h9\xce\x81\xfe)\xdef\xbd~\xed\xce\xbb\xfb\x0e\x89\x7f\'\xd7"),
                            bytearray(b'\xe5\x1a\xb0O5\xf2\xd5\xf2\xd3\xf4\xf5rD\xf2\xacp_>\xdf\xff\x1f\xfe\x1e?\x0f>\x8f\x9b\x8e\x9a\xce\xd2'),
                            bytearray(b'\xec\x9f\xe3\x9f\xce?R/r\r\x1f\x00\xd3\x01\xf3\x11a\x91\x00\xf4\xd0\x11\xc5\xed\xef\xed\xf9\xee>\xfd\x0e\xfd'),
                            bytearray(b'\xcc0X\xa0x\x98\xf8\xb8x\xb0\xf8\x00\xc0\x80\xf0\x80\xbe\xb2\xee\xf6\xc6\xfeF\xbeN\xb6\xff\x07\x7f\xbf\x7f\x8f'),
                        ], is_16bit=False, y_plus=0, y_minus=0, x=120, y=120),
                        Tile(mirror=False, invert=False, format=0, length=4, subtile_bytes=[
                            bytearray(b'\x00\x00\x80\x00\x00\x00\x00\x00\x00\x00\x00\x00\x00\x00\x00\x00\x00\x00\x80\x80\x80\x80\x00\x00\x00\x00\x00\x00\x00\x00\x00\x00'),
                            None,
                            None,
                            None,
                        ], is_16bit=False, y_plus=0, y_minus=0, x=392, y=120),
                        Tile(mirror=False, invert=False, format=0, length=5, subtile_bytes=[
                            bytearray(b'\x03\x04\x00\x00\x00\x00\x00\x00\x00\x00\x00\x00\x00\x00\x00\x00\x04\x06\x00\x00\x00\x00\x00\x00\x00\x00\x00\x00\x00\x00\x00\x00'),
                            bytearray(b'\xbf@`\x80\x00\x00\x00\x00\x00\x00\x00\x00\x00\x00\x00\x00\xc0\xff\x80\xe0\x00\x00\x00\x00\x00\x00\x00\x00\x00\x00\x00\x00'),
                            None,
                            None,
                        ], is_16bit=False, y_plus=0, y_minus=0, x=360, y=136),
                        Tile(mirror=False, invert=False, format=0, length=5, subtile_bytes=[
                            bytearray(b'\xf9\t{\x03~\x03\x1f\x01\x0f\x00\x02\x01\x01\x02\x00\x00\x06\xff\x04\x7f\x00}\x00\x1c\x01\r\x01\x01\x02\x03\x00\x00'),
                            bytearray(b'\xa0\xc0\xa1\xc0#\xc0\x02\xe0@\xa2\xda$R$\x00\x00?\xdf?\xde?\xdc\xbf\xfd\xff\xffd\xfe$6\x00\x00'),
                            None,
                            None,
                        ], is_16bit=False, y_plus=0, y_minus=0, x=120, y=136),
                    ]
                ),
                Mold(9, gridplane=False,
                    tiles=[
                        Tile(mirror=False, invert=False, format=0, length=7, subtile_bytes=[
                            bytearray(b'\x00\x00\x00\x00\x00\x00\x00\x01\x00\x03\x02\x02\x02\x03\x00\x03\x00\x00\x00\x00\x00\x00\x00\x01\x00\x03\x01\x00\x00\x01\x00\x03'),
                            bytearray(b'\x00\x00\x00\x08\xe2\xf9:\xd8 \xce\x01\xee\x0c\xfc\x86\xfc\x00\x00\x05\x00\x1e\x11?\xc0/\x96\x0f\xb6\x1f\xb1\x8fx'),
                            bytearray(b'\x02\x01\x02\x01\x03\x03\x03\x03\x00\x03\x01\x00\x00\x00\x00\x00\x03\x02\x03\x03\x00\x00\x00\x00\x00\x03\x01\x00\x00\x00\x00\x00'),
                            bytearray(b'\x02\xfe0\xfc`\xe0\xa6\xe0\x10\xc4\x80\x10\xff\x00\xff\x00\xcfp\xff\x00\xef\x9c;Z\x7f\xff\xff\x7f\xc0@\x80\x80'),
                        ], is_16bit=False, y_plus=0, y_minus=0, x=104, y=104),
                        Tile(mirror=False, invert=False, format=0, length=7, subtile_bytes=[
                            bytearray(b'\x00\x07_\x07\x15\x0f%_\x1d"\x05 \n\x00\xd5\x00\xa0\x07\xf8\x08\xf0b\xb2z\xdf"\xdf*\xfe\x00\xff\x05'),
                            bytearray(b'\x00\x80\x80\x80\x00\x80\x00\x80\x00\x80\x00\x00\x00\x00\x00\x00\x00\x80\x00\x00\x00\x80\x80\x80\x80\x80\x00\x00\x00\x00\x00\x00'),
                            bytearray(b'@\x10`\x88\x00\x88\x04A\x16A\x93\x00\xd3\x00\xff\x01\xef\x10w\x88w\x88\xbfA\xbfA}\x83\xfd\xc1\x03\x02'),
                            bytearray(b'\x00\x00\x00\x00\xc0\x00\xe0\x00\xf0\x00\xf8\xc0\x80\xf84\xf8\x00\x00\x80\x00\x00\x00\xc0\xc0\xc0\xc0\xe8(\xe0 \xc4L'),
                        ], is_16bit=False, y_plus=0, y_minus=0, x=120, y=104),
                        Tile(mirror=False, invert=False, format=0, length=7, subtile_bytes=[
                            bytearray(b'\x00\x01\x01\x00\x00\x0f\x08\x18\x10\x11\x15\x13\x13\x13\x03\x07\x01\x01\x01\x01\x00\x0b\x07\x17\x0e\x0f\x0c\x0e\x0c\x0c\x08\x0c'),
                            bytearray(b'\xfc\x0f\xf0\x1f\xf0\x1f\xe0\x1f\xe1\x1e\xe0\x9f\xe0\x9f\xf0\x9f\x9f\x90\x1e\x03<&<$="? ? \x1f\x00'),
                            bytearray(b'\x04\x03\x03\x03\x00\x01\x01\x03\x01\x03\x01\x07\x04\x07\x05\x07\x0c\x0b\x00\x03\x00\x00\x00\x02\x00\x02\x00\x06\x00\x07\x00\x07'),
                            bytearray(b'p\x9f8\xcf\xbc\xcf\xbb\xcc\xf7\xc5\xf1\xc0m\xd0\xee\xd6\x1f\x80\x18\x91\x19\x11\x0b\x04\x05\x0b\x10_0\xff?\xf7'),
                        ], is_16bit=False, y_plus=0, y_minus=0, x=104, y=120),
                        Tile(mirror=False, invert=False, format=0, length=7, subtile_bytes=[
                            bytearray(b'8\xc7H\xff)\xfe\xe5?\xe3\x7f\x01\xff\x03\xff\x07\xff\xf9;x\x80y\xc4\xbfB\xff\x00\xff\x00\xff\x00\xff\x00'),
                            bytearray(b"\xde\xf0\xc6Dr\x02\xc1\xc0\xc4\xc3\xc3\xc7\xc1\xc2j\xc2\xee&\xc6:\x82\xfc\xc1?\xc0?\xc0<\xc5>\'\x1f"),
                            bytearray(b'\x0e\xff\xbe\xff\xff\xff\xfc\xfc\xf8\xf8\xe1\xe0\x83\x00\x06\xe1\xff\x01\xff\x01\xff\x00\xfc\x03\xf8\x07\xe1\x1e\x01\xfe\xaa\xfd'),
                            bytearray(b';\xe2\x97\xe6>>\x1e\x1c^\x1c=\xf8<\xd3<\xd3\x16\x0f\x1fn~\xfe>\xfc>\xfc\xfb\xfe2\xdf<\x13'),
                        ], is_16bit=False, y_plus=0, y_minus=0, x=120, y=120),
                        Tile(mirror=False, invert=False, format=0, length=5, subtile_bytes=[
                            bytearray(b'\x00\x00\x00\x00\x00\x00\x00\x00\x00\x80\x00\x80\x80\x00\x00\x00\x00\x00\x00\x00\x00\x00\x00\x00\x00\x00\x00\x00\x80\x00\x00\x00'),
                            None,
                            bytearray(b'\x00\x00\x00\x00\x00\x00\x00\x00\x00\x00\x00\x00\x00\x80\x00\x80\x00\x00\x00\x00\x00\x00\x00\x00\x00\x00\x00\x00\x80\x80\x00\x80'),
                            None,
                        ], is_16bit=False, y_plus=0, y_minus=0, x=136, y=120),
                        Tile(mirror=False, invert=False, format=0, length=5, subtile_bytes=[
                            bytearray(b'\x07\x07&;;}\xf9~\xce?s\x0f\x0e\x01\x01\x00\x00\x04\x04\x0b\x02\x05\x01\x02\x00\xb0\x00|\x00\x0f\x00\x01'),
                            bytearray(b'q\xec\xbf\xe0\xb7\xf8\xc4{\xf7\xfe\x8f\xfc?\xc0\xf0\x00\x1f\xfe\x19y\r\xfd\x87;\x02\x0f\x02}\x00\xff\x00\xf0'),
                            None,
                            None,
                        ], is_16bit=False, y_plus=0, y_minus=0, x=104, y=136),
                        Tile(mirror=False, invert=False, format=0, length=6, subtile_bytes=[
                            bytearray(b'\n\xf9\x10\xe0\x0c\xe0\xb0@\xff\x01\xfd\x03\xd7\x03\x00\x00\x1e\x1d\x1f\x0f\x13?\xbf\xbf\xc0\xfe\x00\xfe\x00\xd7\x00\x00'),
                            bytearray(b'\x8f\xe0\x84`G\x00\xff\xcd\x02\xff_\xe5\xd0\xf08\xf0?0^\xfa\xff\xb82M\x00\x1f\x1a\x05\x00 \x08\xf0'),
                            None,
                            bytearray(b'  \x00\x00\x00\x00\x00\x00\x00\x00\x00\x00\x00\x00\x00\x00\x00 \x00\x00\x00\x00\x00\x00\x00\x00\x00\x00\x00\x00\x00\x00'),
                        ], is_16bit=False, y_plus=0, y_minus=0, x=120, y=136),
                        Tile(mirror=False, invert=False, format=0, length=4, subtile_bytes=[
                            bytearray(b'\x80\x00\x00\x00\x00\x00\x00\x00\x00\x00\x00\x00\x00\x00\x00\x00\x80\x00\x00\x00\x00\x00\x00\x00\x00\x00\x00\x00\x00\x00\x00\x00'),
                            None,
                            None,
                            None,
                        ], is_16bit=False, y_plus=0, y_minus=0, x=136, y=136),
                    ]
                ),
                Mold(10, gridplane=False,
                    tiles=[
                        Tile(mirror=False, invert=False, format=0, length=7, subtile_bytes=[
                            bytearray(b'\x00\x00\x00\x80\x08\xc1H\xc5\x80\xe2\r\xf0Hw\x01\x7f\x01\x00\x01\x80\x0eA\n\x05\r"\x1f\x90\x0f\x00\x0fx'),
                            bytearray(b'\x00\x00\x00\x01A\x03B#\xe2\x07\xc4\x0fz\xef\xc0\xc6\x80\x00\x80\x01\xd0\x02\xd0 \xf0\x14\xd89\xf1\x01\xca6'),
                            bytearray(b'\x06C\xd0\x03\xd8\x03\xf5#\x8e\xf3\xc7\xfb\xf9\xff\x98\xff\x7f@\xff\xc0\x1f2\xef\x8e\xb7\xc5\xb4\xb8\x80\x82\x80\xe3'),
                            bytearray(b'D\xc0,\x80\xc3\x88I =\xcc\xaa\xd1\xcb\xb4\xcf1\xde"\xbaF\xfc\x1f9\xfe\xfd\xb2\x1auK4\xc97'),
                        ], is_16bit=False, y_plus=0, y_minus=0, x=112, y=112),
                        Tile(mirror=False, invert=False, format=0, length=4, subtile_bytes=[
                            None,
                            None,
                            bytearray(b'\x00\x00\x00\x00\x00\x00\x00\x00\x80\x80\x00\x00\x00\x00\x00\x00\x00\x00\x00\x00\x00\x00\x00\x00\x80\x80\x80\x80\x00\x00\x00\x00'),
                            None,
                        ], is_16bit=False, y_plus=0, y_minus=0, x=128, y=112),
                        Tile(mirror=False, invert=False, format=0, length=7, subtile_bytes=[
                            bytearray(b'\xde\xafiv~@\xf5\x8b\xff\x81\xff\xf0\xff\xff\x7f\x7f\xd0\xb1av}\x7f\xd0\xdb\xe3\xe3\xfc\xfc\xff\xff\x7f\x7f'),
                            bytearray(b'\xd9a\x7f\x8f\xff\x03\xcfa\xff\x83\xff\x0f\xff\xff\xfe\xfe\x9f/o\x8f?\xff;\xfb\xc7\xc7??\xff\xff\xfe\xfe'),
                            bytearray(b'\x7f\x7f??\x0f\x0f\x0f\x0f\x03\x03\x00\x00\x00\x00\x00\x00\x7f\x7f??\x0f\x0f\x0f\x0f\x03\x03\x00\x00\x00\x00\x00\x00'),
                            bytearray(b'\xfe\xfe\xfc\xfc\xf8\xf8\xf0\xf0\xc0\xc0\x00\x00\x00\x00\x00\x00\xfe\xfe\xfc\xfc\xf8\xf8\xf0\xf0\xc0\xc0\x00\x00\x00\x00\x00\x00'),
                        ], is_16bit=False, y_plus=0, y_minus=0, x=112, y=128),
                        Tile(mirror=False, invert=False, format=0, length=4, subtile_bytes=[
                            bytearray(b'\x00\x00\x00\x00\x80\x80\x00\x00\x00\x00\x00\x00\x00\x00\x00\x00\x00\x00\x00\x00\x80\x80\x00\x00\x00\x00\x00\x00\x00\x00\x00\x00'),
                            None,
                            None,
                            None,
                        ], is_16bit=False, y_plus=0, y_minus=0, x=128, y=128),
                    ]
                ),
                Mold(11, gridplane=False,
                    tiles=[
                        Tile(mirror=False, invert=False, format=0, length=7, subtile_bytes=[
                            bytearray(b'\x00\x00\x00@\x04`$b@q\x06x$;\x00?\x00\x00\x00@\x07 \x05\x02\x06\x11\x0fH\x07\x00\x07<'),
                            bytearray(b'\x00\x00\x00\x00 \x81!\x91q\x03\xe2\x07=\xf7\xe0\xe3\xc0\x00\xc0\x00h\x81h\x90\xf8\n\xec\x1c\xf8\x00\xe5\x1b'),
                            bytearray(b'\x03!h\x01l\x01z\x11Gyc}|\x7fL\x7f? \x7f`\x0f\x19wG[bZ\\@A@q'),
                            bytearray(b'"\xe0\x16\xc0a\xc4\xa4\x90\x1e\xe6\xd5\xe8\xe5\xdag\x98\xef\x11\xdd#\xfe\x0f\x9c\x7f\xfe\xd9\r:%\x1ad\x9b'),
                        ], is_16bit=False, y_plus=0, y_minus=0, x=112, y=112),
                        Tile(mirror=False, invert=False, format=0, length=5, subtile_bytes=[
                            bytearray(b'\x00\x00\x00\x80\x80\x80\x00\x80\x00\x80\x00\x80\x00\x80\x00\x00\x00\x00\x00\x80\x00\x00\x00\x00\x00\x00\x00\x80\x80\x80\x00\x00'),
                            None,
                            bytearray(b'\x00\x00\x00\x00\x80\x00\x80\x00\xc0@\x00\x80\x80\x00\x80\x80\x00\x00\x00\x00\x00\x80\x80\x00\xc0@@\xc0\x80\x00\x80\x80'),
                            None,
                        ], is_16bit=False, y_plus=0, y_minus=0, x=128, y=112),
                        Tile(mirror=False, invert=False, format=0, length=7, subtile_bytes=[
                            bytearray(b'oW|{\x7fp\xfe\xe1>1\x7f|\x7f\x7f\x1f\x1fhXx{~\x7f\xf4\xf599~~\x7f\x7f\x1f\x1f'),
                            bytearray(b'l\xb0\xbfG\x7f\x03\xef\xb1\xbfC\xff\x0f\xff\xff\xff\xffO\x97\xb7G\x9f\xff\x1b\xfb\xe7\xe7\x1f\x1f\xff\xff\xff\xff'),
                            bytearray(b'??\x1f\x1f\x1f\x1f\x0f\x0f\x00\x00\x00\x00\x00\x00\x00\x00??\x1f\x1f\x1f\x1f\x0f\x0f\x00\x00\x00\x00\x00\x00\x00\x00'),
                            bytearray(b'\xff\xff\xfe\xfe\xf8\xf8\xf0\xf0\xe0\xe0\x00\x00\x00\x00\x00\x00\xff\xff\xfe\xfe\xf8\xf8\xf0\xf0\xe0\xe0\x00\x00\x00\x00\x00\x00'),
                        ], is_16bit=False, y_plus=0, y_minus=0, x=112, y=128),
                        Tile(mirror=False, invert=False, format=0, length=4, subtile_bytes=[
                            bytearray(b'\x80\x80\x80\x80\xc0\xc0\x00\x00\x80\x80\xc0\xc0\xc0\xc0\x80\x80\x80\x80\x80\x80\xc0\xc0\x00\x00\x80\x80\xc0\xc0\xc0\xc0\x80\x80'),
                            None,
                            None,
                            None,
                        ], is_16bit=False, y_plus=0, y_minus=0, x=128, y=128),
                    ]
                ),
                Mold(12, gridplane=False,
                    tiles=[
                        Tile(mirror=False, invert=False, format=0, length=7, subtile_bytes=[
                            bytearray(b'\x00\x00\x00\x80\x08\xc1H\xc5\x80\xe2\r\xf0Hw\x01\x7f\x01\x00\x01\x80\x0eA\n\x05\r"\x1f\x90\x0f\x00\x0fx'),
                            bytearray(b'\x00\x00\x00\x01A\x03B#\xe2\x07\xc4\x0fz\xef\xc0\xc6\x80\x00\x80\x01\xd0\x02\xd0 \xf0\x14\xd89\xf1\x01\xca6'),
                            bytearray(b'\x06C\xd0\x03\xd8\x03\xf5#\x8e\xf3\xc7\xfb\xf9\xff\x98\xff\x7f@\xff\xc0\x1f2\xef\x8e\xb7\xc5\xb4\xb8\x80\x82\x80\xe3'),
                            bytearray(b'D\xc0,\x80\xc3\x88I =\xcc\xaa\xd1\xcb\xb4\xcf1\xde"\xbaF\xfc\x1f9\xfe\xfd\xb2\x1auK4\xc97'),
                        ], is_16bit=False, y_plus=0, y_minus=0, x=112, y=112),
                        Tile(mirror=False, invert=False, format=0, length=4, subtile_bytes=[
                            None,
                            None,
                            bytearray(b'\x00\x00\x00\x00\x00\x00\x00\x00\x80\x80\x00\x00\x00\x00\x00\x00\x00\x00\x00\x00\x00\x00\x00\x00\x80\x80\x80\x80\x00\x00\x00\x00'),
                            None,
                        ], is_16bit=False, y_plus=0, y_minus=0, x=128, y=112),
                        Tile(mirror=False, invert=False, format=0, length=7, subtile_bytes=[
                            bytearray(b'\xde\xafyf~\x00u\x0b\xff\xc1\xff\xe0\xff\xff\xff\xff\xd0\xb1QV}\x7fP[\xe7\xe7\xf8\xf8\xff\xff\xff\xff'),
                            bytearray(b'\xd9a\x7f\x87\xff\x01\xcfa\xff\x83\xff\x07\xfe\xfe\xfc\xfc\x9f/o\x8f?\xff;\xfb\xe3\xe3\x1f\x1f\xfe\xfe\xfc\xfc'),
                            bytearray(b'\x7f\x7f??\x0f\x0f\x07\x07\x07\x07\x00\x00\x00\x00\x00\x00\x7f\x7f??\x0f\x0f\x07\x07\x07\x07\x00\x00\x00\x00\x00\x00'),
                            bytearray(b'\xfe\xfe\xfe\xfe\xfc\xfc\xf8\xf8\x80\x80\x00\x00\x00\x00\x00\x00\xfe\xfe\xfe\xfe\xfc\xfc\xf8\xf8\x80\x80\x00\x00\x00\x00\x00\x00'),
                        ], is_16bit=False, y_plus=0, y_minus=0, x=112, y=128),
                        Tile(mirror=False, invert=False, format=0, length=4, subtile_bytes=[
                            bytearray(b'\x00\x00\x00\x00\x80\x80\x80\x80\x00\x00\x00\x00\x00\x00\x00\x00\x00\x00\x00\x00\x80\x80\x80\x80\x00\x00\x00\x00\x00\x00\x00\x00'),
                            None,
                            None,
                            None,
                        ], is_16bit=False, y_plus=0, y_minus=0, x=128, y=128),
                    ]
                ),
                Mold(13, gridplane=False,
                    tiles=[
                        Tile(mirror=False, invert=False, format=0, length=7, subtile_bytes=[
                            bytearray(b'\x00\x00\x00 \x00`\x08t\x04x\x00x@8|\x00\x01\x00\x1f\x00\x1fP\x1fT\x07H\x07LO,\x7f\x00'),
                            bytearray(b'\xa0\x80\x11\x008\x01:\x878\x87(\x87\x1c\x03\x1f\x00` \xfd\x11\xfe\x00|\x84x\x84|\x87\xff\x03\xfc\x03'),
                            bytearray(b'8pPp\x00`P@\xb1\xb0; {@\x7f@\x1f@\x1f\x08\x1fx\x7fx\xff\xf8~yniqq'),
                            bytearray(b"\x0c\x00.\x00.\x00-\x05G\x07O\x01O\x00\xff\xc1\xff\x03\xfc\x02\xf8\x06\xff\x07\xff/\xff\'\xfd%\xe3\xe3"),
                        ], is_16bit=False, y_plus=0, y_minus=0, x=112, y=112),
                        Tile(mirror=False, invert=False, format=0, length=5, subtile_bytes=[
                            bytearray(b'\x00\x00\x00\x80\x00\x80\x00\x80\x00\x80\x00\x00\x00\x00\x80\x00\x00\x00\x00\x80\x00\x80\x00\x80\x00\x80\x00\x00\x00\x00\x80\x00'),
                            None,
                            bytearray(b'\x80\x00\x00\x00\x00\x00\x00\x00\x80\x80\xc0\xc0\x80\x80\x80\x80\x80\x00\x00\x00\x00\x00\x00\x00\x80\x80\xc0\xc0\x80\x80\x80\x80'),
                            None,
                        ], is_16bit=False, y_plus=0, y_minus=0, x=128, y=112),
                        Tile(mirror=False, invert=False, format=0, length=5, subtile_bytes=[
                            bytearray(b'\x7fx\x7f\x7f????\x1f\x1f\x07\x07\x07\x07\x01\x01~~\x7f\x7f????\x1f\x1f\x07\x07\x07\x07\x01\x01'),
                            bytearray(b'\xff\x07\xff\xff\xff\xff\xff\xff\xfe\xfe\xfc\xfc\xf8\xf8\xe0\xe0\x1f\x1f\xff\xff\xff\xff\xff\xff\xfe\xfe\xfc\xfc\xf8\xf8\xe0\xe0'),
                            None,
                            None,
                        ], is_16bit=False, y_plus=0, y_minus=0, x=112, y=128),
                        Tile(mirror=False, invert=False, format=0, length=4, subtile_bytes=[
                            bytearray(b'\x80\x80\x80\x80\x00\x00\x00\x00\x00\x00\x00\x00\x00\x00\x00\x00\x80\x80\x80\x80\x00\x00\x00\x00\x00\x00\x00\x00\x00\x00\x00\x00'),
                            None,
                            None,
                            None,
                        ], is_16bit=False, y_plus=0, y_minus=0, x=128, y=128),
                    ]
                ),
                Mold(14, gridplane=False,
                    tiles=[
                        Tile(mirror=False, invert=False, format=0, length=7, subtile_bytes=[
                            bytearray(b'\x00\x00\x00 \x00`\x08t\x04x\x00x@8|\x00\x01\x00\x1f\x00\x1fP\x1fT\x07H\x07LO,\x7f\x00'),
                            bytearray(b'\xa0\x80\x11\x008\x01:\x878\x87(\x87\x1c\x03\x1f\x00` \xfd\x11\xfe\x00|\x84x\x84|\x87\xff\x03\xfc\x03'),
                            bytearray(b'8pPp\x00`xx\xf9\xf0\xff\xe0?0\x7f|\x1f@\x1f\x08\x1fx\x7fx\xff\xf8\xf6\xf599~~'),
                            bytearray(b'\x0c\x00.\x00.\x00/\x07G\x03O\x01\xff\x03\xff\x0f\xff\x03\xfc\x02\xf8\x06\xff\x07\xff/\xfb+\xe7\xe7\x1f\x1f'),
                        ], is_16bit=False, y_plus=0, y_minus=0, x=112, y=112),
                        Tile(mirror=False, invert=False, format=0, length=5, subtile_bytes=[
                            bytearray(b'\x00\x00\x00\x80\x00\x80\x00\x80\x00\x80\x00\x00\x00\x00\x80\x00\x00\x00\x00\x80\x00\x80\x00\x80\x00\x80\x00\x00\x00\x00\x80\x00'),
                            None,
                            bytearray(b'\x80\x00\x00\x00\x00\x00\x80\x80\xc0\xc0\x00\x00\x80\x80\xc0\xc0\x80\x00\x00\x00\x00\x00\x80\x80\xc0\xc0\x00\x00\x80\x80\xc0\xc0'),
                            None,
                        ], is_16bit=False, y_plus=0, y_minus=0, x=128, y=112),
                        Tile(mirror=False, invert=False, format=0, length=5, subtile_bytes=[
                            bytearray(b'\x7f\x7f\x1f\x1f??\x1f\x1f\x1f\x1f\x0f\x0f\x00\x00\x00\x00\x7f\x7f\x1f\x1f??\x1f\x1f\x1f\x1f\x0f\x0f\x00\x00\x00\x00'),
                            bytearray(b'\xff\xff\xff\xff\xff\xff\xfe\xfe\xf8\xf8\xf0\xf0\xe0\xe0\x00\x00\xff\xff\xff\xff\xff\xff\xfe\xfe\xf8\xf8\xf0\xf0\xe0\xe0\x00\x00'),
                            None,
                            None,
                        ], is_16bit=False, y_plus=0, y_minus=0, x=112, y=128),
                        Tile(mirror=False, invert=False, format=0, length=4, subtile_bytes=[
                            bytearray(b'\xc0\xc0\x80\x80\x00\x00\x00\x00\x00\x00\x00\x00\x00\x00\x00\x00\xc0\xc0\x80\x80\x00\x00\x00\x00\x00\x00\x00\x00\x00\x00\x00\x00'),
                            None,
                            None,
                            None,
                        ], is_16bit=False, y_plus=0, y_minus=0, x=128, y=128),
                    ]
                ),
                Mold(15, gridplane=False,
                    tiles=[
                        Tile(mirror=False, invert=False, format=0, length=7, subtile_bytes=[
                            bytearray(b"\x00\x00\x00\x10\x000\x04:\x02<\x00< \x1c>\x00\x00\x00\x0f\x00\x0f(\x0f*\x03$\x03&\'\x16?\x00"),
                            bytearray(b'P@\x08\x00\x1c\x00\x1dC\x1cC\x14C\x0e\x01\x0f\x00\xb0\x10\xfe\x08\xff\x00\xbeB\xbcB\xbeC\xff\x01\xfe\x01'),
                            bytearray(b'\x1c8(8\x000( x@=\x00\x7f`\x7fp\x0f \x0f\x04\x0f<?<\x7f|/,ss||'),
                            bytearray(b'\x06\x00\x17\x00\x17\x00\x17\x03\xa7\x00\xa7\x00\xff\xc1\xff\x03\xff\x01\xfe\x01\xfc\x03\xff\x07\xff\x17}\x95\xf1\xf1\x0f\x0f'),
                        ], is_16bit=False, y_plus=0, y_minus=0, x=112, y=112),
                        Tile(mirror=False, invert=False, format=0, length=5, subtile_bytes=[
                            bytearray(b'\x00\x00\x80@\x00\xc0\x00\xc0\x00\xc0\x00\x80\x00\x80\xc0\x00\x00\x00\x80\xc0\x00@\x00@\x00@\x00\x80\x80\x80@\x80'),
                            None,
                            bytearray(b'@\x00\x00\x00\x00\x00\x80\x80\xc0\xc0\xc0\xc0\x80\x80\x80\x80\xc0\x80\x00\x00\x00\x00\x80\x80\xc0\xc0\xc0\xc0\x80\x80\x80\x80'),
                            None,
                        ], is_16bit=False, y_plus=0, y_minus=0, x=128, y=112),
                        Tile(mirror=False, invert=False, format=0, length=5, subtile_bytes=[
                            bytearray(b'\xff\xff\x7f\x7f??\x1f\x1f\x07\x07\x03\x03\x03\x03\x00\x00\xff\xff\x7f\x7f??\x1f\x1f\x07\x07\x03\x03\x03\x03\x00\x00'),
                            bytearray(b'\xff\xff\xfe\xfe\xff\xff\xff\xff\xfe\xfe\xfc\xfc\xc0\xc0\x00\x00\xff\xff\xfe\xfe\xff\xff\xff\xff\xfe\xfe\xfc\xfc\xc0\xc0\x00\x00'),
                            None,
                            None,
                        ], is_16bit=False, y_plus=0, y_minus=0, x=112, y=128),
                    ]
                ),
                Mold(16, gridplane=False,
                    tiles=[
                        Tile(mirror=False, invert=False, format=0, length=7, subtile_bytes=[
                            bytearray(b"\x02\x00\x01\x00\x00\'\x000\x00 \\ \x18\x00\x03\x18\x03\x00\x00\x01\x00\'\x0f0\x1f \x7f`\x1f\x04\'\x18"),
                            bytearray(b'\x00p\x80P\x00\xb8\x02\xe0\x13\x83\x10#@?\xc1?\x80@\xa8PD\xb8\x1f\xe0\x7f\x80\xff \xcf8\xcf '),
                            bytearray(b'\x01\x8e@\x00p\x00k\t-5\x16\x1e\x0f\x0e\x0f\tq\x8e\x7f\x00\x7f\x00\x7f\x1c=>\x1e\x1f\x0e\x0f\r\x0f'),
                            bytearray(b'\x81\xbe\xe3\xde\xc1\\\x91\x9d\xc4\xff\xf2\xfby{\x89\x8b\xe7\xe8\xe7\xd8}\xfa\x9db\xff\x00\xfb\x04z\x86\x8a\xf6'),
                        ], is_16bit=False, y_plus=0, y_minus=0, x=112, y=112),
                        Tile(mirror=False, invert=False, format=0, length=6, subtile_bytes=[
                            bytearray(b'\x00\x00\x00\x00\x00\x00\x00\x00\x80\x00 \xe0\x00\xe03\x7f\x00\x00\x00\x00\x00\x00\x80\x00\xc0\x00\xe0\x00\xe0\x00\xf0H'),
                            None,
                            bytearray(b'7\x1f\x02?\xe7\x1f\x05\xff_\xff \xff\\\xe0\xfc\xc0\xf8\x08\xf8e8(\xe08\xe0 \xc1O\x1c0<\x00'),
                            bytearray(b'\x00\x80\x00\x80\x00\x80\x00\x80\x00\x80\x00\x80\x00\x00\x00\x00\x00\x80\x80\x80\x00\x80\x00\x80\x00\x80\x80\x80\x00\x00\x00\x00'),
                        ], is_16bit=False, y_plus=0, y_minus=0, x=128, y=112),
                        Tile(mirror=False, invert=False, format=0, length=7, subtile_bytes=[
                            bytearray(b'\x1f\x10\x1f\x10\x1f\x1e\x1f\x1f\x0f\x0f\x0f\x0f\x07\x07\x01\x01\x1a\x1b\x1c\x1c\x1f\x1f\x1f\x1f\x0f\x0f\x0f\x0f\x07\x07\x01\x01'),
                            bytearray(b'\xfe\xf5\xff<\xf9\r\xff\xfe\xff\xff\xff\xff\xff\xff\xff\xff\xf6\xfd}~\x8f\x8f\xff\xfe\xff\xff\xff\xff\xff\xff\xff\xff'),
                            bytearray(b'\x01\x01\x00\x00\x00\x00\x00\x00\x00\x00\x00\x00\x00\x00\x00\x00\x01\x01\x00\x00\x00\x00\x00\x00\x00\x00\x00\x00\x00\x00\x00\x00'),
                            bytearray(b'\xfe\xfexx\x00\x00\x00\x00\x00\x00\x00\x00\x00\x00\x00\x00\xfe\xfexx\x00\x00\x00\x00\x00\x00\x00\x00\x00\x00\x00\x00'),
                        ], is_16bit=False, y_plus=0, y_minus=0, x=112, y=128),
                        Tile(mirror=False, invert=False, format=0, length=4, subtile_bytes=[
                            bytearray(b'\x82\xcc\x06\xcc\xca\xbc\xec\xc0\xc0\xc0\xc0\xc0\x80\x80\x00\x002D2\xc8\xc2\xb4\xdc\xf0\xc0\xc0\xc0\xc0\x80\x80\x00\x00'),
                            None,
                            None,
                            None,
                        ], is_16bit=False, y_plus=0, y_minus=0, x=128, y=128),
                    ]
                ),
                Mold(17, gridplane=False,
                    tiles=[
                        Tile(mirror=False, invert=False, format=0, length=7, subtile_bytes=[
                            bytearray(b"\x02\x00\x01\x00\x00\'\x000\x00 \\ \x18\x00\x03\x18\x03\x00\x00\x01\x00\'\x0f0\x1f \x7f`\x1f\x04\'\x18"),
                            bytearray(b'\x00p\x80P\x00\xb8\x02\xe0\x13\x83\x10#@?\xc1?\x80@\xa8PD\xb8\x1f\xe0\x7f\x80\xff \xcf8\xcf '),
                            bytearray(b'\x01\x8e@\x00p\x00k\t-5\x16\x1e\x0f\x0e\x1f\x1dq\x8e\x7f\x00\x7f\x00\x7f\x1c=>\x1e\x1f\x0e\x0f\x1d\x1f'),
                            bytearray(b'\x81\xbe\xe3\xde\xc1\\\x91\x9d\xc4\xff\xf2\xfby{\x89\x8b\xe7\xe8\xe7\xd8}\xfa\x9db\xff\x00\xfb\x04z\x86\x8a\xf6'),
                        ], is_16bit=False, y_plus=0, y_minus=0, x=112, y=112),
                        Tile(mirror=False, invert=False, format=0, length=6, subtile_bytes=[
                            bytearray(b'\x00\x00\x00\x00\x00\x00\x00\x00\x80\x00 \xe0\x00\xe03\x7f\x00\x00\x00\x00\x00\x00\x80\x00\xc0\x00\xe0\x00\xe0\x00\xf0H'),
                            None,
                            bytearray(b'7\x1f\x02?\xe7\x1f\x05\xff_\xff \xff\\\xe0\xfc\xc0\xf8\x08\xf8e8(\xe08\xe0 \xc1O\x1c0<\x00'),
                            bytearray(b'\x00\x80\x00\x80\x00\x80\x00\x80\x00\x80\x00\x80\x00\x00\x00\x00\x00\x80\x80\x80\x00\x80\x00\x80\x00\x80\x80\x80\x00\x00\x00\x00'),
                        ], is_16bit=False, y_plus=0, y_minus=0, x=128, y=112),
                        Tile(mirror=False, invert=False, format=0, length=7, subtile_bytes=[
                            bytearray(b'?8\x0f\x0c\x1f\x1f\x1f\x1f\x07\x07\x0f\x0f\x07\x07\x07\x07==\x0e\x0e\x1f\x1f\x1f\x1f\x07\x07\x0f\x0f\x07\x07\x07\x07'),
                            bytearray(b'\xfe\xf5\xff<\xf9\r\xff\xfe\xff\xff\xff\xff\xff\xff\xfe\xfe\xf6\xfd}~\x8f\x8f\xff\xfe\xff\xff\xff\xff\xff\xff\xfe\xfe'),
                            bytearray(b'\x03\x03\x00\x00\x00\x00\x00\x00\x00\x00\x00\x00\x00\x00\x00\x00\x03\x03\x00\x00\x00\x00\x00\x00\x00\x00\x00\x00\x00\x00\x00\x00'),
                            bytearray(b'\xfc\xfc88\x00\x00\x00\x00\x00\x00\x00\x00\x00\x00\x00\x00\xfc\xfc88\x00\x00\x00\x00\x00\x00\x00\x00\x00\x00\x00\x00'),
                        ], is_16bit=False, y_plus=0, y_minus=0, x=112, y=128),
                        Tile(mirror=False, invert=False, format=0, length=4, subtile_bytes=[
                            bytearray(b'\x82\xcc\x06\xcc\xca\xbc\xec\xc0\xe0\xe0\xc0\xc0\x80\x80\x00\x002D2\xc8\xc2\xb4\xdc\xf0\xe0\xe0\xc0\xc0\x80\x80\x00\x00'),
                            None,
                            None,
                            None,
                        ], is_16bit=False, y_plus=0, y_minus=0, x=128, y=128),
                    ]
                ),
                Mold(18, gridplane=False,
                    tiles=[
                        Tile(mirror=False, invert=False, format=0, length=7, subtile_bytes=[
                            bytearray(b"\x02\x00\x01\x00\x00\'\x000\x00 \\ \x18\x00\x03\x18\x03\x00\x00\x01\x00\'\x0f0\x1f \x7f`\x1f\x04\'\x18"),
                            bytearray(b'\x00p\x80P\x00\xb8\x02\xe0\x13\x83\x10#@?\xc1?\x80@\xa8PD\xb8\x1f\xe0\x7f\x80\xff \xcf8\xcf '),
                            bytearray(b'\x01\x8e@\x00p\x00k\t-5\x16\x1e?\x0e?\x01q\x8e\x7f\x00\x7f\x00\x7f\x1c=>\x1e\x1f>?)/'),
                            bytearray(b'\x81\xbe\xe3\xde\xc1\\\x91\x9d\xc4\xff\xf2\xfby{\x89\x8b\xe7\xe8\xe7\xd8}\xfa\x9db\xff\x00\xfb\x04z\x86\x8a\xf6'),
                        ], is_16bit=False, y_plus=0, y_minus=0, x=112, y=112),
                        Tile(mirror=False, invert=False, format=0, length=6, subtile_bytes=[
                            bytearray(b'\x00\x00\x00\x00\x00\x00\x00\x00\x80\x00 \xe0\x00\xe03\x7f\x00\x00\x00\x00\x00\x00\x80\x00\xc0\x00\xe0\x00\xe0\x00\xf0H'),
                            None,
                            bytearray(b'7\x1f\x02?\xe7\x1f\x05\xff_\xff \xff\\\xe0\xfc\xc0\xf8\x08\xf8e8(\xe08\xe0 \xc1O\x1c0<\x00'),
                            bytearray(b'\x00\x80\x00\x80\x00\x80\x00\x80\x00\x80\x00\x80\x00\x00\x00\x00\x00\x80\x80\x80\x00\x80\x00\x80\x00\x80\x80\x80\x00\x00\x00\x00'),
                        ], is_16bit=False, y_plus=0, y_minus=0, x=128, y=112),
                        Tile(mirror=False, invert=False, format=0, length=7, subtile_bytes=[
                            bytearray(b'\x7f`\x7fp\xff\xff\x7f\x7f??\x1f\x1f\x07\x07\x03\x03ss||\xff\xff\x7f\x7f??\x1f\x1f\x07\x07\x03\x03'),
                            bytearray(b'\xfe\xf5\xff<\xf9\xfd\xff\xfe\xff\xff\xff\xff\xfe\xfe\xfc\xfc\xf6\xfd=>\xff\xff\xff\xfe\xff\xff\xff\xff\xfe\xfe\xfc\xfc'),
                            bytearray(b'\x03\x03\x00\x00\x00\x00\x00\x00\x00\x00\x00\x00\x00\x00\x00\x00\x03\x03\x00\x00\x00\x00\x00\x00\x00\x00\x00\x00\x00\x00\x00\x00'),
                            bytearray(b'\xc0\xc0\x00\x00\x00\x00\x00\x00\x00\x00\x00\x00\x00\x00\x00\x00\xc0\xc0\x00\x00\x00\x00\x00\x00\x00\x00\x00\x00\x00\x00\x00\x00'),
                        ], is_16bit=False, y_plus=0, y_minus=0, x=112, y=128),
                        Tile(mirror=False, invert=False, format=0, length=4, subtile_bytes=[
                            bytearray(b'\x82\xcc\x06\xcc\xca\xbc,\x00\x00\x00\x00\x00\x00\x00\x00\x002D2\xc8\xc2\xb4\x1c0\x00\x00\x00\x00\x00\x00\x00\x00'),
                            None,
                            None,
                            None,
                        ], is_16bit=False, y_plus=0, y_minus=0, x=128, y=128),
                    ]
                ),
                Mold(19, gridplane=False,
                    tiles=[
                        Tile(mirror=False, invert=False, format=0, length=7, subtile_bytes=[
                            bytearray(b'\x04\x04\x02\x0c\x02\x0c\x01\x0e\x03\x07\x00\x07\x01\x03\x03\x05\x00\x00\x02\x08\x02\x08\x01\n\x08\x00\x08\x05\x1f\x02\x0b\x04'),
                            bytearray(b'\x01\x00\x06\x08\x0f\x10*\x10%\x00\x95\x84\x1a\xf9\x88\xf3\x0f\x004\no\x10o\x14\xfb\x0c\xf6\t\xfa\x05\xfc\x00'),
                            bytearray(b'\x08\x03\x0c\x13\x0c\x13!\x1f\x01?d?m;w_\x0f\n\x1f\x08\x17\x04+\x1e\x012@\x13D\x12\x00\x08'),
                            bytearray(b'D\xd3O\xa4\x94\x8c\x9b\x01{\x879\xc8\xbf\xf2k\x96\xcc2\xdf$\xff\x1f\xe9/\x9f\x198\xc7\x0cCh\x97'),
                        ], is_16bit=False, y_plus=0, y_minus=0, x=112, y=112),
                        Tile(mirror=False, invert=False, format=0, length=5, subtile_bytes=[
                            bytearray(b'\x00\x00\x00\x00\x80\x00`\x00\x80` \xc0 \xc0`\x80\x00\x00\x00\x00\x80\x00\xe0\x80\xa0  \x80\x00``\x00'),
                            None,
                            bytearray(b'@\xc0\xc0@\xe0`\xc0 \xa0```\xe0\xa0\xc0\x00\xc0\xc0@\xc0\xe0\xe0`\xe0`\xe0\xe0\xe0\xe0\xe0\x00\xc0'),
                            None,
                        ], is_16bit=False, y_plus=0, y_minus=0, x=128, y=112),
                        Tile(mirror=False, invert=False, format=0, length=7, subtile_bytes=[
                            bytearray(b'8Gg\x00\x7f07\x1fZGC@  \x1c\x1cxgy\\\x0fB \x08HuC\x7f ?\x1c\x1f'),
                            bytearray(b'\xcc\x18\xfb\x10\xb30o\xe0\xfc\xc0@@\x00\x00\x03\x03${/\xf7N\xfe\x11\xf1\x0c\xcf@\xbf\x00\xff\x03\xff'),
                            bytearray(b'\x0f\x0f\x03\x03\x03\x03\x00\x00\x00\x00\x00\x00\x00\x00\x00\x00\x0f\x0f\x03\x03\x03\x03\x00\x00\x00\x00\x00\x00\x00\x00\x00\x00'),
                            bytearray(b'\x9f\x9f\xfe\xfe\xfc\xfc\xf0\xf0\x00\x00\x00\x00\x00\x00\x00\x00\x9f\xff\xfe\xfe\xfc\xfc\xf0\xf0\x00\x00\x00\x00\x00\x00\x00\x00'),
                        ], is_16bit=False, y_plus=0, y_minus=0, x=112, y=128),
                        Tile(mirror=False, invert=False, format=0, length=4, subtile_bytes=[
                            bytearray(b'@@@@\x80\x00\x00\x00@@@@\x80\x80\x80\x80@\xc0@\xc0\x80\xc0\x00\xc0@\xc0@\xc0\x80\x80\x80\x80'),
                            None,
                            None,
                            None,
                        ], is_16bit=False, y_plus=0, y_minus=0, x=128, y=128),
                    ]
                ),
                Mold(20, gridplane=False,
                    tiles=[
                        Tile(mirror=False, invert=False, format=0, length=7, subtile_bytes=[
                            bytearray(b'\x04\x04\x02\x0c\x02\x0c\x01\x0e\x03\x07\x00\x07\x01\x03\x03\x05\x00\x00\x02\x08\x02\x08\x01\n\x08\x00\x08\x05\x1f\x02\x0b\x04'),
                            bytearray(b'\x01\x00\x06\x08\x0f\x10*\x10%\x00\x95\x84\x1a\xf9\x88\xf3\x0f\x004\no\x10o\x14\xfb\x0c\xf6\t\xfa\x05\xfc\x00'),
                            bytearray(b'\x08\x03\x0c\x13\x0c\x13!\x1f\x01?d?m;w_\x0f\n\x1f\x08\x17\x04+\x1e\x012@\x13D\x12\x00\x08'),
                            bytearray(b'D\xd3O\xa4\x94\x8c\x9b\x01{\x879\xc8\xbf\xf2k\x96\xcc2\xdf$\xff\x1f\xe9/\x9f\x198\xc7\x0cCh\x97'),
                        ], is_16bit=False, y_plus=0, y_minus=0, x=112, y=112),
                        Tile(mirror=False, invert=False, format=0, length=5, subtile_bytes=[
                            bytearray(b'\x00\x00\x00\x00\x80\x00`\x00\x80` \xc0 \xc0`\x80\x00\x00\x00\x00\x80\x00\xe0\x80\xa0  \x80\x00``\x00'),
                            None,
                            bytearray(b'@\xc0\xc0@\xe0`\xc0 \xa0```\xe0\xa0\xc0\x00\xc0\xc0@\xc0\xe0\xe0`\xe0`\xe0\xe0\xe0\xe0\xe0\x00\xc0'),
                            None,
                        ], is_16bit=False, y_plus=0, y_minus=0, x=128, y=112),
                        Tile(mirror=False, invert=False, format=0, length=7, subtile_bytes=[
                            bytearray(b'8Gg\x00\x7f0w\x1f\x1a\x07\x00\x00``88xgy\\\x0fB H\x08u\x03\x7f`\x7f8?'),
                            bytearray(b'\xce\x18\xfb\x10\xb30\x7f\xe0\xdc\xc0\xe4\x04\x10\x10\x01\x01${-\xf7N\xfe\x19\xf9$\xe7\x84\x9b\x10\xef\x01\xff'),
                            bytearray(b'\x0e\x0e\x0f\x07\x07\x07\x03\x03\x00\x00\x00\x00\x00\x00\x00\x00\x0e\x0f\x07\x0f\x07\x07\x03\x03\x00\x00\x00\x00\x00\x00\x00\x00'),
                            bytearray(b'##\xfe\xfe\xfc\xfc\xf8\xf8\x00\x00\x00\x00\x00\x00\x00\x00#\xff\xfe\xfe\xfc\xfc\xf8\xf8\x00\x00\x00\x00\x00\x00\x00\x00'),
                        ], is_16bit=False, y_plus=0, y_minus=0, x=112, y=128),
                        Tile(mirror=False, invert=False, format=0, length=5, subtile_bytes=[
                            bytearray(b'````\xa0 \x00\x00\x00\x00\x00\x00\x00\x00\xc0\xc0`\xe0`\xe0\xa0\xe0\x00\xe0\x00\xe0\x00\xe0\x00\xe0\xc0\xc0'),
                            None,
                            bytearray(b'\x80\x80\x00\x00\x00\x00\x00\x00\x00\x00\x00\x00\x00\x00\x00\x00\x80\x80\x00\x00\x00\x00\x00\x00\x00\x00\x00\x00\x00\x00\x00\x00'),
                            None,
                        ], is_16bit=False, y_plus=0, y_minus=0, x=128, y=128),
                    ]
                ),
                Mold(21, gridplane=False,
                    tiles=[
                        Tile(mirror=False, invert=False, format=0, length=7, subtile_bytes=[
                            bytearray(b'\x04\x04\x02\x0c\x02\x0c\x01\x0e\x03\x07\x00\x07\x01\x03\x03\x05\x00\x00\x02\x08\x02\x08\x01\n\x08\x00\x08\x05\x1f\x02\x0b\x04'),
                            bytearray(b'\x01\x00\x06\x08\x0f\x10*\x10%\x00\x95\x84\x1a\xf9\x88\xf3\x0f\x004\no\x10o\x14\xfb\x0c\xf6\t\xfa\x05\xfc\x00'),
                            bytearray(b'\x08\x03\x0c\x13\x0c\x13!\x1f\x01?d?m;w_\x0f\n\x1f\x08\x17\x04+\x1e\x012@\x13D\x12\x00\x08'),
                            bytearray(b'D\xd3O\xa4\x94\x8c\x9b\x01{\x879\xc8\xbf\xf2k\x96\xcc2\xdf$\xff\x1f\xe9/\x9f\x198\xc7\x0cCh\x97'),
                        ], is_16bit=False, y_plus=0, y_minus=0, x=112, y=112),
                        Tile(mirror=False, invert=False, format=0, length=5, subtile_bytes=[
                            bytearray(b'\x00\x00\x00\x00\x80\x00`\x00\x80` \xc0 \xc0`\x80\x00\x00\x00\x00\x80\x00\xe0\x80\xa0  \x80\x00``\x00'),
                            None,
                            bytearray(b'@\xc0\xc0@\xe0`\xc0 \xa0```\xe0\xa0\xc0\x00\xc0\xc0@\xc0\xe0\xe0`\xe0`\xe0\xe0\xe0\xe0\xe0\x00\xc0'),
                            None,
                        ], is_16bit=False, y_plus=0, y_minus=0, x=128, y=112),
                        Tile(mirror=False, invert=False, format=1, length=11, subtile_bytes=[
                            bytearray(b'8Gg\x00\x7f0\xb7\x1f\x9b\x04\xcc\x04a\x0100xgy\\\x0fB \xc8\n\xf6\x07\xfb\x01~0?'),
                            bytearray(b'\xcc\x18\xff\x10\xb70~\xc0\xfc\x00\x08\x08AA\x07\x07$\x7f/\xf7M\xfd0\xf1\x0c\x0f\x08\xf7A\xbf\x07\xff'),
                            bytearray(b'\x1c\x18\x07\x07\x03\x03\x03\x03\x00\x00\x00\x00\x00\x00\x00\x00\x18\x1f\x07\x07\x03\x03\x03\x03\x00\x00\x00\x00\x00\x00\x00\x00'),
                            bytearray(b'\x7f\x7f\xfe\xfe\xfc\xfc\xc0\xc0\x00\x00\x00\x00\x00\x00\x00\x00\x7f\xff\xfe\xfe\xfc\xfc\xc0\xc0\x00\x00\x00\x00\x00\x00\x00\x00'),
                        ], is_16bit=False, y_plus=0, y_minus=0, x=112, y=128),
                        Tile(mirror=False, invert=False, format=1, length=5, subtile_bytes=[
                            bytearray(b'@\x00\x00\x00\x00\x00````\xc0\xc0\x80\x80\x00\x00\x00\xc0\x00\xc0\x00\xc0`\xa0`\xe0\xc0\xc0\x80\x80\x00\x00'),
                            None,
                            None,
                            None,
                        ], is_16bit=False, y_plus=0, y_minus=0, x=128, y=128),
                    ]
                ),
                Mold(22, gridplane=False,
                    tiles=[
                        Tile(mirror=False, invert=False, format=0, length=7, subtile_bytes=[
                            bytearray(b'\x00\x00\x00\x008>\x0ev\x08\xf3\x80\xbb\x83\xff!\xff\x00\x00\x01\x00\x07\x04\x0fp\x0b\xe5C-\x07l#\xde'),
                            bytearray(b'\x00\x01\x11\x01\x85C\x89\x17\x07\x88A\x88\x02\x00\xb5\x00 \x01p\x00\xbcX\xec\x1e\xf7\x88\xf7\x8a\xfe@\xff\x01'),
                            bytearray(b"\x80\x7f\x8c\x7f\xd8\xf8\xe9\xf8\x04\xf1p4? x@\xf3\x9c\xff\xc0;\'\x0e\x16\x1f\xff\x7f?88oo"),
                            bytearray(b'\x90\x84\x18"\x00"\x81\x10\x05\x10\'\x07\xf7\x01\x7f\x00\xfb\x04\xdd"\xdd"\xef\x90\xef\xd0\xdf\xe7?7\x85\x85'),
                        ], is_16bit=False, y_plus=0, y_minus=0, x=112, y=112),
                        Tile(mirror=False, invert=False, format=0, length=5, subtile_bytes=[
                            bytearray(b'\x00\x80\x80\x80\x00\x80\x00\x80\x00\x80\x00\x00\x00\x00\x00\x00\x00\x80\x00\x00\x00\x80\x80\x80\x80\x80\x00\x00\x00\x00\x00\x00'),
                            None,
                            bytearray(b'\x00\x00\x00\x00\x00\x00\x00@\x80@\x80\x80\xc0\xc0\x80\x80\x00\x00\x80\x00\x80\x00\xc0@\xc0@\x80\x80\xc0\xc0\x80\x80'),
                            None,
                        ], is_16bit=False, y_plus=0, y_minus=0, x=128, y=112),
                        Tile(mirror=False, invert=False, format=1, length=11, subtile_bytes=[
                            bytearray(b'\x7f@\x7fx\x7f\x7f????\x1f\x1f\x07\x07\x07\x07qq~~\x7f\x7f????\x1f\x1f\x07\x07\x07\x07'),
                            bytearray(b'\xff\xc1\xff\x07\xff\xff\xff\xff\xff\xff\xfe\xfe\xfc\xfc\xf8\xf8\xe3\xe3\x1f\x1f\xff\xff\xff\xff\xff\xff\xfe\xfe\xfc\xfc\xf8\xf8'),
                            bytearray(b'\x01\x01\x00\x00\x00\x00\x00\x00\x00\x00\x00\x00\x00\x00\x00\x00\x01\x01\x00\x00\x00\x00\x00\x00\x00\x00\x00\x00\x00\x00\x00\x00'),
                            bytearray(b'\xe0\xe0\x00\x00\x00\x00\x00\x00\x00\x00\x00\x00\x00\x00\x00\x00\xe0\xe0\x00\x00\x00\x00\x00\x00\x00\x00\x00\x00\x00\x00\x00\x00'),
                        ], is_16bit=False, y_plus=0, y_minus=0, x=112, y=128),
                        Tile(mirror=False, invert=False, format=1, length=5, subtile_bytes=[
                            bytearray(b'\x80\x80\x80\x80\x80\x80\x00\x00\x00\x00\x00\x00\x00\x00\x00\x00\x80\x80\x80\x80\x80\x80\x00\x00\x00\x00\x00\x00\x00\x00\x00\x00'),
                            None,
                            None,
                            None,
                        ], is_16bit=False, y_plus=0, y_minus=0, x=128, y=128),
                    ]
                ),
                Mold(23, gridplane=False,
                    tiles=[
                        Tile(mirror=False, invert=False, format=1, length=11, subtile_bytes=[
                            bytearray(b'\x00\x00\x00\x008>\x0ev\x08\xf3\x80\xbb\x83\xff!\xff\x00\x00\x01\x00\x07\x04\x0fp\x0b\xe5C-\x07l#\xde'),
                            bytearray(b'\x00\x01\x11\x01\x85C\x89\x17\x07\x88A\x88\x02\x00\xb5\x00 \x01p\x00\xbcX\xec\x1e\xf7\x88\xf7\x8a\xfe@\xff\x01'),
                            bytearray(b"\x80\x7f\x8c\x7f\xd8\xf8\xe9\xf8\x04\xf1|\x1c?8~p\xf3\x9c\xff\xc0;\'\x0e\x16\x1f\xff\x7f\x1f<<{{"),
                            bytearray(b'\x90\x84\x18"\x00"\x81\x10\x05\x10\'\x03\xf7\x01\x7f\x00\xfb\x04\xdd"\xdd"\xef\x90\xef\xd0\xdf\xe3?3\x85\x85'),
                        ], is_16bit=False, y_plus=0, y_minus=0, x=112, y=112),
                        Tile(mirror=False, invert=False, format=1, length=7, subtile_bytes=[
                            bytearray(b'\x00\x80\x80\x80\x00\x80\x00\x80\x00\x80\x00\x00\x00\x00\x00\x00\x00\x80\x00\x00\x00\x80\x80\x80\x80\x80\x00\x00\x00\x00\x00\x00'),
                            None,
                            bytearray(b'\x00\x00\x00\x00\x00\x00\x00@\x80@\xc0\xc0\xe0\xe0\x80\x80\x00\x00\x80\x00\x80\x00\xc0@\xc0@\xc0\xc0\xe0\xe0\x80\x80'),
                            None,
                        ], is_16bit=False, y_plus=0, y_minus=0, x=128, y=112),
                        Tile(mirror=False, invert=False, format=1, length=9, subtile_bytes=[
                            bytearray(b'\x1f\x18?>??\x0f\x0f\x1f\x1f\x0f\x0f\x0f\x0f\x07\x07\x1c\x1c????\x0f\x0f\x1f\x1f\x0f\x0f\x0f\x0f\x07\x07'),
                            bytearray(b'\xff\x01\xff\x07\xff\xff\xff\xff\xff\xff\xff\xff\xfc\xfc\xf8\xf8\xf3\xf3\x0f\x0f\xff\xff\xff\xff\xff\xff\xff\xff\xfc\xfc\xf8\xf8'),
                            None,
                            bytearray(b'pp\x00\x00\x00\x00\x00\x00\x00\x00\x00\x00\x00\x00\x00\x00pp\x00\x00\x00\x00\x00\x00\x00\x00\x00\x00\x00\x00\x00\x00'),
                        ], is_16bit=False, y_plus=0, y_minus=0, x=112, y=128),
                        Tile(mirror=False, invert=False, format=1, length=5, subtile_bytes=[
                            bytearray(b'\xc0\xc0\xe0\xe0\xe0\xe0\xc0\xc0\x80\x80\x00\x00\x00\x00\x00\x00\xc0\xc0\xe0\xe0\xe0\xe0\xc0\xc0\x80\x80\x00\x00\x00\x00\x00\x00'),
                            None,
                            None,
                            None,
                        ], is_16bit=False, y_plus=0, y_minus=0, x=128, y=128),
                    ]
                ),
                Mold(24, gridplane=False,
                    tiles=[
                        Tile(mirror=False, invert=False, format=1, length=11, subtile_bytes=[
                            bytearray(b'\x00\x00\x00\x008>\x0ev\x08\xf3\x80\xbb\x83\xff!\xff\x00\x00\x01\x00\x07\x04\x0fp\x0b\xe5C-\x07l#\xde'),
                            bytearray(b'\x00\x01\x11\x01\x85C\x89\x17\x07\x88A\x88\x02\x00\xb5\x00 \x01p\x00\xbcX\xec\x1e\xf7\x88\xf7\x8a\xfe@\xff\x01'),
                            bytearray(b"\x80\x7f\x8c\x7f\xd8\xf8\xe9\xf8\x0c\xf1x\x04?\x00\x7f`\xf3\x9c\xff\xc0;\'\x0e\x16\x1f\xff\x7f?((ss"),
                            bytearray(b'\x90\x84\x18"\x00"\x81\x10\x07\x13\'\x00\xf7\x00\xff\x01\xfb\x04\xdd"\xdd"\xef\x90\xef\xd7\xdf\xe7=5\xf1\xf1'),
                        ], is_16bit=False, y_plus=0, y_minus=0, x=112, y=112),
                        Tile(mirror=False, invert=False, format=1, length=7, subtile_bytes=[
                            bytearray(b'\x00\x80\x80\x80\x00\x80\x00\x80\x00\x80\x00\x00\x00\x00\x00\x00\x00\x80\x00\x00\x00\x80\x80\x80\x80\x80\x00\x00\x00\x00\x00\x00'),
                            None,
                            bytearray(b'\x00\x00\x00\x00\x00\x00\x00@\x80\xc0\xc0\xc0\xc0\xc0\x80\x80\x00\x00\x80\x00\x80\x00\xc0@\xc0\xc0\xc0\xc0\xc0\xc0\x80\x80'),
                            None,
                        ], is_16bit=False, y_plus=0, y_minus=0, x=128, y=112),
                        Tile(mirror=False, invert=False, format=1, length=7, subtile_bytes=[
                            bytearray(b'\x7fp\xff\xff\x7f\x7f??\x1f\x1f\x07\x07\x03\x03\x03\x03||\xff\xff\x7f\x7f??\x1f\x1f\x07\x07\x03\x03\x03\x03'),
                            bytearray(b'\xff\x03\xff\xff\xfe\xfe\xff\xff\xff\xff\xfe\xfe\xfc\xfc\xc0\xc0\x0f\x0f\xff\xff\xfe\xfe\xff\xff\xff\xff\xfe\xfe\xfc\xfc\xc0\xc0'),
                            None,
                            None,
                        ], is_16bit=False, y_plus=0, y_minus=0, x=112, y=128),
                        Tile(mirror=False, invert=False, format=0, length=4, subtile_bytes=[
                            bytearray(b'\x80\x80\x00\x00\x00\x00\x00\x00\x00\x00\x00\x00\x00\x00\x00\x00\x80\x80\x00\x00\x00\x00\x00\x00\x00\x00\x00\x00\x00\x00\x00\x00'),
                            None,
                            None,
                            None,
                        ], is_16bit=False, y_plus=0, y_minus=0, x=128, y=128),
                    ]
                ),
                Mold(25, gridplane=False,
                    tiles=[
                        Tile(mirror=False, invert=False, format=1, length=9, subtile_bytes=[
                            None,
                            bytearray(b"\x02\x00\x01\x00\x00\'\x000\x00 \\ \x18\x00\x03\x18\x03\x00\x00\x01\x00\'\x0f0\x1f \x7f`\x1f\x04\'\x18"),
                            bytearray(b'\x00\x00\x00\x00\x00\x00\x02\x07\x05\x03\x03\x00\x00\x00\x02\x02\x00\x00\x00\x00\x00\x00\x00\x04\x04\x02\x03\x00\x00\x07\x02\x05'),
                            bytearray(b'\x01\x8e@\x00p\x00k\x89\xed\xb56\xfe\x7f\xfeW\xe9q\x8e\x7f\x00\x7f\x00\xff\x9c=>>?\xfe\x8f\x99\xa7'),
                        ], is_16bit=False, y_plus=0, y_minus=0, x=104, y=104),
                        Tile(mirror=False, invert=False, format=0, length=7, subtile_bytes=[
                            bytearray(b'\x00p\x80P\x00\xb8\x02\xe0\x13\x83\x10#@?\xc1?\x80@\xa8PD\xb8\x1f\xe0\x7f\x80\xff \xcf8\xcf '),
                            bytearray(b'\x00\x00\x00\x00\x00\x00\x00\x00\x80\x00 \xe0\x00\xe03\x7f\x00\x00\x00\x00\x00\x00\x80\x00\xc0\x00\xe0\x00\xe0\x00\xf0H'),
                            bytearray(b'\x81\xbe\xe3\xde\xc1\\\x91\x9d\xc4\xff\xf2\xfby{\x89\x8b\xe7\xe8\xe7\xd8}\xfa\x9db\xff\x00\xfb\x04z\x86\x8a\xf6'),
                            bytearray(b'7\x1f\x02?\xe7\x1f\x05\xff_\xff \xff\\\xe0\xfc\xc0\xf8\x08\xf8e8(\xe08\xe0 \xc1O\x1c0<\x00'),
                        ], is_16bit=False, y_plus=0, y_minus=0, x=120, y=104),
                        Tile(mirror=False, invert=False, format=0, length=4, subtile_bytes=[
                            None,
                            None,
                            bytearray(b'\x00\x80\x00\x80\x00\x80\x00\x80\x00\x80\x00\x80\x00\x00\x00\x00\x00\x80\x80\x80\x00\x80\x00\x80\x00\x80\x80\x80\x00\x00\x00\x00'),
                            None,
                        ], is_16bit=False, y_plus=0, y_minus=0, x=136, y=104),
                        Tile(mirror=False, invert=False, format=1, length=11, subtile_bytes=[
                            bytearray(b'2\x02\x19qa11\x11\x10\x00\x10\x00\x10\x00:\x012\r\t\x06A>!\x1e\x10\x0f\x10\x0f\x10\x0f:\x04'),
                            bytearray(b'\xd0\x7f(\x1f\xd4\xcb\xf0\xff\xf8\xff|\x7f\xff>\x1f\xdc\x87\x00\xe3\xd0\xd7(\xff\x00\xff\x00\x7f\x80\xff\x01\x1eb'),
                            bytearray(b"I38\x00\x10\x00\x100i0\xf2\x01\t\x07\x01\x08H6\x18\'\x18\x0f\x00/I\x16\xf2\x0c\x08\x04\t\x0e"),
                            bytearray(b'\x87\xc0\xcf\x00\x0f\x00\x0f\x00\x8f\x00\x0f\xc0\x8e\xc1\x86\x01\x05}\xc98\x0f\xfc\x0b\xf8\x8bz\x0bz\tq\x85}'),
                        ], is_16bit=False, y_plus=0, y_minus=0, x=104, y=120),
                        Tile(mirror=False, invert=False, format=1, length=11, subtile_bytes=[
                            bytearray(b"\xfe\xf5\x7f\xbc9\xed\x1d\xf0\x1f\xe0?\xc7\xf8\x0f\xf7\x0f\xf6\xfd\xbd~\xef\x1f\xf3\x0e\xf9\x1a\xe6\'X_0("),
                            bytearray(b'\x82\xcc\x06\xcc\xca\xbc\xac\x00\x80p\x10\x18\x0c\x88\xac\xc82D2\xc8\xc2\xb4\xdcp\x80\x10\xe0\xe8p\xf00p'),
                            bytearray(b'\x87\x1f\x11\x1f\x8e\x0f\x83\xc1\xb3\\5\xff\x9e~\x8f\x7f\xe0x\xe0\xfe\xf0\x7f>\xff\x80o\x00\xc7\x81c\x00\xf1'),
                            bytearray(b'\xc8\xc8\xc0\xe0 \xc0\xc0\xc0\x00\x00\x00\x00\x80\x00@\x0000\x1000\xd0\x00\xc0\x00\x00\x80\x80\xc0@\xe0\xa0'),
                        ], is_16bit=False, y_plus=0, y_minus=0, x=120, y=120),
                        Tile(mirror=False, invert=False, format=1, length=7, subtile_bytes=[
                            bytearray(b'\x0f\x00\x00\x07\x0c\x0fc\x7f?\x1f?\x00\x1f\x00\x00\x00\x08\x08\x07\x07\x00\x03\x00\x7f \x1f\x0f0\x00\x1f\x00\x00'),
                            bytearray(b'\x83\x04\xe1\x16\x13\xec\xef\x10\xff\x00\xff\x00\xcf\x00\x07\x00\x05}\x16\x1e\xed\xed\xf32\xde=\x00\xff\x00\xcf\x00\x07'),
                            None,
                            None,
                        ], is_16bit=False, y_plus=0, y_minus=0, x=104, y=136),
                        Tile(mirror=False, invert=False, format=1, length=9, subtile_bytes=[
                            bytearray(b'\x90\x7f\xdeo\xf8\x9f\xc8?\xc9?\xe5>\xff\x00\xfd\x02\x80\x7f\x90\xef\x00\xff\x00\xf1@\xb0@\xb8\x0e\xf2\x03\xff'),
                            bytearray(b'\x90`\x80\xb0\xc0\x80`\xc0H\xb0\xe0\x18\xf0\x00\xc0 \xf0pp\xf0`\xa00\xd0\xf8\xf8\xb8\xb8@P `'),
                            bytearray(b'\x06\x01\x00\x00\x00\x00\x00\x00\x00\x00\x00\x00\x00\x00\x00\x00\x01\x07\x00\x00\x00\x00\x00\x00\x00\x00\x00\x00\x00\x00\x00\x00'),
                            None,
                        ], is_16bit=False, y_plus=0, y_minus=0, x=120, y=136),
                    ]
                ),
                Mold(26, gridplane=False,
                    tiles=[
                        Tile(mirror=False, invert=False, format=1, length=11, subtile_bytes=[
                            bytearray(b'\x00\x00\x00\x00\x00\x00\x00\x00\x00\x00\x06\x18\x02\x1f\x00\x0f\x00\x00\x00\x00\x00\x00\x00\x00\x00\x00\x06\x08\x01\x15\t\x08'),
                            bytearray(b'\x04\x00\x03\x00\x8f@\xb2@\x8dp\xa5Y\xe2\xdc\xb0\xce\x07\x00\x01\x02\x8f@\xbfI\xaea\xe3\xcc\xc25\xf1\x00'),
                            bytearray(b"\x08\x07\x07\x01\x10\x10&\x07\r\xcc\x83@c\x0cN1\x0c\x07\x03\x1c\x14\x0f\'\x19\r3\x82~N>?\x7f"),
                            bytearray(b'\x91\xfe\xff\xb1\xb9q\xb6|\xdeg\xecp\xf3v~\xef\xf9z\xf7y\xff\xff|\x7fw|p\x7f\xf9\xfc\xf8\xfd'),
                        ], is_16bit=False, y_plus=0, y_minus=0, x=104, y=104),
                        Tile(mirror=False, invert=False, format=1, length=11, subtile_bytes=[
                            bytearray(b'\x01\x01\x02\x81\x82A\xa4C&\x07H\x0f\xc4\xfe\x8e}\x80\x00b\x80\xb2@\xb4B\xf8\x80x\x85\xff\x02\xfe\x01'),
                            bytearray(b'\x00\x00\x00\x80\x00\x80\x00\x80\x00\x00\x00\x00\x00\x00\x00\x00\x00\x00\x00\x80\x00\x80\x00\x80\x80\x00\x80\x00\xc0\x00\x80\x00'),
                            bytearray(b'\x10^\x91.I\x8e\xcc\x07\xf4\x0f\xe1\x9f\xed~\xb7O\x9fb\xdf \xff\xc1\xbe\xa3\xcc\xc2\xe0\x1e\x81\x12\xb0H'),
                            bytearray(b'\x80\x00\x80@\x80@ \xc0\x00\xe00\xe0\xb0\xe0x\xd0\x80\x80\xc0\x80@\x00\xa0\xc0\x00`\x10@\x10@\x08\x80'),
                        ], is_16bit=False, y_plus=0, y_minus=0, x=120, y=104),
                        Tile(mirror=False, invert=False, format=1, length=11, subtile_bytes=[
                            bytearray(b"S,\x86yV\'U\'e\x17W\'\x13\'\x1b\x07}>\xfd\xff\xfc\xbf<~x>xl8,8$"),
                            bytearray(b'\xfc\x07\xf7\tm\xc0\xe4\xc0\xb7\xc6\xf7\xe0w\xcf4\xcb@?\xca\xbd3\xde?[9N\x1f(8/\x18\x9f'),
                            bytearray(b"\x18\x07\x0f\x00\r\x0c\x0f\x0f\x0f\x06\x0f\x00\x01\x00\x07\x00=\'973?0?96\x7fp\x7f~\x7fx"),
                            bytearray(b"\xff\x01\xe2=\x7f\xf8b\xfcs\xfc\x82|\xd7\xa8\xff\x80b]\xcc\xcf\x81\x82\x03\x95\x81\x8e\xc9{\'\xec|\xcf"),
                        ], is_16bit=False, y_plus=0, y_minus=0, x=104, y=120),
                        Tile(mirror=False, invert=False, format=1, length=11, subtile_bytes=[
                            bytearray(b'X\x07\x0f\x86\xc8\x84\xcf\xc0n\x7f\xb5>\xf3\x00v\xc3\xa0\xf7x\xdf\x7f\xc5?\xe4\x80\xf1\xc1z\xff\x0c<\xcb'),
                            bytearray(b'\xec\x108\x84\xf4\x0c\xee\xde\xe2\x9e\xd9?\xe9~j\xb5\xf48\xf0\xdc\xe0\x90  @<\x00\xef\x85}M\xad'),
                            bytearray(b'\xfc\x83\xee\x83\x1f\x01\x1e\x03{\x07z\x07\xfc\x07\xff\x02|\x83|\x93\xfe\xe1\xfc\xe3\xf8\x84\xf8\x848\xc6\x05\xfb'),
                            bytearray(b'\\\x81\xc8\x80@\x00@\xc00\xe0\xa4\xd8\xf0\x0c\xf8\x00]\x8d@\x80\xc0\x80 \xe0\x18\xe8||\\\\ ('),
                        ], is_16bit=False, y_plus=0, y_minus=0, x=120, y=120),
                        Tile(mirror=False, invert=False, format=1, length=5, subtile_bytes=[
                            None,
                            None,
                            bytearray(b'\x00\x80\x00\x00\x00\x00\x00\x00\x00\x00\x00\x00\x00\x00\x00\x00\x80\x80\x00\x00\x00\x00\x00\x00\x00\x00\x00\x00\x00\x00\x00\x00'),
                            None,
                        ], is_16bit=False, y_plus=0, y_minus=0, x=136, y=120),
                        Tile(mirror=False, invert=False, format=1, length=7, subtile_bytes=[
                            bytearray(b'\x03\x00C\x00c\x00!\x02\x01"-\x12%\x12\x00\x00\x7f|\x7f<\x7f\x1c\x7f^\x7f\x7f\x13?\x126\x00\x00'),
                            bytearray(b'\xa7\x80\xff\xc0?\xe0|\xc0x\x80\xa0@@ \x00\x00x\xff \xdf\x00\xdf\x80\x9c\xc0\xd8@\xc0 `\x00\x00'),
                            None,
                            None,
                        ], is_16bit=False, y_plus=0, y_minus=0, x=104, y=136),
                        Tile(mirror=False, invert=False, format=1, length=7, subtile_bytes=[
                            bytearray(b'\xfe\x01\x03\x00\x00\x00\x00\x00\x00\x00\x00\x00\x00\x00\x00\x00\x01\xff\x00\x03\x00\x00\x00\x00\x00\x00\x00\x00\x00\x00\x00\x00'),
                            bytearray(b'\xe0\x10\x00\x80\x00\x00\x00\x00\x00\x00\x00\x00\x00\x00\x00\x00\x90\xb0\x80\x80\x00\x00\x00\x00\x00\x00\x00\x00\x00\x00\x00\x00'),
                            None,
                            None,
                        ], is_16bit=False, y_plus=0, y_minus=0, x=120, y=136),
                    ]
                ),
                Mold(27, gridplane=False,
                    tiles=[
                        Tile(mirror=False, invert=False, format=1, length=9, subtile_bytes=[
                            None,
                            bytearray(b'\x00010\x148\x12=\x1c"\x10\x02\x08\x00\x15\x00\x000\x01\x00\x07#&/="\x1d\n\x0f\x00\x1f\x10'),
                            bytearray(b'\x00\x00\x00\x00\x01\x00\x03\x00\x07\x00\x0f\x01\x00\x1f\x16\x0f\x00\x00\x00\x00\x00\x00\x01\x01\x01\x01\x0b\n\x03\x12\x11\x19'),
                            bytearray(b'\x01\x04\x03\x08\x80\x08\x90A\xb4A\xe4\x80\xe5\x80\x7f\xc0\x1b\x047\x087\x08\xfe\xc1\xfe\xc1\xdf`\xdfA\xe0 '),
                        ], is_16bit=False, y_plus=0, y_minus=0, x=104, y=104),
                        Tile(mirror=False, invert=False, format=1, length=11, subtile_bytes=[
                            bytearray(b'\x00\x00\x00\x00#O.\r\x029@;\x18\x1f\xb0\x1f\x80\x00\xd0\x00\xbcD\xfe\x01\xfa4\xf86\xfcF\xf8\x0f'),
                            bytearray(b'\x00\x00\x00\x00\x80\x80\x00\xc0\x00\xe0 \xa0 \xe0\x80\xe0\x00\x00\x00\x00\x00\x00\x00\xc0\x00\xe0@\x80\x00\xc0\x80`'),
                            bytearray(b' ?\x06\x9f\x03\x832\x03\x04\x11\x80\x04\xff\x00\xff\x00\xf9\x07\x7f\x80{\x9c\xee-\xff\x7f\x7f\xff\x81\x81\x00\x00'),
                            bytearray(b' \xc0 \xc0`\xe0\xe0\xe0\x00\xe0\xc0\x00\x80\x00\xb0\x0e\xe0 \xe0`\x80\x80\x00\x00\x00\xe0\xc0\x00\x80\x00\xf0\xc2'),
                        ], is_16bit=False, y_plus=0, y_minus=0, x=120, y=104),
                        Tile(mirror=False, invert=False, format=1, length=11, subtile_bytes=[
                            bytearray(b"=\x071\x11\' A\x01\x11\xe1a\xf1\xc1!+!;21. \x1fA~\x01~\x01\x1e\xd1>r|"),
                            bytearray(b'\x8e\xf1\x89\x7fJ?\xd3\xfe\xe3\xff\xc0\xff\xe0\xffp\xff\xcfn\x8f\x00\xcf\x91\xfe!\xff\x00\xff\x00\xff\x00\x7f\x00'),
                            bytearray(b'n#t3>><\x1c=\x1c^\x0f\x1e\xe5\x1e\xe54x|;??>\x1f>\x1fo?\xa6\xfd\x1e\xe4'),
                            bytearray(b'8\xff\xbe\xff\x7f\x7f\x1f\x1f\x0f\x0fC\x83`\x800\xc3\x7f@\x7f@\x7f\x80\x1f\xe0\x0f\xf0\xc3\xbc@\xbf*_'),
                        ], is_16bit=False, y_plus=0, y_minus=0, x=104, y=120),
                        Tile(mirror=False, invert=False, format=1, length=11, subtile_bytes=[
                            bytearray(b'\x1f\xf8\x07\xfc\x07\xfc\x83|\xc3<\x03\xfc\x03\xfc\x07\xfc\xfc\x04<\xe0\x1e\xb2\x9e\x12\xde"\xfe\x02\xfe\x02\xfc\x00'),
                            bytearray(b'\xa2#\x811\xf5y\xf9y\xb8\xfc\xc4x88\x00\x00\\}N~\x06\x0e\x06\x06\x82\xc6\x86z\x008\x00\x00'),
                            bytearray(b'\x07\xfc\x8e\xf9\x9e\xf9\xee\x99\xf7\xd1\xc7\x81\xdb\x05;\xb5\xfc\x00\x8cD\xccD\xe8\x10\xd0h\x84}\x06\xff\xfe\xf7'),
                            bytearray(b'\x00\x00\x00\x80\x80\xc0\xc0\xe0\xc0\xe0\xc0\xf0\x10\xf0\xd0\xf0\x00\x00\x00\x80\x00\x00\x00 \x00 \x000\x00\xf0\x00\xf0'),
                        ], is_16bit=False, y_plus=0, y_minus=0, x=120, y=120),
                        Tile(mirror=False, invert=False, format=1, length=9, subtile_bytes=[
                            bytearray(b'\xf8\x03\x10\x031\x00?\x19#>?\x10\x01\x01\x03\x01\xfe\x06\x1d\x0f?\x0e&\x19\x01>/\x10\x00\x00\x02\x01'),
                            bytearray(b'\xa8\xcf\x84\x03\x18\x03\xe6a\x1f\xf0W\xf8|\xf8\x80\xe0<\\|\xf8\xe4\xfe\x9e^\x01\x0f\x00\x0f\x00\x9c\x00\xe0'),
                            None,
                            bytearray(b'\x80\x80\x00\x00\x00\x00\x00\x00\x00\x00\x00\x00\x00\x00\x00\x00\x00\x80\x00\x00\x00\x00\x00\x00\x00\x00\x00\x00\x00\x00\x00\x00'),
                        ], is_16bit=False, y_plus=0, y_minus=0, x=104, y=136),
                        Tile(mirror=False, invert=False, format=1, length=7, subtile_bytes=[
                            bytearray(b'G\x9b~\x83v\x8f\x91o\xf7?\xf8\x1f~\x01\x01\x00|?LOX_\xf0\xee\xa0\xf8 \xdf\x00\x7f\x00\x01'),
                            bytearray(b'p\xf0\xb2\xee\xee\xdf\xcf?\xb9\xfe\xe7\xf88\xc0\xc0\x00\x00\x90\x10h \xd0\xc0 \x00\x06\x00\x1f\x00\xf8\x00\xc0'),
                            None,
                            None,
                        ], is_16bit=False, y_plus=0, y_minus=0, x=120, y=136),
                        Tile(mirror=False, invert=False, format=1, length=5, subtile_bytes=[
                            bytearray(b'\x00\x00\x00\x00\x00\x00\x80\x00\x80\x00\x00\x00\x00\x00\x00\x00\x00\x00\x00\x00\x00\x00\x00\x00\x00\x80\x00\x00\x00\x00\x00\x00'),
                            None,
                            None,
                            None,
                        ], is_16bit=False, y_plus=0, y_minus=0, x=136, y=136),
                    ]
                ),
            ],
            sequences=[
                AnimationSequence(
                    frames=[
                        AnimationSequenceFrame(duration=8, mold_id=0),
                    ]
                ),
                AnimationSequence(
                    frames=[
                        AnimationSequenceFrame(duration=8, mold_id=1),
                    ]
                ),
                AnimationSequence(
                    frames=[
                        AnimationSequenceFrame(duration=8, mold_id=2),
                    ]
                ),
                AnimationSequence(
                    frames=[
                        AnimationSequenceFrame(duration=8, mold_id=3),
                    ]
                ),
                AnimationSequence(
                    frames=[
                        AnimationSequenceFrame(duration=8, mold_id=4),
                    ]
                ),
                AnimationSequence(
                    frames=[
                        AnimationSequenceFrame(duration=8, mold_id=5),
                    ]
                ),
                AnimationSequence(
                    frames=[
                        AnimationSequenceFrame(duration=8, mold_id=6),
                    ]
                ),
                AnimationSequence(
                    frames=[
                        AnimationSequenceFrame(duration=8, mold_id=7),
                    ]
                ),
                AnimationSequence(
                    frames=[
                        AnimationSequenceFrame(duration=8, mold_id=8),
                    ]
                ),
                AnimationSequence(
                    frames=[
                        AnimationSequenceFrame(duration=8, mold_id=9),
                    ]
                ),
                AnimationSequence(
                    frames=[
                        AnimationSequenceFrame(duration=8, mold_id=10),
                        AnimationSequenceFrame(duration=8, mold_id=11),
                        AnimationSequenceFrame(duration=8, mold_id=10),
                        AnimationSequenceFrame(duration=8, mold_id=12),
                    ]
                ),
                AnimationSequence(
                    frames=[
                        AnimationSequenceFrame(duration=8, mold_id=13),
                        AnimationSequenceFrame(duration=8, mold_id=14),
                        AnimationSequenceFrame(duration=8, mold_id=13),
                        AnimationSequenceFrame(duration=8, mold_id=15),
                    ]
                ),
                AnimationSequence(
                    frames=[
                        AnimationSequenceFrame(duration=8, mold_id=16),
                        AnimationSequenceFrame(duration=8, mold_id=17),
                        AnimationSequenceFrame(duration=8, mold_id=16),
                        AnimationSequenceFrame(duration=8, mold_id=18),
                    ]
                ),
                AnimationSequence(
                    frames=[
                        AnimationSequenceFrame(duration=8, mold_id=19),
                        AnimationSequenceFrame(duration=8, mold_id=20),
                        AnimationSequenceFrame(duration=8, mold_id=19),
                        AnimationSequenceFrame(duration=8, mold_id=21),
                    ]
                ),
                AnimationSequence(
                    frames=[
                        AnimationSequenceFrame(duration=8, mold_id=22),
                        AnimationSequenceFrame(duration=8, mold_id=23),
                        AnimationSequenceFrame(duration=8, mold_id=22),
                        AnimationSequenceFrame(duration=8, mold_id=24),
                    ]
                ),
                AnimationSequence(
                    frames=[
                        AnimationSequenceFrame(duration=2, mold_id=1),
                        AnimationSequenceFrame(duration=2, mold_id=9),
                        AnimationSequenceFrame(duration=2, mold_id=7),
                        AnimationSequenceFrame(duration=2, mold_id=8),
                        AnimationSequenceFrame(duration=2, mold_id=5),
                        AnimationSequenceFrame(duration=2, mold_id=26),
                        AnimationSequenceFrame(duration=2, mold_id=25),
                        AnimationSequenceFrame(duration=2, mold_id=27),
                    ]
                ),
            ]
        )
    ),
    palette_id=664,
    palette_offset=0,
    unknown_num=0
)
