# AUTOGENERATED DO NOT EDIT!!
# Run the following command if you need to rebuild the table
# python manage.py graphicsdisassembler --rom ROM
from randomizer.data.palettes import CompleteSprite, AnimationPack, AnimationPackProperties, AnimationSequence, AnimationSequenceFrame, Mold, Tile, Clone
sprite = CompleteSprite(
    animation=AnimationPack(0, length=1324, unknown=0x0000,
        properties=AnimationPackProperties(vram_size=2048,
            molds=[
                Mold(0, gridplane=False,
                    tiles=[
                        Tile(mirror=False, invert=False, format=0, length=7, subtile_bytes=[
                            bytearray(b'\x01\x01\x00\x03\x00\x03\x00\x03\x00\x01\x00\x01\x00\x00\x00\x01\x00\x00\x00\x02\x00\x02\x00\x02\x02\x00\x02\x01\x07\x00\x02\x01'),
                            bytearray(b'\x00\x00\x81\x02\x83\x04J\x84\xc9\xc0%\xe1F\xfe\xe2|\x03\x00\x8d\x02\x9b\x04[\x85>\x03=B\xfe\x81\xff\x00'),
                            bytearray(b'\x02\x00\x03\x04\x03\x04\x08\x07\x00\x0f\x19\x0f\x1b.-7\x03\x02\x07\x02\x05\x01\n\x07\x00\x0c\x10\x04\x11$\x00\x12'),
                            bytearray(b'\x11\xf4\x13\xe9%\xe3f\xc0^\xe1\x0e\xf2o\xfc\xda\xe5\xf3\x8c\xf7\t\xff\x07\xfa\x8bg\x86\x0e\xf1\x03\x90\x1a%'),
                        ], is_16bit=False, y_plus=0, y_minus=0, x=119, y=100),
                        Tile(mirror=False, invert=False, format=0, length=7, subtile_bytes=[
                            bytearray(b'@\x00\x80\x00\xe2\x04\x9a\x04b\x1cJ4\x8ew\x1a\xe7\xc0\x00\x00\x80\xe2\x04\xfa$\xea\x0c\x8ef\x87Y\x1f\x00'),
                            bytearray(b'\x00\x00\x00\x00\x00\x00\x00\x00\x00\x00\xc00\x80\xf0\x00\xe0\x00\x00\x00\x00\x00\x00\x00\x00\x00\x00\xc0 \x00P  '),
                            bytearray(b'\x12\xff\xff\x1b:\x1c\xda}\xf7\xcco\x1c\x9f\xdc\xfc\xef>\xbd\xdf<\xfe\xff}\xfd\xdd}\x1c\xfc>~?\x7f'),
                            bytearray(b' \xc0\xc0\x00\x10\x10\xc8\xc0`f\x82\x04\x8c`\xe4\x18`\xc0\x80pP\xe0\xc80`\x98\x82\xfc\xe4\xf8\xf8\xfc'),
                        ], is_16bit=False, y_plus=0, y_minus=0, x=135, y=100),
                        Tile(mirror=False, invert=False, format=0, length=7, subtile_bytes=[
                            bytearray(b'.qYr\xaeP\xff\x06~\x83\x8f\xf0w\xfc\xc4\xff\x0eY\x0e\x07\xffs\xd9P\x14\xf1\x01\x1e\x03\x8c\x00\xbf'),
                            bytearray(b"4\xc1\xe1\x03\'B\xe6\x06\xed\xfc[\xf8\x9f\x01\xdc\x07\n\xdf\xfc7\xfdF\xf9O\x03\x1e\x07\xbc\xfea\xf8\'"),
                            bytearray(b'\x93\xff\x9fw\\\xa3\x0eC\x0b\x0f0\x1f\x94o=\xc3\x00\xf4\xa0\xb4\xb4\xb3LK0<`\\\xf8\xf8\xe8\xe8'),
                            bytearray(b'\xff\x03\xee\x83q\x80\xf0\x00=\xe1\x9d\xe1\x9d\xe1?\xef\xfc\x03|\x93\x7f\x8e\xff\x0f\x1f\xe3\x1fc\x1fc\x1f\xef'),
                        ], is_16bit=False, y_plus=0, y_minus=0, x=119, y=116),
                        Tile(mirror=False, invert=False, format=0, length=7, subtile_bytes=[
                            bytearray(b'~\xf8\xddry\x7fn\x0f\xf6\xcf\xf7\x1f\xf3\xdf[\x9f;\xf9\xfew\xf0\xff\xf0\x990\xc9\xe0\x18 \xd8`\xb0'),
                            bytearray(b'\x94\xe8B\xfcTH\xd4\xc8\xcc\xd0\xd4\x88P\xc8X\x80\xfc\xf8\xfe\xfe\xfe\xfax\xfc|\xf8|\xac8\xe8x\xa0'),
                            bytearray(b'\xc8\x17\xde\xa1\xff\x00M?<\x7f\xcc\xbf\xc9\xbe\xc3\xfc\xe8;5\xf5\x9eo\xe2\xa3@C\x81\x93\x83\xb6\xd4\xdf'),
                            bytearray(b'x\x80\xf0\x00\xb0\x80 \x00\xe0\x00\xe0\x00p\x00p\x00\xb8\xc00\xc0p\xc0\xe0\xc0`\x80`\x80\xf0\x80\xf0\x80'),
                        ], is_16bit=False, y_plus=0, y_minus=0, x=135, y=116),
                        Tile(mirror=False, invert=False, format=0, length=5, subtile_bytes=[
                            bytearray(b"\x7f\x01\x1d#\x03\x07\x00\x00\x00\x00\x00\x00\x00\x00\x00\x00\x12S\'7\x07\x07\x00\x00\x00\x00\x00\x00\x00\x00\x00\x00"),
                            bytearray(b'\xff\xff\xff\xff\x03\x03\x00\x00\x00\x00\x00\x00\x00\x00\x00\x00\x7f\xff\xff\xff\x03\x03\x00\x00\x00\x00\x00\x00\x00\x00\x00\x00'),
                            None,
                            None,
                        ], is_16bit=False, y_plus=0, y_minus=0, x=119, y=132),
                        Tile(mirror=False, invert=False, format=0, length=5, subtile_bytes=[
                            bytearray(b'\xef\xd0\xde\xe4\xf4\xfc\xe4\xdewI.\x11\x15"\x00\x00\xe7\xf1\xdb\xff\xc3\xcf\xcb\xcfXY\x13\x1b"3\x00\x00'),
                            bytearray(b'0\x000\x000\x00 \x00\x00 \xa0@ @\x00\x00\xf0\xc0\xf0\xc0\xf0\xc0\xf0\xd0\xf0\xf0\xc0\xe0@`\x00\x00'),
                            None,
                            None,
                        ], is_16bit=False, y_plus=0, y_minus=0, x=135, y=132),
                    ]
                ),
                Mold(1, gridplane=False,
                    tiles=[
                        Tile(mirror=False, invert=False, format=0, length=7, subtile_bytes=[
                            bytearray(b'\x01\x01\x00\x03\x00\x03\x00\x03\x00\x01\x00\x01\x00\x00\x00\x01\x00\x00\x00\x02\x00\x02\x00\x02\x02\x00\x02\x01\x07\x00\x02\x01'),
                            bytearray(b'\x00\x00\x81\x02\x83\x04J\x84\xc9\xc0%\xe1F\xfe\xe2|\x03\x00\x8d\x02\x9b\x04[\x85>\x03=B\xfe\x81\xff\x00'),
                            bytearray(b'\x02\x00\x03\x04\x03\x04\x08\x07\x00\x0f\x19\x0f\x1b.-7\x03\x02\x07\x02\x05\x01\n\x07\x00\x0c\x10\x04\x11$\x00\x12'),
                            bytearray(b'\x11\xf4\x13\xe9%\xe3f\xc0^\xe1\x0e\xf2o\xfc\xda\xe5\xf3\x8c\xf7\t\xff\x07\xfa\x8bg\x86\x0e\xf1\x03\x90\x1a%'),
                        ], is_16bit=False, y_plus=0, y_minus=0, x=119, y=101),
                        Tile(mirror=False, invert=False, format=0, length=7, subtile_bytes=[
                            bytearray(b'@\x00\x80\x00\xe2\x04\x9a\x04b\x1cJ4\x8ew\x1a\xe7\xc0\x00\x00\x80\xe2\x04\xfa$\xea\x0c\x8ef\x87Y\x1f\x00'),
                            bytearray(b'\x00\x00\x00\x00\x00\x00\x00\x00\x00\x00\xc00\x80\xf0\x00\xe0\x00\x00\x00\x00\x00\x00\x00\x00\x00\x00\xc0 \x00P  '),
                            bytearray(b'\x12\xff\xff\x1b:\x1c\xda}\xf7\xcco\x1c\x9f\xdc\xfc\xef>\xbd\xdf<\xfe\xff}\xfd\xdd}\x1c\xfc>~?\x7f'),
                            bytearray(b' \xc0\xc0\x00\x10\x10\xc8\xc0`f\x82\x04\x8c`\xe4\x18`\xc0\x80pP\xe0\xc80`\x98\x82\xfc\xe4\xf8\xf8\xfc'),
                        ], is_16bit=False, y_plus=0, y_minus=0, x=135, y=101),
                        Tile(mirror=False, invert=False, format=0, length=7, subtile_bytes=[
                            bytearray(b"\x0e\x11\x19\x12.\x10?\x06\x1e#\'8\x1f<6\x0f\x0e\x19\x0e\x07?\x139\x10\x049\x01\x1e\x03<0\t"),
                            bytearray(b"4\xc1\xe1\x03\'B\xe6\x06\xed\xfc[\xf8\x9f\x01\xdc\x07\n\xdf\xfc7\xfdF\xf9O\x03\x1e\x07\xbc\xfea\xf8\'"),
                            bytearray(b'/\x1f>\x1f\x10/\x1b..?\xc1\x7fQ\xbf\xf4\x0f \x10 10/1.\xc0\xf1\x80p\xe0\xe0\xa0\xa3'),
                            bytearray(b'\xff\x83\xef\x82\xf3\x00\xc3\x000\xe1\x11\xe0\x13\xe0?\xe0|\x83}\x92\xfe\r\xff<\x1f\xef\x1e\xee\x1c\xee\x00\xff'),
                        ], is_16bit=False, y_plus=0, y_minus=0, x=119, y=117),
                        Tile(mirror=False, invert=False, format=0, length=7, subtile_bytes=[
                            bytearray(b'~\xc0\xdd*{\x1dm\x1f\xed\xdf\xdd>\xcd\xbe\xec>\x0b\xf1\xa6\x7f\x82\xfd\xe0\x93 \xd3\xc1"A\xa2\xc1\x03'),
                            bytearray(b'\x14h\x02\xbc\x14\x08\x14\x08\x0c\x10\x14\x080\x080\x00\xfc\xf8\xfe\xfe\xfe\xfa\xf8\xfc\xfc\xf8\xfc\xec\xf8\xc8\xf8\xc8'),
                            bytearray(b"\xa0^{\x85\xfe\x024\xf8\xf3\xfe3\xfe\'\xfa\x0f\xf0\xa3o\xd5\xd7y\xbf\x8f\x8b\x03\x0e\x07N\x0f\xdaS|"),
                            bytearray(b'0\x00`@\xe0\xe0\xe0\xe0\xe0\xc0\xe0\x00\x00\x00\xc0\x00\xf8\xc8\xb8\xd8\x18\xf8\x18\xf88\xd8\xfc\x1c\xfc\xfc\xfc<'),
                        ], is_16bit=False, y_plus=0, y_minus=0, x=135, y=117),
                        Tile(mirror=False, invert=False, format=0, length=5, subtile_bytes=[
                            bytearray(b'\xff\x06w\x88\x0c\x10\x00\x00\x00\x00\x00\x00\x00\x00\x00\x00HO\x98\xdf\x10\x1c\x00\x00\x00\x00\x00\x00\x00\x00\x00\x00'),
                            bytearray(b'\xff\x00\xff\x00\x01\x00\x00\x00\x00\x00\x00\x00\x00\x00\x00\x00\x00\xff\x00\xff\x00\x01\x00\x00\x00\x00\x00\x00\x00\x00\x00\x00'),
                            None,
                            None,
                        ], is_16bit=False, y_plus=0, y_minus=0, x=119, y=133),
                        Tile(mirror=False, invert=False, format=0, length=5, subtile_bytes=[
                            bytearray(b'\xbfB\x7f\x86\xf9\x0e}\x06=\x02\x0b\x04\x05\x08\x00\x00\x9d\xc6y\xee\x01\xf6\x03r\x077\x05\x07\x08\x0c\x00\x00'),
                            bytearray(b'\x80\x00\x84\x00\x8c\x00\x08\x80\x00\x88h\x90H\x90\x00\x00\xfc|\xfcx\xfcp\xfc\xf4\xfc\xfc\x90\xf8\x90\xd8\x00\x00'),
                            None,
                            None,
                        ], is_16bit=False, y_plus=0, y_minus=0, x=135, y=133),
                    ]
                ),
                Mold(2, gridplane=False,
                    tiles=[
                        Tile(mirror=False, invert=False, format=0, length=7, subtile_bytes=[
                            bytearray(b'\x01\x01\x00\x03\x00\x03\x00\x03\x00\x01\x00\x01\x00\x00\x00\x01\x00\x00\x00\x02\x00\x02\x00\x02\x02\x00\x02\x01\x07\x00\x02\x01'),
                            bytearray(b'\x00\x00\x81\x02\x83\x04J\x84\xc9\xc0%\xe1F\xfe\xe2|\x03\x00\x8d\x02\x9b\x04[\x85>\x03=B\xfe\x81\xff\x00'),
                            bytearray(b'\x02\x00\x03\x04\x03\x04\x08\x07\x00\x0f\x19\x0f\x1b.-7\x03\x02\x07\x02\x05\x01\n\x07\x00\x0c\x10\x04\x11$\x00\x12'),
                            bytearray(b'\x11\xf4\x13\xe9%\xe3f\xc0^\xe1\x0e\xf2o\xfc\xda\xe5\xf3\x8c\xf7\t\xff\x07\xfa\x8bg\x86\x0e\xf1\x03\x90\x1a%'),
                        ], is_16bit=False, y_plus=0, y_minus=0, x=119, y=101),
                        Tile(mirror=False, invert=False, format=0, length=7, subtile_bytes=[
                            bytearray(b'@\x00\x80\x00\xe2\x04\x9a\x04b\x1cJ4\x8ew\x1a\xe7\xc0\x00\x00\x80\xe2\x04\xfa$\xea\x0c\x8ef\x87Y\x1f\x00'),
                            bytearray(b'\x00\x00\x00\x00\x00\x00\x00\x00\x00\x00\xc00\x80\xf0\x00\xe0\x00\x00\x00\x00\x00\x00\x00\x00\x00\x00\xc0 \x00P  '),
                            bytearray(b'\x12\xff\xff\x1b:\x1c\xda}\xf7\xcco\x1c\x9f\xdc\xfc\xef>\xbd\xdf<\xfe\xff}\xfd\xdd}\x1c\xfc>~?\x7f'),
                            bytearray(b' \xc0\xc0\x00\x10\x10\xc8\xc0`f\x82\x04\x8c`\xe4\x18`\xc0\x80pP\xe0\xc80`\x98\x82\xfc\xe4\xf8\xf8\xfc'),
                        ], is_16bit=False, y_plus=0, y_minus=0, x=135, y=101),
                        Tile(mirror=False, invert=False, format=0, length=7, subtile_bytes=[
                            bytearray(b'N\xf1\x99\xf2.\xd0\xff\x06\xfe\x03\x1f\xe0\xe7\xf4\x8c\xff\x0e\x99\x0e\x07\xff\xf3Y\xd0\x14\xf1\t6\x0b\x1c\x00\x7f'),
                            bytearray(b"4\xc1\xe1\xc3\'B\xe6\x06\xed\xfc[\xf8\x9f\x01\xdc\x87\n\xdf<\xf7\xfdF\xf9O\x03\x1e\x07\xbc\xfeax\xa7"),
                            bytearray(b',\xfb:\xe3\xb5A\x14\x87\x19\x0fJ7\x1ea?\x00\x04\xebHcfc\x98\x9f0.||tt\t)'),
                            bytearray(b'\x7f\x83\xee\x83\xf1\x00\xf0\x80\xbc\xc0\xbc\xc0\x7f\xc0\xff\x80|\x83|\x93\xff\x0e\x7f\x8f?C?C8\xc7@\xbf'),
                        ], is_16bit=False, y_plus=0, y_minus=0, x=119, y=117),
                        Tile(mirror=False, invert=False, format=0, length=7, subtile_bytes=[
                            bytearray(b'\x7f\xc0\xde!l\x07O\x07\xdb\xc7\xdb\x0f\xf9\xcf}\x8f\x05\xf8\xa7{\x98\xf7\xf8\xb48\xe4\xf0,0\xccp\x88'),
                            bytearray(b'\x94h\xc2<\xd4\xc8T\xc8L\xd0\xd4\xc8\x90\xc8\x98\xc0|\xf8~\xfe~\xfax\xfc<\xf8<l8h8`'),
                            bytearray(b'\xf4\x0b\xef\x90\xff\x00s\x0f\xef\x1f\xf3\x0f\xf2\x0f\xf0O\xf4\rZ\xba\xc7;\xd8\xa8\x10\xf0\x00\xe4 \xcd%\xd7'),
                            bytearray(b'8\xc0p\x80\xd0\x00`\xc0 \xc0 \xc0`\x80\xc0\x00X\xe0\x90\xe0\xb0\xe0\xa0\xc0 \xc0`\xc0\xe0\x80\x00\xc0'),
                        ], is_16bit=False, y_plus=0, y_minus=0, x=135, y=117),
                        Tile(mirror=False, invert=False, format=0, length=5, subtile_bytes=[
                            bytearray(b'\x0e\x11\x01\x02\x00\x00\x00\x00\x00\x00\x00\x00\x00\x00\x00\x00\x13\x1b\x02\x03\x00\x00\x00\x00\x00\x00\x00\x00\x00\x00\x00\x00'),
                            bytearray(b'\xff\x00\x81\x00\x01\x00\x00\x00\x00\x00\x00\x00\x00\x00\x00\x00\x00\xff\x00\x81\x00\x01\x00\x00\x00\x00\x00\x00\x00\x00\x00\x00'),
                            None,
                            None,
                        ], is_16bit=False, y_plus=0, y_minus=0, x=119, y=133),
                        Tile(mirror=False, invert=False, format=0, length=5, subtile_bytes=[
                            bytearray(b'\xdbd\x9f`\xe8p\xf3\xfc\x92l\xde"\xbaET\x89\t\xfc\x1f\xe6\x0f\x97\x03\x0c;-ecOo\x89\xcd'),
                            bytearray(b'\xc0\x00\xc0\x00@\x00@\x00\x80\x00\x80\x00\x80\x00\x80\x00\xc0@\xc0\x80\xc0\x80\xc0\x80\xc0@\xc0@\x00\x80\x00\x80'),
                            None,
                            None,
                        ], is_16bit=False, y_plus=0, y_minus=0, x=135, y=133),
                    ]
                ),
                Mold(3, gridplane=False,
                    tiles=[
                        Tile(mirror=False, invert=False, format=0, length=7, subtile_bytes=[
                            bytearray(b'\x00\x00\x01\x01\x03\x03\x00\x07\x00\x0f\x08\x0b\x08\x0f\x02\x0f\x00\x00\x00\x00\x00\x00\x00\x07\x00\x0e\x04\x02\x00\x06\x02\r'),
                            bytearray(b'\x00\x00\x01\x80\x88\xe4\xe8a\x808\x04\xb80\xf0\x1b\xf0\x02\x00\x17\x00{E\xfe\x01\xbfX?\xd8\x7f\xc4?\xe0'),
                            bytearray(b'\x08\x07\x08\x07\r\x0f\x0e\x0f\x00\x0f\x06\x00\x03\x00\x03\x00\x0f\t\x0f\x0c\x03\x02\x00\x01\x01\x0f\x07\x01\x03\x01\x02\x02'),
                            bytearray(b'\t\xf8\xc1\xf2\x80\x82\x98\x81@\x11\x02@\xff\x00\xff\x00?\xc0\xfd\x02\xbdr\xeei\xfe\xfd\xfd\xfe\x03\x03\x00\x00'),
                        ], is_16bit=False, y_plus=0, y_minus=0, x=120, y=100),
                        Tile(mirror=False, invert=False, format=0, length=6, subtile_bytes=[
                            bytearray(b'\x00\x18\x98\x18P8\x90xp\x88\x10\x80 \x00P\x00\x00\x18\x80\x80\xc0\x88\xc8\xe8x\x88p\xa0\xe0\x00\xf0\x10'),
                            None,
                            bytearray(b'\x00@\x80 \x03 \x13\x04[\x04O\x03N\x03\xfc\x07\xb0@\xd8 \xd8 \xff\x07\xff\x07\xf7\x0c\xf7\x04\x0f\t'),
                            bytearray(b'\x00\x00\x00\x00\x00\x00\x80\x00\xc0\x00\xe0\x00\x00\xf0\xd0\xe0\x00\x00\x00\x00\x00\x00\x00\x00\x00\x00\xa0\xa0\x80\x90\x100'),
                        ], is_16bit=False, y_plus=0, y_minus=0, x=136, y=100),
                        Tile(mirror=False, invert=False, format=0, length=7, subtile_bytes=[
                            bytearray(b'\x03\x04\x07\x00\x03\x0c#<K|\xbd~\xb9~C\xbe\x06\x06\x04\x04\x00\x0c\x00<\x00d\x00\xc2\x80\xc6\xa0\xfe'),
                            bytearray(b'\xf0?\xc1\x7f\xc0\x7f\x83~\x87}\x80\x7f\x80\x7f\xc0\x7f\x7f@y\x0e\xf1\x9b\xf0\x93\xf3\x8c\xff\x80\xff\x80\x7f\x00'),
                            bytearray(b'e\xd8\x04\xe3\xbaG\xc6\x0f\x07\x0f\x03\x0f\x08\x0f\x0b\x0f\xde\xfax\xfe\xe8X\xc0H\x00\x08\x00\x0c\x00\x0f\x00\x0f'),
                            bytearray(b"\xc0\x7f\xe2?\xf3?\xef;\xdf\x17\xc7\x03\xb6@\xb8[\x7f\x00cDgD\'\x18\x17,C|\xc0\xff\xfe\xdf"),
                        ], is_16bit=False, y_plus=0, y_minus=0, x=120, y=116),
                        Tile(mirror=False, invert=False, format=0, length=7, subtile_bytes=[
                            bytearray(b'\xe3\x1f#\xfd\xa5\xf8\x97\xff\x8f\xff\x07\xff\x0f\xff\x1d\xff\xe7\xec\xe3\x00\xe6\x13\xff\x08\xff\x00\xff\x00\xff\x00\xfc\x00'),
                            bytearray(b'x\xc0\x18\x10\xc8\x08\x04\x00\x10\x0e\x0c\x1e\x06\x08\xa8\x88\xb8\x98\x18\xe8\x08\xf0\x04\xfc\x00\xfc\x00\xf0\x16\xf8\x1c\xfc'),
                            bytearray(b'8\xff\xfa\xff\xfc\xfc\xf0\xf0\xe1\xe0\x84\x83\x0c\x03\x18\x87\xfc\x04\xfc\x05\xfd\x03\xf0\x0f\xe0\x1f\x87{\x04\xfb\xa8\xf4'),
                            bytearray(b'\xec\x88\\\xd8\xf8\xf8xpxp\xf4\xe0\xf0N\xf0NX<<\xf8\xf8\xf8\xf8\xf0\xf8\xf0\xec\xf8\xca~\xf0N'),
                        ], is_16bit=False, y_plus=0, y_minus=0, x=136, y=116),
                        Tile(mirror=False, invert=False, format=0, length=5, subtile_bytes=[
                            bytearray(b'\x0e\x0f%?;\x7f\xf9\x7f\x9d\x7f\xe7\x1f\x1c\x03\x03\x00\x00\t\x00\x0e\x00\x07\x00\x03\x00`\x00\xf8\x00\x1f\x00\x03'),
                            bytearray(b'\xc4\xb3\xfc\x83\\\xa3\xf2\x8d\x8f\xfc\xef\xf8\x1e\xf0\xf0\x00|\xf8d\xe4t\xb4~\x8e\x07\x7f\x04\x1b\x00\xfe\x00\xf0'),
                            None,
                            None,
                        ], is_16bit=False, y_plus=0, y_minus=0, x=120, y=132),
                        Tile(mirror=False, invert=False, format=0, length=5, subtile_bytes=[
                            bytearray(b'*\xe7B\x811\x80\xc3\x0f\xe2\x0f\xe4\x0f\x1b\x1f\x0e\x07xt}?O\xfe\xf8\xf9\x10\xf8\x10\xf8\x00\x1c\x08\x07'),
                            bytearray(b'>\x80\x10\x80\x10\x00\xe0\x00`\xc0\x90\xf0\xa8\xf88\xf0\xfe\xc0p\xe0\xf0\xf0`\x80 @\x00p\x00\x18\x08\xf0'),
                            None,
                            None,
                        ], is_16bit=False, y_plus=0, y_minus=0, x=136, y=132),
                    ]
                ),
                Mold(4, gridplane=False,
                    tiles=[
                        Tile(mirror=False, invert=False, format=0, length=7, subtile_bytes=[
                            bytearray(b'\x00\x00\x00\x00\x01\x01\x00\x03\x00\x07\x04\x05\x04\x07\x01\x07\x00\x00\x00\x00\x00\x00\x00\x03\x00\x07\x02\x01\x00\x03\x01\x06'),
                            bytearray(b'\x00\x00\x80\xc0\xc4\xf2t\xb0@\x9c\x02\xdc\x18\xf8\r\xf8\x01\x00\x0b\x00="\x7f\x80_,\x1fl?b\x1f\xf0'),
                            bytearray(b'\x04\x03\x04\x03\x06\x07\x07\x07\x00\x07\x03\x00\x01\x00\x01\x00\x07\x04\x07\x06\x01\x01\x00\x00\x00\x07\x03\x00\x01\x00\x01\x01'),
                            bytearray(b'\x04\xfc`\xf9\xc0\xc1L\xc0 \x88\x01 \xff\x00\xff\x00\x9f\xe0\xfe\x01\xde9w\xb4\xff\xfe\xfe\xff\x81\x81\x00\x00'),
                        ], is_16bit=False, y_plus=0, y_minus=0, x=119, y=102),
                        Tile(mirror=False, invert=False, format=0, length=6, subtile_bytes=[
                            bytearray(b'\x00\x0c\xcc\x0c(\x1cH\xbc8D\x08@\x10\x00\xa8\x00\x00\x0c\xc0@\xe0\xc4d\xf4\xbcD\xb8P\xf0\x00\xf8\x08'),
                            None,
                            bytearray(b"\x80 \xc0\x10\x01\x10\t\x82-\x82\'\x01\xa7\x01\xfe\x03\xd8 \xec\x10\xec\x10\x7f\x83\x7f\x83\xfb\x06\xfb\x82\x07\x04"),
                            bytearray(b'\x00\x00\x00\x00\x80\x00\xc0\x00\xe0\x00\xf0\x80\x00\xf8h\xf0\x00\x00\x00\x00\x00\x00\x80\x80\x80\x80\xd0P\xc0H\x88\x98'),
                        ], is_16bit=False, y_plus=0, y_minus=0, x=135, y=102),
                        Tile(mirror=False, invert=False, format=0, length=7, subtile_bytes=[
                            bytearray(b'\x01\x02\x03\x00\x01\x06\x11\x1e%>^?\\?C\xbf\x03\x03\x02\x02\x00\x06\x00\x1e\x002\x00a@c\xa0\xff'),
                            bytearray(b'\xf8\x1f\xe0?\xe0?\xc1>\xc3<\xc0?\xc0?\xe0?? <\x07xMyH{D\x7f@\x7f@?\x00'),
                            bytearray(b'd\xd8\x06\xe4\xbcA\xc1\x03\x01\x03\x00\x03\x02\x03\x02\x03\xde\xfa|\xfe\xecT\xc0B\x00\x02\x00\x03\x00\x03\x00\x03'),
                            bytearray(b'\xe0?q\x9fy\x9f\xf7\x99\xef\x8b\xe3\x81[\xa0\xdc\xad?\x001"3"\x17\x08\x0b\x16!>`\xff\x7f\xef'),
                        ], is_16bit=False, y_plus=0, y_minus=0, x=119, y=118),
                        Tile(mirror=False, invert=False, format=0, length=7, subtile_bytes=[
                            bytearray(b'q\x8f\x91\xfeR\xfc\xcb\x7f\xc7\xff\x03\xff\x07\xff\x0e\xff\xf3v\xf1\x00\xf3\x89\x7f\x84\xff\x00\xff\x00\xff\x00\xfe\x00'),
                            bytearray(b'\xbc\xe0\x8c\x88\xe4\x04\x82\x80\x88\x87\x86\x8f\x83\x84\xd4\x84\xdcL\x8ct\x04\xf8\x82~\x80~\x80x\x8b|N>'),
                            bytearray(b'\x1c\xff}\xff\xfe\xfe\xf8\xf8\xf0\xf0\xc2\xc1\x06\x01\x0c\xc3\xfe\x02\xfe\x02\xfe\x01\xf8\x07\xf0\x0f\xc3=\x02\xfdT\xfa'),
                            bytearray(b"v\xc4.\xcc||<8\xbc8z\xf0x\xa7x\xa7,\x1e>\xdc\xfc\xfc|\xf8|\xf8\xf6\xfce\xbfx\'"),
                        ], is_16bit=False, y_plus=0, y_minus=0, x=135, y=118),
                        Tile(mirror=False, invert=False, format=0, length=5, subtile_bytes=[
                            bytearray(b'\x03\x03\x04\x07\x07\x0f\x1f\x0f\x13\x0f\x1c\x03\x03\x00\x00\x00\x00\x02\x00\x01\x00\x00\x00\x00\x00\x0c\x00\x1f\x00\x03\x00\x00'),
                            bytearray(b'\xe2\xd9\xfe\xc1n\xf19\xfe\xb7\xf8\xfd\xfe\x83|~\x00>|2\xf2\x1a\xfa\x07\x7f\x07\t\x01\x02\x02\xfd\x00~'),
                            None,
                            None,
                        ], is_16bit=False, y_plus=0, y_minus=0, x=119, y=134),
                        Tile(mirror=False, invert=False, format=0, length=5, subtile_bytes=[
                            bytearray(b"\x15\xf3!\xc0\x18\xc0a\x87\xf1\x07\xf2\x07\xcd\x0f\x07\x03<:>\x1f\'\x7f||\x88\xfc\x08\xfc\x00\xce\x04\x03"),
                            bytearray(b'\x1f\xc0\x08\xc0\x88\x00\xf8\x98\x04\xfc\\\xf8\xd8\xf0 \xe0\x7f`\xb8\xf0\xf8x \xd8\x00<\x04\x08\x080\x00\xe0'),
                            None,
                            None,
                        ], is_16bit=False, y_plus=0, y_minus=0, x=135, y=134),
                    ]
                ),
                Mold(5, gridplane=False,
                    tiles=[
                        Tile(mirror=False, invert=False, format=0, length=7, subtile_bytes=[
                            bytearray(b'\x00\x00\x00\x00\x01\x01\x00\x03\x00\x07\x04\x05\x04\x07\x01\x07\x00\x00\x00\x00\x00\x00\x00\x03\x00\x07\x02\x01\x00\x03\x01\x06'),
                            bytearray(b'\x00\x00\x80\xc0\xc4\xf2t\xb0@\x9c\x02\xdc\x18\xf8\r\xf8\x01\x00\x0b\x00="\x7f\x80_,\x1fl?b\x1f\xf0'),
                            bytearray(b'\x04\x03\x04\x03\x06\x07\x07\x07\x00\x07\x03\x00\x01\x00\x01\x00\x07\x04\x07\x06\x01\x01\x00\x00\x00\x07\x03\x00\x01\x00\x01\x01'),
                            bytearray(b'\x04\xfc`\xf9\xc0\xc1L\xc0 \x88\x01 \xff\x00\xff\x00\x9f\xe0\xfe\x01\xde9w\xb4\xff\xfe\xfe\xff\x81\x81\x00\x00'),
                        ], is_16bit=False, y_plus=0, y_minus=0, x=119, y=102),
                        Tile(mirror=False, invert=False, format=0, length=6, subtile_bytes=[
                            bytearray(b'\x00\x0c\xcc\x0c(\x1cH\xbc8D\x08@\x10\x00\xa8\x00\x00\x0c\xc0@\xe0\xc4d\xf4\xbcD\xb8P\xf0\x00\xf8\x08'),
                            None,
                            bytearray(b"\x80 \xc0\x10\x01\x10\t\x82-\x82\'\x01\xa7\x01\xfe\x03\xd8 \xec\x10\xec\x10\x7f\x83\x7f\x83\xfb\x06\xfb\x82\x07\x04"),
                            bytearray(b'\x00\x00\x00\x00\x80\x00\xc0\x00\xe0\x00\xf0\x80\x00\xf8h\xf0\x00\x00\x00\x00\x00\x00\x80\x80\x80\x80\xd0P\xc0H\x88\x98'),
                        ], is_16bit=False, y_plus=0, y_minus=0, x=135, y=102),
                        Tile(mirror=False, invert=False, format=0, length=7, subtile_bytes=[
                            bytearray(b'\x01\x02\x03\x00\x01\x06\t\x0e\x13\x1e.\x1f.\x1f\x11/\x03\x03\x02\x02\x00\x06\x00\x0e\x00\x18\x001 1(?'),
                            bytearray(b'\xf8\x1f\xe0?\xe0?\xc1>\xc3<\xc0?\xc0?\xe0?? <\x07xMyH{D\x7f@\x7f@?\x00'),
                            bytearray(b'\x186\x009-\x133\x07\x03\x07\x03\x0f\x08\x0f\x0b\x0f7?\x1e?<\x140\x14\x00\x04\x00\x0c\x00\x0f\x00\x0f'),
                            bytearray(b'\xe0?q\x9fy\x9fw\x99\xef\x8b\xe3\x81\xdb\xa0\xdc\xad?\x001"3"\x17\x08\x0b\x16!\xbe`\xff\x7f\xef'),
                        ], is_16bit=False, y_plus=0, y_minus=0, x=119, y=118),
                        Tile(mirror=False, invert=False, format=0, length=7, subtile_bytes=[
                            bytearray(b'q\x8f\x91\xfeR\xfc\xcb\x7f\xc7\xff\x03\xff\x07\xff\x0e\xff\xf3v\xf1\x00\xf3\x89\x7f\x84\xff\x00\xff\x00\xff\x00\xfe\x00'),
                            bytearray(b'\xbc\xe0\x8c\x88\xe4\x04\x82\x80\x88\x87\x86\x8f\x83\x84\xd4\x84\xdcL\x8ct\x04\xf8\x82~\x80~\x80x\x8b|N>'),
                            bytearray(b'\x1c\xff}\xff\xfe\xfe\xf8\xf8\xf0\xf0\xc2\xc1\x06\x01\x0c\xc3\xfe\x02\xfe\x02\xfe\x01\xf8\x07\xf0\x0f\xc3=\x02\xfdT\xfa'),
                            bytearray(b"v\xc4.\xcc||<8\xbc8z\xf0x\xa7x\xa7,\x1e>\xdc\xfc\xfc|\xf8|\xf8\xf6\xfce\xbfx\'"),
                        ], is_16bit=False, y_plus=0, y_minus=0, x=135, y=118),
                        Tile(mirror=False, invert=False, format=0, length=5, subtile_bytes=[
                            bytearray(b'.?5\x7f\xfb\x7f\x99\x7f\xed\x1f\x17\x0f\x0c\x03\x03\x00\x00\t\x00\x0e\x00\x07\x00c\x00\xf0\x00\x18\x00\x0f\x00\x03'),
                            bytearray(b'\xe2\xd9~\xc1n\xf1\xf9\xc6\x8f\xfc\xef\xf8\x1e\xf0\xf0\x00>\xfc2\xf2\x1a\xfa?\xc7\x05\x7f\x04\x1b\x00\xfe\x00\xf0'),
                            None,
                            None,
                        ], is_16bit=False, y_plus=0, y_minus=0, x=119, y=134),
                        Tile(mirror=False, invert=False, format=0, length=5, subtile_bytes=[
                            bytearray(b"\x15\xf3!\xc0\x18\xc0a\x87\xf1\x07\xf2\x07\r\x0f\x07\x03<:>\x1f\'\x7f||\x88\xfc\x08\xfc\x00\x0e\x04\x03"),
                            bytearray(b'\x1f\xc0\x08\xc0\x8c\x00\xfc\x98\x04\xfc\\\xf8\xd8\xf0 \xe0\x7f`\xb8\xf0\xfcpd\x98\x00<\x04\x08\x080\x00\xe0'),
                            None,
                            None,
                        ], is_16bit=False, y_plus=0, y_minus=0, x=135, y=134),
                    ]
                ),
                Mold(6, gridplane=False,
                    tiles=[
                        Tile(mirror=False, invert=False, format=0, length=7, subtile_bytes=[
                            bytearray(b'\x00\x00\x00\x00\x10\x18\x10\x1c\x01\x1e\x00\x0f\x00\x07\x04\x03\x00\x00\x00\x00\x00\x08\x00\x00\x00\x10\x00\t\x00\x07\x07\x03'),
                            bytearray(b'\x05\x00&\x00\x00\x00\x9f\x045\x00\x02\x00\xc0\x0c\xec\r\x1d\x00y\x06\x7f\x06\xff\x04\xfe\t\xf7\x19\xef\x17\xfc\x13'),
                            bytearray(b'\x06\x01\x00\x05\x03\x03\x04\t\x06\t\x06\x1c\t?(?\x05\x06\x1d\x06\x0f\x00\x0f\x08\x0f\x00\x0e\x19\x034\x03\x14'),
                            bytearray(b'T\xdf\x0c\xff\x1d\xfc7\xe0o\xc0Z\x029\x00+\xee\xdc"\xff\x03\xfc\x03\xfe\x01\xff\x00f\x9f\x08\xf7\xee\x11'),
                        ], is_16bit=False, y_plus=0, y_minus=0, x=119, y=99),
                        Tile(mirror=False, invert=False, format=0, length=7, subtile_bytes=[
                            bytearray(b'@\x00\x00\x00"\x04\x82\x0c2,\xf8f~\xa7\xfa\x87\xc0\x00\xe0\x00\xc2$\xe2h\xf2\xe8~\xe67\xe9\x7f\x00'),
                            bytearray(b'\x00\x00\x00\x00\x00\x00\x00\x00\x00\x00\xc00\x80\xf0\x00\xe0\x00\x00\x00\x00\x00\x00\x00\x00\x00\x00\xc0 \x00P  '),
                            bytearray(b'r\x9f=\x91\xfa\xd4\xda\xf5\xf7h/\x10\xdf\x00<\xe3>\xdd\xd5\xfe\xf6\xff\xf5\xfdy\xfdP\xfc\xe2>s\xff'),
                            bytearray(b' \xc0\xc0\x00\x10\x10\xc8\xc0`f\x82\x04\x8c`\xe4\x18`\xc0\x80pP\xe0\xc80`\x98\x82\xfc\xe4\xf8\xf8\xfc'),
                        ], is_16bit=False, y_plus=0, y_minus=0, x=135, y=99),
                        Tile(mirror=False, invert=False, format=0, length=7, subtile_bytes=[
                            bytearray(b'.\x7f_o\xb2O\xf9\x06\x7f\x87\x8f\xf0w\xfc\xc4\xff\x00Q\x10\x00\xf0m\xd9V\x10\xf7\x06\x19\x03\x8c\x00\xbf'),
                            bytearray(b'*\xfdL\xffc\xff\xc7\xfe\x1e\xfc\xf9\xe0\x01\x00\xde\x01\xf6\x95\x00\xb3\x00\x9f\x01>\x03\xfd\x1f\xe6\xff\xfe\xfe!'),
                            bytearray(b'\x93\xff\x9fw\\\xa3\x0eC\x0b\x0f0\x1f\x94o=\xc3\x00\xf4\xa0\xb4\xb4\xb3LK0<`\\\xf8\xf8\xe8\xe8'),
                            bytearray(b'\xff\x03\xee\x83q\x80\xf0\x00=\xe1\x9d\xe1\x9d\xe1?\xef\xfc\x03|\x93\x7f\x8e\xff\x0f\x1f\xe3\x1fc\x1fc\x1f\xef'),
                        ], is_16bit=False, y_plus=0, y_minus=0, x=119, y=115),
                        Tile(mirror=False, invert=False, format=0, length=7, subtile_bytes=[
                            bytearray(b'\xbe\xc0\xdd"\xf9\x0f\xee\x0f\xf6O\xf7\x1f\xf3\xdf{\x9fCy.\xf7\x00\xffp\x99\xb0I\xe0\x18 \xd8@\xb0'),
                            bytearray(b'\x94\xe8B\xfcTH\xd4\xc8\xcc\xd0\xd4\x88P\xc8X\x80\xfc\xf8\xfe\xfe\xfe\xfax\xfc|\xf8|\xac8\xe8x\xa0'),
                            bytearray(b'\xc8\x17\xde\xa1\xff\x00M?<\x7f\xcc\xbf\xc9\xbe\xc3\xfc\xe8;5\xf5\x9eo\xe2\xa3@C\x81\x93\x83\xb6\xd4\xdf'),
                            bytearray(b'x\x80\xf0\x00\xb0\x80 \x00\xe0\x00\xe0\x00p\x00p\x00\xb8\xc00\xc0p\xc0\xe0\xc0`\x80`\x80\xf0\x80\xf0\x80'),
                        ], is_16bit=False, y_plus=0, y_minus=0, x=135, y=115),
                        Tile(mirror=False, invert=False, format=0, length=5, subtile_bytes=[
                            bytearray(b"\x7f\x01\x1d#\x03\x07\x00\x00\x00\x00\x00\x00\x00\x00\x00\x00\x12S\'7\x07\x07\x00\x00\x00\x00\x00\x00\x00\x00\x00\x00"),
                            bytearray(b'\xff\xff\xff\xff\x03\x03\x00\x00\x00\x00\x00\x00\x00\x00\x00\x00\x7f\xff\xff\xff\x03\x03\x00\x00\x00\x00\x00\x00\x00\x00\x00\x00'),
                            None,
                            None,
                        ], is_16bit=False, y_plus=0, y_minus=0, x=119, y=387),
                        Tile(mirror=False, invert=False, format=0, length=5, subtile_bytes=[
                            bytearray(b'\xef\xd0\xde\xe4\xf4\xfc\xe4\xdewI.\x11\x15"\x00\x00\xe7\xf1\xdb\xff\xc3\xcf\xcb\xcfXY\x13\x1b"3\x00\x00'),
                            bytearray(b'0\x000\x000\x00 \x00\x00 \xa0@ @\x00\x00\xf0\xc0\xf0\xc0\xf0\xc0\xf0\xd0\xf0\xf0\xc0\xe0@`\x00\x00'),
                            None,
                            None,
                        ], is_16bit=False, y_plus=0, y_minus=0, x=135, y=387),
                    ]
                ),
                Mold(7, gridplane=False,
                    tiles=[
                        Tile(mirror=False, invert=False, format=0, length=7, subtile_bytes=[
                            bytearray(b'\x00\x00\x00\x00\x00\x10\x00\x18\x00\x1c\x01\x1f\x00\x0f\x00\x07\x00\x00\x00\x00\x00\x00\x00\x08\x00\x04\x01\x12\x00\t\x00\x04'),
                            bytearray(b'\x00\x00\x81\x00C\x00$\x00E\x80"\x80\x00\x80\x00\xc0 \x00\xbd\x00\xff\x00\xff\x03\xff\xa2\xff\x80\xff\x80\xff\x80'),
                            bytearray(b'\x0c\x03\x03\x0f\x07\x1f\x03\x1f\t\x1e\x0b\x1c\x03\x04\x07\x00\r\x03\x07\x0c\x0f\x18\x0f\x19\x03\x17\x02\x12\x06\x06\x04\x04'),
                            bytearray(b'\x00\xc0}\xe0\xff\xb0\xbf\xf8\xff\x00\xff\x00\xf0?\xc1\x7f\xff\x00\xff`\xff\xf0\xff\xf8\x03\x03\x00\x00\x7f@y\x0e'),
                        ], is_16bit=False, y_plus=0, y_minus=0, x=119, y=100),
                        Tile(mirror=False, invert=False, format=0, length=6, subtile_bytes=[
                            bytearray(b'@@\x80@\x80@\x00\xc0@\x00 \x00 \x00`\x00\x00\x00\x80@\x80@\x00\xc0\xc0\x00\xe0\x00\xe0\x00\xe0\x00'),
                            None,
                            bytearray(b's\x00\xfb\x0c\xfb<\xe7{\xfe\x03\xfc\x07\xe3\x1f#\xfd\xf0\x00\xff\x0f\xff?\xff|\xf7\xf4\x0f\t\xe7\xec\xe3\x00'),
                            bytearray(b'\x00\x00\x80\x00\xc0\x00\xe0\x00\x00\xf0\xd0\xe0x\xc0\x18\x10\x00\x00\x00\x00\x00\x00\xa0\xa0\x80\x90\x100\xb8\x98\x18\xe8'),
                        ], is_16bit=False, y_plus=0, y_minus=0, x=135, y=100),
                        Tile(mirror=False, invert=False, format=0, length=7, subtile_bytes=[
                            bytearray(b'\x03\x0c#<K|\xbd~\xb9~C\xbee\xd8\x04\xe3\x00\x0c\x00<\x00d\x00\xc2\x80\xc6\xa0\xfe\xde\xfax\xfe'),
                            bytearray(b'\xc0\x7f\x83~\x87}\x80\x7f\x80\x7f\xc0\x7f\xc0\x7f\xe2?\xf1\x9b\xf0\x93\xf3\x8c\xff\x80\xff\x80\x7f\x00\x7f\x00cD'),
                            bytearray(b'\xbaG\xc6\x0f\x07\x0f\x03\x0f\x08\x0f\x0b\x0f\x07\x07\x12\x1f\xe8X\xc0H\x00\x08\x00\x0c\x00\x0f\x00\x0f\x00\x04\x00\x07'),
                            bytearray(b"\xf3?\xef;\xdf\x17\xc7\x03\xb6@\xb8[b\xd9\xfe\xc1gD\'\x18\x17,C|\xc0\xff\xfe\xdf>\xfc2r"),
                        ], is_16bit=False, y_plus=0, y_minus=0, x=119, y=116),
                        Tile(mirror=False, invert=False, format=0, length=7, subtile_bytes=[
                            bytearray(b'\xa5\xf8\x97\xff\x8f\xff\x07\xff\x0f\xff\x1d\xff8\xff\xfa\xff\xe6\x13\xff\x08\xff\x00\xff\x00\xff\x00\xfc\x00\xfc\x04\xfc\x05'),
                            bytearray(b'\xc8\x08\x04\x00\x10\x0e\x0c\x1e\x06\x08\xa8\x88\xec\x88\\\xd8\x08\xf0\x04\xfc\x00\xfc\x00\xf0\x16\xf8\x1c\xfcX<<\xf8'),
                            bytearray(b'\xfc\xfc\xf0\xf0\xe1\xe0\x84\x83\x0c\x03\x18\x87\x15\xf3!\xc0\xfd\x03\xf0\x0f\xe0\x1f\x87{\x04\xfb\xa8\xf4<:>\x1f'),
                            bytearray(b'\xf8\xf8xpxp\xf4\xe0\xf0N\xf0N\x1f\xc0\x08\xc0\xf8\xf8\xf8\xf0\xf8\xf0\xec\xf8\xca~\xf0N\x7f`\xb8\xf0'),
                        ], is_16bit=False, y_plus=0, y_minus=0, x=135, y=116),
                        Tile(mirror=False, invert=False, format=0, length=5, subtile_bytes=[
                            bytearray(b'\x1d?|?N?s\x0f\x0e\x01\x01\x00\x00\x00\x00\x00\x00\x03\x00\x01\x000\x00|\x00\x0f\x00\x01\x00\x00\x00\x00'),
                            bytearray(b'\xae\xd1\xf9\xc6\xc7\xfe\xf7\xfc\x0f\xf8\xf8\x00\x00\x00\x00\x00:\xda?\xc7\x03?\x02\r\x00\xff\x00\xf8\x00\x00\x00\x00'),
                            None,
                            None,
                        ], is_16bit=False, y_plus=0, y_minus=0, x=119, y=132),
                        Tile(mirror=False, invert=False, format=0, length=5, subtile_bytes=[
                            bytearray(b"\x18\xc0a\x87\xf1\x07\xf2\x07\r\x0f\x07\x03\x00\x00\x00\x00\'\x7f||\x88\xfc\x08\xfc\x00\x0e\x04\x03\x00\x00\x00\x00"),
                            bytearray(b'\x88\x00\xf0\x800\xe0H\xf8\xd4\xfc\x1c\xf8\x00\x00\x00\x00\xf8x0\xc0\x10 \x008\x00\x0c\x04\xf8\x00\x00\x00\x00'),
                            None,
                            None,
                        ], is_16bit=False, y_plus=0, y_minus=0, x=135, y=132),
                    ]
                ),
                Mold(8, gridplane=False,
                    tiles=[
                        Tile(mirror=False, invert=False, format=0, length=7, subtile_bytes=[
                            bytearray(b'\x00\x00\x00\x00\x00\x00\x00\x00\x00\x00\x02\x03\x00\x03f\xff\x00\x00\x00\x00\x00\x00\x00\x00\x01\x00\x03\x00\x03\x00\x07\x89'),
                            bytearray(b'\x00\x07\x00\x05\x00\x0e \x03\xe4`\x04\xe2\x01\xfeA~\x00\x01\n\x05\x11\x0e\xfc\x03\xff\x00\xff\x02\xf9\x0e\xf9\x02'),
                            bytearray(b'v\xfc \xfes\xfcP\xff}\xff\x02\xff\x1d\x03\x1f\x01\x0f\x88\x8f\xd3\x0e\x8a\x03\x8e\x03\x82\xc1\xf9\x1c\x06\x1e\x00'),
                            bytearray(b"@>c=\xc1\x1dD\xdc\x11\xff\'\xefO\xef\xc8\xe8\xf3\x0b\xf3\r_/\xdc#\xff\x00\xef\x10/0(7"),
                        ], is_16bit=False, y_plus=0, y_minus=0, x=120, y=100),
                        Tile(mirror=False, invert=False, format=0, length=7, subtile_bytes=[
                            bytearray(b' \x00\xc0\x00\x01\xf2\x01\x86\x01\x82\x1d\x02\x0f\x03\xe1\r\xe0\x00\x80@\x01\xf2y\x86}\x82\xff\x03\xff\x10\xf3\x0c'),
                            bytearray(b'\x00\x00\x00\x00\x00\x00\x00\x00\x00\x00`\x18@\xf8\x00\xf0\x00\x00\x00\x00\x00\x00\x00\x00\x00\x00`\x10\x80\xa8\x90\x10'),
                            bytearray(b'\xc0\xb8\x81\x80\x87\x00\xeb\xc8\xdb\xd6\xb7\xbe\x7f>\xfe\xc7\xc7\xb8\xff\x80\x7f\x80\xff\x1c\xde>\xbe~?\xff\xcf\xff'),
                            bytearray(b'\x10\xe0\xe0\x80\x08\x08d\xe0\xb03\xc1\x02\xc60r\x8c0\xe0\xc08(\xf0\xe4\x98\xb0\xccA~r|\xfc\xfe'),
                        ], is_16bit=False, y_plus=0, y_minus=0, x=136, y=100),
                        Tile(mirror=False, invert=False, format=0, length=7, subtile_bytes=[
                            bytearray(b" \x190\x19i\x1ez\x00?@Gx;|b\x7f&\x11&\ta\x16}\'\x0ey\x00\x0f\x03D\x00_"),
                            bytearray(b'\xbf\xd7\x7f\x9e\xcf\xda\xdd\x02\xff\x00\xcf\x00\xcf\x00n\x837_^\xbf\xfa\xff\xe2?\x00\xff7\xf8\xff0|\x93'),
                            bytearray(b'I\x7fO;.Q\x07!\x05\x07\x18\x0fJ7\x1ea\x00zPZZY&%\x18\x1e0.||tt'),
                            bytearray(b'\xff\x81\xf7\xc18\xc0x\x80\x9e\xf0N\xf0N\xf0\x9f\xf7~\x01>I?\xc7\x7f\x87\x0fq\x0f1\x0f1\x0fw'),
                        ], is_16bit=False, y_plus=0, y_minus=0, x=120, y=116),
                        Tile(mirror=False, invert=False, format=0, length=7, subtile_bytes=[
                            bytearray(b'\xff\x80\xee1\xbcg\xf7\x07\xfbg\xfb\x0f\xf9\xef-\xcf\x81\xfc7\xfb`\xffx\x8c\x98d\xf0\x0c\x10\xec0\xd8'),
                            bytearray(b'Jt\xa1~\xaa\xa4j\xe4f\xe8\xea\xc4\xa8\xe4\xac\xc0\xfe\xfc\x7f\xff\x7f\xfd<\xfe>\xfc>V\x1ct<P'),
                            bytearray(b'\xe4\x8bo\xd0\xff\x00&\x1f\x9e\xbf\xe6\xdf\xe4\xdf\xe1\xfet\x9d\x1a\xfa\xcf7\xf1\xd1\xa0\xa1\xc0\xc9\xc1\xdb\xea\xef'),
                            bytearray(b'<\xc0x\x80\xd8@\x90\x80p\x80p\x80\xb8\x00\xb8\x00\\\xe0\x98\xe08\xe0p\xe00\xc0\xb0\xc0\xf8@x\xc0'),
                        ], is_16bit=False, y_plus=0, y_minus=0, x=136, y=116),
                        Tile(mirror=False, invert=False, format=0, length=5, subtile_bytes=[
                            bytearray(b'?\x00\x0e\x11\x01\x03\x00\x00\x00\x00\x00\x00\x00\x00\x00\x00\t)\x13\x1b\x03\x03\x00\x00\x00\x00\x00\x00\x00\x00\x00\x00'),
                            bytearray(b'\xff\xff\xff\xff\x81\x81\x00\x00\x00\x00\x00\x00\x00\x00\x00\x00?\xff\xff\xff\x81\x81\x00\x00\x00\x00\x00\x00\x00\x00\x00\x00'),
                            None,
                            None,
                        ], is_16bit=False, y_plus=0, y_minus=0, x=120, y=132),
                        Tile(mirror=False, invert=False, format=0, length=5, subtile_bytes=[
                            bytearray(b'\xf7\xe8\xef\xf2\xfa\xfero;$\x17\x08\n\x11\x00\x00\xf3\xf8\xed\xff\xe1\xe7eg,,\t\r\x11\x19\x00\x00'),
                            bytearray(b'\x98\x00\x18\x00\x18\x00\x10\x00\x80\x90P\xa0\x90 \x00\x00\xf8\xe0\xf8\xe0\xf8\xe0\xf8\xe8x\xf8\xe0\xf0 \xb0\x00\x00'),
                            None,
                            None,
                        ], is_16bit=False, y_plus=0, y_minus=0, x=136, y=132),
                    ]
                ),
                Mold(9, gridplane=False,
                    tiles=[
                        Tile(mirror=False, invert=False, format=0, length=7, subtile_bytes=[
                            bytearray(b'\x00\x00\x00\x04\x00\x06\x02\x06\x04\x07\x00\x07\x02\x03\x00\x03\x00\x00\x00\x04\x00\x02\x00\x00\x00\x01\x00\x04\x00\x00\x00\x03'),
                            bytearray(b'\x00\x00\x00\x00B\x08B\xa9\x07\x90n\x80C\xbf\x0e\xfe\x0c\x00\x0c\x00w\x08V\xa9o\x10\xfe\x81\x7f\x00~\xc1'),
                            bytearray(b"\x02\x00\x06\x00\x06\x00\x0f\x01\x08\x07\x1a\x07\x1b\'(7\x03\x02\x07\x00\x06\x01\x0f\x00\t\x06\x19\x01\x18 \x08\x13"),
                            bytearray(b'2\x1e\x81\x1c\xc6\x1c\xaa\x19q\x9e=\xde\xce\xff\xc6\xff\xfe\x01\xfd\x02\xff\x90yw\xbf-\xa0\xc3\x00\x13\x00\x1f'),
                        ], is_16bit=False, y_plus=0, y_minus=0, x=119, y=100),
                        Tile(mirror=False, invert=False, format=0, length=7, subtile_bytes=[
                            bytearray(b'\x00\x00\x00\x08\n\x1c\x12\x1c\x12<"|\xdew\n7\x00\x00\x00\x08\x82\x14\xa2\x04\xc2\xa4\xc6\xce\x87\t_\xb0'),
                            bytearray(b'\x00\x00\x00\x00\x00\x00\x00\x00\x00\x00\xc00\x80\xf0\x00\xe0\x00\x00\x00\x00\x00\x00\x00\x00\x00\x00\xc0 \x00P  '),
                            bytearray(b'"\x0fo\x03\x18DJ\x05\xef`W\x88W\xe8|\xc3\xfe\x1d\xdf<\xec\xff\xcf\xf7\xe9\x95\xd0\xac\x18\xec\x0b\xf7'),
                            bytearray(b' \xc0\xc0\x00\x10\x10\xc8\xc0`f\x82\x04\x8c`\xe4\x18`\xc0\x80pP\xe0\xc80`\x98\x82\xfc\xe4\xf8\xf8\xfc'),
                        ], is_16bit=False, y_plus=0, y_minus=0, x=135, y=100),
                        Tile(mirror=False, invert=False, format=0, length=7, subtile_bytes=[
                            bytearray(b'-r^q\xadQ\xff\x01\x7f\x81\x8e\xf1w\xfc\xc4\xff\x0fV\n\x05\xfav\xdaT\x12\xf4\x01\x1f\x02\x8d\x00\xbf'),
                            bytearray(b"\xf6\x7f\xcb?v\x80!\x80.\xdd1\xff\x9fa\xdc\x07\x80\x8d\x80?i\xdf\x7f\xa7\x03]\x00\x0f\x9ea\xf8\'"),
                            bytearray(b'\x93\xff\x9fw\\\xa3\x0eC\x0b\x0f0\x1f\x94o=\xc3\x00\xf4\xa0\xb4\xb4\xb3LK0<`\\\xf8\xf8\xe8\xe8'),
                            bytearray(b'\xff\x03\xee\x83q\x80\xf0\x00=\xe1\x9d\xe1\x9d\xe1?\xef\xfc\x03|\x93\x7f\x8e\xff\x0f\x1f\xe3\x1fc\x1fc\x1f\xef'),
                        ], is_16bit=False, y_plus=0, y_minus=0, x=119, y=116),
                        Tile(mirror=False, invert=False, format=0, length=7, subtile_bytes=[
                            bytearray(b'\xce\x80\x8d\x02\xa9/NOVO\xb7\x9f\xf3\xdf{\x9fs\xf9~w\xd0\xff\xb0\xf9\xb0\xe9`\xd8 \xd8@\xb0'),
                            bytearray(b'\x94\xe8B\xfcTH\xd4\xc8\xcc\xd0\xd4\x88P\xc8X\x80\xfc\xf8\xfe\xfe\xfe\xfax\xfc|\xf8|\xac8\xe8x\xa0'),
                            bytearray(b'\xc8\x17\xde\xa1\xff\x00M?<\x7f\xcc\xbf\xc9\xbe\xc3\xfc\xe8;5\xf5\x9eo\xe2\xa3@C\x81\x93\x83\xb6\xd4\xdf'),
                            bytearray(b'x\x80\xf0\x00\xb0\x80 \x00\xe0\x00\xe0\x00p\x00p\x00\xb8\xc00\xc0p\xc0\xe0\xc0`\x80`\x80\xf0\x80\xf0\x80'),
                        ], is_16bit=False, y_plus=0, y_minus=0, x=135, y=116),
                        Tile(mirror=False, invert=False, format=0, length=5, subtile_bytes=[
                            bytearray(b"\x7f\x01\x1d#\x03\x07\x00\x00\x00\x00\x00\x00\x00\x00\x00\x00\x12S\'7\x07\x07\x00\x00\x00\x00\x00\x00\x00\x00\x00\x00"),
                            bytearray(b'\xff\xff\xff\xff\x03\x03\x00\x00\x00\x00\x00\x00\x00\x00\x00\x00\x7f\xff\xff\xff\x03\x03\x00\x00\x00\x00\x00\x00\x00\x00\x00\x00'),
                            None,
                            None,
                        ], is_16bit=False, y_plus=0, y_minus=0, x=119, y=132),
                        Tile(mirror=False, invert=False, format=0, length=5, subtile_bytes=[
                            bytearray(b'\xef\xd0\xde\xe4\xf4\xfc\xe4\xdewI.\x11\x15"\x00\x00\xe7\xf1\xdb\xff\xc3\xcf\xcb\xcfXY\x13\x1b"3\x00\x00'),
                            bytearray(b'0\x000\x000\x00 \x00\x00 \xa0@ @\x00\x00\xf0\xc0\xf0\xc0\xf0\xc0\xf0\xd0\xf0\xf0\xc0\xe0@`\x00\x00'),
                            None,
                            None,
                        ], is_16bit=False, y_plus=0, y_minus=0, x=135, y=132),
                    ]
                ),
                Mold(10, gridplane=False,
                    tiles=[
                        Tile(mirror=False, invert=False, format=0, length=7, subtile_bytes=[
                            bytearray(b'\x00\x00\x00\x00\x00\x01\x00\x01\x00\x01\x00\x01\x01\x00\x01\x00\x00\x00\x00\x00\x00\x01\x00\x01\x00\x01\x00\x01\x01\x00\x01\x00'),
                            bytearray(b'\x02\x02\x00\x80\x00\x80 \xd2\x10\xe2\x00\xe2\x00\xe0\xf0\x00\x05\x00\x7f\x00\x7f@}R\x1d"\x1d2?\xb0\xff\x00'),
                            bytearray(b'\x00\x01\x01\x01\x00\x01\x00\x00\x00\x00\x01\x00\x01\x00\x03\x04\x00\x01\x00\x00\x00\x01\x00\x00\x01\x01\x01\x01\x00\x00\x06\x06'),
                            bytearray(b'\xe0\xc0@\xc0\x00\x80@\x00\x05@\xed\x00\xf9\x04\xf0?\x7f\x00\x7f \x7f\xe0\xff\xe0\xff\xe0\x1b\x04\x0f\x04\x7f@'),
                        ], is_16bit=False, y_plus=0, y_minus=0, x=119, y=100),
                        Tile(mirror=False, invert=False, format=0, length=6, subtile_bytes=[
                            bytearray(b'\x80\x00D\x02\xe0\x06\xe8\x1e\xe0\x1e\xa0\x1cp\x0c~\x00\x80\x80\xf4F\xf8\x02\xf0\x12\xe0\x12\xf0\x1c\xfc\x0c\xf2\x0c'),
                            None,
                            bytearray(b'2\x00\xbf\x00\xbb\x04\xb3\x14\x07\x1b>\x03\xfc\x07\xe3\x1f\xfe\x0c\xf0\x0c\xe7\x1f\xff\x1f\xff\xbc\xf7\x94\xef\xe9\xe7\xec'),
                            bytearray(b'\x00\x00\x00\x00\x80\x00\xc0\x00\xe0\x00\x00\xf0\xd0\xe0x\xc0\x00\x00\x00\x00\x00\x00\x00\x00\xa0\xa0\x80\x90\x100\xb8\x98'),
                        ], is_16bit=False, y_plus=0, y_minus=0, x=135, y=100),
                        Tile(mirror=False, invert=False, format=0, length=7, subtile_bytes=[
                            bytearray(b'\x07\x00\x03\x0c#<K|\xbd~\xb9~C\xbee\xd8\x04\x04\x00\x0c\x00<\x00d\x00\xc2\x80\xc6\xa0\xfe\xde\xfa'),
                            bytearray(b'\xc1\x7f\xc0\x7f\x83~\x87}\x80\x7f\x80\x7f\xc0\x7f\xc0\x7fy\x0e\xf1\x9b\xf0\x93\xf3\x8c\xff\x80\xff\x80\x7f\x00\x7f\x00'),
                            bytearray(b'\x04\xe3\xbaG\xc6\x0f\x07\x0f\x03\x0f\x08\x0f\x0b\x0f\x0e\x0fx\xfe\xe8X\xc0H\x00\x08\x00\x0c\x00\x0f\x00\x0f\x00\t'),
                            bytearray(b"\xe2?\xf3?\xef;\xdf\x17\xc7\x03\xb6@\xb8[\xc4\xb3cDgD\'\x18\x17,C|\xc0\xff\xfe\xdf|\xf8"),
                        ], is_16bit=False, y_plus=0, y_minus=0, x=119, y=116),
                        Tile(mirror=False, invert=False, format=0, length=7, subtile_bytes=[
                            bytearray(b'#\xfd\xa5\xf8\x97\xff\x8f\xff\x07\xff\x0f\xff\x1d\xff8\xff\xe3\x00\xe6\x13\xff\x08\xff\x00\xff\x00\xff\x00\xfc\x00\xfc\x04'),
                            bytearray(b'\x18\x10\xc8\x08\x04\x00\x10\x0e\x0c\x1e\x06\x08\xa8\x88\xec\x88\x18\xe8\x08\xf0\x04\xfc\x00\xfc\x00\xf0\x16\xf8\x1c\xfcX<'),
                            bytearray(b'\xfa\xff\xfc\xfc\xf0\xf0\xe1\xe0\x84\x83\x0c\x03\x18\x87*\xe7\xfc\x05\xfd\x03\xf0\x0f\xe0\x1f\x87{\x04\xfb\xa8\xf4xt'),
                            bytearray(b'\\\xd8\xf8\xf8xpxp\xf4\xe0\xf0N\xf0N>\x80<\xf8\xf8\xf8\xf8\xf0\xf8\xf0\xec\xf8\xca~\xf0N\xfe\xc0'),
                        ], is_16bit=False, y_plus=0, y_minus=0, x=135, y=116),
                        Tile(mirror=False, invert=False, format=0, length=5, subtile_bytes=[
                            bytearray(b'%?;\x7f\xf9\x7f\x9d\x7f\xe7\x1f\x1c\x03\x03\x00\x00\x00\x00\x0e\x00\x07\x00\x03\x00`\x00\xf8\x00\x1f\x00\x03\x00\x00'),
                            bytearray(b'\xfc\x83\\\xa3\xf2\x8d\x8f\xfc\xef\xf8\x1e\xf0\xf0\x00\x00\x00d\xe4t\xb4~\x8e\x07\x7f\x04\x1b\x00\xfe\x00\xf0\x00\x00'),
                            None,
                            None,
                        ], is_16bit=False, y_plus=0, y_minus=0, x=119, y=132),
                        Tile(mirror=False, invert=False, format=0, length=5, subtile_bytes=[
                            bytearray(b'B\x811\x80\xc3\x0f\xe2\x0f\xe4\x0f\x1b\x1f\x0e\x07\x00\x00}?O\xfe\xf8\xf9\x10\xf8\x10\xf8\x00\x1c\x08\x07\x00\x00'),
                            bytearray(b'\x10\x80\x10\x00\xe0\x00`\xc0\x90\xf0\xa8\xf88\xf0\x00\x00p\xe0\xf0\xf0`\x80 @\x00p\x00\x18\x08\xf0\x00\x00'),
                            None,
                            None,
                        ], is_16bit=False, y_plus=0, y_minus=0, x=135, y=132),
                    ]
                ),
                Mold(11, gridplane=False,
                    tiles=[
                        Tile(mirror=False, invert=False, format=0, length=7, subtile_bytes=[
                            bytearray(b'\x00\x00\x00\x00\x00\x00\x01\x00\x02\x03\x00\x03\x14~\xb4x\x00\x00\x00\x00\x00\x00\x01\x00\x03\x00\x03\x00\x07j\x8fH'),
                            bytearray(b'\x00\x04\x00\x0f\x00\x08\xe0c\x00\xe6\x08\xf4\x8b\xf0\x81}\x0b\x04\x10\x0f7\x08\xfc\x03\xd9&\xcb\x14\xcf\x10\xc7?'),
                            bytearray(b'\xa0|g\xf8 \xffs\xff\xc1?\x1a\x07\x1f\x03!\x1a\x8fV\r\x9d\x07\x9c\x07\x8c\xc3>\x18\x04\x1c\x00%\x13'),
                            bytearray(b'\xc7{\xb1=\xc0\xc0\xce\xc0\xa1\x88\x00 \xff\x00\xff\x00\xc7;\xbfO\xdf<\xf74\xff~\xff\xff\x81\x81\x00\x00'),
                        ], is_16bit=False, y_plus=0, y_minus=0, x=120, y=100),
                        Tile(mirror=False, invert=False, format=0, length=6, subtile_bytes=[
                            bytearray(b'\x00\x00\x00\x00\x00\x00\x00\x80\x18\x00\x0c\x00\xa0\x0c\x80x\x00\x00\xf0\x00\xfc\x00|\x80\xf8\x00\xfc\x10\xf2\x0c\x87x'),
                            None,
                            bytearray(b'\x01\x00\xc6\x00\x1d\x0c}\x1e\xb9:s=\xff\x01\xfe\x03\xff\x00~\x80\xfc\x0c\xff\x1f\xbb{\xbf\xfe\xfb\xfa\x07\x04'),
                            bytearray(b'\x00\x00\x00\x00\x80\x00\xc0\x00\xe0\x00\xf0\x80\x00\xf8h\xf0\x00\x00\x00\x00\x00\x00\x80\x80\x80\x80\xd0P\xc0H\x88\x98'),
                        ], is_16bit=False, y_plus=0, y_minus=0, x=136, y=100),
                        Tile(mirror=False, invert=False, format=0, length=7, subtile_bytes=[
                            bytearray(b'1\x1a+\x1c\x19\x06\x11\x0e%\x1e^?\\?!^\'\x0b"\x16\x18\x06\x10\x0e \x12\x00a@cQ~'),
                            bytearray(b'\xf8\x1f\xe0?\xe0?\xc1>\xc3<\xc0?\xc0?\xe0?? <\x07xMyH{D\x7f@\x7f@?\x00'),
                            bytearray(b'2l\x02q]#c\x07\x03\x07\x01\x07\x04\x07\x05\x07o}<\x7ft,`$\x00\x04\x00\x06\x00\x07\x00\x07'),
                            bytearray(b'\xe0?q\x9fy\x9fw\x9d\xef\x8b\xe3\x81[\xa0\xdc\xad?\x001"3"\x13\x0c\x0b\x16!>`\xff\x7f\xef'),
                        ], is_16bit=False, y_plus=0, y_minus=0, x=120, y=116),
                        Tile(mirror=False, invert=False, format=0, length=7, subtile_bytes=[
                            bytearray(b'q\x8f\x91\xfeR\xfc\xcb\x7f\xc7\xff\x03\xff\x07\xff\x0e\xff\xf3v\xf1\x00\xf3\x89\x7f\x84\xff\x00\xff\x00\xff\x00\xfe\x00'),
                            bytearray(b'\xbc\xe0\x8c\x88\xe4\x04\x82\x80\x88\x87\x86\x8f\x83\x84\xd4\xc4\xdcL\x8ct\x04\xf8\x82~\x80~\x80x\x8b|\x0e~'),
                            bytearray(b'\x1c\xff}\xff\xfe\xfe\xf8\xf8\xf0\xf0\xc2\xc1\x06\x01\x0c\xc3\xfe\x02\xfe\x02\xfe\x01\xf8\x07\xf0\x0f\xc3=\x02\xfdT\xfa'),
                            bytearray(b"v\xc4.\xec||<8\xbc8z\xf0x\xa7x\xa7,\x1e\x1e\xfc\xfc\xfc|\xf8|\xf8\xf6\xfce\xbfx\'"),
                        ], is_16bit=False, y_plus=0, y_minus=0, x=136, y=116),
                        Tile(mirror=False, invert=False, format=0, length=5, subtile_bytes=[
                            bytearray(b'\x07\x07\x12\x1f\x1d?|?N?s\x0f\x0e\x01\x01\x00\x00\x04\x00\x07\x00\x03\x00\x01\x000\x00|\x00\x0f\x00\x01'),
                            bytearray(b'b\xd9\xfe\xc1\xae\xd1\xf9\xc6\xc7\xfe\xf7\xfc\x0f\xf8\xf8\x00>\xfc2r:\xda?\xc7\x03?\x02\r\x00\xff\x00\xf8'),
                            None,
                            None,
                        ], is_16bit=False, y_plus=0, y_minus=0, x=120, y=132),
                        Tile(mirror=False, invert=False, format=0, length=5, subtile_bytes=[
                            bytearray(b"\x15\xf3!\xc0\x18\xc0a\x87\xf1\x07\xf2\x07\r\x0f\x07\x03<:>\x1f\'\x7f||\x88\xfc\x08\xfc\x00\x0e\x04\x03"),
                            bytearray(b'\x1f\xc0\x08\xc0\x88\x00\xf0\x800\xe0H\xf8\xd4\xfc\x1c\xf8\x7f`\xb8\xf0\xf8x0\xc0\x10 \x008\x00\x0c\x04\xf8'),
                            None,
                            None,
                        ], is_16bit=False, y_plus=0, y_minus=0, x=136, y=132),
                    ]
                ),
                Mold(12, gridplane=False,
                    tiles=[
                        Tile(mirror=False, invert=False, format=0, length=6, subtile_bytes=[
                            None,
                            bytearray(b'\x00\x00\x00\x80\x08\xc1H\xc5\x80\xe2\r\xf0Hw\x01\x7f\x01\x00\x01\x80\x0eA\n\x05\r"\x1f\x90\x0f\x00\x0f\xf8'),
                            bytearray(b'\x00\x0c\x01\x0f\x01\x06\x03\x00\x07\x00\x0c\x03\t\x06\x0f\x00\x00\r\x01\n\x02\x06\x00\x00\x07\x07\x0f\x0f\x0f\x0f\x00\x0e'),
                            bytearray(b'\x86\xc3\xd0\x03\xd8\x03\xf5#\x0e\xf3G\xfby\xff\x18\xff\xff@\xff\xc0\x1f2\xef\x8e7\xc548\x00\x02\x00c'),
                        ], is_16bit=False, y_plus=0, y_minus=0, x=119, y=99),
                        Tile(mirror=False, invert=False, format=0, length=7, subtile_bytes=[
                            bytearray(b'\x00\x00\x00\x01A\x03B#\xe2\x07\xc4\x0fz\xef\xc0\xc6\x80\x00\x80\x01\xd0\x02\xd0 \xf0\x14\xd89\xf1\x01\xca7'),
                            bytearray(b'\x00\x00\x00\x00\x00\x00\x00\x00\x00\x00\x00\x00\x00\x00\x00\x00\x00\x00\x00\x00\x00\x00\x00\x00\x00\x00\x00\x00\x00\x00\x00\x80'),
                            bytearray(b'E\xc1-\x80\xc3\x88I =\xcc\xaa\xd1\xcb\xb4\xcf0\xdf"\xbbF\xfc\x1f9\xfe\xfd\xb2\x1auK4\xc96'),
                            bytearray(b'\x80\x98\xc0x`\x90\x10\xe8\xd8\xe0\x08\x00h`Xx\x80X\xc0\x88\xf0\xf0\xf8\xf8\xf8\xe8\xf8\xf0\xf8\xf0\xf8\xf8'),
                        ], is_16bit=False, y_plus=0, y_minus=0, x=135, y=99),
                        Tile(mirror=False, invert=False, format=0, length=7, subtile_bytes=[
                            bytearray(b'\x01\x0e\x02\x1f\x16\x1f\x05?%\x7f-~q\x8ex\x86\x00\x03\x00\x11\x00\x01\x00#\x00C\x03B\xd7\xd6\xf7\xf7'),
                            bytearray(b'\xbeO\xd9&\xae\xb0\xe40\xe5;\xe6?\xf3\xdf^\xec\xf0\xd1Q\xa6M\xdb\xcf\x14\xc0\x0b\xc0! \x9f\x13\xad'),
                            bytearray(b"\x92l\x98\xfc\x19\xfes\xfc\x87\xf8\'XnP|`\xff\x7f\x03\x87\x03\x86\x07\x8f\x05\xf950\x1fY\x1fc"),
                            bytearray(b'\x18\xff\xbc\xef\xffn\xff\xc7\xe3\x80\x01\x00O0_p\x00\xff\x10\xef\x91n\xb8\xc7\xfb\x98\xf9\xf8\xcc\xb3\x8c\xf3'),
                        ], is_16bit=False, y_plus=0, y_minus=0, x=119, y=115),
                        Tile(mirror=False, invert=False, format=0, length=7, subtile_bytes=[
                            bytearray(b'\xd9aq\x81\xd5\x05)\t\xc8h0\xf0\xa4\xe0\xba\x00\x9f/o\x8f;\xff\xf7\xff7\xff\x0f\xff\x1f\xfb\xffE'),
                            bytearray(b'x\xf8\xf4\xcct\x1cp\x1cr<>4?\x00w\x08\xf8\xf8\xf0\xcc\xe0\x9c\xe0\x9c\xc2\xbc\xc2\xfc\xc1\xfe\xfb\x9e'),
                            bytearray(b'\xf4\xc0:\xe0\xf0\x00\xec\x80\xcc\x00\x80\x00\xf3\x00\xf7\x03?\xcb\x1f\xe5\xff\x0f\x7f\x93\xef#\xcfO\x1f\xec\x1c\xeb'),
                            bytearray(b'~\x00u^Y>\xb9~\xc3<\xe9\x16W(\xe6\x18\xcd\xb3\xe3\xda\xc3\xa6\x83\x06\xa6\xbd.\x87\xeb\xa8\xfe\x1c'),
                        ], is_16bit=False, y_plus=0, y_minus=0, x=135, y=115),
                        Tile(mirror=False, invert=False, format=0, length=5, subtile_bytes=[
                            bytearray(b'0@p\x80y\x80_ \x19\x00\x00\x11\x00\x00\x00\x00\x7fO\xff\xef\xff\xdf|z\x18\x10\x11\x11\x00\x00\x00\x00'),
                            bytearray(b'? \x9f\x00\xf8\x00\xc0\x00\x00\x80\x00\x00\x00\x00\x00\x00\xd8\xe7\xf0o\xc0\xb8\x80\xc0\x80\x80\x00\x00\x00\x00\x00\x00'),
                            None,
                            None,
                        ], is_16bit=False, y_plus=0, y_minus=0, x=119, y=131),
                        Tile(mirror=False, invert=False, format=0, length=5, subtile_bytes=[
                            bytearray(b'\xff\x03\xff\x01\x0f\x00\x01\x00\x00\x00\x00\x00\x00\x00\x00\x00\x0c\xf3\x0e\xf1\x01\x0f\x00\x01\x00\x00\x00\x00\x00\x00\x00\x00'),
                            bytearray(b'\xfe\xc0\x7f\x80\xfe\x01\xfe\x00\xc8\x00\x00\x88\x00\x00\x00\x00>\xc2\x7f\x9agcJn\xc8\xc8\x88\x88\x00\x00\x00\x00'),
                            None,
                            None,
                        ], is_16bit=False, y_plus=0, y_minus=0, x=135, y=131),
                    ]
                ),
                Mold(13, gridplane=False,
                    tiles=[
                        Tile(mirror=False, invert=False, format=0, length=6, subtile_bytes=[
                            None,
                            bytearray(b'\x00\x00\x00\x80\x08\xc1H\xc5\x80\xe2\r\xf0Hw\x01\x7f\x01\x00\x01\x80\x0eA\n\x05\r"\x1f\x90\x0f\x00\x0f\xf8'),
                            bytearray(b'\x00\x0c\x01\x0f\x01\x06\x03\x00\x07\x00\x0c\x03\t\x06\x0f\x00\x00\r\x01\n\x02\x06\x00\x00\x07\x07\x0f\x0f\x0f\x0f\x00\x0e'),
                            bytearray(b'\x86\xc3\xd0\x03\xd8\x03\xf5#\x0e\xf3G\xfby\xff\x18\xff\xff@\xff\xc0\x1f2\xef\x8e7\xc548\x00\x02\x00c'),
                        ], is_16bit=False, y_plus=0, y_minus=0, x=119, y=101),
                        Tile(mirror=False, invert=False, format=0, length=7, subtile_bytes=[
                            bytearray(b'\x00\x00\x00\x01A\x03B#\xe2\x07\xc4\x0fz\xef\xc0\xc6\x80\x00\x80\x01\xd0\x02\xd0 \xf0\x14\xd89\xf1\x01\xca7'),
                            bytearray(b'\x00\x00\x00\x00\x00\x00\x00\x00\x00\x00\x00\x00\x00\x00\x00\x00\x00\x00\x00\x00\x00\x00\x00\x00\x00\x00\x00\x00\x00\x00\x00\x80'),
                            bytearray(b'E\xc1-\x80\xc3\x88I =\xcc\xaa\xd1\xcb\xb4\xcf0\xdf"\xbbF\xfc\x1f9\xfe\xfd\xb2\x1auK4\xc96'),
                            bytearray(b'\x80\x98\xc0x`\x90\x10\xe8\xd8\xe0\x08\x00h`Xx\x80X\xc0\x88\xf0\xf0\xf8\xf8\xf8\xe8\xf8\xf0\xf8\xf0\xf8\xf8'),
                        ], is_16bit=False, y_plus=0, y_minus=0, x=135, y=101),
                        Tile(mirror=False, invert=False, format=0, length=7, subtile_bytes=[
                            bytearray(b'\x01\x0e\x02\x1f\x16\x1f\x05?\x05?%\x7f-~q\x8e\x00\x03\x00\x11\x00\x01\x00#\x00#\x00C\x03B\xd7\xd6'),
                            bytearray(b'\xbeO\xd9&\xae\xb0\xe40\xe5;\xe6?\xf3\xdf^\xec\xf0\xd1Q\xa6M\xdb\xcf\x14\xc0\x0b\xc0! \x9f\x13\xad'),
                            bytearray(b"x\x86\x92l\x98\xfc\x19\xfes\xfc\x87\xf8\'X.\x10\xf7\xf7\xff\x7f\x03\x87\x03\x86\x07\x8f\x05\xf950\x1f\x19"),
                            bytearray(b'\x18\xff\xbc\xef\xffn\xff\xc7\xe3\x80\x81\x80\x1f\x00O0\x00\xff\x10\xef\x91n\xb8\xc7\xfb\x98\xf9\xf8\xfc\xe3\xcc\xb3'),
                        ], is_16bit=False, y_plus=0, y_minus=0, x=119, y=117),
                        Tile(mirror=False, invert=False, format=0, length=7, subtile_bytes=[
                            bytearray(b'\xd9aq\x81\xd5\x05)\t\xc8h0\xf0\xa4\xe0\xba\x00\x9f/o\x8f;\xff\xf7\xff7\xff\x0f\xff\x1f\xfb\xffE'),
                            bytearray(b'x\xf8\xf4\xcct\x1cp\x1cv<?\x00w\x08~\x00\xf8\xf8\xf0\xcc\xe0\x9c\xe0\x9c\xc2\xbc\xc1\xfe\xfb\x9e\xcd\xb3'),
                            bytearray(b"\xf4\xc0:\xe0\xf0\x00\xec\x80\xc9\x00\xa6\x00\xef\x06\xff\x07?\xcb\x1f\xe5\xff\x0f\x7f\x93\xee\'\xffY9\xd6\x18\xe7"),
                            bytearray(b'u^Y>\xb9~\xc3<i\x16W(\xc6\x18\xfc\x80\xe3\xda\xc3\xa6\x83\x06\xa6\xbd\xae\x87\xeb\xa8\xfe<|\x84'),
                        ], is_16bit=False, y_plus=0, y_minus=0, x=135, y=117),
                        Tile(mirror=False, invert=False, format=0, length=5, subtile_bytes=[
                            bytearray(b'|`0@p\x80y\x80_ \x19\x00\x00\x11\x00\x00\x1fc\x7fO\xff\xef\xff\xdf|z\x18\x10\x11\x11\x00\x00'),
                            bytearray(b'_p? \x98\x00\xf8\x00\xc0\x00\x00\x80\x00\x00\x00\x00\x8c\xf3\xd8\xe7\xf0h\xc0\xb8\x80\xc0\x80\x80\x00\x00\x00\x00'),
                            None,
                            None,
                        ], is_16bit=False, y_plus=0, y_minus=0, x=119, y=133),
                        Tile(mirror=False, invert=False, format=0, length=5, subtile_bytes=[
                            bytearray(b'\xfe\x03\xff\x00\x03\x00\x01\x00\x00\x01\x00\x00\x00\x00\x00\x00\x1c\xe3\x02\xfe\x00\x02\x01\x01\x01\x01\x00\x00\x00\x00\x00\x00'),
                            bytearray(b'\xfe\x00\xfc\x02\xfc\x00\x90\x00\x00\x10\x00\x00\x00\x00\x00\x00\xfe4\xce\xc6\x94\xdc\x90\x90\x10\x10\x00\x00\x00\x00\x00\x00'),
                            None,
                            None,
                        ], is_16bit=False, y_plus=0, y_minus=0, x=135, y=133),
                    ]
                ),
                Mold(14, gridplane=False,
                    tiles=[
                        Tile(mirror=False, invert=False, format=0, length=6, subtile_bytes=[
                            None,
                            bytearray(b'\x00\x00\x00\x80\x08\xc1H\xc5\x80\xe2\r\xf0Hw\x01\x7f\x01\x00\x01\x80\x0eA\n\x05\r"\x1f\x90\x0f\x00\x0f\xf8'),
                            bytearray(b'\x00\x0c\x01\x0f\x01\x06\x03\x00\x07\x00\x0c\x03\t\x06\x0f\x00\x00\r\x01\n\x02\x06\x00\x00\x07\x07\x0f\x0f\x0f\x0f\x00\x0e'),
                            bytearray(b'\x86\xc3\xd0\x03\xd8\x03\xf5#\x0e\xf3G\xfby\xff\x18\xff\xff@\xff\xc0\x1f2\xef\x8e7\xc548\x00\x02\x00c'),
                        ], is_16bit=False, y_plus=0, y_minus=0, x=119, y=101),
                        Tile(mirror=False, invert=False, format=0, length=7, subtile_bytes=[
                            bytearray(b'\x00\x00\x00\x01A\x03B#\xe2\x07\xc4\x0fz\xef\xc0\xc6\x80\x00\x80\x01\xd0\x02\xd0 \xf0\x14\xd89\xf1\x01\xca7'),
                            bytearray(b'\x00\x00\x00\x00\x00\x00\x00\x00\x00\x00\x00\x00\x00\x00\x00\x00\x00\x00\x00\x00\x00\x00\x00\x00\x00\x00\x00\x00\x00\x00\x00\x80'),
                            bytearray(b'E\xc1-\x80\xc3\x88I =\xcc\xaa\xd1\xcb\xb4\xcf0\xdf"\xbbF\xfc\x1f9\xfe\xfd\xb2\x1auK4\xc96'),
                            bytearray(b'\x80\x98\xc0x`\x90\x10\xe8\xd8\xe0\x08\x00h`Xx\x80X\xc0\x88\xf0\xf0\xf8\xf8\xf8\xe8\xf8\xf0\xf8\xf0\xf8\xf8'),
                        ], is_16bit=False, y_plus=0, y_minus=0, x=135, y=101),
                        Tile(mirror=False, invert=False, format=0, length=7, subtile_bytes=[
                            bytearray(b'\x01\x0e\x02\x1f\x16\x1f%\x7f-\x7fq\x8ex\x86\x92l\x00\x03\x00\x11\x00\x01\x00C\x02C\xd7\xd6\xf7\xf7\xff\x7f'),
                            bytearray(b'\xbeO\xd9&\xae\xb0\xe40\xe5;\xe6?\xf3\xdf^\xec\xf0\xd1Q\xa6M\xdb\xcf\x14\xc0\x0b\xc0! \x9f\x13\xad'),
                            bytearray(b"\x98\xfc\x19\xfes\xfc\x87\xf8\'X.\x10>0\x18 \x03\x87\x03\x86\x07\x8f\x05\xf950\x1f\x19\x0f1?\'"),
                            bytearray(b'\x18\xff\xbc\xef\xff\xee\xff\xc7c\x00\x07\x00/8\x1f\x10\x00\xff\x10\xef\x91\xee\xb8\xc7\xfb\x98\xff\xf8\xc4\xfb\xec\xf3'),
                        ], is_16bit=False, y_plus=0, y_minus=0, x=119, y=117),
                        Tile(mirror=False, invert=False, format=0, length=7, subtile_bytes=[
                            bytearray(b'\xd9aq\x81\xd5\x05)\t\xc8h0\xf0\xa4\xe0\xba\x00\x9f/o\x8f;\xff\xf7\xff7\xff\x0f\xff\x1f\xfb\xffE'),
                            bytearray(b'x\xf8\xf4\xcct\x1ct\x1cr<2<>4?\x00\xf8\xf8\xf0\xcc\xe0\x9c\xe0\x9c\xc2\xbc\xc2\xfc\xc2\xfc\xc1\xfe'),
                            bytearray(b'\xf4\xc0:\xe0\xf0\x00\xec\x80\xcc\x00\x80\x00\xe8\x00\xf3\x00?\xcb\x1f\xe5\xff\x0f\x7f\x93\xef#\xcfO\x0f\xe7\x1f\xec'),
                            bytearray(b'w\x08~\x00u^Y>\xb9~\xc3<\xe9\x16W(\xfb\x9e\xcd\xb3\xe3\xda\xc3\xa6\x83\x06\xa6\xbd.\x87\xeb\xa8'),
                        ], is_16bit=False, y_plus=0, y_minus=0, x=135, y=117),
                        Tile(mirror=False, invert=False, format=0, length=5, subtile_bytes=[
                            bytearray(b'8@<@/\x10\x0c\x00\x00\x08\x00\x00\x00\x00\x00\x00\x7fw\x7fo>=\x0c\x08\x08\x08\x00\x00\x00\x00\x00\x00'),
                            bytearray(b'O\x00\xff\x00\xe0\x00\x80@\x00\x80\x00\x00\x00\x00\x00\x00\xf8\xb7\xe0\xdf@`@@\x80\x80\x00\x00\x00\x00\x00\x00'),
                            None,
                            None,
                        ], is_16bit=False, y_plus=0, y_minus=0, x=119, y=133),
                        Tile(mirror=False, invert=False, format=0, length=5, subtile_bytes=[
                            bytearray(b'\xf7\x03\xff\x03\x0f\x01\x0f\x00\x01\x00\x00\x00\x00\x00\x00\x00\x1c\xeb\x0c\xf3\x0e\x01\x01\x0f\x00\x01\x00\x00\x00\x00\x00\x00'),
                            bytearray(b'\xe6\x98\xfc\xc0\x7f\x80\xfe\x01\xfe\x00\xc8\x00\x00\x88\x00\x00~\x9c>\xc2\x7f\x9agcJn\xc8\xc8\x88\x88\x00\x00'),
                            None,
                            None,
                        ], is_16bit=False, y_plus=0, y_minus=0, x=135, y=133),
                    ]
                ),
                Mold(15, gridplane=False,
                    tiles=[
                        Tile(mirror=False, invert=False, format=0, length=6, subtile_bytes=[
                            None,
                            bytearray(b'\x00\x00\x00 \x00`\x08t\x04x\x00x@8|\x00\x01\x00\x1f\x00\x1fP\x1fT\x07H\x07LO,\x7f\x00'),
                            bytearray(b'\x00\x00\x00\x00\x00\x00\x00\x00\x02\x00\x0f\x00\x0f\x00\x0f\x03\x00\x00\x00\x00\x00\x00\x00\x00\x00\x00\x08\x08\x00\x00\x07\x04'),
                            bytearray(b'8pPp\x00`P@\x81\x90\x8b\x00\xfe\x01\x0e\xf1\x1f@\x1f\x08\x1fx\x7fx\xff\xf8\xfe\xf9\x00\x01\xfe\x0e'),
                        ], is_16bit=False, y_plus=0, y_minus=0, x=119, y=100),
                        Tile(mirror=False, invert=False, format=0, length=7, subtile_bytes=[
                            bytearray(b'\xa0\x80\x11\x008\x01:\x878\x87(\x87\x1c\x03\x1f\x00` \xfd\x11\xfe\x00|\x84x\x84|\x87\xff\x03\xfc\x03'),
                            bytearray(b'\x00\x00\x00\x80\x00\x80\x00\x80\x00\x80\x00\x00\x00\x00\x80\x00\x00\x00\x00\x80\x00\x80\x00\x80\x00\x80\x00\x00\x00\x00\x80\x00'),
                            bytearray(b"\x0c\x00.\x00.\x00-\x05C\x07H\x00\xbf\xc08\xc7\xff\x03\xfc\x02\xf8\x06\xff\x07\xff/\xff\'\x00\xc0?8"),
                            bytearray(b'\x80\x00\x00\x00\x00\x00\x00\x00\xa0\x80\xf8\x00\xf8\x00x\xe0\x80\x00\x00\x00\x00\x00\x00\x00\x80\x80\x88\x88\x00\x00\xf0\x10'),
                        ], is_16bit=False, y_plus=0, y_minus=0, x=135, y=100),
                        Tile(mirror=False, invert=False, format=0, length=7, subtile_bytes=[
                            bytearray(b'\x1c\x07\x1c\x07\x18gX\xc7\x98\x87\xb8\x87\x9c\x87\x1c7\x17\x10\x0f\t\x0fI/\xa8ohohg`G`'),
                            bytearray(b'\x12\xff\n\xff9\xefx\xdf\x00\xff\x00\xff\x02\xff\x04\xff\x9e\xe0\x1e\xb1\x0f0?\xc0\xff\x00\xff\x00\xfe\x00\xfe\x02'),
                            bytearray(b'.\x13\x1f\x13\x0e\x03\r\x01\x0c\x00\x0b\x04\n\x04\x1c\x03fT\x06\x14\x02\x01\x01\x02\x04\x07\x0c\x0f\x0f\r\x0f\x17'),
                            bytearray(b'-\xff>\xfe\xfc\xbc\xf88r1B\x01\x04\xe3\x05\xf3>B~A|\x838\xc73\xcd\x02\xfd\xa4\xfa\x1c\x1a'),
                        ], is_16bit=False, y_plus=0, y_minus=0, x=119, y=116),
                        Tile(mirror=False, invert=False, format=0, length=7, subtile_bytes=[
                            bytearray(b'\xa4\xff(\xffN\xfb\x8f\xfd\x00\xff\x80\xff\xa0\xff\x10\xff<\x03<F\xf8\x86\xfe\x01\xff\x00\xff\x00?\x00? '),
                            bytearray(b'\x1c\xf0\x1c\xf0\x0c\xf3\r\xf1\x0c\xf0\x0e\xf0\x1c\xf0\x1c\xf6\xf4\x84x\xc8xIz\x8a\xfb\x0b\xfb\x0b\xf3\x03\xf1\x03'),
                            bytearray(b"Z\xff\xbe?\x1f\x1e\x8f\x0e\'\xc6!\xc0\x10\xe3P\xe7>\xa1?\xc1\x1f\xe0\x0e\xf1\xe6\xd9 \xdf\x12/\x1c,"),
                            bytearray(b':\xe4|\xe4\xb8\xe0\xd8@\x18\x00h\x10(\x90\x1c\xe03\x150\x14 \xc0@\xa0\x10\xf0\x18\xf8\xf8\xd8xt'),
                        ], is_16bit=False, y_plus=0, y_minus=0, x=135, y=116),
                        Tile(mirror=False, invert=False, format=0, length=4, subtile_bytes=[
                            bytearray(b'\x00\x00\x00\x00\x00\x00\x00\x80\x80\x80\x80\x80\x80\x80\x00\x00\x00\x00\x00\x00\x00\x00\x00\x80\x00\x00\x00\x00\x00\x00\x00\x00'),
                            None,
                            None,
                            None,
                        ], is_16bit=False, y_plus=0, y_minus=0, x=151, y=116),
                        Tile(mirror=False, invert=False, format=0, length=5, subtile_bytes=[
                            bytearray(b'\x1f\x00\r\x06\x0e\x03\x07\x03\x07\x01\x03\x00\x03\x00\x01\x00\x07\x1f\x03\x0f\x01\x0f\x00\x07\x02\x05\x01\x02\x00\x03\x00\x01'),
                            bytearray(b'\x10\xe1\x03\xe0\xb6C\xf0\x03\xe5\xc7\xf6\xc7\xf1\x01\xe0\x00\x18\x0f\x11>\xb0\xbe\xc0\xfe\x18\xfe\x08\xff\x8e\x7f\x07\xe7'),
                            None,
                            None,
                        ], is_16bit=False, y_plus=0, y_minus=0, x=119, y=132),
                        Tile(mirror=False, invert=False, format=0, length=5, subtile_bytes=[
                            bytearray(b'\x04\xc3\xe0\x03\xf6\xe1\x9b\xf0%\xfc\xeb\xfe\x8d\xfc\x03\x00\x0cx\xc4>\x06>\t\x17\x02\x1f\x00\x07\x02\xff\xfc\xff'),
                            bytearray(b'|\x80X\xb0\xb8`\xf0`\xf0\xc0\xe0\x80\xe0\x00\xc0\x00p|`x\xc0\xf8\x80\xf0 \xd0@\xa0\x80`\x00\xc0'),
                            None,
                            None,
                        ], is_16bit=False, y_plus=0, y_minus=0, x=135, y=132),
                    ]
                ),
                Mold(16, gridplane=False,
                    tiles=[
                        Tile(mirror=False, invert=False, format=0, length=6, subtile_bytes=[
                            None,
                            bytearray(b'\x00\x00\x00 \x00`\x08t\x04x\x00x@8|\x00\x01\x00\x1f\x00\x1fP\x1fT\x07H\x07LO,\x7f\x00'),
                            bytearray(b'\x00\x00\x00\x00\x00\x00\x00\x00\x02\x00\x0f\x00\x0f\x00\x0f\x03\x00\x00\x00\x00\x00\x00\x00\x00\x00\x00\x08\x08\x00\x00\x07\x04'),
                            bytearray(b'8pPp\x00`P@\x81\x90\x8b\x00\xfe\x01\x0e\xf1\x1f@\x1f\x08\x1fx\x7fx\xff\xf8\xfe\xf9\x00\x01\xfe\x0e'),
                        ], is_16bit=False, y_plus=0, y_minus=0, x=119, y=101),
                        Tile(mirror=False, invert=False, format=0, length=7, subtile_bytes=[
                            bytearray(b'\xa0\x80\x11\x008\x01:\x878\x87(\x87\x1c\x03\x1f\x00` \xfd\x11\xfe\x00|\x84x\x84|\x87\xff\x03\xfc\x03'),
                            bytearray(b'\x00\x00\x00\x80\x00\x80\x00\x80\x00\x80\x00\x00\x00\x00\x80\x00\x00\x00\x00\x80\x00\x80\x00\x80\x00\x80\x00\x00\x00\x00\x80\x00'),
                            bytearray(b"\x0c\x00.\x00.\x00-\x05C\x07H\x00\xbf\xc08\xc7\xff\x03\xfc\x02\xf8\x06\xff\x07\xff/\xff\'\x00\xc0?8"),
                            bytearray(b'\x80\x00\x00\x00\x00\x00\x00\x00\xa0\x80\xf8\x00\xf8\x00x\xe0\x80\x00\x00\x00\x00\x00\x00\x00\x80\x80\x88\x88\x00\x00\xf0\x10'),
                        ], is_16bit=False, y_plus=0, y_minus=0, x=135, y=101),
                        Tile(mirror=False, invert=False, format=0, length=7, subtile_bytes=[
                            bytearray(b"\x1c\x07\x1cgX\xc7\x98\x87\xb8\x87\x98\x87\x1c\',\x17\x17\x10\x0fI/\xa9ohohohG`gP"),
                            bytearray(b'\x12\xff\n\xff9\xefx\xdf\x00\xff\x00\xff\x02\xff\x04\xff\x9e\xe0\x1e\xb1\x0f0?\xc0\xff\x00\xff\x00\xfe\x00\xfe\x02'),
                            bytearray(b'\x1e\x13\x0f\x03\x0e\x03\r\x01\x0c\x00\x0b\x04\x1a\x04\x1c\x03\x06\x14\x06\x04\x02\x01\x01\x02\x04\x07\x0c\x0f\x0f\x1d\x07\x1f'),
                            bytearray(b'-\xff>\xfe\xfc\xbc\xf88r1B\x01\x04\xe3\x05\xf3>B~A|\x838\xc73\xcd\x02\xfd\xa4\xfa\x1c\x1a'),
                        ], is_16bit=False, y_plus=0, y_minus=0, x=119, y=117),
                        Tile(mirror=False, invert=False, format=0, length=7, subtile_bytes=[
                            bytearray(b'\xa4\xff(\xffN\xfb\x8f\xfd\x00\xff\x80\xff\xa0\xff\x10\xff<\x03<F\xf8\x86\xfe\x01\xff\x00\xff\x00?\x00? '),
                            bytearray(b'\x1c\xf0\x1c\xf0\x0c\xf0\x0c\xf3\r\xf1\x0c\xf0\x1e\xf0\x1c\xf4\xf4\x84x\xc8xHx\x89\xfa\n\xfb\x0b\xf3\x03\xf3\x03'),
                            bytearray(b"Z\xff\xbe?\x1f\x1e\x8f\x0e\'\xc6!\xc0\x10\xe3P\xe7>\xa1?\xc1\x1f\xe0\x0e\xf1\xe6\xd9 \xdf\x12/\x1c,"),
                            bytearray(b'<\xe6z\xe4\xbc\xe4\xd8@\x18\x00h\x10(\x90\x10\xe81\x133\x15 \xc4@\xa0\x10\xf0\x18\xf8\xf8\xd8xx'),
                        ], is_16bit=False, y_plus=0, y_minus=0, x=135, y=117),
                        Tile(mirror=False, invert=False, format=0, length=4, subtile_bytes=[
                            bytearray(b'\x00\x00\x00\x00\x00\x00\x00\x00\x00\x80\x80\x80\x80\x80\x80\x80\x00\x00\x00\x00\x00\x00\x00\x00\x00\x80\x00\x00\x00\x00\x00\x00'),
                            None,
                            None,
                            None,
                        ], is_16bit=False, y_plus=0, y_minus=0, x=151, y=117),
                        Tile(mirror=False, invert=False, format=0, length=5, subtile_bytes=[
                            bytearray(b'\x0f\x00\r\x02\x06\x03\x07\x01\x03\x00\x03\x00\x01\x00\x00\x00\x07\x0f\x03\x0f\x01\x07\x02\x05\x01\x02\x00\x03\x00\x01\x00\x00'),
                            bytearray(b'\x10\xe1\x03\xe0\xb6C\xf0\x03\xf5\xc7\xf6\x07\xe1\x01\x00\x00\x18\x0f\x11>\xb0\xbe\xc0\xfe\x08\xfe\x88\x7f\x0e\xef\x07\x07'),
                            None,
                            None,
                        ], is_16bit=False, y_plus=0, y_minus=0, x=119, y=133),
                        Tile(mirror=False, invert=False, format=1, length=11, subtile_bytes=[
                            bytearray(b'\x04\xc3\xe0\x03\xf6\xe1\x9b\xf0%\xfc\xeb\xfe\x8d\xfc\x03\x00\x0cx\xc4>\x06>\t\x17\x02\x1f\x00\x07\x02\xff\xfc\xff'),
                            bytearray(b'|\x80\\\xb0\xb8p\xf8`\xf0`\xf0\xc0\xe0\x80\xe0\x00xt`|\xc0\xf8\x80\xf8\x00\xf0 \xd0@\xa0\x80`'),
                            bytearray(b'\x03\x00\x00\x00\x00\x00\x00\x00\x00\x00\x00\x00\x00\x00\x00\x00\x00\x03\x00\x00\x00\x00\x00\x00\x00\x00\x00\x00\x00\x00\x00\x00'),
                            bytearray(b'\xc0\x00\x00\x00\x00\x00\x00\x00\x00\x00\x00\x00\x00\x00\x00\x00\x00\xc0\x00\x00\x00\x00\x00\x00\x00\x00\x00\x00\x00\x00\x00\x00'),
                        ], is_16bit=False, y_plus=0, y_minus=0, x=135, y=133),
                    ]
                ),
                Mold(17, gridplane=False,
                    tiles=[
                        Tile(mirror=False, invert=False, format=0, length=6, subtile_bytes=[
                            None,
                            bytearray(b'\x00\x00\x00 \x00`\x08t\x04x\x00x@8|\x00\x01\x00\x1f\x00\x1fP\x1fT\x07H\x07LO,\x7f\x00'),
                            bytearray(b'\x00\x00\x00\x00\x00\x00\x00\x00\x02\x00\x0f\x00\x0f\x00\x0f\x03\x00\x00\x00\x00\x00\x00\x00\x00\x00\x00\x08\x08\x00\x00\x07\x04'),
                            bytearray(b'8pPp\x00`P@\x81\x90\x8b\x00\xfe\x01\x0e\xf1\x1f@\x1f\x08\x1fx\x7fx\xff\xf8\xfe\xf9\x00\x01\xfe\x0e'),
                        ], is_16bit=False, y_plus=0, y_minus=0, x=119, y=102),
                        Tile(mirror=False, invert=False, format=0, length=7, subtile_bytes=[
                            bytearray(b'\xa0\x80\x11\x008\x01:\x878\x87(\x87\x1c\x03\x1f\x00` \xfd\x11\xfe\x00|\x84x\x84|\x87\xff\x03\xfc\x03'),
                            bytearray(b'\x00\x00\x00\x80\x00\x80\x00\x80\x00\x80\x00\x00\x00\x00\x80\x00\x00\x00\x00\x80\x00\x80\x00\x80\x00\x80\x00\x00\x00\x00\x80\x00'),
                            bytearray(b"\x0c\x00.\x00.\x00-\x05C\x07H\x00\xbf\xc08\xc7\xff\x03\xfc\x02\xf8\x06\xff\x07\xff/\xff\'\x00\xc0?8"),
                            bytearray(b'\x80\x00\x00\x00\x00\x00\x00\x00\xa0\x80\xf8\x00\xf8\x00x\xe0\x80\x00\x00\x00\x00\x00\x00\x00\x80\x80\x88\x88\x00\x00\xf0\x10'),
                        ], is_16bit=False, y_plus=0, y_minus=0, x=135, y=102),
                        Tile(mirror=False, invert=False, format=0, length=7, subtile_bytes=[
                            bytearray(b'\x1c\x07\x1c\x07\x18\x07\x18gX\xc7\x98\x87\xbc\x87\x9c\x97\x17\x10\x0f\t\x0f\t\x0fH/\xa8ohg`g`'),
                            bytearray(b'\x12\xff\n\xff9\xefx\xdf\x00\xff\x00\xff\x02\xff\x04\xff\x9e\xe0\x1e\xb1\x0f0?\xc0\xff\x00\xff\x00\xfe\x00\xfe\x02'),
                            bytearray(b'\x1e3/\x13\x1e\x13\r\x01\x0c\x00\x0b\x04\n\x04\x04\x0bFdfT\x02\x11\x01\x02\x04\x07\x0c\x0f\x0f\r\x0f\x0f'),
                            bytearray(b'-\xff>\xfe\xfc\xbc\xf88r1B\x01\x04\xe3\x05\xf3>B~A|\x838\xc73\xcd\x02\xfd\xa4\xfa\x1c\x1a'),
                        ], is_16bit=False, y_plus=0, y_minus=0, x=119, y=118),
                        Tile(mirror=False, invert=False, format=0, length=7, subtile_bytes=[
                            bytearray(b'\xa4\xff(\xffN\xfb\x8f\xfd\x00\xff\x80\xff\xa0\xff\x10\xff<\x03<F\xf8\x86\xfe\x01\xff\x00\xff\x00?\x00? '),
                            bytearray(b'\x1c\xf0\x1c\xf3\r\xf1\x0c\xf0\x0e\xf0\x0c\xf0\x1c\xf2\x1a\xf4\xf4\x84x\xc9zJ{\x8b\xfb\x0b\xfb\x0b\xf1\x03\xf3\x05'),
                            bytearray(b"Z\xff\xbe?\x1f\x1e\x8f\x0e\'\xc6!\xc0\x10\xe3P\xe7>\xa1?\xc1\x1f\xe0\x0e\xf1\xe6\xd9 \xdf\x12/\x1c,"),
                            bytearray(b'<\xe4x\xe0\xb8\xe0\xd8@\x18\x00l\x10,\x90\x18\xe00\x140\x10 \xc0@\xa0\x10\xf0\x18\xfc\xf8\xdcpx'),
                        ], is_16bit=False, y_plus=0, y_minus=0, x=135, y=118),
                        Tile(mirror=False, invert=False, format=0, length=4, subtile_bytes=[
                            bytearray(b'\x00\x00\x00\x00\x00\x80\x80\x80\x80\x80\x80\x80\x00\x00\x00\x00\x00\x00\x00\x00\x00\x80\x00\x00\x00\x00\x00\x00\x00\x00\x00\x00'),
                            None,
                            None,
                            None,
                        ], is_16bit=False, y_plus=0, y_minus=0, x=151, y=118),
                        Tile(mirror=False, invert=False, format=1, length=11, subtile_bytes=[
                            bytearray(b'\x1f\x00\x1d\x06\x0e\x07\x0f\x03\x07\x03\x07\x01\x03\x00\x03\x00\x0f\x17\x03\x1f\x01\x0f\x00\x0f\x00\x07\x02\x05\x01\x02\x00\x03'),
                            bytearray(b'\x10\xe1\x03\xe0\xb6C\xf0\x03\xe5\x07\xf6\xc7\xf1\xc1\xf0\x00\x18\x0f\x11>\xb0\xbe\xc0\xfe\x18\xfe\x08\xff\x0e\xff\x87w'),
                            bytearray(b'\x01\x00\x00\x00\x00\x00\x00\x00\x00\x00\x00\x00\x00\x00\x00\x00\x00\x01\x00\x00\x00\x00\x00\x00\x00\x00\x00\x00\x00\x00\x00\x00'),
                            bytearray(b'\xe0\x00\x00\x00\x00\x00\x00\x00\x00\x00\x00\x00\x00\x00\x00\x00\x00\xe0\x00\x00\x00\x00\x00\x00\x00\x00\x00\x00\x00\x00\x00\x00'),
                        ], is_16bit=False, y_plus=0, y_minus=0, x=119, y=134),
                        Tile(mirror=False, invert=False, format=0, length=5, subtile_bytes=[
                            bytearray(b'\x04\xc3\xe0\x03\xf6\xe1\x9b\xf0%\xfc\xeb\xfe\x8c\xfc\x00\x00\x0cx\xc4>\x06>\t\x17\x02\x1f\x00\x07\x03\xff\xfc\xfc'),
                            bytearray(b'x\x80P\xa0\xb0@\xe0\x00\xe0\x00\xc0\x00\x00\x00\x00\x00px`p\xe0\xd0\xc0\xa0\x80`\x00\xc0\x00\x00\x00\x00'),
                            None,
                            None,
                        ], is_16bit=False, y_plus=0, y_minus=0, x=135, y=134),
                    ]
                ),
                Mold(18, gridplane=False,
                    tiles=[
                        Tile(mirror=True, invert=False, format=1, length=9, subtile_bytes=[
                            None,
                            bytearray(b"\x02\x00\x01\x00\x00\'\x000\x00 \\ \x18\x00\x03\x18\x03\x00\x00\x01\x00\'\x0f0\x1f \x7f`\x1f\x04\'\x18"),
                            bytearray(b'\x00\x00\x00\x00\x00\x00\x02\x07\x05\x03\x03\x00\x00\x00\x02\x02\x00\x00\x00\x00\x00\x00\x00\x04\x04\x02\x03\x00\x00\x07\x02\x05'),
                            bytearray(b'\x01\x8e@\x00p\x00k\x89\xed\xb56\xfe\x7f\xfeW\xe9q\x8e\x7f\x00\x7f\x00\xff\x9c=>>?\xfe\x8f\x99\xa7'),
                        ], is_16bit=False, y_plus=0, y_minus=0, x=135, y=100),
                        Tile(mirror=True, invert=False, format=1, length=11, subtile_bytes=[
                            bytearray(b'\x00p\x80P\x00\xb8\x02\xe0\x13\x83\x10#@?\xc1?\x80@\xa8PD\xb8\x1f\xe0\x7f\x80\xff \xcf8\xcf '),
                            bytearray(b'\x00\x00\x00\x00\x00\x00\x00\x00\x80\x00 \xe0\x00\xe03\x7f\x00\x00\x00\x00\x00\x00\x80\x00\xc0\x00\xe0\x00\xe0\x00\xf0H'),
                            bytearray(b'\x81\xbe\xe3\xde\xc1\\\x91\x9d\xc4\xff\xf2\xfby{\x89\x8b\xe7\xe8\xe7\xd8}\xfa\x9db\xff\x00\xfb\x04z\x86\x8a\xf6'),
                            bytearray(b'7\x1f\x02?\xe7\x1f\x05\xff_\xff \xff\\\xe0\xfc\xc0\xf8\x08\xf8e8(\xe08\xe0 \xc1O\x1c0<\x00'),
                        ], is_16bit=False, y_plus=0, y_minus=0, x=119, y=100),
                        Tile(mirror=True, invert=False, format=1, length=5, subtile_bytes=[
                            None,
                            None,
                            bytearray(b'\x00\x80\x00\x80\x00\x80\x00\x80\x00\x80\x00\x80\x00\x00\x00\x00\x00\x80\x80\x80\x00\x80\x00\x80\x00\x80\x80\x80\x00\x00\x00\x00'),
                            None,
                        ], is_16bit=False, y_plus=0, y_minus=0, x=103, y=100),
                        Tile(mirror=True, invert=False, format=1, length=11, subtile_bytes=[
                            bytearray(b'2\x02\x19qa11\x11\x10\x00\x10\x00\x10\x00:\x012\r\t\x06A>!\x1e\x10\x0f\x10\x0f\x10\x0f:\x04'),
                            bytearray(b'\xd0\x7f(\x1f\xd4\xcb\xf0\xff\xf8\xff|\x7f\xff>\x1f\xdc\x87\x00\xe3\xd0\xd7(\xff\x00\xff\x00\x7f\x80\xff\x01\x1eb'),
                            bytearray(b"I38\x00\x10\x00\x100i0\xf2\x01\t\x07\x01\x08H6\x18\'\x18\x0f\x00/I\x16\xf2\x0c\x08\x04\t\x0e"),
                            bytearray(b'\x87\xc0\xcf\x00\x0f\x01\x0e\x03\x8e\x01\x0e\xc1\x8e\xc1\x86\x01\x05}\xc98\x0e\xfd\x08\xfb\x8a{\n{\tq\x85}'),
                        ], is_16bit=False, y_plus=0, y_minus=0, x=135, y=116),
                        Tile(mirror=True, invert=False, format=1, length=11, subtile_bytes=[
                            bytearray(b"\xfe\xf5\x7f\xbc9\xed\x1d\xf0\x1f\xe0?\xc6\xfc\x0b\xf1\x0e\xf6\xfd\xbd~\xef\x1f\xf3\x0e\xf8\x1b\xe6\'__2."),
                            bytearray(b'\x82\xcc\x06\xcc\xca\xbc\xac\x00\x80\x00\xe0\x00H\xf0\x0c\xf02D2\xc8\xc2\xb4\xdcp\x00\x80``\xc0\xf0\x80\xf0'),
                            bytearray(b'\x80\x0f\x01\x1e\x94\x1b\x8c\x8b\xe2\xd1\xdf\xfcy\xfb\xbc}\xf3\x7f\xe7\xff\xe7{w{\x0f?\x00\x1f\x04\x8f\x02\xc7'),
                            bytearray(b'\x1c\xf0<\xf0\xe4\xf8\x18\xe0\xf0\x00\x80\x00\x80\x00\xc0\x80\x88\x88\x8c\x8c\x00\x18\x18\xe0\xe0\x00\x80\x00\xc0@`\xa0'),
                        ], is_16bit=False, y_plus=0, y_minus=0, x=119, y=116),
                        Tile(mirror=True, invert=False, format=1, length=7, subtile_bytes=[
                            bytearray(b'\x0f\x00\x00\x07\x0c\x0fc\x7f?\x1f?\x00\x1f\x00\x00\x00\x08\x08\x07\x07\x00\x03\x00\x7f \x1f\x0f0\x00\x1f\x00\x00'),
                            bytearray(b'\x83\x04\xe1\x16\x13\xec\xef\x10\xff\x00\xff\x00\xdf\x00\x1f\x00\x05}\x16\x1e\xed\xed\xf32\xdf<\x01\xfe\x00\xdf\x00\x1f'),
                            None,
                            None,
                        ], is_16bit=False, y_plus=0, y_minus=0, x=135, y=132),
                        Tile(mirror=True, invert=False, format=1, length=9, subtile_bytes=[
                            bytearray(b'\xc2}\xfa>\xe3\xfe!\xff%\xfe\x97\xf8\xff\x00\xf7\x08\x83}\xc1\xbf\x01\xfe\x00\xc7\x03\xc3\x02\xe29\xc9\x0c\xfd'),
                            bytearray(b'\x90`\xc00`\x00\x80\x00 \xc0\x80`\xc0\x00\x00\x80\xf0\xf0pp\x80\xa0\xc0@\xe0\xe0\xe0\xe0\x00@\x80\x80'),
                            bytearray(b'\x18\x04\x00\x00\x00\x00\x00\x00\x00\x00\x00\x00\x00\x00\x00\x00\x04\x1c\x00\x00\x00\x00\x00\x00\x00\x00\x00\x00\x00\x00\x00\x00'),
                            None,
                        ], is_16bit=False, y_plus=0, y_minus=0, x=119, y=132),
                    ]
                ),
                Mold(19, gridplane=False,
                    tiles=[
                        Tile(mirror=True, invert=False, format=1, length=9, subtile_bytes=[
                            None,
                            bytearray(b"\x02\x00\x01\x00\x00\'\x000\x00 \\ \x18\x00\x03\x18\x03\x00\x00\x01\x00\'\x0f0\x1f \x7f`\x1f\x04\'\x18"),
                            bytearray(b'\x00\x00\x00\x00\x00\x00\x02\x07\x05\x03\x03\x00\x00\x00\x02\x02\x00\x00\x00\x00\x00\x00\x00\x04\x04\x02\x03\x00\x00\x07\x02\x05'),
                            bytearray(b'\x01\x8e@\x00p\x00k\x89\xed\xb56\xfe\x7f\xfeW\xe9q\x8e\x7f\x00\x7f\x00\xff\x9c=>>?\xfe\x8f\x99\xa7'),
                        ], is_16bit=False, y_plus=0, y_minus=0, x=135, y=101),
                        Tile(mirror=True, invert=False, format=1, length=11, subtile_bytes=[
                            bytearray(b'\x00p\x80P\x00\xb8\x02\xe0\x13\x83\x10#@?\xc1?\x80@\xa8PD\xb8\x1f\xe0\x7f\x80\xff \xcf8\xcf '),
                            bytearray(b'\x00\x00\x00\x00\x00\x00\x00\x00\x80\x00 \xe0\x00\xe03\x7f\x00\x00\x00\x00\x00\x00\x80\x00\xc0\x00\xe0\x00\xe0\x00\xf0H'),
                            bytearray(b'\x81\xbe\xe3\xde\xc1\\\x91\x9d\xc4\xff\xf2\xfby{\x89\x8b\xe7\xe8\xe7\xd8}\xfa\x9db\xff\x00\xfb\x04z\x86\x8a\xf6'),
                            bytearray(b'7\x1f\x02?\xe7\x1f\x05\xff_\xff \xff\\\xe0\xfc\xc0\xf8\x08\xf8e8(\xe08\xe0 \xc1O\x1c0<\x00'),
                        ], is_16bit=False, y_plus=0, y_minus=0, x=119, y=101),
                        Tile(mirror=True, invert=False, format=1, length=5, subtile_bytes=[
                            None,
                            None,
                            bytearray(b'\x00\x80\x00\x80\x00\x80\x00\x80\x00\x80\x00\x80\x00\x00\x00\x00\x00\x80\x80\x80\x00\x80\x00\x80\x00\x80\x80\x80\x00\x00\x00\x00'),
                            None,
                        ], is_16bit=False, y_plus=0, y_minus=0, x=103, y=101),
                        Tile(mirror=True, invert=False, format=1, length=11, subtile_bytes=[
                            bytearray(b'2\x02\x19qa11\x11\x10\x00\x10\x00\x10\x00:\x012\r\t\x06A>!\x1e\x10\x0f\x10\x0f\x10\x0f:\x04'),
                            bytearray(b'\xd0\x7f(\x1f\xd4\xcb\xf0\xff\xf8\xff|\x7f\xff>\x1f\xdc\x87\x00\xe3\xd0\xd7(\xff\x00\xff\x00\x7f\x80\xff\x01\x1eb'),
                            bytearray(b"I38\x00\x10\x00\x100i0\xf2\x01\t\x07\x01\x08H6\x18\'\x18\x0f\x00/I\x16\xf2\x0c\x08\x04\t\x0e"),
                            bytearray(b'\x87\xc0\xcf\x00\x0f\x00\x0f\x00\x8f\x00\x0f\xc0\x8e\xc1\x86\x01\x05}\xc98\x0f\xfc\x0b\xf8\x8bz\x0bz\tq\x85}'),
                        ], is_16bit=False, y_plus=0, y_minus=0, x=135, y=117),
                        Tile(mirror=True, invert=False, format=1, length=11, subtile_bytes=[
                            bytearray(b"\xfe\xf5\x7f\xbc9\xed\x1d\xf0\x1f\xe0?\xc6\xf9\x0e\xf0\x0f\xf6\xfd\xbd~\xef\x1f\xf3\x0e\xf8\x1b\xe6\'Z^3/"),
                            bytearray(b'\x82\xcc\x06\xcc\xca\xbc\xac\x00\xe0\x00H\xf0\x0c\xf0\x1c\xf02D2\xc8\xc2\xb4\xdcp`\xe0\xc0\xf0\x80\xf0\x88\x88'),
                            bytearray(b'\x81\x1e\x14\x1b\x8c\x0b\x82\xc1\xb3\\5\xff\x9e~\x8f\x7f\xe7\x7f\xe7\xfb\xf7{?\xff\x80o\x00\xc7\x81c\x00\xf1'),
                            bytearray(b'<\xf0\xe4\xf8\x18\xe0\xf0\x00\x80\x00\x00\x00\x80\x00@\x00\x8c\x8c\x00\x18\x18\xe0\xe0\x00\x80\x00\x80\x80\xc0@\xe0\xa0'),
                        ], is_16bit=False, y_plus=0, y_minus=0, x=119, y=117),
                        Tile(mirror=True, invert=False, format=1, length=7, subtile_bytes=[
                            bytearray(b'\x0f\x00\x00\x07\x0c\x0fc\x7f?\x1f?\x00\x1f\x00\x00\x00\x08\x08\x07\x07\x00\x03\x00\x7f \x1f\x0f0\x00\x1f\x00\x00'),
                            bytearray(b'\x83\x04\xe1\x16\x13\xec\xef\x10\xff\x00\xff\x00\xcf\x00\x07\x00\x05}\x16\x1e\xed\xed\xf32\xde=\x00\xff\x00\xcf\x00\x07'),
                            None,
                            None,
                        ], is_16bit=False, y_plus=0, y_minus=0, x=135, y=133),
                        Tile(mirror=True, invert=False, format=1, length=9, subtile_bytes=[
                            bytearray(b'\x90\x7f\xdeo\xf8\x9f\xc8?\xc9?\xe5>\xff\x00\xfd\x02\x80\x7f\x90\xef\x00\xff\x00\xf1@\xb0@\xb8\x0e\xf2\x03\xff'),
                            bytearray(b'\x90`\x80\xb0\xc0\x80`\xc0H\xb0\xe0\x18\xf0\x00\xc0 \xf0pp\xf0`\xa00\xd0\xf8\xf8\xb8\xb8@P `'),
                            bytearray(b'\x06\x01\x00\x00\x00\x00\x00\x00\x00\x00\x00\x00\x00\x00\x00\x00\x01\x07\x00\x00\x00\x00\x00\x00\x00\x00\x00\x00\x00\x00\x00\x00'),
                            None,
                        ], is_16bit=False, y_plus=0, y_minus=0, x=119, y=133),
                    ]
                ),
                Mold(20, gridplane=False,
                    tiles=[
                        Tile(mirror=True, invert=False, format=1, length=9, subtile_bytes=[
                            None,
                            bytearray(b"\x02\x00\x01\x00\x00\'\x000\x00 \\ \x18\x00\x03\x18\x03\x00\x00\x01\x00\'\x0f0\x1f \x7f`\x1f\x04\'\x18"),
                            bytearray(b'\x00\x00\x00\x00\x00\x00\x02\x07\x05\x03\x03\x00\x00\x00\x02\x02\x00\x00\x00\x00\x00\x00\x00\x04\x04\x02\x03\x00\x00\x07\x02\x05'),
                            bytearray(b'\x01\x8e@\x00p\x00k\x89\xed\xb56\xfe\x7f\xfeW\xe9q\x8e\x7f\x00\x7f\x00\xff\x9c=>>?\xfe\x8f\x99\xa7'),
                        ], is_16bit=False, y_plus=0, y_minus=0, x=135, y=101),
                        Tile(mirror=True, invert=False, format=1, length=11, subtile_bytes=[
                            bytearray(b'\x00p\x80P\x00\xb8\x02\xe0\x13\x83\x10#@?\xc1?\x80@\xa8PD\xb8\x1f\xe0\x7f\x80\xff \xcf8\xcf '),
                            bytearray(b'\x00\x00\x00\x00\x00\x00\x00\x00\x80\x00 \xe0\x00\xe03\x7f\x00\x00\x00\x00\x00\x00\x80\x00\xc0\x00\xe0\x00\xe0\x00\xf0H'),
                            bytearray(b'\x81\xbe\xe3\xde\xc1\\\x91\x9d\xc4\xff\xf2\xfby{\x89\x8b\xe7\xe8\xe7\xd8}\xfa\x9db\xff\x00\xfb\x04z\x86\x8a\xf6'),
                            bytearray(b'7\x1f\x02?\xe7\x1f\x05\xff_\xff \xff\\\xe0\xfc\xc0\xf8\x08\xf8e8(\xe08\xe0 \xc1O\x1c0<\x00'),
                        ], is_16bit=False, y_plus=0, y_minus=0, x=119, y=101),
                        Tile(mirror=True, invert=False, format=1, length=5, subtile_bytes=[
                            None,
                            None,
                            bytearray(b'\x00\x80\x00\x80\x00\x80\x00\x80\x00\x80\x00\x80\x00\x00\x00\x00\x00\x80\x80\x80\x00\x80\x00\x80\x00\x80\x80\x80\x00\x00\x00\x00'),
                            None,
                        ], is_16bit=False, y_plus=0, y_minus=0, x=103, y=101),
                        Tile(mirror=True, invert=False, format=1, length=11, subtile_bytes=[
                            bytearray(b'2\x02\x19qa11\x11\x10\x00\x10\x00\x10\x00:\x012\r\t\x06A>!\x1e\x10\x0f\x10\x0f\x10\x0f:\x04'),
                            bytearray(b'\xd0\x7f(\x1f\xd4\xcb\xf0\xff\xf8\xff|\x7f\xff>\x1f\xdc\x87\x00\xe3\xd0\xd7(\xff\x00\xff\x00\x7f\x80\xff\x01\x1eb'),
                            bytearray(b"I38\x00\x10\x00\x100i0\xf2\x01\t\x07\x01\x08H6\x18\'\x18\x0f\x00/I\x16\xf2\x0c\x08\x04\t\x0e"),
                            bytearray(b'\x87\xc0\xcf\x00\x0f\x01\x0e\x03\x8e\x01\x0e\xc1\x8e\xc1\x86\x01\x05}\xc98\x0e\xfd\x08\xfb\x8a{\n{\tq\x85}'),
                        ], is_16bit=False, y_plus=0, y_minus=0, x=135, y=117),
                        Tile(mirror=True, invert=False, format=1, length=11, subtile_bytes=[
                            bytearray(b"\xfe\xf5\x7f\xbc9\xed\x1d\xf0\x1f\xe0?\xc6\xff\x08\xf8\x07\xf6\xfd\xbd~\xef\x1f\xf3\x0e\xf8\x1b\xe6\'\\\\?/"),
                            bytearray(b'\x82\xcc\x06\xcc\xca\xbc\xac\x00\x80\x00\x00\x00\xc0\x00\x90\xe02D2\xc8\xc2\xb4\xdcp\x00\x80\x00\x00\xc0\xc0\x80\xe0'),
                            bytearray(b'\x82\x1d\x00\x1f\x82\x1d\x89\x97\xf8\xd7\xc5\xe2\x7f\xf8\xbc}\xe5}\xe7\xff\xef\x7fnv\x0e7\x1f\x1e\x01\x8e\x02\xc6'),
                            bytearray(b'\x18\xe08\xe0x\xe0\xc8\xf00\xc0\xe0\x00`\xc00\xe0\x00\xe0\x10\x10\x18\x18\x0000\xc0\xc0\x000\xd0\x18\xe8'),
                        ], is_16bit=False, y_plus=0, y_minus=0, x=119, y=117),
                        Tile(mirror=True, invert=False, format=1, length=7, subtile_bytes=[
                            bytearray(b'\x0f\x00\x00\x07\x0c\x0fc\x7f?\x1f?\x00\x1f\x00\x00\x00\x08\x08\x07\x07\x00\x03\x00\x7f \x1f\x0f0\x00\x1f\x00\x00'),
                            bytearray(b'\x83\x04\xe1\x16\x13\xec\xef\x10\xff\x00\xff\x00\xff\x00\x1f\x00\x05}\x16\x1e\xed\xed\xf32\xdf<\x01\xfe\x00\xff\x00\x1f'),
                            None,
                            None,
                        ], is_16bit=False, y_plus=0, y_minus=0, x=135, y=133),
                        Tile(mirror=True, invert=False, format=1, length=9, subtile_bytes=[
                            bytearray(b'\xc2}\xfa>\xe3\xfe!\xff%\xfe\x97\xf8\xff\x00\xf7\x08\x82|\xc1\xbf\x01\xfe\x00\xc7\x03\xc3\x02\xe29\xc9\x0c\xfd'),
                            bytearray(b'\xa4\xd8\xf0\x0cx\x00\xa0\x10 \xc0\x80`\xc0\x00\x00\x80||\\\\\xa0\xa8\xd0p\xe0\xe0\xe0\xe0\x00@\x80\x80'),
                            bytearray(b'\x18\x04\x00\x00\x00\x00\x00\x00\x00\x00\x00\x00\x00\x00\x00\x00\x04\x1c\x00\x00\x00\x00\x00\x00\x00\x00\x00\x00\x00\x00\x00\x00'),
                            None,
                        ], is_16bit=False, y_plus=0, y_minus=0, x=119, y=133),
                    ]
                ),
                Mold(21, gridplane=False,
                    tiles=[
                    ]
                ),
                Mold(22, gridplane=False,
                    tiles=[
                    ]
                ),
                Mold(23, gridplane=False,
                    tiles=[
                        Tile(mirror=False, invert=False, format=1, length=11, subtile_bytes=[
                            bytearray(b'\x00\x00$\x00<@\xbbO\xc3?\xc7|e\xff\x01q\x00\x00\x00\x00hhag\x81\x87\x82\x82\x00\x83\x0e\x7f'),
                            bytearray(b'\x00\x00\x80\xc0\xc4\xf2t\xb0@\x9c\x02\xdc\x18\xf8\r\xf8\x01\x00\x0b\x00="\x7f\x80_,\x1fl?b\x1f\xf0'),
                            bytearray(b'\x05A\x10\x00\x03#\x14\x1f*?\n\x1f\x07\x1f\x17\x1f?\x7f\x7f\x7f|\x7f ;\x001\x00\x11\x00\x18\x00\x18'),
                            bytearray(b'\x04\xfc`\xf9\xc0\xe1\xcc\xc0\xe0\xc8@\xe0\xff\x00\xff\x00\x9f\xe0\xfe\x01\xfe\x99w\xb4\x7f\xfe\x7f\xff\x81\x81\x00\x00'),
                        ], is_16bit=False, y_plus=0, y_minus=0, x=119, y=99),
                        Tile(mirror=False, invert=False, format=1, length=11, subtile_bytes=[
                            bytearray(b'\x110%8f{\x82w@\x14B\x10 \x00\xb4\x07\x01!\x84\x0c\x80\x08\x8c\x14\xeb\x97\xef\x9f\xef\xcf\xf8O'),
                            bytearray(b'\xc0\x00\xe0\x00 \xc0`\xe0@`\x00\xa0\x00\x00\x80\x00@@``  \x00\x00\x80\xa0\xc0\xe0\xc0\xc0\xc0@'),
                            bytearray(b'\x9b\x0f\x9b\x0f\x08\x0f\x02\x03\x03\x03\x07\x03\x18\x07\x89\xbb\xf0l\xf0l\xf8\xff\xfc\xff\xfc\xfe\xf8\xff\xe0\xfc\x88d'),
                            bytearray(b'@\x80\x00\xc0\x80\x00\xc0\x00\xe0\x00\xf0\x80\x00\xf8h\xf0@\x80\x00\xc0\x00\x00\x80\x80\x80\x80\xd0P\xc0H\x88\x98'),
                        ], is_16bit=False, y_plus=0, y_minus=0, x=135, y=99),
                        Tile(mirror=False, invert=False, format=1, length=11, subtile_bytes=[
                            bytearray(b'\x01\x06\x01\x00\x01\x02\x01\x00\x03\x00\x03\x01\x01\x00\x01\x00\t\x0f\x0e\x0e\x06\x06\x06\x06\x02\x00\x03\x01\x01\x00\x01\x00'),
                            bytearray(b'\xf8\x1f\xe0?\xe0?\xc1>\xc3<\xc0?\xc0?\xe0?? <\x07xMyH{D\x7f@\x7f@?\x00'),
                            bytearray(b'\x00\x00\x00\x01\x01\x03\x03\x07\x03\x07\x01\x07\x02\x03\x02\x03\x01\x01\x00\x01\x00\x00\x00\x04\x00\x04\x00\x06\x00\x03\x00\x03'),
                            bytearray(b'\xe0?q\x9fy\x9fw\x9d\xef\x8b\xe3\x81[\xa0\xdc\xad?\x001"3"\x13\x0c\x0b\x16!>`\xff\x7f\xef'),
                        ], is_16bit=False, y_plus=0, y_minus=0, x=119, y=115),
                        Tile(mirror=False, invert=False, format=1, length=11, subtile_bytes=[
                            bytearray(b'q\x8f\x91\xfeR\xfc\xcb\x7f\xc7\xff\x03\xff\x07\xff\x0e\xff\xf3v\xf1\x00\xf3\x89\x7f\x84\xff\x00\xff\x00\xff\x00\xfe\x00'),
                            bytearray(b'\xbc\xe0\x8c\x88\xe4\x04\x82\x80\x88\x87\x86\x8f\x83\x84\xd4\xc4\xdcL\x8ct\x04\xf8\x82~\x80~\x80x\x8b|\x0e~'),
                            bytearray(b'\x1c\xff}\xff\xfe\xfe\xf8\xf8\xf0\xf0\xc2\xc1\x06\x01\x0c\xc3\xfe\x02\xfe\x02\xfe\x01\xf8\x07\xf0\x0f\xc3=\x02\xfdT\xfa'),
                            bytearray(b"v\xc4.\xec||<8\xbc8z\xf0x\xa7x\xa7,\x1e\x1e\xfc\xfc\xfc|\xf8|\xf8\xf6\xfce\xbfx\'"),
                        ], is_16bit=False, y_plus=0, y_minus=0, x=135, y=115),
                        Tile(mirror=False, invert=False, format=1, length=7, subtile_bytes=[
                            bytearray(b'\x03\x03\x04\x07\x07\x0f\x1f\x0f\x13\x0f\x1c\x03\x03\x00\x00\x00\x00\x02\x00\x01\x00\x00\x00\x00\x00\x0c\x00\x1f\x00\x03\x00\x00'),
                            bytearray(b'\xe2\xd9\xfe\xc1n\xf19\xfe\xb7\xf8\xfd\xfe\x83|~\x00>|2\xf2\x1a\xfa\x07\x7f\x07\t\x01\x02\x02\xfd\x00~'),
                            None,
                            None,
                        ], is_16bit=False, y_plus=0, y_minus=0, x=119, y=131),
                        Tile(mirror=False, invert=False, format=1, length=7, subtile_bytes=[
                            bytearray(b"\x15\xf3!\xc0\x18\xc0a\x87\xf1\x07\xf2\x07\xcd\x0f\x07\x03<:>\x1f\'\x7f||\x88\xfc\x08\xfc\x00\xce\x04\x03"),
                            bytearray(b'\x1f\xc0\x08\xc0\x88\x00\xf8\x98\x04\xfc\\\xf8\xd8\xf0 \xe0\x7f`\xb8\xf0\xf8x \xd8\x00<\x04\x08\x080\x00\xe0'),
                            None,
                            None,
                        ], is_16bit=False, y_plus=0, y_minus=0, x=135, y=131),
                    ]
                ),
                Mold(24, gridplane=False,
                    tiles=[
                        Tile(mirror=False, invert=False, format=1, length=11, subtile_bytes=[
                            bytearray(b'\x00\x00\x00\x00\x01\x01\x00\x03\x00\x07\x04\x05\x04\x07\x01\x07\x00\x00\x00\x00\x00\x00\x00\x03\x00\x07\x02\x01\x00\x03\x01\x06'),
                            bytearray(b'\x00\x00\x80\xc0\xc4\xf2t\xb0@\x9c\x02\xdc\x18\xf8\r\xf8\x01\x00\x0b\x00="\x7f\x80_,\x1fl?b\x1f\xf0'),
                            bytearray(b'\x04\x03\x04\x03\x06\x07\x07\x07\x00\x07\x03\x00\x01\x00\x01\x00\x07\x04\x07\x06\x01\x01\x00\x00\x00\x07\x03\x00\x01\x00\x01\x01'),
                            bytearray(b'\x04\xfc`\xf9\xc0\xc1L\xc0 \x88\x01 \xff\x00\xff\x00\x9f\xe0\xfe\x01\xde9w\xb4\xff\xfe\xfe\xff\x81\x81\x00\x00'),
                        ], is_16bit=False, y_plus=0, y_minus=0, x=119, y=100),
                        Tile(mirror=False, invert=False, format=1, length=9, subtile_bytes=[
                            bytearray(b'\x00\x0c\xcc\x0c(\x1cH\xbc8D\x08@\x10\x00\xa8\x00\x00\x0c\xc0@\xe0\xc4d\xf4\xbcD\xb8P\xf0\x00\xf8\x08'),
                            None,
                            bytearray(b"\x80 \xc0\x10\x01\x10\t\x82-\x82\'\x01\xa7\x01\xfe\x03\xd8 \xec\x10\xec\x10\x7f\x83\x7f\x83\xfb\x06\xfb\x82\x07\x04"),
                            bytearray(b'\x00\x00\x00\x00\x80\x00\xc0\x00\xe0\x00\xf0\x80\x00\xf8h\xf0\x00\x00\x00\x00\x00\x00\x80\x80\x80\x80\xd0P\xc0H\x88\x98'),
                        ], is_16bit=False, y_plus=0, y_minus=0, x=135, y=100),
                        Tile(mirror=False, invert=False, format=1, length=11, subtile_bytes=[
                            bytearray(b'\xc1\x02\xbf@\x07\xe4e\xd8C\xbf\\?^?%?\xc3C\xeeV|\xfe\xde\xfa\xa0\xff@c\x00a\x003'),
                            bytearray(b'\xf8\x1f\xe0?\xe0?\xc1>\xc3<\xc0?\xc0?\xe0?? <\x07xMyH{D\x7f@\x7f@?\x00'),
                            bytearray(b'\x11\x1f\x01\x07\x02\x03\x01\x03\x01\x03\x00\x03\x02\x03\x02\x03\x00\x1f\x00\x07\x00\x02\x00\x02\x00\x02\x00\x03\x00\x03\x00\x03'),
                            bytearray(b'\xe0?q\x9fy\x9f\xf7\x99\xef\x8b\xe3\x81[\xa0\xdc\xad?\x001"3"\x17\x08\x0b\x16!>`\xff\x7f\xef'),
                        ], is_16bit=False, y_plus=0, y_minus=0, x=119, y=116),
                        Tile(mirror=False, invert=False, format=1, length=11, subtile_bytes=[
                            bytearray(b'q\x8f\x91\xfeR\xfc\xcb\x7f\xc7\xff\x03\xff\x07\xff\x0e\xff\xf3v\xf1\x00\xf3\x89\x7f\x84\xff\x00\xff\x00\xff\x00\xfe\x00'),
                            bytearray(b'\xbc\xe0\x8c\x88\xe4\x04\x82\x80\x88\x87\x86\x8f\x83\x84\xd4\x84\xdcL\x8ct\x04\xf8\x82~\x80~\x80x\x8b|N>'),
                            bytearray(b'\x1c\xff}\xff\xfe\xfe\xf8\xf8\xf0\xf0\xc2\xc1\x06\x01\x0c\xc3\xfe\x02\xfe\x02\xfe\x01\xf8\x07\xf0\x0f\xc3=\x02\xfdT\xfa'),
                            bytearray(b"v\xc4.\xcc||<8\xbc8z\xf0x\xa7x\xa7,\x1e>\xdc\xfc\xfc|\xf8|\xf8\xf6\xfce\xbfx\'"),
                        ], is_16bit=False, y_plus=0, y_minus=0, x=135, y=116),
                        Tile(mirror=False, invert=False, format=1, length=7, subtile_bytes=[
                            bytearray(b'\x03\x03\x04\x07\x07\x0f\x1f\x0f\x13\x0f\x1c\x03\x03\x00\x00\x00\x00\x02\x00\x01\x00\x00\x00\x00\x00\x0c\x00\x1f\x00\x03\x00\x00'),
                            bytearray(b'\xe2\xd9\xfe\xc1n\xf19\xfe\xb7\xf8\xfd\xfe\x83|~\x00>|2\xf2\x1a\xfa\x07\x7f\x07\t\x01\x02\x02\xfd\x00~'),
                            None,
                            None,
                        ], is_16bit=False, y_plus=0, y_minus=0, x=119, y=132),
                        Tile(mirror=False, invert=False, format=1, length=7, subtile_bytes=[
                            bytearray(b"\x15\xf3!\xc0\x18\xc0a\x87\xf1\x07\xf2\x07\xcd\x0f\x07\x03<:>\x1f\'\x7f||\x88\xfc\x08\xfc\x00\xce\x04\x03"),
                            bytearray(b'\x1f\xc0\x08\xc0\x88\x00\xf8\x98\x04\xfc\\\xf8\xd8\xf0 \xe0\x7f`\xb8\xf0\xf8x \xd8\x00<\x04\x08\x080\x00\xe0'),
                            None,
                            None,
                        ], is_16bit=False, y_plus=0, y_minus=0, x=135, y=132),
                    ]
                ),
                Mold(25, gridplane=False,
                    tiles=[
                        Tile(mirror=False, invert=False, format=1, length=11, subtile_bytes=[
                            bytearray(b'\x00\x00\x00\x00\x01\x01\x00\x03\x00\x07\x04\x05\x04\x07\x01\x07\x00\x00\x00\x00\x00\x00\x00\x03\x00\x07\x02\x01\x00\x03\x01\x06'),
                            bytearray(b'\x00\x00\x80\xc0\xc4\xf2t\xb0@\x9c\x02\xdc\x18\xf8\r\xf8\x01\x00\x0b\x00="\x7f\x80_,\x1fl?b\x1f\xf0'),
                            bytearray(b'\x04\x03\x04\x03\x06\x07\x07\x07\x00\x07\x03\x00\x01\x00\x01\x00\x07\x04\x07\x06\x01\x01\x00\x00\x00\x07\x03\x00\x01\x00\x01\x01'),
                            bytearray(b'\x04\xfc`\xf9\xc0\xc1L\xc0 \x88\x01 \xff\x00\xff\x00\x9f\xe0\xfe\x01\xde9w\xb4\xff\xfe\xfe\xff\x81\x81\x00\x00'),
                        ], is_16bit=False, y_plus=0, y_minus=0, x=119, y=100),
                        Tile(mirror=False, invert=False, format=1, length=9, subtile_bytes=[
                            bytearray(b'\x00\x0c\xcc\x0c(\x1cH\xbc8D\x08@\x10\x00\xa8\x00\x00\x0c\xc0@\xe0\xc4d\xf4\xbcD\xb8P\xf0\x00\xf8\x08'),
                            None,
                            bytearray(b"\x80 \xc0\x10\x01\x10\t\x82-\x82\'\x01\xa7\x01\xfe\x03\xd8 \xec\x10\xec\x10\x7f\x83\x7f\x83\xfb\x06\xfb\x82\x07\x04"),
                            bytearray(b'\x00\x00\x00\x00\x80\x00\xc0\x00\xe0\x00\xf0\x80\x00\xf8h\xf0\x00\x00\x00\x00\x00\x00\x80\x80\x80\x80\xd0P\xc0H\x88\x98'),
                        ], is_16bit=False, y_plus=0, y_minus=0, x=135, y=100),
                        Tile(mirror=False, invert=False, format=1, length=11, subtile_bytes=[
                            bytearray(b'\x01\x02\x03\x00\x01\x06\x11\x1e%>^?\\?C\xbf\x03\x03\x02\x02\x00\x06\x00\x1e\x002\x00a@c\xa0\xff'),
                            bytearray(b'\xf8\x1f\xe0?\xe0?\xc1>\xc3<\xc0?\xc0?\xe0?? <\x07xMyH{D\x7f@\x7f@?\x00'),
                            bytearray(b'd\xd8\x06\xe4\xbcA\xc1\x03\x01\x03\x00\x03\x02\x03\x02\x03\xde\xfa|\xfe\xecT\xc0B\x00\x02\x00\x03\x00\x03\x00\x03'),
                            bytearray(b'\xe0?q\x9fy\x9f\xf7\x99\xef\x8b\xe3\x81[\xa0\xdc\xad?\x001"3"\x17\x08\x0b\x16!>`\xff\x7f\xef'),
                        ], is_16bit=False, y_plus=0, y_minus=0, x=119, y=116),
                        Tile(mirror=False, invert=False, format=1, length=11, subtile_bytes=[
                            bytearray(b'q\x8f\x91\xfeR\xfc\xcb\x7f\xc7\xff\x03\xff\x07\xff\x0e\xff\xf3v\xf1\x00\xf3\x89\x7f\x84\xff\x00\xff\x00\xff\x00\xfe\x00'),
                            bytearray(b'\xbc\xe0\x8c\x88\xe4\x04\x82\x80\x88\x87\x86\x8f\x83\x84\xd4\x84\xdcL\x8ct\x04\xf8\x82~\x80~\x80x\x8b|N>'),
                            bytearray(b'\x1c\xff}\xff\xfe\xfe\xf8\xf8\xf0\xf0\xc2\xc1\x06\x01\x0c\xc3\xfe\x02\xfe\x02\xfe\x01\xf8\x07\xf0\x0f\xc3=\x02\xfdT\xfa'),
                            bytearray(b"v\xc4.\xcc||<8\xbc8z\xf0x\xa7x\xa7,\x1e>\xdc\xfc\xfc|\xf8|\xf8\xf6\xfce\xbfx\'"),
                        ], is_16bit=False, y_plus=0, y_minus=0, x=135, y=116),
                        Tile(mirror=False, invert=False, format=1, length=7, subtile_bytes=[
                            bytearray(b'\x03\x03\x04\x07\x07\x0f\x1f\x0f\x13\x0f\x1c\x03\x03\x00\x00\x00\x00\x02\x00\x01\x00\x00\x00\x00\x00\x0c\x00\x1f\x00\x03\x00\x00'),
                            bytearray(b'\xe2\xd9\xfe\xc1n\xf19\xfe\xb7\xf8\xfd\xfe\x83|~\x00>|2\xf2\x1a\xfa\x07\x7f\x07\t\x01\x02\x02\xfd\x00~'),
                            None,
                            None,
                        ], is_16bit=False, y_plus=0, y_minus=0, x=119, y=132),
                        Tile(mirror=False, invert=False, format=1, length=7, subtile_bytes=[
                            bytearray(b"\x15\xf3!\xc0\x18\xc0a\x87\xf1\x07\xf2\x07\xcd\x0f\x07\x03<:>\x1f\'\x7f||\x88\xfc\x08\xfc\x00\xce\x04\x03"),
                            bytearray(b'\x1f\xc0\x08\xc0\x88\x00\xf8\x98\x04\xfc\\\xf8\xd8\xf0 \xe0\x7f`\xb8\xf0\xf8x \xd8\x00<\x04\x08\x080\x00\xe0'),
                            None,
                            None,
                        ], is_16bit=False, y_plus=0, y_minus=0, x=135, y=132),
                    ]
                ),
                Mold(26, gridplane=False,
                    tiles=[
                        Tile(mirror=False, invert=False, format=1, length=11, subtile_bytes=[
                            bytearray(b'\x00\x00$\x00<@\xbbO\xc3?\xc7|e\xff\x01q\x00\x00\x00\x00hhag\x81\x87\x82\x82\x00\x83\x0e\x7f'),
                            bytearray(b'\x00\x00\x80\xc0\xc4\xf2t\xb0@\x9c\x02\xdc\x18\xf8\r\xf8\x01\x00\x0b\x00="\x7f\x80_,\x1fl?b\x1f\xf0'),
                            bytearray(b'\x05A\x10\x00\x03#\x14\x1f*?\n\x1f\x07\x1f\x17\x1f?\x7f\x7f\x7f|\x7f ;\x001\x00\x11\x00\x18\x00\x18'),
                            bytearray(b'\x04\xfc`\xf9\xc0\xe1\xcc\xc0\xe0\xc8@\xe0\xff\x00\xff\x00\x9f\xe0\xfe\x01\xfe\x99w\xb4\x7f\xfe\x7f\xff\x81\x81\x00\x00'),
                        ], is_16bit=False, y_plus=0, y_minus=0, x=119, y=101),
                        Tile(mirror=False, invert=False, format=1, length=11, subtile_bytes=[
                            bytearray(b'\x110%8f{\x82w@\x14B\x10 \x00\xb4\x07\x01!\x84\x0c\x80\x08\x8c\x14\xeb\x97\xef\x9f\xef\xcf\xf8O'),
                            bytearray(b'\xc0\x00\xe0\x00 \xc0`\xe0@`\x00\xa0\x00\x00\x80\x00@@``  \x00\x00\x80\xa0\xc0\xe0\xc0\xc0\xc0@'),
                            bytearray(b'\x9b\x0f\x9b\x0f\x08\x0f\x02\x03\x03\x03\x07\x03\x18\x07\x89\xbb\xf0l\xf0l\xf8\xff\xfc\xff\xfc\xfe\xf8\xff\xe0\xfc\x88d'),
                            bytearray(b'@\x80\x00\xc0\x80\x00\xc0\x00\xe0\x00\xf0\x80\x00\xf8h\xf0@\x80\x00\xc0\x00\x00\x80\x80\x80\x80\xd0P\xc0H\x88\x98'),
                        ], is_16bit=False, y_plus=0, y_minus=0, x=135, y=101),
                        Tile(mirror=False, invert=False, format=1, length=11, subtile_bytes=[
                            bytearray(b'\x01\x06\x01\x00\x01\x02\x01\x00\x03\x00\x03\x01\x01\x00\x01\x00\t\x0f\x0e\x0e\x06\x06\x06\x06\x02\x00\x03\x01\x01\x00\x01\x00'),
                            bytearray(b'\xf8\x1f\xe0?\xe0?\xc1>\xc3<\xc0?\xc0?\xe0?? <\x07xMyH{D\x7f@\x7f@?\x00'),
                            bytearray(b'\x00\x00\x00\x01\x01\x03\x03\x07\x03\x07\x01\x07\x04\x07\x05\x07\x01\x01\x00\x01\x00\x00\x00\x04\x00\x04\x00\x06\x00\x07\x00\x07'),
                            bytearray(b'\xe0?q\x9fy\x9fw\x9d\xef\x8b\xe3\x81[\xa0\xdc\xad?\x001"3"\x13\x0c\x0b\x16!>`\xff\x7f\xef'),
                        ], is_16bit=False, y_plus=0, y_minus=0, x=119, y=117),
                        Tile(mirror=False, invert=False, format=1, length=11, subtile_bytes=[
                            bytearray(b'q\x8f\x91\xfeR\xfc\xcb\x7f\xc7\xff\x03\xff\x07\xff\x0e\xff\xf3v\xf1\x00\xf3\x89\x7f\x84\xff\x00\xff\x00\xff\x00\xfe\x00'),
                            bytearray(b'\xbc\xe0\x8c\x88\xe4\x04\x82\x80\x88\x87\x86\x8f\x83\x84\xd4\xc4\xdcL\x8ct\x04\xf8\x82~\x80~\x80x\x8b|\x0e~'),
                            bytearray(b'\x1c\xff}\xff\xfe\xfe\xf8\xf8\xf0\xf0\xc2\xc1\x06\x01\x0c\xc3\xfe\x02\xfe\x02\xfe\x01\xf8\x07\xf0\x0f\xc3=\x02\xfdT\xfa'),
                            bytearray(b"v\xc4.\xec||<8\xbc8z\xf0x\xa7x\xa7,\x1e\x1e\xfc\xfc\xfc|\xf8|\xf8\xf6\xfce\xbfx\'"),
                        ], is_16bit=False, y_plus=0, y_minus=0, x=135, y=117),
                        Tile(mirror=False, invert=False, format=1, length=7, subtile_bytes=[
                            bytearray(b'\x07\x07\x12\x1f\x1d?|?N?s\x0f\x0e\x01\x01\x00\x00\x04\x00\x07\x00\x03\x00\x01\x000\x00|\x00\x0f\x00\x01'),
                            bytearray(b'b\xd9\xfe\xc1\xae\xd1\xf9\xc6\xc7\xfe\xf7\xfc\x0f\xf8\xf8\x00>\xfc2r:\xda?\xc7\x03?\x02\r\x00\xff\x00\xf8'),
                            None,
                            None,
                        ], is_16bit=False, y_plus=0, y_minus=0, x=119, y=133),
                        Tile(mirror=False, invert=False, format=1, length=7, subtile_bytes=[
                            bytearray(b"\x15\xf3!\xc0\x18\xc0a\x87\xf1\x07\xf2\x07\r\x0f\x07\x03<:>\x1f\'\x7f||\x88\xfc\x08\xfc\x00\x0e\x04\x03"),
                            bytearray(b'\x1f\xc0\x08\xc0\x88\x00\xf0\x800\xe0H\xf8\xd4\xfc\x1c\xf8\x7f`\xb8\xf0\xf8x0\xc0\x10 \x008\x00\x0c\x04\xf8'),
                            None,
                            None,
                        ], is_16bit=False, y_plus=0, y_minus=0, x=135, y=133),
                    ]
                ),
                Mold(27, gridplane=False,
                    tiles=[
                        Tile(mirror=False, invert=False, format=1, length=11, subtile_bytes=[
                            bytearray(b'\x01\x01\x00\x03\x00\x03\x00\x03\x00\x01\x00\x01\x00\x00\x01\x00\x00\x00\x00\x02\x00\x02\x00\x02\x02\x00\x02\x01\x03\x00\x03\x02'),
                            bytearray(b'\x00\x00\x80\x00\x82\x04J\x84\xc9\xc0%\xe1F\xfe\x1e\xfc\x00\x00\x88\x00\x9a\x04[\x85>\x03=B\xfe\x81\xff\x80'),
                            bytearray(b'\x07\x06\x08\x07\x00\x0f\t\x0f\x1b\x0e\x1d\x07\x1e\x01\x0c\x00\x07\x00\n\x07\x00\x0c\x00\x04\x11\x04\x10\x02\x1e\t\x0f\x03'),
                            bytearray(b"\x01\xe4a\xc3m\xed\x0e\xf2l\xff\xd8\xe6\'\xc0\xe6\x0f\xfb\x04\xff\x8f\x7f\x93\x0e\xf1\x01\x92\x18\'\x1b\xdc\xf09"),
                        ], is_16bit=False, y_plus=0, y_minus=0, x=120, y=99),
                        Tile(mirror=False, invert=False, format=1, length=7, subtile_bytes=[
                            bytearray(b'\x00\x00\x00\x00\x00\x00\x80\x00@\x00@0\x80p\x10\xe0\x00\x00\x00\x00\x00\x00\x80\x00\xc0\x00\x80`\x80P\x10\x00'),
                            None,
                            bytearray(b'\x00\xe0\xe0\x00\x00\x00\xc0@\xc0\xc0@\x00\xc0\x80\xc0@ \xa0\xc0 \xc0\xc0@\xc0\xc0@\x00\xc0@\x00\xc0@'),
                            None,
                        ], is_16bit=False, y_plus=0, y_minus=0, x=136, y=99),
                        Tile(mirror=False, invert=False, format=1, length=7, subtile_bytes=[
                            bytearray(b'\x04\x00\x00\x00\x00\x00\x00\x00\x00\x00\x00\x00\x00\x00\x00\x00\x07\x03\x00\x00\x00\x00\x00\x00\x00\x00\x00\x00\x00\x00\x00\x00'),
                            bytearray(b'\x03\x048\x00\x00\x00\x00\x00\x00\x00\x00\x00\x00\x00\x00\x00\xfb\xfc~F\x00\x00\x00\x00\x00\x00\x00\x00\x00\x00\x00\x00'),
                            None,
                            None,
                        ], is_16bit=False, y_plus=0, y_minus=0, x=120, y=115),
                        Tile(mirror=False, invert=False, format=1, length=5, subtile_bytes=[
                            bytearray(b'\xc0\xc0\x00\x00\x00\x00\x00\x00\x00\x00\x00\x00\x00\x00\x00\x00\xc0\xc0\x00\x00\x00\x00\x00\x00\x00\x00\x00\x00\x00\x00\x00\x00'),
                            None,
                            None,
                            None,
                        ], is_16bit=False, y_plus=0, y_minus=0, x=136, y=115),
                    ]
                ),
                Mold(28, gridplane=False,
                    tiles=[
                        Tile(mirror=False, invert=False, format=1, length=11, subtile_bytes=[
                            bytearray(b'\x01\x01\x00\x03\x00\x03\x00\x03\x00\x01\x00\x01\x00\x00\x01\x0e\x00\x00\x00\x02\x00\x02\x00\x02\x02\x00\x02\x01\x03\x00\x01\x0e'),
                            bytearray(b'\x00\x00\x80\x00\x82\x04J\x84\xc9\xc0%\xe1F\xfe\x1e\xfc\x00\x00\x88\x00\x9a\x04[\x85>\x03=B\xfe\x81\xff\x80'),
                            bytearray(b'\x1c\x03\x1c\x03\x19\x07\x0f\x0f\x1b\x0e\x1d\x07\x1e\x01\x0c\x00\x04\x07\x04\x07\x18\x1f\x00\x0e\x11\x04\x10\x02\x1e\t\x0f\x03'),
                            bytearray(b"\x01\xe4a\xc3m\xed\x0e\xf2l\xff\xd8\xe6\'\xc0\xe6\x0f\xfb\x04\xff\x8f\x7f\x93\x0e\xf1\x01\x92\x18\'\x1b\xdc\xf09"),
                        ], is_16bit=False, y_plus=0, y_minus=0, x=120, y=99),
                        Tile(mirror=False, invert=False, format=1, length=7, subtile_bytes=[
                            bytearray(b'\x00\x00\x00\x00\x00\x00\x80\x00@\x00@0\x80p\x10\xe0\x00\x00\x00\x00\x00\x00\x80\x00\xc0\x00\x80`\x80P\x10\x00'),
                            None,
                            bytearray(b'\x00\xe0\xe0\x00\x00\x00\xc0@\xc0\xc0@\x00\xc0\x80\xc0@ \xa0\xc0 \xc0\xc0@\xc0\xc0@\x00\xc0@\x00\xc0@'),
                            None,
                        ], is_16bit=False, y_plus=0, y_minus=0, x=136, y=99),
                        Tile(mirror=False, invert=False, format=1, length=7, subtile_bytes=[
                            bytearray(b'\x04\x00\x00\x00\x00\x00\x00\x00\x00\x00\x00\x00\x00\x00\x00\x00\x07\x03\x00\x00\x00\x00\x00\x00\x00\x00\x00\x00\x00\x00\x00\x00'),
                            bytearray(b'\x03\x048\x00\x00\x00\x00\x00\x00\x00\x00\x00\x00\x00\x00\x00\xfb\xfc~F\x00\x00\x00\x00\x00\x00\x00\x00\x00\x00\x00\x00'),
                            None,
                            None,
                        ], is_16bit=False, y_plus=0, y_minus=0, x=120, y=115),
                        Tile(mirror=False, invert=False, format=1, length=5, subtile_bytes=[
                            bytearray(b'\xc0\xc0\x00\x00\x00\x00\x00\x00\x00\x00\x00\x00\x00\x00\x00\x00\xc0\xc0\x00\x00\x00\x00\x00\x00\x00\x00\x00\x00\x00\x00\x00\x00'),
                            None,
                            None,
                            None,
                        ], is_16bit=False, y_plus=0, y_minus=0, x=136, y=115),
                    ]
                ),
                Mold(29, gridplane=False,
                    tiles=[
                        Tile(mirror=False, invert=False, format=1, length=11, subtile_bytes=[
                            bytearray(b'\x01\x01\x00\x03\x00\x03\x00\x03\x00\x01\x00\x018\x04}\x02\x00\x00\x00\x02\x00\x02\x00\x02\x02\x00\x02\x01;<\r\x0e'),
                            bytearray(b'\x00\x00\x80\x00\x82\x04J\x84\xc9\xc0%\xe1F\xfe\x1e\xfc\x00\x00\x88\x00\x9a\x04[\x85>\x03=B\xfe\x81\xff\x80'),
                            bytearray(b'\xfd\x03\xfd\x03y\x87\x83\xff~\x7f=?\x1e\x01\x0c\x00\x8c\x8f\x8c\x8fx\xff\x00\xff\x00\x7f\x00>\x1e\t\x0f\x03'),
                            bytearray(b"\x01\xe4a\xc3m\xed\x0e\xf2l\xff\xd8\xe6\'\xc0\xe6\x0f\xfb\x04\xff\x8f\x7f\x93\x0e\xf1\x01\x92\x18\'\x1b\xdc\xf09"),
                        ], is_16bit=False, y_plus=0, y_minus=0, x=120, y=99),
                        Tile(mirror=False, invert=False, format=1, length=7, subtile_bytes=[
                            bytearray(b'\x00\x00\x00\x00\x00\x00\x80\x00@\x00@0\x80p\x10\xe0\x00\x00\x00\x00\x00\x00\x80\x00\xc0\x00\x80`\x80P\x10\x00'),
                            None,
                            bytearray(b'\x00\xe0\xe0\x00\x00\x00\xc0@\xc0\xc0@\x00\xc0\x80\xc0@ \xa0\xc0 \xc0\xc0@\xc0\xc0@\x00\xc0@\x00\xc0@'),
                            None,
                        ], is_16bit=False, y_plus=0, y_minus=0, x=136, y=99),
                        Tile(mirror=False, invert=False, format=1, length=7, subtile_bytes=[
                            bytearray(b'\x04\x00\x00\x00\x00\x00\x00\x00\x00\x00\x00\x00\x00\x00\x00\x00\x07\x03\x00\x00\x00\x00\x00\x00\x00\x00\x00\x00\x00\x00\x00\x00'),
                            bytearray(b'\x03\x048\x00\x00\x00\x00\x00\x00\x00\x00\x00\x00\x00\x00\x00\xfb\xfc~F\x00\x00\x00\x00\x00\x00\x00\x00\x00\x00\x00\x00'),
                            None,
                            None,
                        ], is_16bit=False, y_plus=0, y_minus=0, x=120, y=115),
                        Tile(mirror=False, invert=False, format=1, length=5, subtile_bytes=[
                            bytearray(b'\xc0\xc0\x00\x00\x00\x00\x00\x00\x00\x00\x00\x00\x00\x00\x00\x00\xc0\xc0\x00\x00\x00\x00\x00\x00\x00\x00\x00\x00\x00\x00\x00\x00'),
                            None,
                            None,
                            None,
                        ], is_16bit=False, y_plus=0, y_minus=0, x=136, y=115),
                    ]
                ),
                Mold(30, gridplane=False,
                    tiles=[
                        Tile(mirror=False, invert=False, format=1, length=11, subtile_bytes=[
                            bytearray(b'\x01\x01\x00\x03\x00\x03\x00\x03\x00\x01\x00\x00\x00\x01\x02\x00\x00\x00\x00\x02\x00\x02\x00\x02\x02\x00\x07\x00\x02\x01\x03\x02'),
                            bytearray(b"\x00\x00\x80\x00\x82\x04J\x84\xc9\xc0\'\xe3\xc2|\x11\xf4\x00\x00\x88\x00\x9a\x04[\x85>\x03?@\xff\x00\xf3\x8c"),
                            bytearray(b'\x03\x04\x0b\x04\x00\x0f\t\x0f\x1b\x0e\x1d\x07\x1e\x01\x0c\x00\x07\x02\r\x01\x00\x0c\x00\x04\x11\x04\x10\x02\x1e\t\x0f\x03'),
                            bytearray(b"\x13\xe8%\xe3g\xc1\x1e\xe0l\xff\xd8\xe6\'\xc0\xe6\x0f\xf7\x08\xff\x07\xfb\x8b\x06\xe7\x01\x92\x18\'\x1b\xdc\xf09"),
                        ], is_16bit=False, y_plus=0, y_minus=0, x=120, y=99),
                        Tile(mirror=False, invert=False, format=1, length=7, subtile_bytes=[
                            bytearray(b'\x00\x00\x00\x00\x00\x00\x80\x00@\x00@0\x80p\x10\xe0\x00\x00\x00\x00\x00\x00\x80\x00\xc0\x00\x80`\x80P\x10\x00'),
                            None,
                            bytearray(b'\x00\xe0\xe0\x00\x00\x00\xc0@\xc0\xc0@\x00\xc0\x80\xc0@ \xa0\xc0 \xc0\xc0@\xc0\xc0@\x00\xc0@\x00\xc0@'),
                            None,
                        ], is_16bit=False, y_plus=0, y_minus=0, x=136, y=99),
                        Tile(mirror=False, invert=False, format=1, length=7, subtile_bytes=[
                            bytearray(b'\x04\x00\x00\x00\x00\x00\x00\x00\x00\x00\x00\x00\x00\x00\x00\x00\x07\x03\x00\x00\x00\x00\x00\x00\x00\x00\x00\x00\x00\x00\x00\x00'),
                            bytearray(b'\x03\x048\x00\x00\x00\x00\x00\x00\x00\x00\x00\x00\x00\x00\x00\xfb\xfc~F\x00\x00\x00\x00\x00\x00\x00\x00\x00\x00\x00\x00'),
                            None,
                            None,
                        ], is_16bit=False, y_plus=0, y_minus=0, x=120, y=115),
                        Tile(mirror=False, invert=False, format=1, length=5, subtile_bytes=[
                            bytearray(b'\xc0\xc0\x00\x00\x00\x00\x00\x00\x00\x00\x00\x00\x00\x00\x00\x00\xc0\xc0\x00\x00\x00\x00\x00\x00\x00\x00\x00\x00\x00\x00\x00\x00'),
                            None,
                            None,
                            None,
                        ], is_16bit=False, y_plus=0, y_minus=0, x=136, y=115),
                    ]
                ),
                Mold(31, gridplane=False,
                    tiles=[
                        Tile(mirror=False, invert=False, format=1, length=11, subtile_bytes=[
                            bytearray(b'\x00\x00\x00\x00\x00\x00\x00\x00`\x18\xb8\\\xbc|~\xfc\x00\x00\x00\x00\x00\x00\x00\x00@X\xe0\xe4\x00@\x80\x82'),
                            bytearray(b'\x00\xc0H\xc1\x88\xe5\r\xf0Hw\x01\x7f\x86\xc3\x90\x83\x01@\x0e\x01\n%\x1f\x90\x0f\x00\x0f\xf8\xff@\xbf@'),
                            bytearray(b'\xfa|:\xfdGy_#z\x071\x1f?\x0f\x1f\x00\x82\x86\x84\xc7\x08z0|\x00} \x1f0\x0f\x1f\x00'),
                            bytearray(b'\xd8\xc3uc\x8e3G\xbby\xbf\xd8\xbf\xfe\x0f\x19&\xdf2o\x8e\xb7Et\xb8@\x82@\xa3\xf0\x11\xd1\xe6'),
                        ], is_16bit=False, y_plus=0, y_minus=0, x=104, y=104),
                        Tile(mirror=False, invert=False, format=1, length=11, subtile_bytes=[
                            bytearray(b'\x01\x03B\x03B\'\xc4\x0fz\xef\xc0\xc6E\xc1-\x80\x80\x02\xd0\x00\xd0$\xd89\xf1\x01\xca7\xdf"\xbbF'),
                            bytearray(b'\x00\x00\x00\x00\x00\x00\x00\x00\x03\x0c\x0e\x1d\x1e\x1f?\x1f\x00\x00\x00\x00\x00\x00\x00\x00\x01\r\x03\x13\x00\x01\x00 '),
                            bytearray(b'\xc2\x88H =\xcc\xab\xd1\xcb\xb5\xcf1\xdfav\x80\xfc\x1f8\xff\xfd\xb2\x1auJ5\xc87\x9e)o\x89'),
                            bytearray(b'/\x1f\xae_\xf1O}\xe2/\xf0\xc6\xfc\xfex\xfc\x00 0\x90q\x88/\x06\x9f\x00\xdf\x02\xfc\x86x\xfc\x00'),
                        ], is_16bit=False, y_plus=0, y_minus=0, x=120, y=104),
                        Tile(mirror=False, invert=False, format=1, length=7, subtile_bytes=[
                            bytearray(b'\x00\x00\x00\x00\x00\x00\x00\x00\x00\x00\x00\x00\x80\x00\x00\x80\x00\x00\x00\x00\x00\x00\x00\x00\x00\x00\x00\x00\x00\x00\x80\x80'),
                            None,
                            bytearray(b'\x80\x00\x00\x80\x80\x00\x80\x00\x00\x00\x00\x00\x00\x00\x00\x00\x80\x80\x80\x80\x80\x00\x80\x00\x00\x00\x00\x00\x00\x00\x00\x00'),
                            None,
                        ], is_16bit=False, y_plus=0, y_minus=0, x=136, y=104),
                        Tile(mirror=False, invert=False, format=1, length=11, subtile_bytes=[
                            bytearray(b'\x07\x00\x0f\x00\x17\x08\x16\t\x17\x08\x17\x08\x16\x0b\r\x03\x05\x06\t\x0e\x19\x1e\x18\x1f\x19\x1e\x1b\x1c\x1c\x1b\x0c\n'),
                            bytearray(b'\xee0\xa40\xe5;f\xff\xf3\x9f\xfe\xc0~\xe9\x9f\xec\xcd\x1b\xcfT\xc0\x0b\x00\xe1`\x9f?\xc1\x16\xe9\x13l'),
                            bytearray(b'\x0c\x03\x0e\x03\x0f\x01\x0f\x00\x08\x00\x18\x00<\x00?\x00\x0c\x0b\x04\x0b\x06\t\x01\x0e\x07\x0f\x07\x1f\x0f3?\x00'),
                            bytearray(b'\x18\xff\xbc\xef\xffn\xff\xc7\xe3\x80\x01\x00O0_p\x00\xff\x10\xef\x91n\xb8\xc7\xfb\x98\xf9\xf8\xcc\xb3\x8c\xf3'),
                        ], is_16bit=False, y_plus=0, y_minus=0, x=104, y=120),
                        Tile(mirror=False, invert=False, format=1, length=11, subtile_bytes=[
                            bytearray(b'\xd6\x00/\x08\xcfh9\xf6\xaf\xe7\xbf\x00\x1f\xe0\xff\xe0?\xf9\xf7\xf87\xf8\t\xf6\x18\xf7\xff@\x1f\xe0\x1f\xe0'),
                            bytearray(b'\xf0\x80\xf8\xc0tx4848\xb48\xe4\x08\xe4\x08\x90\xf0\xc8\xf8\xfc\xfc\xfc\xfc\xfc\xfc\xfc|\xfc\x1c\xfc\x1c'),
                            bytearray(b'\xf4\xc0:\xe0\xf0\x00\xec\x80\xcc\x00\x80\x00\xf3\x00\xf7\x03?\xcb\x1f\xe5\xff\x0f\x7f\x93\xef#\xcfO\x1f\xec\x1c\xeb'),
                            bytearray(b'\xe8\x80\xc8\x00\x88\x00\x08\x00\x08\x00\x0c\x00\x1e\x00\xfe\x00x\x98\xf88\xf0x\xf0\xf8\xf0\xf8\xf0\xfc\xf8\xe6\xfe\x00'),
                        ], is_16bit=False, y_plus=0, y_minus=0, x=120, y=120),
                        Tile(mirror=False, invert=False, format=1, length=7, subtile_bytes=[
                            bytearray(b'0@p\x80y\x80_ \x19\x00\x00\x11\x00\x00\x00\x00\x7fO\xff\xef\xff\xdf|z\x18\x10\x11\x11\x00\x00\x00\x00'),
                            bytearray(b'? \x9f\x00\xf8\x00\xc0\x00\x00\x80\x00\x00\x00\x00\x00\x00\xd8\xe7\xf0o\xc0\xb8\x80\xc0\x80\x80\x00\x00\x00\x00\x00\x00'),
                            None,
                            None,
                        ], is_16bit=False, y_plus=0, y_minus=0, x=104, y=136),
                        Tile(mirror=False, invert=False, format=1, length=7, subtile_bytes=[
                            bytearray(b'\xff\x03\xff\x01\x0f\x00\x01\x00\x00\x00\x00\x00\x00\x00\x00\x00\x0c\xf3\x0e\xf1\x01\x0f\x00\x01\x00\x00\x00\x00\x00\x00\x00\x00'),
                            bytearray(b'\xfe\xc0\x7f\x80\xfe\x01\xfe\x00\xc8\x00\x00\x88\x00\x00\x00\x00>\xc2\x7f\x9agcJn\xc8\xc8\x88\x88\x00\x00\x00\x00'),
                            None,
                            None,
                        ], is_16bit=False, y_plus=0, y_minus=0, x=120, y=136),
                    ]
                ),
            ],
            sequences=[
                AnimationSequence(
                    frames=[
                        AnimationSequenceFrame(duration=8, mold_id=0),
                        AnimationSequenceFrame(duration=8, mold_id=1),
                        AnimationSequenceFrame(duration=8, mold_id=0),
                        AnimationSequenceFrame(duration=8, mold_id=2),
                    ]
                ),
                AnimationSequence(
                    frames=[
                        AnimationSequenceFrame(duration=8, mold_id=3),
                        AnimationSequenceFrame(duration=8, mold_id=4),
                        AnimationSequenceFrame(duration=8, mold_id=3),
                        AnimationSequenceFrame(duration=8, mold_id=5),
                    ]
                ),
                AnimationSequence(
                    frames=[
                    ]
                ),
                AnimationSequence(
                    frames=[
                    ]
                ),
                AnimationSequence(
                    frames=[
                        AnimationSequenceFrame(duration=4, mold_id=23),
                        AnimationSequenceFrame(duration=4, mold_id=24),
                        AnimationSequenceFrame(duration=4, mold_id=25),
                        AnimationSequenceFrame(duration=4, mold_id=7),
                        AnimationSequenceFrame(duration=4, mold_id=26),
                    ]
                ),
                AnimationSequence(
                    frames=[
                        AnimationSequenceFrame(duration=2, mold_id=31),
                    ]
                ),
                AnimationSequence(
                    frames=[
                        AnimationSequenceFrame(duration=2, mold_id=6),
                    ]
                ),
                AnimationSequence(
                    frames=[
                        AnimationSequenceFrame(duration=2, mold_id=7),
                    ]
                ),
                AnimationSequence(
                    frames=[
                        AnimationSequenceFrame(duration=8, mold_id=8),
                        AnimationSequenceFrame(duration=8, mold_id=0),
                        AnimationSequenceFrame(duration=8, mold_id=9),
                        AnimationSequenceFrame(duration=8, mold_id=0),
                    ]
                ),
                AnimationSequence(
                    frames=[
                        AnimationSequenceFrame(duration=8, mold_id=10),
                        AnimationSequenceFrame(duration=8, mold_id=3),
                        AnimationSequenceFrame(duration=8, mold_id=11),
                        AnimationSequenceFrame(duration=8, mold_id=3),
                    ]
                ),
                AnimationSequence(
                    frames=[
                        AnimationSequenceFrame(duration=8, mold_id=12),
                        AnimationSequenceFrame(duration=8, mold_id=13),
                        AnimationSequenceFrame(duration=8, mold_id=12),
                        AnimationSequenceFrame(duration=8, mold_id=14),
                    ]
                ),
                AnimationSequence(
                    frames=[
                        AnimationSequenceFrame(duration=8, mold_id=15),
                        AnimationSequenceFrame(duration=8, mold_id=16),
                        AnimationSequenceFrame(duration=8, mold_id=15),
                        AnimationSequenceFrame(duration=8, mold_id=17),
                    ]
                ),
                AnimationSequence(
                    frames=[
                        AnimationSequenceFrame(duration=8, mold_id=18),
                        AnimationSequenceFrame(duration=8, mold_id=19),
                        AnimationSequenceFrame(duration=8, mold_id=18),
                        AnimationSequenceFrame(duration=8, mold_id=20),
                    ]
                ),
                AnimationSequence(
                    frames=[
                        AnimationSequenceFrame(duration=16, mold_id=27),
                        AnimationSequenceFrame(duration=16, mold_id=28),
                        AnimationSequenceFrame(duration=16, mold_id=29),
                        AnimationSequenceFrame(duration=16, mold_id=28),
                    ]
                ),
                AnimationSequence(
                    frames=[
                        AnimationSequenceFrame(duration=8, mold_id=30),
                        AnimationSequenceFrame(duration=8, mold_id=27),
                        AnimationSequenceFrame(duration=8, mold_id=30),
                        AnimationSequenceFrame(duration=8, mold_id=27),
                        AnimationSequenceFrame(duration=63, mold_id=30),
                    ]
                ),
            ]
        )
    ),
    palette_id=664,
    palette_offset=0,
    unknown_num=0
)
