# AUTOGENERATED DO NOT EDIT!!
# Run the following command if you need to rebuild the table
# python manage.py graphicsdisassembler --rom ROM
from randomizer.data.palettes import CompleteSprite, AnimationPack, AnimationPackProperties, AnimationSequence, AnimationSequenceFrame, Mold, Tile, Clone
sprite = CompleteSprite(
    animation=AnimationPack(109, length=668, unknown=0x0000,
        properties=AnimationPackProperties(vram_size=4096,
            molds=[
                Mold(0, gridplane=False,
                    tiles=[
                        Tile(mirror=False, invert=False, format=0, length=7, subtile_bytes=[
                            bytearray(b'\x06\x05\x00\x02\x00\x02\x06\x02\x07\x04\x08\x04\t\x06\n\x02\x0b\x02\x0c\x02\n\x02\x0b\x02\x0c\x02\n\x02\x0b\x02\x0c\x02'),
                            bytearray(b'\x00\x15\x012\x02\x00F\x01"\x05\xffV\x012\xf3\x00c\x01\x002\x04\x06\xbd\x002\xef\x01\xcc\x00b\xed\x04'),
                            bytearray(b'\t\x01\x82\x00\x00\x15\x012\x00\x02F\x01"\x02\xffV\x012\xf8\x00,\x02\x002\x02\x05\xbd\x002\xf5\x00\xcc'),
                            bytearray(b'2\xfa\x00\xcc\x00b\xf9\x00\xdf\x00\x12\xf8\x01\x02\x01"\xfa\x02\t\x01\x82\x00\x00\x15\x012\x00\x03F\x01"\x01'),
                        ], is_16bit=False, y_plus=0, y_minus=0, x=121, y=85),
                        Tile(mirror=False, invert=False, format=0, length=7, subtile_bytes=[
                            bytearray(b'\x06\x05\x00\x02\x00\x02\x06\x02\x07\x04\x08\x04\t\x06\n\x02\x0b\x02\x0c\x02\n\x02\x0b\x02\x0c\x02\n\x02\x0b\x02\x0c\x02'),
                            bytearray(b'\x00\x15\x012\x02\x00F\x01"\x05\xffV\x012\xf3\x00c\x01\x002\x04\x06\xbd\x002\xef\x01\xcc\x00b\xed\x04'),
                            bytearray(b'\t\x01\x82\x00\x00\x15\x012\x00\x02F\x01"\x02\xffV\x012\xf8\x00,\x02\x002\x02\x05\xbd\x002\xf5\x00\xcc'),
                            bytearray(b'2\xfa\x00\xcc\x00b\xf9\x00\xdf\x00\x12\xf8\x01\x02\x01"\xfa\x02\t\x01\x82\x00\x00\x15\x012\x00\x03F\x01"\x01'),
                        ], is_16bit=False, y_plus=0, y_minus=0, x=121, y=80),
                        Tile(mirror=False, invert=False, format=0, length=7, subtile_bytes=[
                            bytearray(b'\x06\x05\x00\x02\x00\x02\x06\x02\x07\x04\x08\x04\t\x06\n\x02\x0b\x02\x0c\x02\n\x02\x0b\x02\x0c\x02\n\x02\x0b\x02\x0c\x02'),
                            bytearray(b'\x00\x15\x012\x02\x00F\x01"\x05\xffV\x012\xf3\x00c\x01\x002\x04\x06\xbd\x002\xef\x01\xcc\x00b\xed\x04'),
                            bytearray(b'\t\x01\x82\x00\x00\x15\x012\x00\x02F\x01"\x02\xffV\x012\xf8\x00,\x02\x002\x02\x05\xbd\x002\xf5\x00\xcc'),
                            bytearray(b'2\xfa\x00\xcc\x00b\xf9\x00\xdf\x00\x12\xf8\x01\x02\x01"\xfa\x02\t\x01\x82\x00\x00\x15\x012\x00\x03F\x01"\x01'),
                        ], is_16bit=False, y_plus=0, y_minus=0, x=104, y=108),
                        Tile(mirror=False, invert=False, format=0, length=7, subtile_bytes=[
                            bytearray(b'\x06\x05\x00\x02\x00\x02\x06\x02\x07\x04\x08\x04\t\x06\n\x02\x0b\x02\x0c\x02\n\x02\x0b\x02\x0c\x02\n\x02\x0b\x02\x0c\x02'),
                            bytearray(b'\x00\x15\x012\x02\x00F\x01"\x05\xffV\x012\xf3\x00c\x01\x002\x04\x06\xbd\x002\xef\x01\xcc\x00b\xed\x04'),
                            bytearray(b'\t\x01\x82\x00\x00\x15\x012\x00\x02F\x01"\x02\xffV\x012\xf8\x00,\x02\x002\x02\x05\xbd\x002\xf5\x00\xcc'),
                            bytearray(b'2\xfa\x00\xcc\x00b\xf9\x00\xdf\x00\x12\xf8\x01\x02\x01"\xfa\x02\t\x01\x82\x00\x00\x15\x012\x00\x03F\x01"\x01'),
                        ], is_16bit=False, y_plus=0, y_minus=0, x=137, y=108),
                        Tile(mirror=False, invert=False, format=0, length=5, subtile_bytes=[
                            bytearray(b'"\x01\x00V\x012\x00\x00c\x01\x002\x00\x01\xbd\x002\x00\x00\xcc\x00b\x00\x02\xdf\x00\x12\x00\x01\x02\x01\xa2'),
                            bytearray(b'\n\x02\x0b\x02\x0c\x02\n\x02\x0b\x02\x0c\x02\n\x02\x0b\x02\x0c\x02\n\n\r\x00\x02\x00\x02\x0e\x02\x0f\x02\x10\x02\x11'),
                            None,
                            None,
                        ], is_16bit=False, y_plus=0, y_minus=0, x=128, y=127),
                        Tile(mirror=False, invert=False, format=0, length=5, subtile_bytes=[
                            bytearray(b'\xdf\x002\x02\x00\x02\x01\x82\x01\x00\x15\x01R\x01\xffF\x012\x00\xffc\x01\x00\x12\x05\x0c\x00\xa5\x00\x06\x13 '),
                            bytearray(b'\x00b\xf4\x02\xdf\x00\x12\xf5\x04\x02\x01"\xf8\x06\t\x01\x82\x00\x00\x15\x012\x01\x01F\x01"\x04\xffV\x012'),
                            None,
                            None,
                        ], is_16bit=False, y_plus=0, y_minus=0, x=112, y=127),
                        Tile(mirror=False, invert=False, format=0, length=6, subtile_bytes=[
                            None,
                            bytearray(b'\x03\x02\x01"\x00\x01\t\x01\x82\x01\x00\x15\x01R\x00\x00F\x012\xfc\x00c\x01\x002\x00\x01\xbd\x002\x00\x00'),
                            bytearray(b'\x002\x05\x08\xbd\x002\xeb\x06\xcc\x00b\xe6\x07\xdf\x00\x12\xed\x08\x02\x01"\xf5\t\t\x01\x82\x00\x00\x15\x012'),
                            bytearray(b'\x00\x00F\x012\xf6\x00c\x01\x00b\xff\x01\xbd\x00b\x00\xff\xdf\x00\x12\x00\x00\x02\x01"\xfe\x00\t\x01\x82\xff'),
                        ], is_16bit=False, y_plus=0, y_minus=0, x=128, y=111),
                        Tile(mirror=False, invert=False, format=0, length=6, subtile_bytes=[
                            bytearray(b'2\xf9\x00c\x01\x00b\x00\x00\xbd\x00b\x00\n\xdf\x00\x12\x00\x07\x02\x01"\x00\x03\t\x01\x82\xff\x00\x15\x01R'),
                            None,
                            bytearray(b'\xffV\x012\xfa\x00c\x01\x002\x01\x04\xbd\x002\xf9\x00\x00\x02b\xf7\x01\xdf\x00\x12\xf6\x02\x02\x01"\xf9\x04'),
                            bytearray(b'\x01"\xfa\x01\t\x01\x82\x00\x00\x15\x012\x00\x02F\x01"\x01\x00V\x012\xfd\x00,\x02\x002\x00\x03\xbd\x00'),
                        ], is_16bit=False, y_plus=0, y_minus=0, x=112, y=111),
                        Tile(mirror=False, invert=False, format=0, length=7, subtile_bytes=[
                            bytearray(b'\xfa\n\xbd\x002\xf3\x08\xcc\x00b\xf4\r\xdf\x00\x12\xf5\n\x02\x01"\xf6\n\t\x01\x82\xf9\x08\x15\x012\xf9\x06'),
                            bytearray(b'V\x012\x02\x00,\x02\x002\x00\x01\xbd\x002\xfe\x00\xcc\x00b\x00\xff\xdf\x002\x00\x00\x02\x01\x82\xff\x00\x15'),
                            bytearray(b'\xdfS{s2\x11\xff\xf0\x00\x12\x0b\xfe\x02\x01"\x0b\x00\t\x01\x82\x01\x00\x15\x012\x02\xfeF\x01"\xfe\xfd'),
                            bytearray(b'\x00\x01\xbd\x002\xfe\x00\xcc\x00b\xfc\x00\xdf\x00\x12\xfd\x00\x02\x01"\xfe\x00\t\x01\x82\x00\x00\x15\x012\x00\x01'),
                        ], is_16bit=False, y_plus=0, y_minus=0, x=120, y=103),
                    ]
                ),
                Mold(1, gridplane=False,
                    tiles=[
                        Tile(mirror=False, invert=False, format=0, length=7, subtile_bytes=[
                            bytearray(b'\x06\x05\x00\x02\x00\x02\x06\x02\x07\x04\x08\x04\t\x06\n\x02\x0b\x02\x0c\x02\n\x02\x0b\x02\x0c\x02\n\x02\x0b\x02\x0c\x02'),
                            bytearray(b'\x00\x15\x012\x02\x00F\x01"\x05\xffV\x012\xf3\x00c\x01\x002\x04\x06\xbd\x002\xef\x01\xcc\x00b\xed\x04'),
                            bytearray(b'\t\x01\x82\x00\x00\x15\x012\x00\x02F\x01"\x02\xffV\x012\xf8\x00,\x02\x002\x02\x05\xbd\x002\xf5\x00\xcc'),
                            bytearray(b'2\xfa\x00\xcc\x00b\xf9\x00\xdf\x00\x12\xf8\x01\x02\x01"\xfa\x02\t\x01\x82\x00\x00\x15\x012\x00\x03F\x01"\x01'),
                        ], is_16bit=False, y_plus=0, y_minus=0, x=126, y=86),
                        Tile(mirror=False, invert=False, format=0, length=7, subtile_bytes=[
                            bytearray(b'\x06\x05\x00\x02\x00\x02\x06\x02\x07\x04\x08\x04\t\x06\n\x02\x0b\x02\x0c\x02\n\x02\x0b\x02\x0c\x02\n\x02\x0b\x02\x0c\x02'),
                            bytearray(b'\x00\x15\x012\x02\x00F\x01"\x05\xffV\x012\xf3\x00c\x01\x002\x04\x06\xbd\x002\xef\x01\xcc\x00b\xed\x04'),
                            bytearray(b'\t\x01\x82\x00\x00\x15\x012\x00\x02F\x01"\x02\xffV\x012\xf8\x00,\x02\x002\x02\x05\xbd\x002\xf5\x00\xcc'),
                            bytearray(b'2\xfa\x00\xcc\x00b\xf9\x00\xdf\x00\x12\xf8\x01\x02\x01"\xfa\x02\t\x01\x82\x00\x00\x15\x012\x00\x03F\x01"\x01'),
                        ], is_16bit=False, y_plus=0, y_minus=0, x=371, y=338),
                        Tile(mirror=False, invert=False, format=0, length=7, subtile_bytes=[
                            bytearray(b'\x06\x05\x00\x02\x00\x02\x06\x02\x07\x04\x08\x04\t\x06\n\x02\x0b\x02\x0c\x02\n\x02\x0b\x02\x0c\x02\n\x02\x0b\x02\x0c\x02'),
                            bytearray(b'\x00\x15\x012\x02\x00F\x01"\x05\xffV\x012\xf3\x00c\x01\x002\x04\x06\xbd\x002\xef\x01\xcc\x00b\xed\x04'),
                            bytearray(b'\t\x01\x82\x00\x00\x15\x012\x00\x02F\x01"\x02\xffV\x012\xf8\x00,\x02\x002\x02\x05\xbd\x002\xf5\x00\xcc'),
                            bytearray(b'2\xfa\x00\xcc\x00b\xf9\x00\xdf\x00\x12\xf8\x01\x02\x01"\xfa\x02\t\x01\x82\x00\x00\x15\x012\x00\x03F\x01"\x01'),
                        ], is_16bit=False, y_plus=0, y_minus=0, x=360, y=96),
                        Tile(mirror=False, invert=False, format=0, length=7, subtile_bytes=[
                            bytearray(b'\x06\x05\x00\x02\x00\x02\x06\x02\x07\x04\x08\x04\t\x06\n\x02\x0b\x02\x0c\x02\n\x02\x0b\x02\x0c\x02\n\x02\x0b\x02\x0c\x02'),
                            bytearray(b'\x00\x15\x012\x02\x00F\x01"\x05\xffV\x012\xf3\x00c\x01\x002\x04\x06\xbd\x002\xef\x01\xcc\x00b\xed\x04'),
                            bytearray(b'\t\x01\x82\x00\x00\x15\x012\x00\x02F\x01"\x02\xffV\x012\xf8\x00,\x02\x002\x02\x05\xbd\x002\xf5\x00\xcc'),
                            bytearray(b'2\xfa\x00\xcc\x00b\xf9\x00\xdf\x00\x12\xf8\x01\x02\x01"\xfa\x02\t\x01\x82\x00\x00\x15\x012\x00\x03F\x01"\x01'),
                        ], is_16bit=False, y_plus=0, y_minus=0, x=137, y=94),
                        Tile(mirror=False, invert=False, format=0, length=5, subtile_bytes=[
                            bytearray(b'"\x01\x00V\x012\x00\x00c\x01\x002\x00\x01\xbd\x002\x00\x00\xcc\x00b\x00\x02\xdf\x00\x12\x00\x01\x02\x01\xa2'),
                            bytearray(b'\n\x02\x0b\x02\x0c\x02\n\x02\x0b\x02\x0c\x02\n\x02\x0b\x02\x0c\x02\n\n\r\x00\x02\x00\x02\x0e\x02\x0f\x02\x10\x02\x11'),
                            None,
                            None,
                        ], is_16bit=False, y_plus=0, y_minus=0, x=128, y=127),
                        Tile(mirror=False, invert=False, format=0, length=5, subtile_bytes=[
                            bytearray(b'\xdf\x002\x02\x00\x02\x01\x82\x01\x00\x15\x01R\x01\xffF\x012\x00\xffc\x01\x00\x12\x05\x0c\x00\xa5\x00\x06\x13 '),
                            bytearray(b'\x00b\xf4\x02\xdf\x00\x12\xf5\x04\x02\x01"\xf8\x06\t\x01\x82\x00\x00\x15\x012\x01\x01F\x01"\x04\xffV\x012'),
                            None,
                            None,
                        ], is_16bit=False, y_plus=0, y_minus=0, x=112, y=127),
                        Tile(mirror=False, invert=False, format=0, length=6, subtile_bytes=[
                            None,
                            bytearray(b'\x03\x02\x01"\x00\x01\t\x01\x82\x01\x00\x15\x01R\x00\x00F\x012\xfc\x00c\x01\x002\x00\x01\xbd\x002\x00\x00'),
                            bytearray(b'\x002\x05\x08\xbd\x002\xeb\x06\xcc\x00b\xe6\x07\xdf\x00\x12\xed\x08\x02\x01"\xf5\t\t\x01\x82\x00\x00\x15\x012'),
                            bytearray(b'\x00\x00F\x012\xf6\x00c\x01\x00b\xff\x01\xbd\x00b\x00\xff\xdf\x00\x12\x00\x00\x02\x01"\xfe\x00\t\x01\x82\xff'),
                        ], is_16bit=False, y_plus=0, y_minus=0, x=128, y=111),
                        Tile(mirror=False, invert=False, format=0, length=6, subtile_bytes=[
                            bytearray(b'2\xf9\x00c\x01\x00b\x00\x00\xbd\x00b\x00\n\xdf\x00\x12\x00\x07\x02\x01"\x00\x03\t\x01\x82\xff\x00\x15\x01R'),
                            None,
                            bytearray(b'\xffV\x012\xfa\x00c\x01\x002\x01\x04\xbd\x002\xf9\x00\x00\x02b\xf7\x01\xdf\x00\x12\xf6\x02\x02\x01"\xf9\x04'),
                            bytearray(b'\x01"\xfa\x01\t\x01\x82\x00\x00\x15\x012\x00\x02F\x01"\x01\x00V\x012\xfd\x00,\x02\x002\x00\x03\xbd\x00'),
                        ], is_16bit=False, y_plus=0, y_minus=0, x=112, y=111),
                        Tile(mirror=False, invert=False, format=0, length=7, subtile_bytes=[
                            bytearray(b'\xfa\n\xbd\x002\xf3\x08\xcc\x00b\xf4\r\xdf\x00\x12\xf5\n\x02\x01"\xf6\n\t\x01\x82\xf9\x08\x15\x012\xf9\x06'),
                            bytearray(b'V\x012\x02\x00,\x02\x002\x00\x01\xbd\x002\xfe\x00\xcc\x00b\x00\xff\xdf\x002\x00\x00\x02\x01\x82\xff\x00\x15'),
                            bytearray(b'\xdfS{s2\x11\xff\xf0\x00\x12\x0b\xfe\x02\x01"\x0b\x00\t\x01\x82\x01\x00\x15\x012\x02\xfeF\x01"\xfe\xfd'),
                            bytearray(b'\x00\x01\xbd\x002\xfe\x00\xcc\x00b\xfc\x00\xdf\x00\x12\xfd\x00\x02\x01"\xfe\x00\t\x01\x82\x00\x00\x15\x012\x00\x01'),
                        ], is_16bit=False, y_plus=0, y_minus=0, x=120, y=103),
                    ]
                ),
                Mold(2, gridplane=False,
                    tiles=[
                        Tile(mirror=False, invert=False, format=0, length=7, subtile_bytes=[
                            bytearray(b'\x06\x05\x00\x02\x00\x02\x06\x02\x07\x04\x08\x04\t\x06\n\x02\x0b\x02\x0c\x02\n\x02\x0b\x02\x0c\x02\n\x02\x0b\x02\x0c\x02'),
                            bytearray(b'\x00\x15\x012\x02\x00F\x01"\x05\xffV\x012\xf3\x00c\x01\x002\x04\x06\xbd\x002\xef\x01\xcc\x00b\xed\x04'),
                            bytearray(b'\t\x01\x82\x00\x00\x15\x012\x00\x02F\x01"\x02\xffV\x012\xf8\x00,\x02\x002\x02\x05\xbd\x002\xf5\x00\xcc'),
                            bytearray(b'2\xfa\x00\xcc\x00b\xf9\x00\xdf\x00\x12\xf8\x01\x02\x01"\xfa\x02\t\x01\x82\x00\x00\x15\x012\x00\x03F\x01"\x01'),
                        ], is_16bit=False, y_plus=0, y_minus=0, x=362, y=92),
                        Tile(mirror=False, invert=False, format=0, length=7, subtile_bytes=[
                            bytearray(b'\x06\x05\x00\x02\x00\x02\x06\x02\x07\x04\x08\x04\t\x06\n\x02\x0b\x02\x0c\x02\n\x02\x0b\x02\x0c\x02\n\x02\x0b\x02\x0c\x02'),
                            bytearray(b'\x00\x15\x012\x02\x00F\x01"\x05\xffV\x012\xf3\x00c\x01\x002\x04\x06\xbd\x002\xef\x01\xcc\x00b\xed\x04'),
                            bytearray(b'\t\x01\x82\x00\x00\x15\x012\x00\x02F\x01"\x02\xffV\x012\xf8\x00,\x02\x002\x02\x05\xbd\x002\xf5\x00\xcc'),
                            bytearray(b'2\xfa\x00\xcc\x00b\xf9\x00\xdf\x00\x12\xf8\x01\x02\x01"\xfa\x02\t\x01\x82\x00\x00\x15\x012\x00\x03F\x01"\x01'),
                        ], is_16bit=False, y_plus=0, y_minus=0, x=135, y=92),
                        Tile(mirror=False, invert=False, format=0, length=7, subtile_bytes=[
                            bytearray(b'\x06\x05\x00\x02\x00\x02\x06\x02\x07\x04\x08\x04\t\x06\n\x02\x0b\x02\x0c\x02\n\x02\x0b\x02\x0c\x02\n\x02\x0b\x02\x0c\x02'),
                            bytearray(b'\x00\x15\x012\x02\x00F\x01"\x05\xffV\x012\xf3\x00c\x01\x002\x04\x06\xbd\x002\xef\x01\xcc\x00b\xed\x04'),
                            bytearray(b'\t\x01\x82\x00\x00\x15\x012\x00\x02F\x01"\x02\xffV\x012\xf8\x00,\x02\x002\x02\x05\xbd\x002\xf5\x00\xcc'),
                            bytearray(b'2\xfa\x00\xcc\x00b\xf9\x00\xdf\x00\x12\xf8\x01\x02\x01"\xfa\x02\t\x01\x82\x00\x00\x15\x012\x00\x03F\x01"\x01'),
                        ], is_16bit=False, y_plus=0, y_minus=0, x=134, y=89),
                        Tile(mirror=False, invert=False, format=0, length=7, subtile_bytes=[
                            bytearray(b'\x06\x05\x00\x02\x00\x02\x06\x02\x07\x04\x08\x04\t\x06\n\x02\x0b\x02\x0c\x02\n\x02\x0b\x02\x0c\x02\n\x02\x0b\x02\x0c\x02'),
                            bytearray(b'\x00\x15\x012\x02\x00F\x01"\x05\xffV\x012\xf3\x00c\x01\x002\x04\x06\xbd\x002\xef\x01\xcc\x00b\xed\x04'),
                            bytearray(b'\t\x01\x82\x00\x00\x15\x012\x00\x02F\x01"\x02\xffV\x012\xf8\x00,\x02\x002\x02\x05\xbd\x002\xf5\x00\xcc'),
                            bytearray(b'2\xfa\x00\xcc\x00b\xf9\x00\xdf\x00\x12\xf8\x01\x02\x01"\xfa\x02\t\x01\x82\x00\x00\x15\x012\x00\x03F\x01"\x01'),
                        ], is_16bit=False, y_plus=0, y_minus=0, x=363, y=89),
                        Tile(mirror=False, invert=False, format=0, length=5, subtile_bytes=[
                            bytearray(b'\x03\xaf\x03\xdd\x03(\x04Q\x04p\x04\x9e\x04\xbd\x04\xeb\x04\x14\x058\x05f\x05\x8a\x05\xb3\x05\x00\x00\x80\xe7\x06'),
                            bytearray(b'a\x80\xd7\x16D\xf0\xd7\x06J\\O@p\t\xfcC\x80_\xb0\x01\xf4uf;\xf0\xf9\xfcPR<t\x80'),
                            None,
                            None,
                        ], is_16bit=False, y_plus=0, y_minus=0, x=112, y=128),
                        Tile(mirror=False, invert=False, format=0, length=7, subtile_bytes=[
                            bytearray(b'\xbd\x00\xa0\x06\xf4}8\xf0\x0e\xfc:CX_\x12\x06\x00\x0c\x02\x80\x11\xdfF\xf0\t\xcf>odB\xe0\x01'),
                            bytearray(b'\x01"\xf1\x13\t\x01\x82\xf4\r\x15\x012\xf4\x05F\x01"\xfc\x0cV\x012\xed\x0cc\x01\x002\x00\x01\xbd\x00'),
                            bytearray(b'\x04\x16\x06\x17\x02\x16\x02\x15\x02\x14\x02\x00\x02\x0f\x02\x10\x02\x11\x02\x12\x04\x13\x02\x12\x02\x11\x02\x10\x02\x0f\x06\x00'),
                            bytearray(b'\xe1\xf7\x05\x11\x0b\x03\xc0\xe1\xf9n\x86\x80\xd1\tq\xf0\xd1\xf9cx]Y\xf0\xdc\x0clIwWp\xcc\x0c'),
                        ], is_16bit=False, y_plus=0, y_minus=0, x=128, y=120),
                        Tile(mirror=False, invert=False, format=0, length=6, subtile_bytes=[
                            bytearray(b'\xfe\x00\x02\x01"\x00\x00\t\x01\x82\x01\x00\x15\x012\x00\x01F\x01"\xff\x00V\x012\x00\x00c\x01\x002\x00'),
                            None,
                            bytearray(b'\x00\x02\x00\x00\x02\x00\x02\x01\x02\x02\x06\x03\x02\x02\x00\x02\x00\x02\x04\x02\x05\x02\x06\x02\x07\x04\x08\x04\t\x06\n\x06'),
                            bytearray(b'\x0b\x08\x0c\n\r\x08\x0e\x00\x02\x00\x02\x0f\x02\x10\x02\x11\x04\x12\x06\x13\x02\x12\x02\x11\x02\x0f\x02\x00\x02\x14\x02\x15'),
                        ], is_16bit=False, y_plus=0, y_minus=0, x=112, y=112),
                        Tile(mirror=False, invert=False, format=0, length=5, subtile_bytes=[
                            bytearray(b'\x12\xff\x00\x02\x01\xf2\x00\x00\t\x012\x00\x00c\x01\x002\x00\x01\xbd\x002\xfa\x00\xcc\x00b\xff\xfd\xdf\x00\x12'),
                            None,
                            bytearray(b'\x0c\x02\x01"\xf4\n\t\x01\x82\x00\x00\x15\x012\x04\xffF\x01"\x07\x00V\x012\xee\x02c\x01\x002\x03\xff'),
                            None,
                        ], is_16bit=False, y_plus=0, y_minus=0, x=136, y=104),
                        Tile(mirror=False, invert=False, format=0, length=7, subtile_bytes=[
                            bytearray(b'\x04\xffF\x01"\x07\x00V\x012\xee\x02c\x01\x002\x05\x08\xbd\x002\xeb\x06\xcc\x00b\xdf\x11\xdf\x00\x12\xeb'),
                            bytearray(b'\x012\x00\x01F\x01"\x01\x00V\x012\x00\x00c\x01\x002\x00\x00\xbd\x002\xfc\x00\xcc\x00b\x00\xfe\xdf\x00'),
                            bytearray(b'\x15\x012\x00\x01F\x01"\x01\x00V\x01\xa0\xf7\xe5NU\xf0\xff\xedbhX=p\xef\xed\x87\x84\x85\x002'),
                            bytearray(b'\xdf\x00\x12\xf1\x06\x02\x01"\xf6\x08\t\x01\x82\x00\x00\x15\x012\x03\x00F\x01"\x06\xffV\x012\xf0\x00c\x01'),
                        ], is_16bit=False, y_plus=0, y_minus=0, x=120, y=104),
                    ]
                ),
                Mold(3, gridplane=False,
                    tiles=[
                        Tile(mirror=False, invert=False, format=0, length=7, subtile_bytes=[
                            bytearray(b'\x06\x05\x00\x02\x00\x02\x06\x02\x07\x04\x08\x04\t\x06\n\x02\x0b\x02\x0c\x02\n\x02\x0b\x02\x0c\x02\n\x02\x0b\x02\x0c\x02'),
                            bytearray(b'\x00\x15\x012\x02\x00F\x01"\x05\xffV\x012\xf3\x00c\x01\x002\x04\x06\xbd\x002\xef\x01\xcc\x00b\xed\x04'),
                            bytearray(b'\t\x01\x82\x00\x00\x15\x012\x00\x02F\x01"\x02\xffV\x012\xf8\x00,\x02\x002\x02\x05\xbd\x002\xf5\x00\xcc'),
                            bytearray(b'2\xfa\x00\xcc\x00b\xf9\x00\xdf\x00\x12\xf8\x01\x02\x01"\xfa\x02\t\x01\x82\x00\x00\x15\x012\x00\x03F\x01"\x01'),
                        ], is_16bit=False, y_plus=0, y_minus=0, x=137, y=96),
                        Tile(mirror=False, invert=False, format=0, length=7, subtile_bytes=[
                            bytearray(b'\x06\x05\x00\x02\x00\x02\x06\x02\x07\x04\x08\x04\t\x06\n\x02\x0b\x02\x0c\x02\n\x02\x0b\x02\x0c\x02\n\x02\x0b\x02\x0c\x02'),
                            bytearray(b'\x00\x15\x012\x02\x00F\x01"\x05\xffV\x012\xf3\x00c\x01\x002\x04\x06\xbd\x002\xef\x01\xcc\x00b\xed\x04'),
                            bytearray(b'\t\x01\x82\x00\x00\x15\x012\x00\x02F\x01"\x02\xffV\x012\xf8\x00,\x02\x002\x02\x05\xbd\x002\xf5\x00\xcc'),
                            bytearray(b'2\xfa\x00\xcc\x00b\xf9\x00\xdf\x00\x12\xf8\x01\x02\x01"\xfa\x02\t\x01\x82\x00\x00\x15\x012\x00\x03F\x01"\x01'),
                        ], is_16bit=False, y_plus=0, y_minus=0, x=360, y=98),
                        Tile(mirror=False, invert=False, format=0, length=7, subtile_bytes=[
                            bytearray(b'\x06\x05\x00\x02\x00\x02\x06\x02\x07\x04\x08\x04\t\x06\n\x02\x0b\x02\x0c\x02\n\x02\x0b\x02\x0c\x02\n\x02\x0b\x02\x0c\x02'),
                            bytearray(b'\x00\x15\x012\x02\x00F\x01"\x05\xffV\x012\xf3\x00c\x01\x002\x04\x06\xbd\x002\xef\x01\xcc\x00b\xed\x04'),
                            bytearray(b'\t\x01\x82\x00\x00\x15\x012\x00\x02F\x01"\x02\xffV\x012\xf8\x00,\x02\x002\x02\x05\xbd\x002\xf5\x00\xcc'),
                            bytearray(b'2\xfa\x00\xcc\x00b\xf9\x00\xdf\x00\x12\xf8\x01\x02\x01"\xfa\x02\t\x01\x82\x00\x00\x15\x012\x00\x03F\x01"\x01'),
                        ], is_16bit=False, y_plus=0, y_minus=0, x=125, y=338),
                        Tile(mirror=False, invert=False, format=0, length=7, subtile_bytes=[
                            bytearray(b'\x06\x05\x00\x02\x00\x02\x06\x02\x07\x04\x08\x04\t\x06\n\x02\x0b\x02\x0c\x02\n\x02\x0b\x02\x0c\x02\n\x02\x0b\x02\x0c\x02'),
                            bytearray(b'\x00\x15\x012\x02\x00F\x01"\x05\xffV\x012\xf3\x00c\x01\x002\x04\x06\xbd\x002\xef\x01\xcc\x00b\xed\x04'),
                            bytearray(b'\t\x01\x82\x00\x00\x15\x012\x00\x02F\x01"\x02\xffV\x012\xf8\x00,\x02\x002\x02\x05\xbd\x002\xf5\x00\xcc'),
                            bytearray(b'2\xfa\x00\xcc\x00b\xf9\x00\xdf\x00\x12\xf8\x01\x02\x01"\xfa\x02\t\x01\x82\x00\x00\x15\x012\x00\x03F\x01"\x01'),
                        ], is_16bit=False, y_plus=0, y_minus=0, x=372, y=339),
                        Tile(mirror=False, invert=False, format=0, length=5, subtile_bytes=[
                            bytearray(b'\x03\xaf\x03\xdd\x03(\x04Q\x04p\x04\x9e\x04\xbd\x04\xeb\x04\x14\x058\x05f\x05\x8a\x05\xb3\x05\x00\x00\x80\xe7\x06'),
                            bytearray(b'a\x80\xd7\x16D\xf0\xd7\x06J\\O@p\t\xfcC\x80_\xb0\x01\xf4uf;\xf0\xf9\xfcPR<t\x80'),
                            None,
                            None,
                        ], is_16bit=False, y_plus=0, y_minus=0, x=112, y=128),
                        Tile(mirror=False, invert=False, format=0, length=7, subtile_bytes=[
                            bytearray(b'\xbd\x00\xa0\x06\xf4}8\xf0\x0e\xfc:CX_\x12\x06\x00\x0c\x02\x80\x11\xdfF\xf0\t\xcf>odB\xe0\x01'),
                            bytearray(b'\x01"\xf1\x13\t\x01\x82\xf4\r\x15\x012\xf4\x05F\x01"\xfc\x0cV\x012\xed\x0cc\x01\x002\x00\x01\xbd\x00'),
                            bytearray(b'\x04\x16\x06\x17\x02\x16\x02\x15\x02\x14\x02\x00\x02\x0f\x02\x10\x02\x11\x02\x12\x04\x13\x02\x12\x02\x11\x02\x10\x02\x0f\x06\x00'),
                            bytearray(b'\xe1\xf7\x05\x11\x0b\x03\xc0\xe1\xf9n\x86\x80\xd1\tq\xf0\xd1\xf9cx]Y\xf0\xdc\x0clIwWp\xcc\x0c'),
                        ], is_16bit=False, y_plus=0, y_minus=0, x=128, y=120),
                        Tile(mirror=False, invert=False, format=0, length=6, subtile_bytes=[
                            bytearray(b'\xfe\x00\x02\x01"\x00\x00\t\x01\x82\x01\x00\x15\x012\x00\x01F\x01"\xff\x00V\x012\x00\x00c\x01\x002\x00'),
                            None,
                            bytearray(b'\x00\x02\x00\x00\x02\x00\x02\x01\x02\x02\x06\x03\x02\x02\x00\x02\x00\x02\x04\x02\x05\x02\x06\x02\x07\x04\x08\x04\t\x06\n\x06'),
                            bytearray(b'\x0b\x08\x0c\n\r\x08\x0e\x00\x02\x00\x02\x0f\x02\x10\x02\x11\x04\x12\x06\x13\x02\x12\x02\x11\x02\x0f\x02\x00\x02\x14\x02\x15'),
                        ], is_16bit=False, y_plus=0, y_minus=0, x=112, y=112),
                        Tile(mirror=False, invert=False, format=0, length=5, subtile_bytes=[
                            bytearray(b'\x12\xff\x00\x02\x01\xf2\x00\x00\t\x012\x00\x00c\x01\x002\x00\x01\xbd\x002\xfa\x00\xcc\x00b\xff\xfd\xdf\x00\x12'),
                            None,
                            bytearray(b'\x0c\x02\x01"\xf4\n\t\x01\x82\x00\x00\x15\x012\x04\xffF\x01"\x07\x00V\x012\xee\x02c\x01\x002\x03\xff'),
                            None,
                        ], is_16bit=False, y_plus=0, y_minus=0, x=136, y=104),
                        Tile(mirror=False, invert=False, format=0, length=7, subtile_bytes=[
                            bytearray(b'\x04\xffF\x01"\x07\x00V\x012\xee\x02c\x01\x002\x05\x08\xbd\x002\xeb\x06\xcc\x00b\xdf\x11\xdf\x00\x12\xeb'),
                            bytearray(b'\x012\x00\x01F\x01"\x01\x00V\x012\x00\x00c\x01\x002\x00\x00\xbd\x002\xfc\x00\xcc\x00b\x00\xfe\xdf\x00'),
                            bytearray(b'\x15\x012\x00\x01F\x01"\x01\x00V\x01\xa0\xf7\xe5NU\xf0\xff\xedbhX=p\xef\xed\x87\x84\x85\x002'),
                            bytearray(b'\xdf\x00\x12\xf1\x06\x02\x01"\xf6\x08\t\x01\x82\x00\x00\x15\x012\x03\x00F\x01"\x06\xffV\x012\xf0\x00c\x01'),
                        ], is_16bit=False, y_plus=0, y_minus=0, x=120, y=104),
                    ]
                ),
                Mold(4, gridplane=False,
                    tiles=[
                        Tile(mirror=False, invert=False, format=0, length=7, subtile_bytes=[
                            bytearray(b'\x06\x05\x00\x02\x00\x02\x06\x02\x07\x04\x08\x04\t\x06\n\x02\x0b\x02\x0c\x02\n\x02\x0b\x02\x0c\x02\n\x02\x0b\x02\x0c\x02'),
                            bytearray(b'\x00\x15\x012\x02\x00F\x01"\x05\xffV\x012\xf3\x00c\x01\x002\x04\x06\xbd\x002\xef\x01\xcc\x00b\xed\x04'),
                            bytearray(b'\t\x01\x82\x00\x00\x15\x012\x00\x02F\x01"\x02\xffV\x012\xf8\x00,\x02\x002\x02\x05\xbd\x002\xf5\x00\xcc'),
                            bytearray(b'2\xfa\x00\xcc\x00b\xf9\x00\xdf\x00\x12\xf8\x01\x02\x01"\xfa\x02\t\x01\x82\x00\x00\x15\x012\x00\x03F\x01"\x01'),
                        ], is_16bit=False, y_plus=0, y_minus=0, x=137, y=108),
                        Tile(mirror=False, invert=False, format=0, length=7, subtile_bytes=[
                            bytearray(b'\x06\x05\x00\x02\x00\x02\x06\x02\x07\x04\x08\x04\t\x06\n\x02\x0b\x02\x0c\x02\n\x02\x0b\x02\x0c\x02\n\x02\x0b\x02\x0c\x02'),
                            bytearray(b'\x00\x15\x012\x02\x00F\x01"\x05\xffV\x012\xf3\x00c\x01\x002\x04\x06\xbd\x002\xef\x01\xcc\x00b\xed\x04'),
                            bytearray(b'\t\x01\x82\x00\x00\x15\x012\x00\x02F\x01"\x02\xffV\x012\xf8\x00,\x02\x002\x02\x05\xbd\x002\xf5\x00\xcc'),
                            bytearray(b'2\xfa\x00\xcc\x00b\xf9\x00\xdf\x00\x12\xf8\x01\x02\x01"\xfa\x02\t\x01\x82\x00\x00\x15\x012\x00\x03F\x01"\x01'),
                        ], is_16bit=False, y_plus=0, y_minus=0, x=360, y=108),
                        Tile(mirror=False, invert=False, format=0, length=7, subtile_bytes=[
                            bytearray(b'\x06\x05\x00\x02\x00\x02\x06\x02\x07\x04\x08\x04\t\x06\n\x02\x0b\x02\x0c\x02\n\x02\x0b\x02\x0c\x02\n\x02\x0b\x02\x0c\x02'),
                            bytearray(b'\x00\x15\x012\x02\x00F\x01"\x05\xffV\x012\xf3\x00c\x01\x002\x04\x06\xbd\x002\xef\x01\xcc\x00b\xed\x04'),
                            bytearray(b'\t\x01\x82\x00\x00\x15\x012\x00\x02F\x01"\x02\xffV\x012\xf8\x00,\x02\x002\x02\x05\xbd\x002\xf5\x00\xcc'),
                            bytearray(b'2\xfa\x00\xcc\x00b\xf9\x00\xdf\x00\x12\xf8\x01\x02\x01"\xfa\x02\t\x01\x82\x00\x00\x15\x012\x00\x03F\x01"\x01'),
                        ], is_16bit=False, y_plus=0, y_minus=0, x=121, y=340),
                        Tile(mirror=False, invert=False, format=0, length=7, subtile_bytes=[
                            bytearray(b'\x06\x05\x00\x02\x00\x02\x06\x02\x07\x04\x08\x04\t\x06\n\x02\x0b\x02\x0c\x02\n\x02\x0b\x02\x0c\x02\n\x02\x0b\x02\x0c\x02'),
                            bytearray(b'\x00\x15\x012\x02\x00F\x01"\x05\xffV\x012\xf3\x00c\x01\x002\x04\x06\xbd\x002\xef\x01\xcc\x00b\xed\x04'),
                            bytearray(b'\t\x01\x82\x00\x00\x15\x012\x00\x02F\x01"\x02\xffV\x012\xf8\x00,\x02\x002\x02\x05\xbd\x002\xf5\x00\xcc'),
                            bytearray(b'2\xfa\x00\xcc\x00b\xf9\x00\xdf\x00\x12\xf8\x01\x02\x01"\xfa\x02\t\x01\x82\x00\x00\x15\x012\x00\x03F\x01"\x01'),
                        ], is_16bit=False, y_plus=0, y_minus=0, x=121, y=336),
                        Tile(mirror=False, invert=False, format=0, length=5, subtile_bytes=[
                            bytearray(b'"\x01\x00V\x012\x00\x00c\x01\x002\x00\x01\xbd\x002\x00\x00\xcc\x00b\x00\x02\xdf\x00\x12\x00\x01\x02\x01\xa2'),
                            bytearray(b'\n\x02\x0b\x02\x0c\x02\n\x02\x0b\x02\x0c\x02\n\x02\x0b\x02\x0c\x02\n\n\r\x00\x02\x00\x02\x0e\x02\x0f\x02\x10\x02\x11'),
                            None,
                            None,
                        ], is_16bit=False, y_plus=0, y_minus=0, x=128, y=127),
                        Tile(mirror=False, invert=False, format=0, length=5, subtile_bytes=[
                            bytearray(b'\xdf\x002\x02\x00\x02\x01\x82\x01\x00\x15\x01R\x01\xffF\x012\x00\xffc\x01\x00\x12\x05\x0c\x00\xa5\x00\x06\x13 '),
                            bytearray(b'\x00b\xf4\x02\xdf\x00\x12\xf5\x04\x02\x01"\xf8\x06\t\x01\x82\x00\x00\x15\x012\x01\x01F\x01"\x04\xffV\x012'),
                            None,
                            None,
                        ], is_16bit=False, y_plus=0, y_minus=0, x=112, y=127),
                        Tile(mirror=False, invert=False, format=0, length=6, subtile_bytes=[
                            None,
                            bytearray(b'\x03\x02\x01"\x00\x01\t\x01\x82\x01\x00\x15\x01R\x00\x00F\x012\xfc\x00c\x01\x002\x00\x01\xbd\x002\x00\x00'),
                            bytearray(b'\x002\x05\x08\xbd\x002\xeb\x06\xcc\x00b\xe6\x07\xdf\x00\x12\xed\x08\x02\x01"\xf5\t\t\x01\x82\x00\x00\x15\x012'),
                            bytearray(b'\x00\x00F\x012\xf6\x00c\x01\x00b\xff\x01\xbd\x00b\x00\xff\xdf\x00\x12\x00\x00\x02\x01"\xfe\x00\t\x01\x82\xff'),
                        ], is_16bit=False, y_plus=0, y_minus=0, x=128, y=111),
                        Tile(mirror=False, invert=False, format=0, length=6, subtile_bytes=[
                            bytearray(b'2\xf9\x00c\x01\x00b\x00\x00\xbd\x00b\x00\n\xdf\x00\x12\x00\x07\x02\x01"\x00\x03\t\x01\x82\xff\x00\x15\x01R'),
                            None,
                            bytearray(b'\xffV\x012\xfa\x00c\x01\x002\x01\x04\xbd\x002\xf9\x00\x00\x02b\xf7\x01\xdf\x00\x12\xf6\x02\x02\x01"\xf9\x04'),
                            bytearray(b'\x01"\xfa\x01\t\x01\x82\x00\x00\x15\x012\x00\x02F\x01"\x01\x00V\x012\xfd\x00,\x02\x002\x00\x03\xbd\x00'),
                        ], is_16bit=False, y_plus=0, y_minus=0, x=112, y=111),
                        Tile(mirror=False, invert=False, format=0, length=7, subtile_bytes=[
                            bytearray(b'\xfa\n\xbd\x002\xf3\x08\xcc\x00b\xf4\r\xdf\x00\x12\xf5\n\x02\x01"\xf6\n\t\x01\x82\xf9\x08\x15\x012\xf9\x06'),
                            bytearray(b'V\x012\x02\x00,\x02\x002\x00\x01\xbd\x002\xfe\x00\xcc\x00b\x00\xff\xdf\x002\x00\x00\x02\x01\x82\xff\x00\x15'),
                            bytearray(b'\xdfS{s2\x11\xff\xf0\x00\x12\x0b\xfe\x02\x01"\x0b\x00\t\x01\x82\x01\x00\x15\x012\x02\xfeF\x01"\xfe\xfd'),
                            bytearray(b'\x00\x01\xbd\x002\xfe\x00\xcc\x00b\xfc\x00\xdf\x00\x12\xfd\x00\x02\x01"\xfe\x00\t\x01\x82\x00\x00\x15\x012\x00\x01'),
                        ], is_16bit=False, y_plus=0, y_minus=0, x=120, y=103),
                    ]
                ),
                Mold(5, gridplane=False,
                    tiles=[
                        Tile(mirror=False, invert=False, format=0, length=7, subtile_bytes=[
                            bytearray(b'\x06\x05\x00\x02\x00\x02\x06\x02\x07\x04\x08\x04\t\x06\n\x02\x0b\x02\x0c\x02\n\x02\x0b\x02\x0c\x02\n\x02\x0b\x02\x0c\x02'),
                            bytearray(b'\x00\x15\x012\x02\x00F\x01"\x05\xffV\x012\xf3\x00c\x01\x002\x04\x06\xbd\x002\xef\x01\xcc\x00b\xed\x04'),
                            bytearray(b'\t\x01\x82\x00\x00\x15\x012\x00\x02F\x01"\x02\xffV\x012\xf8\x00,\x02\x002\x02\x05\xbd\x002\xf5\x00\xcc'),
                            bytearray(b'2\xfa\x00\xcc\x00b\xf9\x00\xdf\x00\x12\xf8\x01\x02\x01"\xfa\x02\t\x01\x82\x00\x00\x15\x012\x00\x03F\x01"\x01'),
                        ], is_16bit=False, y_plus=0, y_minus=0, x=136, y=94),
                        Tile(mirror=False, invert=False, format=0, length=7, subtile_bytes=[
                            bytearray(b'\x06\x05\x00\x02\x00\x02\x06\x02\x07\x04\x08\x04\t\x06\n\x02\x0b\x02\x0c\x02\n\x02\x0b\x02\x0c\x02\n\x02\x0b\x02\x0c\x02'),
                            bytearray(b'\x00\x15\x012\x02\x00F\x01"\x05\xffV\x012\xf3\x00c\x01\x002\x04\x06\xbd\x002\xef\x01\xcc\x00b\xed\x04'),
                            bytearray(b'\t\x01\x82\x00\x00\x15\x012\x00\x02F\x01"\x02\xffV\x012\xf8\x00,\x02\x002\x02\x05\xbd\x002\xf5\x00\xcc'),
                            bytearray(b'2\xfa\x00\xcc\x00b\xf9\x00\xdf\x00\x12\xf8\x01\x02\x01"\xfa\x02\t\x01\x82\x00\x00\x15\x012\x00\x03F\x01"\x01'),
                        ], is_16bit=False, y_plus=0, y_minus=0, x=360, y=96),
                        Tile(mirror=False, invert=False, format=0, length=7, subtile_bytes=[
                            bytearray(b'\x06\x05\x00\x02\x00\x02\x06\x02\x07\x04\x08\x04\t\x06\n\x02\x0b\x02\x0c\x02\n\x02\x0b\x02\x0c\x02\n\x02\x0b\x02\x0c\x02'),
                            bytearray(b'\x00\x15\x012\x02\x00F\x01"\x05\xffV\x012\xf3\x00c\x01\x002\x04\x06\xbd\x002\xef\x01\xcc\x00b\xed\x04'),
                            bytearray(b'\t\x01\x82\x00\x00\x15\x012\x00\x02F\x01"\x02\xffV\x012\xf8\x00,\x02\x002\x02\x05\xbd\x002\xf5\x00\xcc'),
                            bytearray(b'2\xfa\x00\xcc\x00b\xf9\x00\xdf\x00\x12\xf8\x01\x02\x01"\xfa\x02\t\x01\x82\x00\x00\x15\x012\x00\x03F\x01"\x01'),
                        ], is_16bit=False, y_plus=0, y_minus=0, x=371, y=338),
                        Tile(mirror=False, invert=False, format=0, length=7, subtile_bytes=[
                            bytearray(b'\x06\x05\x00\x02\x00\x02\x06\x02\x07\x04\x08\x04\t\x06\n\x02\x0b\x02\x0c\x02\n\x02\x0b\x02\x0c\x02\n\x02\x0b\x02\x0c\x02'),
                            bytearray(b'\x00\x15\x012\x02\x00F\x01"\x05\xffV\x012\xf3\x00c\x01\x002\x04\x06\xbd\x002\xef\x01\xcc\x00b\xed\x04'),
                            bytearray(b'\t\x01\x82\x00\x00\x15\x012\x00\x02F\x01"\x02\xffV\x012\xf8\x00,\x02\x002\x02\x05\xbd\x002\xf5\x00\xcc'),
                            bytearray(b'2\xfa\x00\xcc\x00b\xf9\x00\xdf\x00\x12\xf8\x01\x02\x01"\xfa\x02\t\x01\x82\x00\x00\x15\x012\x00\x03F\x01"\x01'),
                        ], is_16bit=False, y_plus=0, y_minus=0, x=126, y=86),
                        Tile(mirror=False, invert=False, format=0, length=5, subtile_bytes=[
                            bytearray(b'"\x01\x00V\x012\x00\x00c\x01\x002\x00\x01\xbd\x002\x00\x00\xcc\x00b\x00\x02\xdf\x00\x12\x00\x01\x02\x01\xa2'),
                            bytearray(b'\n\x02\x0b\x02\x0c\x02\n\x02\x0b\x02\x0c\x02\n\x02\x0b\x02\x0c\x02\n\n\r\x00\x02\x00\x02\x0e\x02\x0f\x02\x10\x02\x11'),
                            None,
                            None,
                        ], is_16bit=False, y_plus=0, y_minus=0, x=128, y=127),
                        Tile(mirror=False, invert=False, format=0, length=5, subtile_bytes=[
                            bytearray(b'\xdf\x002\x02\x00\x02\x01\x82\x01\x00\x15\x01R\x01\xffF\x012\x00\xffc\x01\x00\x12\x05\x0c\x00\xa5\x00\x06\x13 '),
                            bytearray(b'\x00b\xf4\x02\xdf\x00\x12\xf5\x04\x02\x01"\xf8\x06\t\x01\x82\x00\x00\x15\x012\x01\x01F\x01"\x04\xffV\x012'),
                            None,
                            None,
                        ], is_16bit=False, y_plus=0, y_minus=0, x=112, y=127),
                        Tile(mirror=False, invert=False, format=0, length=6, subtile_bytes=[
                            None,
                            bytearray(b'\x03\x02\x01"\x00\x01\t\x01\x82\x01\x00\x15\x01R\x00\x00F\x012\xfc\x00c\x01\x002\x00\x01\xbd\x002\x00\x00'),
                            bytearray(b'\x002\x05\x08\xbd\x002\xeb\x06\xcc\x00b\xe6\x07\xdf\x00\x12\xed\x08\x02\x01"\xf5\t\t\x01\x82\x00\x00\x15\x012'),
                            bytearray(b'\x00\x00F\x012\xf6\x00c\x01\x00b\xff\x01\xbd\x00b\x00\xff\xdf\x00\x12\x00\x00\x02\x01"\xfe\x00\t\x01\x82\xff'),
                        ], is_16bit=False, y_plus=0, y_minus=0, x=128, y=111),
                        Tile(mirror=False, invert=False, format=0, length=6, subtile_bytes=[
                            bytearray(b'2\xf9\x00c\x01\x00b\x00\x00\xbd\x00b\x00\n\xdf\x00\x12\x00\x07\x02\x01"\x00\x03\t\x01\x82\xff\x00\x15\x01R'),
                            None,
                            bytearray(b'\xffV\x012\xfa\x00c\x01\x002\x01\x04\xbd\x002\xf9\x00\x00\x02b\xf7\x01\xdf\x00\x12\xf6\x02\x02\x01"\xf9\x04'),
                            bytearray(b'\x01"\xfa\x01\t\x01\x82\x00\x00\x15\x012\x00\x02F\x01"\x01\x00V\x012\xfd\x00,\x02\x002\x00\x03\xbd\x00'),
                        ], is_16bit=False, y_plus=0, y_minus=0, x=112, y=111),
                        Tile(mirror=False, invert=False, format=0, length=7, subtile_bytes=[
                            bytearray(b'\xfa\n\xbd\x002\xf3\x08\xcc\x00b\xf4\r\xdf\x00\x12\xf5\n\x02\x01"\xf6\n\t\x01\x82\xf9\x08\x15\x012\xf9\x06'),
                            bytearray(b'V\x012\x02\x00,\x02\x002\x00\x01\xbd\x002\xfe\x00\xcc\x00b\x00\xff\xdf\x002\x00\x00\x02\x01\x82\xff\x00\x15'),
                            bytearray(b'\xdfS{s2\x11\xff\xf0\x00\x12\x0b\xfe\x02\x01"\x0b\x00\t\x01\x82\x01\x00\x15\x012\x02\xfeF\x01"\xfe\xfd'),
                            bytearray(b'\x00\x01\xbd\x002\xfe\x00\xcc\x00b\xfc\x00\xdf\x00\x12\xfd\x00\x02\x01"\xfe\x00\t\x01\x82\x00\x00\x15\x012\x00\x01'),
                        ], is_16bit=False, y_plus=0, y_minus=0, x=120, y=103),
                    ]
                ),
                Mold(6, gridplane=False,
                    tiles=[
                        Tile(mirror=False, invert=False, format=0, length=7, subtile_bytes=[
                            bytearray(b'\x06\x05\x00\x02\x00\x02\x06\x02\x07\x04\x08\x04\t\x06\n\x02\x0b\x02\x0c\x02\n\x02\x0b\x02\x0c\x02\n\x02\x0b\x02\x0c\x02'),
                            bytearray(b'\x00\x15\x012\x02\x00F\x01"\x05\xffV\x012\xf3\x00c\x01\x002\x04\x06\xbd\x002\xef\x01\xcc\x00b\xed\x04'),
                            bytearray(b'\t\x01\x82\x00\x00\x15\x012\x00\x02F\x01"\x02\xffV\x012\xf8\x00,\x02\x002\x02\x05\xbd\x002\xf5\x00\xcc'),
                            bytearray(b'2\xfa\x00\xcc\x00b\xf9\x00\xdf\x00\x12\xf8\x01\x02\x01"\xfa\x02\t\x01\x82\x00\x00\x15\x012\x00\x03F\x01"\x01'),
                        ], is_16bit=False, y_plus=0, y_minus=0, x=135, y=92),
                        Tile(mirror=False, invert=False, format=0, length=7, subtile_bytes=[
                            bytearray(b'\x06\x05\x00\x02\x00\x02\x06\x02\x07\x04\x08\x04\t\x06\n\x02\x0b\x02\x0c\x02\n\x02\x0b\x02\x0c\x02\n\x02\x0b\x02\x0c\x02'),
                            bytearray(b'\x00\x15\x012\x02\x00F\x01"\x05\xffV\x012\xf3\x00c\x01\x002\x04\x06\xbd\x002\xef\x01\xcc\x00b\xed\x04'),
                            bytearray(b'\t\x01\x82\x00\x00\x15\x012\x00\x02F\x01"\x02\xffV\x012\xf8\x00,\x02\x002\x02\x05\xbd\x002\xf5\x00\xcc'),
                            bytearray(b'2\xfa\x00\xcc\x00b\xf9\x00\xdf\x00\x12\xf8\x01\x02\x01"\xfa\x02\t\x01\x82\x00\x00\x15\x012\x00\x03F\x01"\x01'),
                        ], is_16bit=False, y_plus=0, y_minus=0, x=362, y=92),
                        Tile(mirror=False, invert=False, format=0, length=7, subtile_bytes=[
                            bytearray(b'\x06\x05\x00\x02\x00\x02\x06\x02\x07\x04\x08\x04\t\x06\n\x02\x0b\x02\x0c\x02\n\x02\x0b\x02\x0c\x02\n\x02\x0b\x02\x0c\x02'),
                            bytearray(b'\x00\x15\x012\x02\x00F\x01"\x05\xffV\x012\xf3\x00c\x01\x002\x04\x06\xbd\x002\xef\x01\xcc\x00b\xed\x04'),
                            bytearray(b'\t\x01\x82\x00\x00\x15\x012\x00\x02F\x01"\x02\xffV\x012\xf8\x00,\x02\x002\x02\x05\xbd\x002\xf5\x00\xcc'),
                            bytearray(b'2\xfa\x00\xcc\x00b\xf9\x00\xdf\x00\x12\xf8\x01\x02\x01"\xfa\x02\t\x01\x82\x00\x00\x15\x012\x00\x03F\x01"\x01'),
                        ], is_16bit=False, y_plus=0, y_minus=0, x=134, y=89),
                        Tile(mirror=False, invert=False, format=0, length=7, subtile_bytes=[
                            bytearray(b'\x06\x05\x00\x02\x00\x02\x06\x02\x07\x04\x08\x04\t\x06\n\x02\x0b\x02\x0c\x02\n\x02\x0b\x02\x0c\x02\n\x02\x0b\x02\x0c\x02'),
                            bytearray(b'\x00\x15\x012\x02\x00F\x01"\x05\xffV\x012\xf3\x00c\x01\x002\x04\x06\xbd\x002\xef\x01\xcc\x00b\xed\x04'),
                            bytearray(b'\t\x01\x82\x00\x00\x15\x012\x00\x02F\x01"\x02\xffV\x012\xf8\x00,\x02\x002\x02\x05\xbd\x002\xf5\x00\xcc'),
                            bytearray(b'2\xfa\x00\xcc\x00b\xf9\x00\xdf\x00\x12\xf8\x01\x02\x01"\xfa\x02\t\x01\x82\x00\x00\x15\x012\x00\x03F\x01"\x01'),
                        ], is_16bit=False, y_plus=0, y_minus=0, x=363, y=89),
                        Tile(mirror=False, invert=False, format=0, length=7, subtile_bytes=[
                            bytearray(b'\xf9\x0fHMz\xb0\xf1\x07\x07\t\x10\xf0\xf1\xf7\x02\x01\x0c\x04p\xe9\x0f\x13\x0f\x12\xf0\xe1\x07\x0e\x08\r\n\xf0'),
                            bytearray(b'\x00\xe0|\xf0\xf8\xd0>yKe\xe0\xf0\xe0S{\x7f\xb0\xe8\xd0g9L\xa0\xe0\xe8E7\xf0\xe0\xd8pm'),
                            bytearray(b'\x02\x05\x02\x07\x06\x0c\x00\xbd\x00v\x01\x9f\x01\xcd\x01\xfb\x01?\x02m\x02\x9b\x02\xc9\x02\xf7\x02%\x03S\x03\x81'),
                            bytearray(b'\x89\x8a\x88p\x00\xedhX=\xb0\xf8\xe5\x81`vp\xf0\xed\x87\x82\x85\x002\xfc\x05\xbd\x002\xf8\x04\xcc\x00'),
                        ], is_16bit=False, y_plus=0, y_minus=0, x=128, y=120),
                        Tile(mirror=False, invert=False, format=0, length=7, subtile_bytes=[
                            bytearray(b'\x00\xbd\x002\xf8\x00\xcc\x00b\xfd\xfc\xdf\x00\x12\xfd\x00\x02\x01\xf2\x00\x00\t\x012\x00\x00c\x01\x002\x00\x01'),
                            bytearray(b'F\x01"\xfd\x08V\x012\xf5\tc\x01\x002\xfa\x10\xbd\x002\xee\x13\xcc\x00b\xea\x1c\xdf\x00\x12\xeb\x1a\x02'),
                            bytearray(b'\xd7\x05\x0c\x00\x87\x00\x05\x1a \x00\x00\x00\x18\x00!\x00$\x00/\x00H\x00\x00\x00\x06\x00\x08\x18\x06\x00\x08\x19'),
                            bytearray(b'ZT\xf0\xe6\xe4^6Vr\xc0\xee\xef~i\xf0\xde\xefkGAj\x90\x01\x07\x83?\xc0\x01\xf7Q\x06p'),
                        ], is_16bit=False, y_plus=0, y_minus=0, x=112, y=120),
                        Tile(mirror=False, invert=False, format=0, length=6, subtile_bytes=[
                            bytearray(b'\xa0\x00\xf4}8\xf0\x08\xfc:C\x80_\xf0\xf8\xfcPR[tb\xfe\x00\xdf\x002\xff\x00\x02\x01\x82\x00\x00'),
                            None,
                            bytearray(b'r\xfa\x05\xdf\x00"\xfa\x04\t\x01\x82\xfc\x04\x15\x012\xfc\x03F\x01"\xfe\x04V\x012\xfa\x05c\x01\x002'),
                            bytearray(b'F\x01"\x01\xffV\x012\xfe\x00c\x01\x002\x00\x02\xbd\x002\xfd\x00\x00\x02b\xfb\x00\xdf\x00\x12\xfa\x00\x02'),
                        ], is_16bit=False, y_plus=0, y_minus=0, x=128, y=104),
                        Tile(mirror=False, invert=False, format=0, length=7, subtile_bytes=[
                            bytearray(b'\xcc\x00b\x00\x06\xdf\x00\x12\x00\x05\x02\x01"\x00\x02\t\x01\x82\x00\x00\x15\x012\x00\x01F\x01"\x01\x00V\x01'),
                            bytearray(b'\x02\x12\x02\x0f\x02\x10\x02\x11\x02\x12\x02\x0f\x02\x10\x02\x11\x02\x12\x00\x02\x0f\x02\x10\x02\x11\x02\x12\x00\xcd\x00\x7f\x01'),
                            bytearray(b'\x02\x12\x02\x0f\x02\x10\x02\x11\x02\x12\x02\x0f\x02\x10\x02\x11\x02\x12\x02\x0f\x02\x10\x02\x11\x02\x12\x02\x0f\x02\x10\x02\x11'),
                            bytearray(b'\xf5\x00c\x01\x002\x03\x06\xbd\x002\xf3\x00\x00\x02b\xf1\x03\xdf\x00\x12\xf3\x05\x02\x01"\xf7\x07\t\x01\x82\x00'),
                        ], is_16bit=False, y_plus=0, y_minus=0, x=112, y=104),
                    ]
                ),
                Mold(7, gridplane=False,
                    tiles=[
                        Tile(mirror=False, invert=False, format=0, length=7, subtile_bytes=[
                            bytearray(b'\x06\x05\x00\x02\x00\x02\x06\x02\x07\x04\x08\x04\t\x06\n\x02\x0b\x02\x0c\x02\n\x02\x0b\x02\x0c\x02\n\x02\x0b\x02\x0c\x02'),
                            bytearray(b'\x00\x15\x012\x02\x00F\x01"\x05\xffV\x012\xf3\x00c\x01\x002\x04\x06\xbd\x002\xef\x01\xcc\x00b\xed\x04'),
                            bytearray(b'\t\x01\x82\x00\x00\x15\x012\x00\x02F\x01"\x02\xffV\x012\xf8\x00,\x02\x002\x02\x05\xbd\x002\xf5\x00\xcc'),
                            bytearray(b'2\xfa\x00\xcc\x00b\xf9\x00\xdf\x00\x12\xf8\x01\x02\x01"\xfa\x02\t\x01\x82\x00\x00\x15\x012\x00\x03F\x01"\x01'),
                        ], is_16bit=False, y_plus=0, y_minus=0, x=125, y=338),
                        Tile(mirror=False, invert=False, format=0, length=7, subtile_bytes=[
                            bytearray(b'\x06\x05\x00\x02\x00\x02\x06\x02\x07\x04\x08\x04\t\x06\n\x02\x0b\x02\x0c\x02\n\x02\x0b\x02\x0c\x02\n\x02\x0b\x02\x0c\x02'),
                            bytearray(b'\x00\x15\x012\x02\x00F\x01"\x05\xffV\x012\xf3\x00c\x01\x002\x04\x06\xbd\x002\xef\x01\xcc\x00b\xed\x04'),
                            bytearray(b'\t\x01\x82\x00\x00\x15\x012\x00\x02F\x01"\x02\xffV\x012\xf8\x00,\x02\x002\x02\x05\xbd\x002\xf5\x00\xcc'),
                            bytearray(b'2\xfa\x00\xcc\x00b\xf9\x00\xdf\x00\x12\xf8\x01\x02\x01"\xfa\x02\t\x01\x82\x00\x00\x15\x012\x00\x03F\x01"\x01'),
                        ], is_16bit=False, y_plus=0, y_minus=0, x=372, y=339),
                        Tile(mirror=False, invert=False, format=0, length=7, subtile_bytes=[
                            bytearray(b'\x06\x05\x00\x02\x00\x02\x06\x02\x07\x04\x08\x04\t\x06\n\x02\x0b\x02\x0c\x02\n\x02\x0b\x02\x0c\x02\n\x02\x0b\x02\x0c\x02'),
                            bytearray(b'\x00\x15\x012\x02\x00F\x01"\x05\xffV\x012\xf3\x00c\x01\x002\x04\x06\xbd\x002\xef\x01\xcc\x00b\xed\x04'),
                            bytearray(b'\t\x01\x82\x00\x00\x15\x012\x00\x02F\x01"\x02\xffV\x012\xf8\x00,\x02\x002\x02\x05\xbd\x002\xf5\x00\xcc'),
                            bytearray(b'2\xfa\x00\xcc\x00b\xf9\x00\xdf\x00\x12\xf8\x01\x02\x01"\xfa\x02\t\x01\x82\x00\x00\x15\x012\x00\x03F\x01"\x01'),
                        ], is_16bit=False, y_plus=0, y_minus=0, x=137, y=96),
                        Tile(mirror=False, invert=False, format=0, length=7, subtile_bytes=[
                            bytearray(b'\x06\x05\x00\x02\x00\x02\x06\x02\x07\x04\x08\x04\t\x06\n\x02\x0b\x02\x0c\x02\n\x02\x0b\x02\x0c\x02\n\x02\x0b\x02\x0c\x02'),
                            bytearray(b'\x00\x15\x012\x02\x00F\x01"\x05\xffV\x012\xf3\x00c\x01\x002\x04\x06\xbd\x002\xef\x01\xcc\x00b\xed\x04'),
                            bytearray(b'\t\x01\x82\x00\x00\x15\x012\x00\x02F\x01"\x02\xffV\x012\xf8\x00,\x02\x002\x02\x05\xbd\x002\xf5\x00\xcc'),
                            bytearray(b'2\xfa\x00\xcc\x00b\xf9\x00\xdf\x00\x12\xf8\x01\x02\x01"\xfa\x02\t\x01\x82\x00\x00\x15\x012\x00\x03F\x01"\x01'),
                        ], is_16bit=False, y_plus=0, y_minus=0, x=361, y=98),
                        Tile(mirror=False, invert=False, format=0, length=7, subtile_bytes=[
                            bytearray(b'\xf9\x0fHMz\xb0\xf1\x07\x07\t\x10\xf0\xf1\xf7\x02\x01\x0c\x04p\xe9\x0f\x13\x0f\x12\xf0\xe1\x07\x0e\x08\r\n\xf0'),
                            bytearray(b'\x00\xe0|\xf0\xf8\xd0>yKe\xe0\xf0\xe0S{\x7f\xb0\xe8\xd0g9L\xa0\xe0\xe8E7\xf0\xe0\xd8pm'),
                            bytearray(b'\x02\x05\x02\x07\x06\x0c\x00\xbd\x00v\x01\x9f\x01\xcd\x01\xfb\x01?\x02m\x02\x9b\x02\xc9\x02\xf7\x02%\x03S\x03\x81'),
                            bytearray(b'\x89\x8a\x88p\x00\xedhX=\xb0\xf8\xe5\x81`vp\xf0\xed\x87\x82\x85\x002\xfc\x05\xbd\x002\xf8\x04\xcc\x00'),
                        ], is_16bit=False, y_plus=0, y_minus=0, x=128, y=120),
                        Tile(mirror=False, invert=False, format=0, length=7, subtile_bytes=[
                            bytearray(b'\x00\xbd\x002\xf8\x00\xcc\x00b\xfd\xfc\xdf\x00\x12\xfd\x00\x02\x01\xf2\x00\x00\t\x012\x00\x00c\x01\x002\x00\x01'),
                            bytearray(b'F\x01"\xfd\x08V\x012\xf5\tc\x01\x002\xfa\x10\xbd\x002\xee\x13\xcc\x00b\xea\x1c\xdf\x00\x12\xeb\x1a\x02'),
                            bytearray(b'\xd7\x05\x0c\x00\x87\x00\x05\x1a \x00\x00\x00\x18\x00!\x00$\x00/\x00H\x00\x00\x00\x06\x00\x08\x18\x06\x00\x08\x19'),
                            bytearray(b'ZT\xf0\xe6\xe4^6Vr\xc0\xee\xef~i\xf0\xde\xefkGAj\x90\x01\x07\x83?\xc0\x01\xf7Q\x06p'),
                        ], is_16bit=False, y_plus=0, y_minus=0, x=112, y=120),
                        Tile(mirror=False, invert=False, format=0, length=6, subtile_bytes=[
                            bytearray(b'\xa0\x00\xf4}8\xf0\x08\xfc:C\x80_\xf0\xf8\xfcPR[tb\xfe\x00\xdf\x002\xff\x00\x02\x01\x82\x00\x00'),
                            None,
                            bytearray(b'r\xfa\x05\xdf\x00"\xfa\x04\t\x01\x82\xfc\x04\x15\x012\xfc\x03F\x01"\xfe\x04V\x012\xfa\x05c\x01\x002'),
                            bytearray(b'F\x01"\x01\xffV\x012\xfe\x00c\x01\x002\x00\x02\xbd\x002\xfd\x00\x00\x02b\xfb\x00\xdf\x00\x12\xfa\x00\x02'),
                        ], is_16bit=False, y_plus=0, y_minus=0, x=128, y=104),
                        Tile(mirror=False, invert=False, format=0, length=7, subtile_bytes=[
                            bytearray(b'\xcc\x00b\x00\x06\xdf\x00\x12\x00\x05\x02\x01"\x00\x02\t\x01\x82\x00\x00\x15\x012\x00\x01F\x01"\x01\x00V\x01'),
                            bytearray(b'\x02\x12\x02\x0f\x02\x10\x02\x11\x02\x12\x02\x0f\x02\x10\x02\x11\x02\x12\x00\x02\x0f\x02\x10\x02\x11\x02\x12\x00\xcd\x00\x7f\x01'),
                            bytearray(b'\x02\x12\x02\x0f\x02\x10\x02\x11\x02\x12\x02\x0f\x02\x10\x02\x11\x02\x12\x02\x0f\x02\x10\x02\x11\x02\x12\x02\x0f\x02\x10\x02\x11'),
                            bytearray(b'\xf5\x00c\x01\x002\x03\x06\xbd\x002\xf3\x00\x00\x02b\xf1\x03\xdf\x00\x12\xf3\x05\x02\x01"\xf7\x07\t\x01\x82\x00'),
                        ], is_16bit=False, y_plus=0, y_minus=0, x=112, y=104),
                    ]
                ),
                Mold(8, gridplane=False,
                    tiles=[
                        Tile(mirror=False, invert=False, format=0, length=7, subtile_bytes=[
                            bytearray(b'\x06\x05\x00\x02\x00\x02\x06\x02\x07\x04\x08\x04\t\x06\n\x02\x0b\x02\x0c\x02\n\x02\x0b\x02\x0c\x02\n\x02\x0b\x02\x0c\x02'),
                            bytearray(b'\x00\x15\x012\x02\x00F\x01"\x05\xffV\x012\xf3\x00c\x01\x002\x04\x06\xbd\x002\xef\x01\xcc\x00b\xed\x04'),
                            bytearray(b'\t\x01\x82\x00\x00\x15\x012\x00\x02F\x01"\x02\xffV\x012\xf8\x00,\x02\x002\x02\x05\xbd\x002\xf5\x00\xcc'),
                            bytearray(b'2\xfa\x00\xcc\x00b\xf9\x00\xdf\x00\x12\xf8\x01\x02\x01"\xfa\x02\t\x01\x82\x00\x00\x15\x012\x00\x03F\x01"\x01'),
                        ], is_16bit=False, y_plus=0, y_minus=0, x=121, y=85),
                        Tile(mirror=False, invert=False, format=0, length=7, subtile_bytes=[
                            bytearray(b'\x06\x05\x00\x02\x00\x02\x06\x02\x07\x04\x08\x04\t\x06\n\x02\x0b\x02\x0c\x02\n\x02\x0b\x02\x0c\x02\n\x02\x0b\x02\x0c\x02'),
                            bytearray(b'\x00\x15\x012\x02\x00F\x01"\x05\xffV\x012\xf3\x00c\x01\x002\x04\x06\xbd\x002\xef\x01\xcc\x00b\xed\x04'),
                            bytearray(b'\t\x01\x82\x00\x00\x15\x012\x00\x02F\x01"\x02\xffV\x012\xf8\x00,\x02\x002\x02\x05\xbd\x002\xf5\x00\xcc'),
                            bytearray(b'2\xfa\x00\xcc\x00b\xf9\x00\xdf\x00\x12\xf8\x01\x02\x01"\xfa\x02\t\x01\x82\x00\x00\x15\x012\x00\x03F\x01"\x01'),
                        ], is_16bit=False, y_plus=0, y_minus=0, x=121, y=80),
                        Tile(mirror=False, invert=False, format=0, length=7, subtile_bytes=[
                            bytearray(b'\x06\x05\x00\x02\x00\x02\x06\x02\x07\x04\x08\x04\t\x06\n\x02\x0b\x02\x0c\x02\n\x02\x0b\x02\x0c\x02\n\x02\x0b\x02\x0c\x02'),
                            bytearray(b'\x00\x15\x012\x02\x00F\x01"\x05\xffV\x012\xf3\x00c\x01\x002\x04\x06\xbd\x002\xef\x01\xcc\x00b\xed\x04'),
                            bytearray(b'\t\x01\x82\x00\x00\x15\x012\x00\x02F\x01"\x02\xffV\x012\xf8\x00,\x02\x002\x02\x05\xbd\x002\xf5\x00\xcc'),
                            bytearray(b'2\xfa\x00\xcc\x00b\xf9\x00\xdf\x00\x12\xf8\x01\x02\x01"\xfa\x02\t\x01\x82\x00\x00\x15\x012\x00\x03F\x01"\x01'),
                        ], is_16bit=False, y_plus=0, y_minus=0, x=104, y=108),
                        Tile(mirror=False, invert=False, format=0, length=7, subtile_bytes=[
                            bytearray(b'\x06\x05\x00\x02\x00\x02\x06\x02\x07\x04\x08\x04\t\x06\n\x02\x0b\x02\x0c\x02\n\x02\x0b\x02\x0c\x02\n\x02\x0b\x02\x0c\x02'),
                            bytearray(b'\x00\x15\x012\x02\x00F\x01"\x05\xffV\x012\xf3\x00c\x01\x002\x04\x06\xbd\x002\xef\x01\xcc\x00b\xed\x04'),
                            bytearray(b'\t\x01\x82\x00\x00\x15\x012\x00\x02F\x01"\x02\xffV\x012\xf8\x00,\x02\x002\x02\x05\xbd\x002\xf5\x00\xcc'),
                            bytearray(b'2\xfa\x00\xcc\x00b\xf9\x00\xdf\x00\x12\xf8\x01\x02\x01"\xfa\x02\t\x01\x82\x00\x00\x15\x012\x00\x03F\x01"\x01'),
                        ], is_16bit=False, y_plus=0, y_minus=0, x=137, y=108),
                        Tile(mirror=False, invert=False, format=0, length=5, subtile_bytes=[
                            bytearray(b'"\x01\x00V\x012\x00\x00c\x01\x002\x00\x01\xbd\x002\x00\x00\xcc\x00b\x00\x02\xdf\x00\x12\x00\x01\x02\x01\xa2'),
                            bytearray(b'\n\x02\x0b\x02\x0c\x02\n\x02\x0b\x02\x0c\x02\n\x02\x0b\x02\x0c\x02\n\n\r\x00\x02\x00\x02\x0e\x02\x0f\x02\x10\x02\x11'),
                            None,
                            None,
                        ], is_16bit=False, y_plus=0, y_minus=0, x=128, y=127),
                        Tile(mirror=False, invert=False, format=0, length=5, subtile_bytes=[
                            bytearray(b'\xdf\x002\x02\x00\x02\x01\x82\x01\x00\x15\x01R\x01\xffF\x012\x00\xffc\x01\x00\x12\x05\x0c\x00\xa5\x00\x06\x13 '),
                            bytearray(b'\x00b\xf4\x02\xdf\x00\x12\xf5\x04\x02\x01"\xf8\x06\t\x01\x82\x00\x00\x15\x012\x01\x01F\x01"\x04\xffV\x012'),
                            None,
                            None,
                        ], is_16bit=False, y_plus=0, y_minus=0, x=112, y=127),
                        Tile(mirror=False, invert=False, format=0, length=6, subtile_bytes=[
                            None,
                            bytearray(b'\x03\x02\x01"\x00\x01\t\x01\x82\x01\x00\x15\x01R\x00\x00F\x012\xfc\x00c\x01\x002\x00\x01\xbd\x002\x00\x00'),
                            bytearray(b'\x002\x05\x08\xbd\x002\xeb\x06\xcc\x00b\xe6\x07\xdf\x00\x12\xed\x08\x02\x01"\xf5\t\t\x01\x82\x00\x00\x15\x012'),
                            bytearray(b'\x00\x00F\x012\xf6\x00c\x01\x00b\xff\x01\xbd\x00b\x00\xff\xdf\x00\x12\x00\x00\x02\x01"\xfe\x00\t\x01\x82\xff'),
                        ], is_16bit=False, y_plus=0, y_minus=0, x=128, y=111),
                        Tile(mirror=False, invert=False, format=0, length=6, subtile_bytes=[
                            bytearray(b'2\xf9\x00c\x01\x00b\x00\x00\xbd\x00b\x00\n\xdf\x00\x12\x00\x07\x02\x01"\x00\x03\t\x01\x82\xff\x00\x15\x01R'),
                            None,
                            bytearray(b'\xffV\x012\xfa\x00c\x01\x002\x01\x04\xbd\x002\xf9\x00\x00\x02b\xf7\x01\xdf\x00\x12\xf6\x02\x02\x01"\xf9\x04'),
                            bytearray(b'\x01"\xfa\x01\t\x01\x82\x00\x00\x15\x012\x00\x02F\x01"\x01\x00V\x012\xfd\x00,\x02\x002\x00\x03\xbd\x00'),
                        ], is_16bit=False, y_plus=0, y_minus=0, x=112, y=111),
                        Tile(mirror=False, invert=False, format=0, length=7, subtile_bytes=[
                            bytearray(b'\xfa\n\xbd\x002\xf3\x08\xcc\x00b\xf4\r\xdf\x00\x12\xf5\n\x02\x01"\xf6\n\t\x01\x82\xf9\x08\x15\x012\xf9\x06'),
                            bytearray(b'V\x012\x02\x00,\x02\x002\x00\x01\xbd\x002\xfe\x00\xcc\x00b\x00\xff\xdf\x002\x00\x00\x02\x01\x82\xff\x00\x15'),
                            bytearray(b'\xdfS{s2\x11\xff\xf0\x00\x12\x0b\xfe\x02\x01"\x0b\x00\t\x01\x82\x01\x00\x15\x012\x02\xfeF\x01"\xfe\xfd'),
                            bytearray(b'\x00\x01\xbd\x002\xfe\x00\xcc\x00b\xfc\x00\xdf\x00\x12\xfd\x00\x02\x01"\xfe\x00\t\x01\x82\x00\x00\x15\x012\x00\x01'),
                        ], is_16bit=False, y_plus=0, y_minus=0, x=120, y=103),
                    ]
                ),
                Mold(9, gridplane=False,
                    tiles=[
                        Tile(mirror=False, invert=False, format=0, length=7, subtile_bytes=[
                            bytearray(b'\x06\x05\x00\x02\x00\x02\x06\x02\x07\x04\x08\x04\t\x06\n\x02\x0b\x02\x0c\x02\n\x02\x0b\x02\x0c\x02\n\x02\x0b\x02\x0c\x02'),
                            bytearray(b'\x00\x15\x012\x02\x00F\x01"\x05\xffV\x012\xf3\x00c\x01\x002\x04\x06\xbd\x002\xef\x01\xcc\x00b\xed\x04'),
                            bytearray(b'\t\x01\x82\x00\x00\x15\x012\x00\x02F\x01"\x02\xffV\x012\xf8\x00,\x02\x002\x02\x05\xbd\x002\xf5\x00\xcc'),
                            bytearray(b'2\xfa\x00\xcc\x00b\xf9\x00\xdf\x00\x12\xf8\x01\x02\x01"\xfa\x02\t\x01\x82\x00\x00\x15\x012\x00\x03F\x01"\x01'),
                        ], is_16bit=False, y_plus=0, y_minus=0, x=126, y=86),
                        Tile(mirror=False, invert=False, format=0, length=7, subtile_bytes=[
                            bytearray(b'\x06\x05\x00\x02\x00\x02\x06\x02\x07\x04\x08\x04\t\x06\n\x02\x0b\x02\x0c\x02\n\x02\x0b\x02\x0c\x02\n\x02\x0b\x02\x0c\x02'),
                            bytearray(b'\x00\x15\x012\x02\x00F\x01"\x05\xffV\x012\xf3\x00c\x01\x002\x04\x06\xbd\x002\xef\x01\xcc\x00b\xed\x04'),
                            bytearray(b'\t\x01\x82\x00\x00\x15\x012\x00\x02F\x01"\x02\xffV\x012\xf8\x00,\x02\x002\x02\x05\xbd\x002\xf5\x00\xcc'),
                            bytearray(b'2\xfa\x00\xcc\x00b\xf9\x00\xdf\x00\x12\xf8\x01\x02\x01"\xfa\x02\t\x01\x82\x00\x00\x15\x012\x00\x03F\x01"\x01'),
                        ], is_16bit=False, y_plus=0, y_minus=0, x=371, y=338),
                        Tile(mirror=False, invert=False, format=0, length=7, subtile_bytes=[
                            bytearray(b'\x06\x05\x00\x02\x00\x02\x06\x02\x07\x04\x08\x04\t\x06\n\x02\x0b\x02\x0c\x02\n\x02\x0b\x02\x0c\x02\n\x02\x0b\x02\x0c\x02'),
                            bytearray(b'\x00\x15\x012\x02\x00F\x01"\x05\xffV\x012\xf3\x00c\x01\x002\x04\x06\xbd\x002\xef\x01\xcc\x00b\xed\x04'),
                            bytearray(b'\t\x01\x82\x00\x00\x15\x012\x00\x02F\x01"\x02\xffV\x012\xf8\x00,\x02\x002\x02\x05\xbd\x002\xf5\x00\xcc'),
                            bytearray(b'2\xfa\x00\xcc\x00b\xf9\x00\xdf\x00\x12\xf8\x01\x02\x01"\xfa\x02\t\x01\x82\x00\x00\x15\x012\x00\x03F\x01"\x01'),
                        ], is_16bit=False, y_plus=0, y_minus=0, x=360, y=96),
                        Tile(mirror=False, invert=False, format=0, length=7, subtile_bytes=[
                            bytearray(b'\x06\x05\x00\x02\x00\x02\x06\x02\x07\x04\x08\x04\t\x06\n\x02\x0b\x02\x0c\x02\n\x02\x0b\x02\x0c\x02\n\x02\x0b\x02\x0c\x02'),
                            bytearray(b'\x00\x15\x012\x02\x00F\x01"\x05\xffV\x012\xf3\x00c\x01\x002\x04\x06\xbd\x002\xef\x01\xcc\x00b\xed\x04'),
                            bytearray(b'\t\x01\x82\x00\x00\x15\x012\x00\x02F\x01"\x02\xffV\x012\xf8\x00,\x02\x002\x02\x05\xbd\x002\xf5\x00\xcc'),
                            bytearray(b'2\xfa\x00\xcc\x00b\xf9\x00\xdf\x00\x12\xf8\x01\x02\x01"\xfa\x02\t\x01\x82\x00\x00\x15\x012\x00\x03F\x01"\x01'),
                        ], is_16bit=False, y_plus=0, y_minus=0, x=137, y=94),
                        Tile(mirror=False, invert=False, format=0, length=5, subtile_bytes=[
                            bytearray(b'"\x01\x00V\x012\x00\x00c\x01\x002\x00\x01\xbd\x002\x00\x00\xcc\x00b\x00\x02\xdf\x00\x12\x00\x01\x02\x01\xa2'),
                            bytearray(b'\n\x02\x0b\x02\x0c\x02\n\x02\x0b\x02\x0c\x02\n\x02\x0b\x02\x0c\x02\n\n\r\x00\x02\x00\x02\x0e\x02\x0f\x02\x10\x02\x11'),
                            None,
                            None,
                        ], is_16bit=False, y_plus=0, y_minus=0, x=128, y=127),
                        Tile(mirror=False, invert=False, format=0, length=5, subtile_bytes=[
                            bytearray(b'\xdf\x002\x02\x00\x02\x01\x82\x01\x00\x15\x01R\x01\xffF\x012\x00\xffc\x01\x00\x12\x05\x0c\x00\xa5\x00\x06\x13 '),
                            bytearray(b'\x00b\xf4\x02\xdf\x00\x12\xf5\x04\x02\x01"\xf8\x06\t\x01\x82\x00\x00\x15\x012\x01\x01F\x01"\x04\xffV\x012'),
                            None,
                            None,
                        ], is_16bit=False, y_plus=0, y_minus=0, x=112, y=127),
                        Tile(mirror=False, invert=False, format=0, length=6, subtile_bytes=[
                            None,
                            bytearray(b'\x03\x02\x01"\x00\x01\t\x01\x82\x01\x00\x15\x01R\x00\x00F\x012\xfc\x00c\x01\x002\x00\x01\xbd\x002\x00\x00'),
                            bytearray(b'\x002\x05\x08\xbd\x002\xeb\x06\xcc\x00b\xe6\x07\xdf\x00\x12\xed\x08\x02\x01"\xf5\t\t\x01\x82\x00\x00\x15\x012'),
                            bytearray(b'\x00\x00F\x012\xf6\x00c\x01\x00b\xff\x01\xbd\x00b\x00\xff\xdf\x00\x12\x00\x00\x02\x01"\xfe\x00\t\x01\x82\xff'),
                        ], is_16bit=False, y_plus=0, y_minus=0, x=128, y=111),
                        Tile(mirror=False, invert=False, format=0, length=6, subtile_bytes=[
                            bytearray(b'2\xf9\x00c\x01\x00b\x00\x00\xbd\x00b\x00\n\xdf\x00\x12\x00\x07\x02\x01"\x00\x03\t\x01\x82\xff\x00\x15\x01R'),
                            None,
                            bytearray(b'\xffV\x012\xfa\x00c\x01\x002\x01\x04\xbd\x002\xf9\x00\x00\x02b\xf7\x01\xdf\x00\x12\xf6\x02\x02\x01"\xf9\x04'),
                            bytearray(b'\x01"\xfa\x01\t\x01\x82\x00\x00\x15\x012\x00\x02F\x01"\x01\x00V\x012\xfd\x00,\x02\x002\x00\x03\xbd\x00'),
                        ], is_16bit=False, y_plus=0, y_minus=0, x=112, y=111),
                        Tile(mirror=False, invert=False, format=0, length=7, subtile_bytes=[
                            bytearray(b'\xfa\n\xbd\x002\xf3\x08\xcc\x00b\xf4\r\xdf\x00\x12\xf5\n\x02\x01"\xf6\n\t\x01\x82\xf9\x08\x15\x012\xf9\x06'),
                            bytearray(b'V\x012\x02\x00,\x02\x002\x00\x01\xbd\x002\xfe\x00\xcc\x00b\x00\xff\xdf\x002\x00\x00\x02\x01\x82\xff\x00\x15'),
                            bytearray(b'\xdfS{s2\x11\xff\xf0\x00\x12\x0b\xfe\x02\x01"\x0b\x00\t\x01\x82\x01\x00\x15\x012\x02\xfeF\x01"\xfe\xfd'),
                            bytearray(b'\x00\x01\xbd\x002\xfe\x00\xcc\x00b\xfc\x00\xdf\x00\x12\xfd\x00\x02\x01"\xfe\x00\t\x01\x82\x00\x00\x15\x012\x00\x01'),
                        ], is_16bit=False, y_plus=0, y_minus=0, x=120, y=103),
                    ]
                ),
                Mold(10, gridplane=False,
                    tiles=[
                        Tile(mirror=False, invert=False, format=0, length=7, subtile_bytes=[
                            bytearray(b'\x06\x05\x00\x02\x00\x02\x06\x02\x07\x04\x08\x04\t\x06\n\x02\x0b\x02\x0c\x02\n\x02\x0b\x02\x0c\x02\n\x02\x0b\x02\x0c\x02'),
                            bytearray(b'\x00\x15\x012\x02\x00F\x01"\x05\xffV\x012\xf3\x00c\x01\x002\x04\x06\xbd\x002\xef\x01\xcc\x00b\xed\x04'),
                            bytearray(b'\t\x01\x82\x00\x00\x15\x012\x00\x02F\x01"\x02\xffV\x012\xf8\x00,\x02\x002\x02\x05\xbd\x002\xf5\x00\xcc'),
                            bytearray(b'2\xfa\x00\xcc\x00b\xf9\x00\xdf\x00\x12\xf8\x01\x02\x01"\xfa\x02\t\x01\x82\x00\x00\x15\x012\x00\x03F\x01"\x01'),
                        ], is_16bit=False, y_plus=0, y_minus=0, x=135, y=92),
                        Tile(mirror=False, invert=False, format=0, length=7, subtile_bytes=[
                            bytearray(b'\x06\x05\x00\x02\x00\x02\x06\x02\x07\x04\x08\x04\t\x06\n\x02\x0b\x02\x0c\x02\n\x02\x0b\x02\x0c\x02\n\x02\x0b\x02\x0c\x02'),
                            bytearray(b'\x00\x15\x012\x02\x00F\x01"\x05\xffV\x012\xf3\x00c\x01\x002\x04\x06\xbd\x002\xef\x01\xcc\x00b\xed\x04'),
                            bytearray(b'\t\x01\x82\x00\x00\x15\x012\x00\x02F\x01"\x02\xffV\x012\xf8\x00,\x02\x002\x02\x05\xbd\x002\xf5\x00\xcc'),
                            bytearray(b'2\xfa\x00\xcc\x00b\xf9\x00\xdf\x00\x12\xf8\x01\x02\x01"\xfa\x02\t\x01\x82\x00\x00\x15\x012\x00\x03F\x01"\x01'),
                        ], is_16bit=False, y_plus=0, y_minus=0, x=134, y=89),
                        Tile(mirror=False, invert=False, format=0, length=7, subtile_bytes=[
                            bytearray(b'\x06\x05\x00\x02\x00\x02\x06\x02\x07\x04\x08\x04\t\x06\n\x02\x0b\x02\x0c\x02\n\x02\x0b\x02\x0c\x02\n\x02\x0b\x02\x0c\x02'),
                            bytearray(b'\x00\x15\x012\x02\x00F\x01"\x05\xffV\x012\xf3\x00c\x01\x002\x04\x06\xbd\x002\xef\x01\xcc\x00b\xed\x04'),
                            bytearray(b'\t\x01\x82\x00\x00\x15\x012\x00\x02F\x01"\x02\xffV\x012\xf8\x00,\x02\x002\x02\x05\xbd\x002\xf5\x00\xcc'),
                            bytearray(b'2\xfa\x00\xcc\x00b\xf9\x00\xdf\x00\x12\xf8\x01\x02\x01"\xfa\x02\t\x01\x82\x00\x00\x15\x012\x00\x03F\x01"\x01'),
                        ], is_16bit=False, y_plus=0, y_minus=0, x=362, y=92),
                        Tile(mirror=False, invert=False, format=0, length=7, subtile_bytes=[
                            bytearray(b'\x06\x05\x00\x02\x00\x02\x06\x02\x07\x04\x08\x04\t\x06\n\x02\x0b\x02\x0c\x02\n\x02\x0b\x02\x0c\x02\n\x02\x0b\x02\x0c\x02'),
                            bytearray(b'\x00\x15\x012\x02\x00F\x01"\x05\xffV\x012\xf3\x00c\x01\x002\x04\x06\xbd\x002\xef\x01\xcc\x00b\xed\x04'),
                            bytearray(b'\t\x01\x82\x00\x00\x15\x012\x00\x02F\x01"\x02\xffV\x012\xf8\x00,\x02\x002\x02\x05\xbd\x002\xf5\x00\xcc'),
                            bytearray(b'2\xfa\x00\xcc\x00b\xf9\x00\xdf\x00\x12\xf8\x01\x02\x01"\xfa\x02\t\x01\x82\x00\x00\x15\x012\x00\x03F\x01"\x01'),
                        ], is_16bit=False, y_plus=0, y_minus=0, x=363, y=89),
                        Tile(mirror=False, invert=False, format=0, length=5, subtile_bytes=[
                            bytearray(b'\xdf\x002\x02\x00\x02\x01\x82\x01\x00\x15\x01R\x01\xffF\x012\x00\xffc\x01\x00\x12\x05\x0c\x00\xa5\x00\x06\x13 '),
                            bytearray(b'\x00b\xf4\x02\xdf\x00\x12\xf5\x04\x02\x01"\xf8\x06\t\x01\x82\x00\x00\x15\x012\x01\x01F\x01"\x04\xffV\x012'),
                            None,
                            None,
                        ], is_16bit=False, y_plus=0, y_minus=0, x=112, y=127),
                        Tile(mirror=False, invert=False, format=0, length=7, subtile_bytes=[
                            bytearray(b'\xbd\x00\xa0\x06\xf4}8\xf0\x0e\xfc:CX_\x12\x06\x00\x0c\x02\x80\x11\xdfF\xf0\t\xcf>odB\xe0\x01'),
                            bytearray(b'\x01"\xf1\x13\t\x01\x82\xf4\r\x15\x012\xf4\x05F\x01"\xfc\x0cV\x012\xed\x0cc\x01\x002\x00\x01\xbd\x00'),
                            bytearray(b'"\x01\x00V\x012\x00\x00c\x01\x002\x00\x01\xbd\x002\x00\x00\xcc\x00b\x00\x02\xdf\x00\x12\x00\x01\x02\x01\xa2'),
                            bytearray(b'\n\x02\x0b\x02\x0c\x02\n\x02\x0b\x02\x0c\x02\n\x02\x0b\x02\x0c\x02\n\n\r\x00\x02\x00\x02\x0e\x02\x0f\x02\x10\x02\x11'),
                        ], is_16bit=False, y_plus=0, y_minus=0, x=128, y=119),
                        Tile(mirror=False, invert=False, format=0, length=6, subtile_bytes=[
                            bytearray(b'\xfe\x00\x02\x01"\x00\x00\t\x01\x82\x01\x00\x15\x012\x00\x01F\x01"\xff\x00V\x012\x00\x00c\x01\x002\x00'),
                            None,
                            bytearray(b'\x00\x15\x012\xff\xffF\x01"\x00\x00V\x012\xfe\x00c\x01\x002\x01\xff\xbd\x002\x00\xff\xcc\x00b\x02\x01'),
                            bytearray(b'\xbd\x002\xf5\x00\x00\x02b\xf9\xfc\xdf\x00\x12\xfb\xff\x02\x01"\x00\x00\t\x01\x82\xff\x00\x15\x012\x00\x01F\x01'),
                        ], is_16bit=False, y_plus=0, y_minus=0, x=112, y=111),
                        Tile(mirror=False, invert=False, format=0, length=5, subtile_bytes=[
                            bytearray(b'\x12\xff\x00\x02\x01\xf2\x00\x00\t\x012\x00\x00c\x01\x002\x00\x01\xbd\x002\xfa\x00\xcc\x00b\xff\xfd\xdf\x00\x12'),
                            None,
                            bytearray(b'\x0c\x02\x01"\xf4\n\t\x01\x82\x00\x00\x15\x012\x04\xffF\x01"\x07\x00V\x012\xee\x02c\x01\x002\x03\xff'),
                            None,
                        ], is_16bit=False, y_plus=0, y_minus=0, x=136, y=359),
                        Tile(mirror=False, invert=False, format=0, length=7, subtile_bytes=[
                            bytearray(b'\x04\xffF\x01"\x07\x00V\x012\xee\x02c\x01\x002\x05\x08\xbd\x002\xeb\x06\xcc\x00b\xdf\x11\xdf\x00\x12\xeb'),
                            bytearray(b'\x012\x00\x01F\x01"\x01\x00V\x012\x00\x00c\x01\x002\x00\x00\xbd\x002\xfc\x00\xcc\x00b\x00\xfe\xdf\x00'),
                            bytearray(b'\x15\x012\x00\x01F\x01"\x01\x00V\x01\xa0\xf7\xe5NU\xf0\xff\xedbhX=p\xef\xed\x87\x84\x85\x002'),
                            bytearray(b'\xdf\x00\x12\xf1\x06\x02\x01"\xf6\x08\t\x01\x82\x00\x00\x15\x012\x03\x00F\x01"\x06\xffV\x012\xf0\x00c\x01'),
                        ], is_16bit=False, y_plus=0, y_minus=0, x=120, y=359),
                    ]
                ),
                Mold(11, gridplane=False,
                    tiles=[
                        Tile(mirror=False, invert=False, format=0, length=5, subtile_bytes=[
                            bytearray(b'\xdf\x002\x02\x00\x02\x01\x82\x01\x00\x15\x01R\x01\xffF\x012\x00\xffc\x01\x00\x12\x05\x0c\x00\xa5\x00\x06\x13 '),
                            bytearray(b'\x00b\xf4\x02\xdf\x00\x12\xf5\x04\x02\x01"\xf8\x06\t\x01\x82\x00\x00\x15\x012\x01\x01F\x01"\x04\xffV\x012'),
                            None,
                            None,
                        ], is_16bit=False, y_plus=0, y_minus=0, x=112, y=127),
                        Tile(mirror=False, invert=False, format=0, length=7, subtile_bytes=[
                            bytearray(b'\xbd\x00\xa0\x06\xf4}8\xf0\x0e\xfc:CX_\x12\x06\x00\x0c\x02\x80\x11\xdfF\xf0\t\xcf>odB\xe0\x01'),
                            bytearray(b'\x01"\xf1\x13\t\x01\x82\xf4\r\x15\x012\xf4\x05F\x01"\xfc\x0cV\x012\xed\x0cc\x01\x002\x00\x01\xbd\x00'),
                            bytearray(b'"\x01\x00V\x012\x00\x00c\x01\x002\x00\x01\xbd\x002\x00\x00\xcc\x00b\x00\x02\xdf\x00\x12\x00\x01\x02\x01\xa2'),
                            bytearray(b'\n\x02\x0b\x02\x0c\x02\n\x02\x0b\x02\x0c\x02\n\x02\x0b\x02\x0c\x02\n\n\r\x00\x02\x00\x02\x0e\x02\x0f\x02\x10\x02\x11'),
                        ], is_16bit=False, y_plus=0, y_minus=0, x=128, y=119),
                        Tile(mirror=False, invert=False, format=0, length=6, subtile_bytes=[
                            bytearray(b'\xfe\x00\x02\x01"\x00\x00\t\x01\x82\x01\x00\x15\x012\x00\x01F\x01"\xff\x00V\x012\x00\x00c\x01\x002\x00'),
                            None,
                            bytearray(b'\x00\x15\x012\xff\xffF\x01"\x00\x00V\x012\xfe\x00c\x01\x002\x01\xff\xbd\x002\x00\xff\xcc\x00b\x02\x01'),
                            bytearray(b'\xbd\x002\xf5\x00\x00\x02b\xf9\xfc\xdf\x00\x12\xfb\xff\x02\x01"\x00\x00\t\x01\x82\xff\x00\x15\x012\x00\x01F\x01'),
                        ], is_16bit=False, y_plus=0, y_minus=0, x=112, y=111),
                        Tile(mirror=False, invert=False, format=0, length=5, subtile_bytes=[
                            bytearray(b'\x12\xff\x00\x02\x01\xf2\x00\x00\t\x012\x00\x00c\x01\x002\x00\x01\xbd\x002\xfa\x00\xcc\x00b\xff\xfd\xdf\x00\x12'),
                            None,
                            bytearray(b'\x0c\x02\x01"\xf4\n\t\x01\x82\x00\x00\x15\x012\x04\xffF\x01"\x07\x00V\x012\xee\x02c\x01\x002\x03\xff'),
                            None,
                        ], is_16bit=False, y_plus=0, y_minus=0, x=136, y=359),
                        Tile(mirror=False, invert=False, format=0, length=7, subtile_bytes=[
                            bytearray(b'\x04\xffF\x01"\x07\x00V\x012\xee\x02c\x01\x002\x05\x08\xbd\x002\xeb\x06\xcc\x00b\xdf\x11\xdf\x00\x12\xeb'),
                            bytearray(b'\x012\x00\x01F\x01"\x01\x00V\x012\x00\x00c\x01\x002\x00\x00\xbd\x002\xfc\x00\xcc\x00b\x00\xfe\xdf\x00'),
                            bytearray(b'\x15\x012\x00\x01F\x01"\x01\x00V\x01\xa0\xf7\xe5NU\xf0\xff\xedbhX=p\xef\xed\x87\x84\x85\x002'),
                            bytearray(b'\xdf\x00\x12\xf1\x06\x02\x01"\xf6\x08\t\x01\x82\x00\x00\x15\x012\x03\x00F\x01"\x06\xffV\x012\xf0\x00c\x01'),
                        ], is_16bit=False, y_plus=0, y_minus=0, x=120, y=359),
                        Tile(mirror=False, invert=False, format=0, length=7, subtile_bytes=[
                            bytearray(b'\x06\x05\x00\x02\x00\x02\x06\x02\x07\x04\x08\x04\t\x06\n\x02\x0b\x02\x0c\x02\n\x02\x0b\x02\x0c\x02\n\x02\x0b\x02\x0c\x02'),
                            bytearray(b'\x00\x15\x012\x02\x00F\x01"\x05\xffV\x012\xf3\x00c\x01\x002\x04\x06\xbd\x002\xef\x01\xcc\x00b\xed\x04'),
                            bytearray(b'\t\x01\x82\x00\x00\x15\x012\x00\x02F\x01"\x02\xffV\x012\xf8\x00,\x02\x002\x02\x05\xbd\x002\xf5\x00\xcc'),
                            bytearray(b'2\xfa\x00\xcc\x00b\xf9\x00\xdf\x00\x12\xf8\x01\x02\x01"\xfa\x02\t\x01\x82\x00\x00\x15\x012\x00\x03F\x01"\x01'),
                        ], is_16bit=False, y_plus=0, y_minus=0, x=137, y=96),
                        Tile(mirror=False, invert=False, format=0, length=7, subtile_bytes=[
                            bytearray(b'\x06\x05\x00\x02\x00\x02\x06\x02\x07\x04\x08\x04\t\x06\n\x02\x0b\x02\x0c\x02\n\x02\x0b\x02\x0c\x02\n\x02\x0b\x02\x0c\x02'),
                            bytearray(b'\x00\x15\x012\x02\x00F\x01"\x05\xffV\x012\xf3\x00c\x01\x002\x04\x06\xbd\x002\xef\x01\xcc\x00b\xed\x04'),
                            bytearray(b'\t\x01\x82\x00\x00\x15\x012\x00\x02F\x01"\x02\xffV\x012\xf8\x00,\x02\x002\x02\x05\xbd\x002\xf5\x00\xcc'),
                            bytearray(b'2\xfa\x00\xcc\x00b\xf9\x00\xdf\x00\x12\xf8\x01\x02\x01"\xfa\x02\t\x01\x82\x00\x00\x15\x012\x00\x03F\x01"\x01'),
                        ], is_16bit=False, y_plus=0, y_minus=0, x=360, y=98),
                        Tile(mirror=False, invert=False, format=0, length=7, subtile_bytes=[
                            bytearray(b'\x06\x05\x00\x02\x00\x02\x06\x02\x07\x04\x08\x04\t\x06\n\x02\x0b\x02\x0c\x02\n\x02\x0b\x02\x0c\x02\n\x02\x0b\x02\x0c\x02'),
                            bytearray(b'\x00\x15\x012\x02\x00F\x01"\x05\xffV\x012\xf3\x00c\x01\x002\x04\x06\xbd\x002\xef\x01\xcc\x00b\xed\x04'),
                            bytearray(b'\t\x01\x82\x00\x00\x15\x012\x00\x02F\x01"\x02\xffV\x012\xf8\x00,\x02\x002\x02\x05\xbd\x002\xf5\x00\xcc'),
                            bytearray(b'2\xfa\x00\xcc\x00b\xf9\x00\xdf\x00\x12\xf8\x01\x02\x01"\xfa\x02\t\x01\x82\x00\x00\x15\x012\x00\x03F\x01"\x01'),
                        ], is_16bit=False, y_plus=0, y_minus=0, x=125, y=338),
                        Tile(mirror=False, invert=False, format=0, length=7, subtile_bytes=[
                            bytearray(b'\x06\x05\x00\x02\x00\x02\x06\x02\x07\x04\x08\x04\t\x06\n\x02\x0b\x02\x0c\x02\n\x02\x0b\x02\x0c\x02\n\x02\x0b\x02\x0c\x02'),
                            bytearray(b'\x00\x15\x012\x02\x00F\x01"\x05\xffV\x012\xf3\x00c\x01\x002\x04\x06\xbd\x002\xef\x01\xcc\x00b\xed\x04'),
                            bytearray(b'\t\x01\x82\x00\x00\x15\x012\x00\x02F\x01"\x02\xffV\x012\xf8\x00,\x02\x002\x02\x05\xbd\x002\xf5\x00\xcc'),
                            bytearray(b'2\xfa\x00\xcc\x00b\xf9\x00\xdf\x00\x12\xf8\x01\x02\x01"\xfa\x02\t\x01\x82\x00\x00\x15\x012\x00\x03F\x01"\x01'),
                        ], is_16bit=False, y_plus=0, y_minus=0, x=116, y=83),
                    ]
                ),
                Mold(12, gridplane=False,
                    tiles=[
                        Tile(mirror=False, invert=False, format=0, length=7, subtile_bytes=[
                            bytearray(b'\x06\x05\x00\x02\x00\x02\x06\x02\x07\x04\x08\x04\t\x06\n\x02\x0b\x02\x0c\x02\n\x02\x0b\x02\x0c\x02\n\x02\x0b\x02\x0c\x02'),
                            bytearray(b'\x00\x15\x012\x02\x00F\x01"\x05\xffV\x012\xf3\x00c\x01\x002\x04\x06\xbd\x002\xef\x01\xcc\x00b\xed\x04'),
                            bytearray(b'\t\x01\x82\x00\x00\x15\x012\x00\x02F\x01"\x02\xffV\x012\xf8\x00,\x02\x002\x02\x05\xbd\x002\xf5\x00\xcc'),
                            bytearray(b'2\xfa\x00\xcc\x00b\xf9\x00\xdf\x00\x12\xf8\x01\x02\x01"\xfa\x02\t\x01\x82\x00\x00\x15\x012\x00\x03F\x01"\x01'),
                        ], is_16bit=False, y_plus=0, y_minus=0, x=137, y=108),
                        Tile(mirror=False, invert=False, format=0, length=7, subtile_bytes=[
                            bytearray(b'\x06\x05\x00\x02\x00\x02\x06\x02\x07\x04\x08\x04\t\x06\n\x02\x0b\x02\x0c\x02\n\x02\x0b\x02\x0c\x02\n\x02\x0b\x02\x0c\x02'),
                            bytearray(b'\x00\x15\x012\x02\x00F\x01"\x05\xffV\x012\xf3\x00c\x01\x002\x04\x06\xbd\x002\xef\x01\xcc\x00b\xed\x04'),
                            bytearray(b'\t\x01\x82\x00\x00\x15\x012\x00\x02F\x01"\x02\xffV\x012\xf8\x00,\x02\x002\x02\x05\xbd\x002\xf5\x00\xcc'),
                            bytearray(b'2\xfa\x00\xcc\x00b\xf9\x00\xdf\x00\x12\xf8\x01\x02\x01"\xfa\x02\t\x01\x82\x00\x00\x15\x012\x00\x03F\x01"\x01'),
                        ], is_16bit=False, y_plus=0, y_minus=0, x=360, y=108),
                        Tile(mirror=False, invert=False, format=0, length=7, subtile_bytes=[
                            bytearray(b'\x06\x05\x00\x02\x00\x02\x06\x02\x07\x04\x08\x04\t\x06\n\x02\x0b\x02\x0c\x02\n\x02\x0b\x02\x0c\x02\n\x02\x0b\x02\x0c\x02'),
                            bytearray(b'\x00\x15\x012\x02\x00F\x01"\x05\xffV\x012\xf3\x00c\x01\x002\x04\x06\xbd\x002\xef\x01\xcc\x00b\xed\x04'),
                            bytearray(b'\t\x01\x82\x00\x00\x15\x012\x00\x02F\x01"\x02\xffV\x012\xf8\x00,\x02\x002\x02\x05\xbd\x002\xf5\x00\xcc'),
                            bytearray(b'2\xfa\x00\xcc\x00b\xf9\x00\xdf\x00\x12\xf8\x01\x02\x01"\xfa\x02\t\x01\x82\x00\x00\x15\x012\x00\x03F\x01"\x01'),
                        ], is_16bit=False, y_plus=0, y_minus=0, x=121, y=340),
                        Tile(mirror=False, invert=False, format=0, length=7, subtile_bytes=[
                            bytearray(b'\x06\x05\x00\x02\x00\x02\x06\x02\x07\x04\x08\x04\t\x06\n\x02\x0b\x02\x0c\x02\n\x02\x0b\x02\x0c\x02\n\x02\x0b\x02\x0c\x02'),
                            bytearray(b'\x00\x15\x012\x02\x00F\x01"\x05\xffV\x012\xf3\x00c\x01\x002\x04\x06\xbd\x002\xef\x01\xcc\x00b\xed\x04'),
                            bytearray(b'\t\x01\x82\x00\x00\x15\x012\x00\x02F\x01"\x02\xffV\x012\xf8\x00,\x02\x002\x02\x05\xbd\x002\xf5\x00\xcc'),
                            bytearray(b'2\xfa\x00\xcc\x00b\xf9\x00\xdf\x00\x12\xf8\x01\x02\x01"\xfa\x02\t\x01\x82\x00\x00\x15\x012\x00\x03F\x01"\x01'),
                        ], is_16bit=False, y_plus=0, y_minus=0, x=121, y=336),
                        Tile(mirror=False, invert=False, format=0, length=5, subtile_bytes=[
                            bytearray(b'"\x01\x00V\x012\x00\x00c\x01\x002\x00\x01\xbd\x002\x00\x00\xcc\x00b\x00\x02\xdf\x00\x12\x00\x01\x02\x01\xa2'),
                            bytearray(b'\n\x02\x0b\x02\x0c\x02\n\x02\x0b\x02\x0c\x02\n\x02\x0b\x02\x0c\x02\n\n\r\x00\x02\x00\x02\x0e\x02\x0f\x02\x10\x02\x11'),
                            None,
                            None,
                        ], is_16bit=False, y_plus=0, y_minus=0, x=128, y=127),
                        Tile(mirror=False, invert=False, format=0, length=5, subtile_bytes=[
                            bytearray(b'\xdf\x002\x02\x00\x02\x01\x82\x01\x00\x15\x01R\x01\xffF\x012\x00\xffc\x01\x00\x12\x05\x0c\x00\xa5\x00\x06\x13 '),
                            bytearray(b'\x00b\xf4\x02\xdf\x00\x12\xf5\x04\x02\x01"\xf8\x06\t\x01\x82\x00\x00\x15\x012\x01\x01F\x01"\x04\xffV\x012'),
                            None,
                            None,
                        ], is_16bit=False, y_plus=0, y_minus=0, x=112, y=127),
                        Tile(mirror=False, invert=False, format=0, length=6, subtile_bytes=[
                            None,
                            bytearray(b'\x03\x02\x01"\x00\x01\t\x01\x82\x01\x00\x15\x01R\x00\x00F\x012\xfc\x00c\x01\x002\x00\x01\xbd\x002\x00\x00'),
                            bytearray(b'\x002\x05\x08\xbd\x002\xeb\x06\xcc\x00b\xe6\x07\xdf\x00\x12\xed\x08\x02\x01"\xf5\t\t\x01\x82\x00\x00\x15\x012'),
                            bytearray(b'\x00\x00F\x012\xf6\x00c\x01\x00b\xff\x01\xbd\x00b\x00\xff\xdf\x00\x12\x00\x00\x02\x01"\xfe\x00\t\x01\x82\xff'),
                        ], is_16bit=False, y_plus=0, y_minus=0, x=128, y=111),
                        Tile(mirror=False, invert=False, format=0, length=6, subtile_bytes=[
                            bytearray(b'2\xf9\x00c\x01\x00b\x00\x00\xbd\x00b\x00\n\xdf\x00\x12\x00\x07\x02\x01"\x00\x03\t\x01\x82\xff\x00\x15\x01R'),
                            None,
                            bytearray(b'\xffV\x012\xfa\x00c\x01\x002\x01\x04\xbd\x002\xf9\x00\x00\x02b\xf7\x01\xdf\x00\x12\xf6\x02\x02\x01"\xf9\x04'),
                            bytearray(b'\x01"\xfa\x01\t\x01\x82\x00\x00\x15\x012\x00\x02F\x01"\x01\x00V\x012\xfd\x00,\x02\x002\x00\x03\xbd\x00'),
                        ], is_16bit=False, y_plus=0, y_minus=0, x=112, y=111),
                        Tile(mirror=False, invert=False, format=0, length=7, subtile_bytes=[
                            bytearray(b'\xfa\n\xbd\x002\xf3\x08\xcc\x00b\xf4\r\xdf\x00\x12\xf5\n\x02\x01"\xf6\n\t\x01\x82\xf9\x08\x15\x012\xf9\x06'),
                            bytearray(b'V\x012\x02\x00,\x02\x002\x00\x01\xbd\x002\xfe\x00\xcc\x00b\x00\xff\xdf\x002\x00\x00\x02\x01\x82\xff\x00\x15'),
                            bytearray(b'\xdfS{s2\x11\xff\xf0\x00\x12\x0b\xfe\x02\x01"\x0b\x00\t\x01\x82\x01\x00\x15\x012\x02\xfeF\x01"\xfe\xfd'),
                            bytearray(b'\x00\x01\xbd\x002\xfe\x00\xcc\x00b\xfc\x00\xdf\x00\x12\xfd\x00\x02\x01"\xfe\x00\t\x01\x82\x00\x00\x15\x012\x00\x01'),
                        ], is_16bit=False, y_plus=0, y_minus=0, x=120, y=103),
                    ]
                ),
                Mold(13, gridplane=False,
                    tiles=[
                        Tile(mirror=False, invert=False, format=0, length=7, subtile_bytes=[
                            bytearray(b'\x06\x05\x00\x02\x00\x02\x06\x02\x07\x04\x08\x04\t\x06\n\x02\x0b\x02\x0c\x02\n\x02\x0b\x02\x0c\x02\n\x02\x0b\x02\x0c\x02'),
                            bytearray(b'\x00\x15\x012\x02\x00F\x01"\x05\xffV\x012\xf3\x00c\x01\x002\x04\x06\xbd\x002\xef\x01\xcc\x00b\xed\x04'),
                            bytearray(b'\t\x01\x82\x00\x00\x15\x012\x00\x02F\x01"\x02\xffV\x012\xf8\x00,\x02\x002\x02\x05\xbd\x002\xf5\x00\xcc'),
                            bytearray(b'2\xfa\x00\xcc\x00b\xf9\x00\xdf\x00\x12\xf8\x01\x02\x01"\xfa\x02\t\x01\x82\x00\x00\x15\x012\x00\x03F\x01"\x01'),
                        ], is_16bit=False, y_plus=0, y_minus=0, x=136, y=94),
                        Tile(mirror=False, invert=False, format=0, length=7, subtile_bytes=[
                            bytearray(b'\x06\x05\x00\x02\x00\x02\x06\x02\x07\x04\x08\x04\t\x06\n\x02\x0b\x02\x0c\x02\n\x02\x0b\x02\x0c\x02\n\x02\x0b\x02\x0c\x02'),
                            bytearray(b'\x00\x15\x012\x02\x00F\x01"\x05\xffV\x012\xf3\x00c\x01\x002\x04\x06\xbd\x002\xef\x01\xcc\x00b\xed\x04'),
                            bytearray(b'\t\x01\x82\x00\x00\x15\x012\x00\x02F\x01"\x02\xffV\x012\xf8\x00,\x02\x002\x02\x05\xbd\x002\xf5\x00\xcc'),
                            bytearray(b'2\xfa\x00\xcc\x00b\xf9\x00\xdf\x00\x12\xf8\x01\x02\x01"\xfa\x02\t\x01\x82\x00\x00\x15\x012\x00\x03F\x01"\x01'),
                        ], is_16bit=False, y_plus=0, y_minus=0, x=360, y=96),
                        Tile(mirror=False, invert=False, format=0, length=7, subtile_bytes=[
                            bytearray(b'\x06\x05\x00\x02\x00\x02\x06\x02\x07\x04\x08\x04\t\x06\n\x02\x0b\x02\x0c\x02\n\x02\x0b\x02\x0c\x02\n\x02\x0b\x02\x0c\x02'),
                            bytearray(b'\x00\x15\x012\x02\x00F\x01"\x05\xffV\x012\xf3\x00c\x01\x002\x04\x06\xbd\x002\xef\x01\xcc\x00b\xed\x04'),
                            bytearray(b'\t\x01\x82\x00\x00\x15\x012\x00\x02F\x01"\x02\xffV\x012\xf8\x00,\x02\x002\x02\x05\xbd\x002\xf5\x00\xcc'),
                            bytearray(b'2\xfa\x00\xcc\x00b\xf9\x00\xdf\x00\x12\xf8\x01\x02\x01"\xfa\x02\t\x01\x82\x00\x00\x15\x012\x00\x03F\x01"\x01'),
                        ], is_16bit=False, y_plus=0, y_minus=0, x=371, y=338),
                        Tile(mirror=False, invert=False, format=0, length=7, subtile_bytes=[
                            bytearray(b'\x06\x05\x00\x02\x00\x02\x06\x02\x07\x04\x08\x04\t\x06\n\x02\x0b\x02\x0c\x02\n\x02\x0b\x02\x0c\x02\n\x02\x0b\x02\x0c\x02'),
                            bytearray(b'\x00\x15\x012\x02\x00F\x01"\x05\xffV\x012\xf3\x00c\x01\x002\x04\x06\xbd\x002\xef\x01\xcc\x00b\xed\x04'),
                            bytearray(b'\t\x01\x82\x00\x00\x15\x012\x00\x02F\x01"\x02\xffV\x012\xf8\x00,\x02\x002\x02\x05\xbd\x002\xf5\x00\xcc'),
                            bytearray(b'2\xfa\x00\xcc\x00b\xf9\x00\xdf\x00\x12\xf8\x01\x02\x01"\xfa\x02\t\x01\x82\x00\x00\x15\x012\x00\x03F\x01"\x01'),
                        ], is_16bit=False, y_plus=0, y_minus=0, x=126, y=86),
                        Tile(mirror=False, invert=False, format=0, length=5, subtile_bytes=[
                            bytearray(b'"\x01\x00V\x012\x00\x00c\x01\x002\x00\x01\xbd\x002\x00\x00\xcc\x00b\x00\x02\xdf\x00\x12\x00\x01\x02\x01\xa2'),
                            bytearray(b'\n\x02\x0b\x02\x0c\x02\n\x02\x0b\x02\x0c\x02\n\x02\x0b\x02\x0c\x02\n\n\r\x00\x02\x00\x02\x0e\x02\x0f\x02\x10\x02\x11'),
                            None,
                            None,
                        ], is_16bit=False, y_plus=0, y_minus=0, x=128, y=127),
                        Tile(mirror=False, invert=False, format=0, length=5, subtile_bytes=[
                            bytearray(b'\xdf\x002\x02\x00\x02\x01\x82\x01\x00\x15\x01R\x01\xffF\x012\x00\xffc\x01\x00\x12\x05\x0c\x00\xa5\x00\x06\x13 '),
                            bytearray(b'\x00b\xf4\x02\xdf\x00\x12\xf5\x04\x02\x01"\xf8\x06\t\x01\x82\x00\x00\x15\x012\x01\x01F\x01"\x04\xffV\x012'),
                            None,
                            None,
                        ], is_16bit=False, y_plus=0, y_minus=0, x=112, y=127),
                        Tile(mirror=False, invert=False, format=0, length=6, subtile_bytes=[
                            None,
                            bytearray(b'\x03\x02\x01"\x00\x01\t\x01\x82\x01\x00\x15\x01R\x00\x00F\x012\xfc\x00c\x01\x002\x00\x01\xbd\x002\x00\x00'),
                            bytearray(b'\x002\x05\x08\xbd\x002\xeb\x06\xcc\x00b\xe6\x07\xdf\x00\x12\xed\x08\x02\x01"\xf5\t\t\x01\x82\x00\x00\x15\x012'),
                            bytearray(b'\x00\x00F\x012\xf6\x00c\x01\x00b\xff\x01\xbd\x00b\x00\xff\xdf\x00\x12\x00\x00\x02\x01"\xfe\x00\t\x01\x82\xff'),
                        ], is_16bit=False, y_plus=0, y_minus=0, x=128, y=111),
                        Tile(mirror=False, invert=False, format=0, length=6, subtile_bytes=[
                            bytearray(b'2\xf9\x00c\x01\x00b\x00\x00\xbd\x00b\x00\n\xdf\x00\x12\x00\x07\x02\x01"\x00\x03\t\x01\x82\xff\x00\x15\x01R'),
                            None,
                            bytearray(b'\xffV\x012\xfa\x00c\x01\x002\x01\x04\xbd\x002\xf9\x00\x00\x02b\xf7\x01\xdf\x00\x12\xf6\x02\x02\x01"\xf9\x04'),
                            bytearray(b'\x01"\xfa\x01\t\x01\x82\x00\x00\x15\x012\x00\x02F\x01"\x01\x00V\x012\xfd\x00,\x02\x002\x00\x03\xbd\x00'),
                        ], is_16bit=False, y_plus=0, y_minus=0, x=112, y=111),
                        Tile(mirror=False, invert=False, format=0, length=7, subtile_bytes=[
                            bytearray(b'\xfa\n\xbd\x002\xf3\x08\xcc\x00b\xf4\r\xdf\x00\x12\xf5\n\x02\x01"\xf6\n\t\x01\x82\xf9\x08\x15\x012\xf9\x06'),
                            bytearray(b'V\x012\x02\x00,\x02\x002\x00\x01\xbd\x002\xfe\x00\xcc\x00b\x00\xff\xdf\x002\x00\x00\x02\x01\x82\xff\x00\x15'),
                            bytearray(b'\xdfS{s2\x11\xff\xf0\x00\x12\x0b\xfe\x02\x01"\x0b\x00\t\x01\x82\x01\x00\x15\x012\x02\xfeF\x01"\xfe\xfd'),
                            bytearray(b'\x00\x01\xbd\x002\xfe\x00\xcc\x00b\xfc\x00\xdf\x00\x12\xfd\x00\x02\x01"\xfe\x00\t\x01\x82\x00\x00\x15\x012\x00\x01'),
                        ], is_16bit=False, y_plus=0, y_minus=0, x=120, y=103),
                    ]
                ),
                Mold(14, gridplane=False,
                    tiles=[
                        Tile(mirror=False, invert=False, format=0, length=7, subtile_bytes=[
                            bytearray(b'\x06\x05\x00\x02\x00\x02\x06\x02\x07\x04\x08\x04\t\x06\n\x02\x0b\x02\x0c\x02\n\x02\x0b\x02\x0c\x02\n\x02\x0b\x02\x0c\x02'),
                            bytearray(b'\x00\x15\x012\x02\x00F\x01"\x05\xffV\x012\xf3\x00c\x01\x002\x04\x06\xbd\x002\xef\x01\xcc\x00b\xed\x04'),
                            bytearray(b'\t\x01\x82\x00\x00\x15\x012\x00\x02F\x01"\x02\xffV\x012\xf8\x00,\x02\x002\x02\x05\xbd\x002\xf5\x00\xcc'),
                            bytearray(b'2\xfa\x00\xcc\x00b\xf9\x00\xdf\x00\x12\xf8\x01\x02\x01"\xfa\x02\t\x01\x82\x00\x00\x15\x012\x00\x03F\x01"\x01'),
                        ], is_16bit=False, y_plus=0, y_minus=0, x=135, y=92),
                        Tile(mirror=False, invert=False, format=0, length=7, subtile_bytes=[
                            bytearray(b'\x06\x05\x00\x02\x00\x02\x06\x02\x07\x04\x08\x04\t\x06\n\x02\x0b\x02\x0c\x02\n\x02\x0b\x02\x0c\x02\n\x02\x0b\x02\x0c\x02'),
                            bytearray(b'\x00\x15\x012\x02\x00F\x01"\x05\xffV\x012\xf3\x00c\x01\x002\x04\x06\xbd\x002\xef\x01\xcc\x00b\xed\x04'),
                            bytearray(b'\t\x01\x82\x00\x00\x15\x012\x00\x02F\x01"\x02\xffV\x012\xf8\x00,\x02\x002\x02\x05\xbd\x002\xf5\x00\xcc'),
                            bytearray(b'2\xfa\x00\xcc\x00b\xf9\x00\xdf\x00\x12\xf8\x01\x02\x01"\xfa\x02\t\x01\x82\x00\x00\x15\x012\x00\x03F\x01"\x01'),
                        ], is_16bit=False, y_plus=0, y_minus=0, x=134, y=89),
                        Tile(mirror=False, invert=False, format=0, length=7, subtile_bytes=[
                            bytearray(b'\x06\x05\x00\x02\x00\x02\x06\x02\x07\x04\x08\x04\t\x06\n\x02\x0b\x02\x0c\x02\n\x02\x0b\x02\x0c\x02\n\x02\x0b\x02\x0c\x02'),
                            bytearray(b'\x00\x15\x012\x02\x00F\x01"\x05\xffV\x012\xf3\x00c\x01\x002\x04\x06\xbd\x002\xef\x01\xcc\x00b\xed\x04'),
                            bytearray(b'\t\x01\x82\x00\x00\x15\x012\x00\x02F\x01"\x02\xffV\x012\xf8\x00,\x02\x002\x02\x05\xbd\x002\xf5\x00\xcc'),
                            bytearray(b'2\xfa\x00\xcc\x00b\xf9\x00\xdf\x00\x12\xf8\x01\x02\x01"\xfa\x02\t\x01\x82\x00\x00\x15\x012\x00\x03F\x01"\x01'),
                        ], is_16bit=False, y_plus=0, y_minus=0, x=362, y=92),
                        Tile(mirror=False, invert=False, format=0, length=7, subtile_bytes=[
                            bytearray(b'\x06\x05\x00\x02\x00\x02\x06\x02\x07\x04\x08\x04\t\x06\n\x02\x0b\x02\x0c\x02\n\x02\x0b\x02\x0c\x02\n\x02\x0b\x02\x0c\x02'),
                            bytearray(b'\x00\x15\x012\x02\x00F\x01"\x05\xffV\x012\xf3\x00c\x01\x002\x04\x06\xbd\x002\xef\x01\xcc\x00b\xed\x04'),
                            bytearray(b'\t\x01\x82\x00\x00\x15\x012\x00\x02F\x01"\x02\xffV\x012\xf8\x00,\x02\x002\x02\x05\xbd\x002\xf5\x00\xcc'),
                            bytearray(b'2\xfa\x00\xcc\x00b\xf9\x00\xdf\x00\x12\xf8\x01\x02\x01"\xfa\x02\t\x01\x82\x00\x00\x15\x012\x00\x03F\x01"\x01'),
                        ], is_16bit=False, y_plus=0, y_minus=0, x=363, y=89),
                        Tile(mirror=False, invert=False, format=0, length=7, subtile_bytes=[
                            bytearray(b'\x00\x00\x00\x1a\x00\xff\xff#\x00,\x00_\x00\x9c\x00\x00\x00\x08\x00\n\x01\x08\x00\n\x02\x00\x02\x00\x02\x03\x04\x04'),
                            bytearray(b'\x00\x00\t\x012\x00\x01F\x01"\xff\x00V\x012\xfe\x00c\x01\x00b\x00\x00\xbd\x00b\x00\x04\xdf\x00\x12\x00'),
                            bytearray(b'"\x01\x00V\x012\x00\x00c\x01\x002\x00\x01\xbd\x002\x00\x00\xcc\x00b\x00\x02\xdf\x00\x12\x00\x01\x02\x01\xa2'),
                            bytearray(b'\n\x02\x0b\x02\x0c\x02\n\x02\x0b\x02\x0c\x02\n\x02\x0b\x02\x0c\x02\n\n\r\x00\x02\x00\x02\x0e\x02\x0f\x02\x10\x02\x11'),
                        ], is_16bit=False, y_plus=0, y_minus=0, x=128, y=119),
                        Tile(mirror=False, invert=False, format=0, length=7, subtile_bytes=[
                            bytearray(b'\x00\xbd\x002\xf8\x00\xcc\x00b\xfd\xfc\xdf\x00\x12\xfd\x00\x02\x01\xf2\x00\x00\t\x012\x00\x00c\x01\x002\x00\x01'),
                            bytearray(b'F\x01"\xfd\x08V\x012\xf5\tc\x01\x002\xfa\x10\xbd\x002\xee\x13\xcc\x00b\xea\x1c\xdf\x00\x12\xeb\x1a\x02'),
                            bytearray(b'\xdf\x002\x02\x00\x02\x01\x82\x01\x00\x15\x01R\x01\xffF\x012\x00\xffc\x01\x00\x12\x05\x0c\x00\xa5\x00\x06\x13 '),
                            bytearray(b'\x00b\xf4\x02\xdf\x00\x12\xf5\x04\x02\x01"\xf8\x06\t\x01\x82\x00\x00\x15\x012\x01\x01F\x01"\x04\xffV\x012'),
                        ], is_16bit=False, y_plus=0, y_minus=0, x=112, y=119),
                        Tile(mirror=False, invert=False, format=0, length=6, subtile_bytes=[
                            bytearray(b'\xa0\x00\xf4}8\xf0\x08\xfc:C\x80_\xf0\xf8\xfcPR[tb\xfe\x00\xdf\x002\xff\x00\x02\x01\x82\x00\x00'),
                            None,
                            bytearray(b'r\xfa\x05\xdf\x00"\xfa\x04\t\x01\x82\xfc\x04\x15\x012\xfc\x03F\x01"\xfe\x04V\x012\xfa\x05c\x01\x002'),
                            bytearray(b'F\x01"\x01\xffV\x012\xfe\x00c\x01\x002\x00\x02\xbd\x002\xfd\x00\x00\x02b\xfb\x00\xdf\x00\x12\xfa\x00\x02'),
                        ], is_16bit=False, y_plus=0, y_minus=0, x=128, y=359),
                        Tile(mirror=False, invert=False, format=0, length=7, subtile_bytes=[
                            bytearray(b'\xcc\x00b\x00\x06\xdf\x00\x12\x00\x05\x02\x01"\x00\x02\t\x01\x82\x00\x00\x15\x012\x00\x01F\x01"\x01\x00V\x01'),
                            bytearray(b'\x02\x12\x02\x0f\x02\x10\x02\x11\x02\x12\x02\x0f\x02\x10\x02\x11\x02\x12\x00\x02\x0f\x02\x10\x02\x11\x02\x12\x00\xcd\x00\x7f\x01'),
                            bytearray(b'\x02\x12\x02\x0f\x02\x10\x02\x11\x02\x12\x02\x0f\x02\x10\x02\x11\x02\x12\x02\x0f\x02\x10\x02\x11\x02\x12\x02\x0f\x02\x10\x02\x11'),
                            bytearray(b'\xf5\x00c\x01\x002\x03\x06\xbd\x002\xf3\x00\x00\x02b\xf1\x03\xdf\x00\x12\xf3\x05\x02\x01"\xf7\x07\t\x01\x82\x00'),
                        ], is_16bit=False, y_plus=0, y_minus=0, x=112, y=359),
                    ]
                ),
                Mold(15, gridplane=False,
                    tiles=[
                        Tile(mirror=False, invert=False, format=0, length=7, subtile_bytes=[
                            bytearray(b'\x06\x05\x00\x02\x00\x02\x06\x02\x07\x04\x08\x04\t\x06\n\x02\x0b\x02\x0c\x02\n\x02\x0b\x02\x0c\x02\n\x02\x0b\x02\x0c\x02'),
                            bytearray(b'\x00\x15\x012\x02\x00F\x01"\x05\xffV\x012\xf3\x00c\x01\x002\x04\x06\xbd\x002\xef\x01\xcc\x00b\xed\x04'),
                            bytearray(b'\t\x01\x82\x00\x00\x15\x012\x00\x02F\x01"\x02\xffV\x012\xf8\x00,\x02\x002\x02\x05\xbd\x002\xf5\x00\xcc'),
                            bytearray(b'2\xfa\x00\xcc\x00b\xf9\x00\xdf\x00\x12\xf8\x01\x02\x01"\xfa\x02\t\x01\x82\x00\x00\x15\x012\x00\x03F\x01"\x01'),
                        ], is_16bit=False, y_plus=0, y_minus=0, x=137, y=96),
                        Tile(mirror=False, invert=False, format=0, length=7, subtile_bytes=[
                            bytearray(b'\x06\x05\x00\x02\x00\x02\x06\x02\x07\x04\x08\x04\t\x06\n\x02\x0b\x02\x0c\x02\n\x02\x0b\x02\x0c\x02\n\x02\x0b\x02\x0c\x02'),
                            bytearray(b'\x00\x15\x012\x02\x00F\x01"\x05\xffV\x012\xf3\x00c\x01\x002\x04\x06\xbd\x002\xef\x01\xcc\x00b\xed\x04'),
                            bytearray(b'\t\x01\x82\x00\x00\x15\x012\x00\x02F\x01"\x02\xffV\x012\xf8\x00,\x02\x002\x02\x05\xbd\x002\xf5\x00\xcc'),
                            bytearray(b'2\xfa\x00\xcc\x00b\xf9\x00\xdf\x00\x12\xf8\x01\x02\x01"\xfa\x02\t\x01\x82\x00\x00\x15\x012\x00\x03F\x01"\x01'),
                        ], is_16bit=False, y_plus=0, y_minus=0, x=361, y=98),
                        Tile(mirror=False, invert=False, format=0, length=7, subtile_bytes=[
                            bytearray(b'\x00\x00\x00\x1a\x00\xff\xff#\x00,\x00_\x00\x9c\x00\x00\x00\x08\x00\n\x01\x08\x00\n\x02\x00\x02\x00\x02\x03\x04\x04'),
                            bytearray(b'\x00\x00\t\x012\x00\x01F\x01"\xff\x00V\x012\xfe\x00c\x01\x00b\x00\x00\xbd\x00b\x00\x04\xdf\x00\x12\x00'),
                            bytearray(b'"\x01\x00V\x012\x00\x00c\x01\x002\x00\x01\xbd\x002\x00\x00\xcc\x00b\x00\x02\xdf\x00\x12\x00\x01\x02\x01\xa2'),
                            bytearray(b'\n\x02\x0b\x02\x0c\x02\n\x02\x0b\x02\x0c\x02\n\x02\x0b\x02\x0c\x02\n\n\r\x00\x02\x00\x02\x0e\x02\x0f\x02\x10\x02\x11'),
                        ], is_16bit=False, y_plus=0, y_minus=0, x=128, y=119),
                        Tile(mirror=False, invert=False, format=0, length=7, subtile_bytes=[
                            bytearray(b'\x00\xbd\x002\xf8\x00\xcc\x00b\xfd\xfc\xdf\x00\x12\xfd\x00\x02\x01\xf2\x00\x00\t\x012\x00\x00c\x01\x002\x00\x01'),
                            bytearray(b'F\x01"\xfd\x08V\x012\xf5\tc\x01\x002\xfa\x10\xbd\x002\xee\x13\xcc\x00b\xea\x1c\xdf\x00\x12\xeb\x1a\x02'),
                            bytearray(b'\xdf\x002\x02\x00\x02\x01\x82\x01\x00\x15\x01R\x01\xffF\x012\x00\xffc\x01\x00\x12\x05\x0c\x00\xa5\x00\x06\x13 '),
                            bytearray(b'\x00b\xf4\x02\xdf\x00\x12\xf5\x04\x02\x01"\xf8\x06\t\x01\x82\x00\x00\x15\x012\x01\x01F\x01"\x04\xffV\x012'),
                        ], is_16bit=False, y_plus=0, y_minus=0, x=112, y=119),
                        Tile(mirror=False, invert=False, format=0, length=6, subtile_bytes=[
                            bytearray(b'\xa0\x00\xf4}8\xf0\x08\xfc:C\x80_\xf0\xf8\xfcPR[tb\xfe\x00\xdf\x002\xff\x00\x02\x01\x82\x00\x00'),
                            None,
                            bytearray(b'r\xfa\x05\xdf\x00"\xfa\x04\t\x01\x82\xfc\x04\x15\x012\xfc\x03F\x01"\xfe\x04V\x012\xfa\x05c\x01\x002'),
                            bytearray(b'F\x01"\x01\xffV\x012\xfe\x00c\x01\x002\x00\x02\xbd\x002\xfd\x00\x00\x02b\xfb\x00\xdf\x00\x12\xfa\x00\x02'),
                        ], is_16bit=False, y_plus=0, y_minus=0, x=128, y=359),
                        Tile(mirror=False, invert=False, format=0, length=7, subtile_bytes=[
                            bytearray(b'\xcc\x00b\x00\x06\xdf\x00\x12\x00\x05\x02\x01"\x00\x02\t\x01\x82\x00\x00\x15\x012\x00\x01F\x01"\x01\x00V\x01'),
                            bytearray(b'\x02\x12\x02\x0f\x02\x10\x02\x11\x02\x12\x02\x0f\x02\x10\x02\x11\x02\x12\x00\x02\x0f\x02\x10\x02\x11\x02\x12\x00\xcd\x00\x7f\x01'),
                            bytearray(b'\x02\x12\x02\x0f\x02\x10\x02\x11\x02\x12\x02\x0f\x02\x10\x02\x11\x02\x12\x02\x0f\x02\x10\x02\x11\x02\x12\x02\x0f\x02\x10\x02\x11'),
                            bytearray(b'\xf5\x00c\x01\x002\x03\x06\xbd\x002\xf3\x00\x00\x02b\xf1\x03\xdf\x00\x12\xf3\x05\x02\x01"\xf7\x07\t\x01\x82\x00'),
                        ], is_16bit=False, y_plus=0, y_minus=0, x=112, y=359),
                        Tile(mirror=False, invert=False, format=0, length=7, subtile_bytes=[
                            bytearray(b'\x06\x05\x00\x02\x00\x02\x06\x02\x07\x04\x08\x04\t\x06\n\x02\x0b\x02\x0c\x02\n\x02\x0b\x02\x0c\x02\n\x02\x0b\x02\x0c\x02'),
                            bytearray(b'\x00\x15\x012\x02\x00F\x01"\x05\xffV\x012\xf3\x00c\x01\x002\x04\x06\xbd\x002\xef\x01\xcc\x00b\xed\x04'),
                            bytearray(b'\t\x01\x82\x00\x00\x15\x012\x00\x02F\x01"\x02\xffV\x012\xf8\x00,\x02\x002\x02\x05\xbd\x002\xf5\x00\xcc'),
                            bytearray(b'2\xfa\x00\xcc\x00b\xf9\x00\xdf\x00\x12\xf8\x01\x02\x01"\xfa\x02\t\x01\x82\x00\x00\x15\x012\x00\x03F\x01"\x01'),
                        ], is_16bit=False, y_plus=0, y_minus=0, x=125, y=338),
                        Tile(mirror=False, invert=False, format=0, length=7, subtile_bytes=[
                            bytearray(b'\x06\x05\x00\x02\x00\x02\x06\x02\x07\x04\x08\x04\t\x06\n\x02\x0b\x02\x0c\x02\n\x02\x0b\x02\x0c\x02\n\x02\x0b\x02\x0c\x02'),
                            bytearray(b'\x00\x15\x012\x02\x00F\x01"\x05\xffV\x012\xf3\x00c\x01\x002\x04\x06\xbd\x002\xef\x01\xcc\x00b\xed\x04'),
                            bytearray(b'\t\x01\x82\x00\x00\x15\x012\x00\x02F\x01"\x02\xffV\x012\xf8\x00,\x02\x002\x02\x05\xbd\x002\xf5\x00\xcc'),
                            bytearray(b'2\xfa\x00\xcc\x00b\xf9\x00\xdf\x00\x12\xf8\x01\x02\x01"\xfa\x02\t\x01\x82\x00\x00\x15\x012\x00\x03F\x01"\x01'),
                        ], is_16bit=False, y_plus=0, y_minus=0, x=116, y=83),
                    ]
                ),
            ],
            sequences=[
                AnimationSequence(
                    frames=[
                        AnimationSequenceFrame(duration=1, mold_id=0),
                    ]
                ),
                AnimationSequence(
                    frames=[
                    ]
                ),
                AnimationSequence(
                    frames=[
                    ]
                ),
                AnimationSequence(
                    frames=[
                    ]
                ),
                AnimationSequence(
                    frames=[
                    ]
                ),
                AnimationSequence(
                    frames=[
                    ]
                ),
                AnimationSequence(
                    frames=[
                    ]
                ),
                AnimationSequence(
                    frames=[
                    ]
                ),
                AnimationSequence(
                    frames=[
                    ]
                ),
                AnimationSequence(
                    frames=[
                    ]
                ),
                AnimationSequence(
                    frames=[
                        AnimationSequenceFrame(duration=4, mold_id=0),
                        AnimationSequenceFrame(duration=4, mold_id=1),
                        AnimationSequenceFrame(duration=4, mold_id=2),
                        AnimationSequenceFrame(duration=4, mold_id=3),
                        AnimationSequenceFrame(duration=4, mold_id=4),
                        AnimationSequenceFrame(duration=4, mold_id=5),
                        AnimationSequenceFrame(duration=4, mold_id=6),
                        AnimationSequenceFrame(duration=4, mold_id=7),
                    ]
                ),
                AnimationSequence(
                    frames=[
                        AnimationSequenceFrame(duration=4, mold_id=8),
                        AnimationSequenceFrame(duration=4, mold_id=9),
                        AnimationSequenceFrame(duration=4, mold_id=10),
                        AnimationSequenceFrame(duration=4, mold_id=11),
                        AnimationSequenceFrame(duration=4, mold_id=12),
                        AnimationSequenceFrame(duration=4, mold_id=13),
                        AnimationSequenceFrame(duration=4, mold_id=14),
                        AnimationSequenceFrame(duration=4, mold_id=15),
                    ]
                ),
                AnimationSequence(
                    frames=[
                        AnimationSequenceFrame(duration=4, mold_id=16),
                        AnimationSequenceFrame(duration=4, mold_id=17),
                        AnimationSequenceFrame(duration=4, mold_id=18),
                        AnimationSequenceFrame(duration=4, mold_id=19),
                        AnimationSequenceFrame(duration=4, mold_id=20),
                        AnimationSequenceFrame(duration=4, mold_id=21),
                        AnimationSequenceFrame(duration=4, mold_id=22),
                        AnimationSequenceFrame(duration=4, mold_id=23),
                    ]
                ),
                AnimationSequence(
                    frames=[
                        AnimationSequenceFrame(duration=4, mold_id=24),
                        AnimationSequenceFrame(duration=4, mold_id=25),
                        AnimationSequenceFrame(duration=4, mold_id=26),
                        AnimationSequenceFrame(duration=4, mold_id=27),
                        AnimationSequenceFrame(duration=4, mold_id=28),
                        AnimationSequenceFrame(duration=4, mold_id=29),
                        AnimationSequenceFrame(duration=4, mold_id=30),
                        AnimationSequenceFrame(duration=4, mold_id=31),
                    ]
                ),
            ]
        )
    ),
    palette_id=421,
    palette_offset=0,
    unknown_num=0
)
