# AUTOGENERATED DO NOT EDIT!!
# Run the following command if you need to rebuild the table
# python manage.py graphicsdisassembler --rom ROM
from randomizer.data.palettes import CompleteSprite, AnimationPack, AnimationPackProperties, AnimationSequence, AnimationSequenceFrame, Mold, Tile, Clone
sprite = CompleteSprite(
    animation=AnimationPack(299, length=404, unknown=0x0000,
        properties=AnimationPackProperties(vram_size=4096,
            molds=[
                Mold(0, gridplane=False,
                    tiles=[
                        Tile(mirror=False, invert=False, format=0, length=5, subtile_bytes=[
                            bytearray(b'\xea.0\xb0\xd5\xf29"&\xd0\xd5\xe2=3\'B\xed\x17\xf7\x00"\xcf\xfd\xcd\x00"\xde\x1a\x0f\x02"\xf5'),
                            bytearray(b'\x1a\xcd\x00"\x00\x00r\x01\x00\x9f\x03\x0c\x00^\x00\x05\x11 \x00\x00\x00\x18\x00\xff\xff!\x00,\x00E\x00\x00'),
                            None,
                            None,
                        ], is_16bit=False, y_plus=0, y_minus=0, x=129, y=110),
                        Tile(mirror=False, invert=False, format=0, length=5, subtile_bytes=[
                            bytearray(b'2\x13\xe9c\x02\x12\xf1\x03\x0b\x04\xf2\x00\x00\xf7\x00"\x00\x00R\x01"\xe8\xf4\xcd\x00\x12\x00\x00l\x01"\xe7'),
                            bytearray(b'5\x01"\xf9\xea\xcd\x00\x12\xfa\xfel\x01"\x00\xffr\x01\x00"\x04\x04\xcd\x00"\xf3\x19\xcd\x00\xf2\x00\x00\xe5'),
                            None,
                            None,
                        ], is_16bit=False, y_plus=0, y_minus=0, x=113, y=110),
                        Tile(mirror=False, invert=False, format=0, length=7, subtile_bytes=[
                            bytearray(b'\xffl\x01"\x01\x01r\x01\x00"\x00\xff\xcd\x00"\xf3\x15\xcd\x00r\xff\xff\xe5\x00"\xdf\xef\xcd\x00"\xe7\xf4'),
                            bytearray(b'\x00\x12\x04\xfdl\x01"\x00\xffr\x01\x00"\xfa\x03\xcd\x00"\xf7\x14\xcd\x00r\xf5\x08\xe5\x00"\xda\xf4\xcd\x00'),
                            bytearray(b'\n\xc4\x00B\xf3\x0c\xeb\x00\x00B\x01\xff\x82\x00"\x00\x00\x97\x00B\xff\x00\xa3\x00"\x01\xff\xb8\x00b\x00\x00'),
                            bytearray(b"\x02\x0c\x02\r\x04\x0e\x00\x82\x00\x03\x01\'\x01[\x01\x80\x01\x9f\x01\xbe\x01\xe2\x01\x06\x021\x02U\x02\x8b\x02\xaf"),
                        ], is_16bit=False, y_plus=0, y_minus=0, x=129, y=94),
                        Tile(mirror=False, invert=False, format=0, length=7, subtile_bytes=[
                            bytearray(b'\xf13\x7f\xa0\xf0\x01+p\xf0\xf0\xf1KZ`g\x82\x00\x00\xb8\x00B\xf9\x08\xeb\x00\x00B\x02\xf8\x82\x00\x12'),
                            bytearray(b'\xf8\x14\xcd\x00r\xf3\x0b\xe5\x00"\xd8\xf7\xcd\x00"\xe3\xfa\xcd\x00"\x00\x01)\x01r\x00\x005\x01"\xf2\xeb'),
                            bytearray(b'\xcd\x00"\xff\x01)\x01r\xff\x005\x01"\xf8\xed\xcd\x00\x12\xff\x01l\x01"\xff\xffr\x01\x00"\xfd\x06\xcd'),
                            bytearray(b'\x01"\xee\x0c\x0f\x02"\x00\x01)\x01r\x00\x005\x01"\xfd\xfd\x0f\x02\x12\x05\xfel\x01"\x00\xffr\x01\x00'),
                        ], is_16bit=False, y_plus=0, y_minus=0, x=113, y=94),
                        Tile(mirror=False, invert=False, format=0, length=7, subtile_bytes=[
                            bytearray(b'\x03\xeb\x00\x00B\xe9\x10\x82\x00\xb0\xe0\x18B#=\x12\xf1\x08\x9d\x00B\xfc\x046\x01"\xfb\x05\xb8\x00b\xf6'),
                            bytearray(b'\xc4\x00B\xff\x01\xeb\x00\x00B\x02\xfe\x82\x00\x12\x01\xff\x97\x00\x12\xff\x00\x9d\x00B\x00\xff\xa3\x00\x82\x00\x00\xb8'),
                            bytearray(b'\x11\xa0\xf6\xfe\x07Q\xf0\xf6\xeeP[mc\xc0\x04\x009\x14\xf0\xfc\xf0*\x82U$\xf0\xf4\x00 ;\x1d<'),
                            bytearray(b'\x0e)\x01r\xf2\x0c5\x01"\xeb\t\x0f\x02\x12\xf6\x0bl\x01"\xf4\nr\x01\x00"\xff\x01\xcd\x00"\xf4\x14'),
                        ], is_16bit=False, y_plus=0, y_minus=0, x=129, y=78),
                        Tile(mirror=False, invert=False, format=0, length=7, subtile_bytes=[
                            bytearray(b'\x03\xfb\x97\x00\x12\x01\x00\x9d\x002\x01\x00\x15\x02"\xff\x01\xb8\x00b\x00\x00\xc4\x00B\xf8\x0c\xeb\x00\x00B\x00'),
                            bytearray(b'\xda\x00\x84x\xf0\xda\xf0\x1c]j8\x00B\xfd\x03\x82\x00\x12\xfc\x04\x97\x00\x12\xfb\x03\x9d\x00B\xfb\x04\xa3\x00'),
                            bytearray(b'\x00\xc0\xfb\x11\x18%\xf0\xeb\x11\x1e\x1d#\x19r\xfd\x06\xe5\x00"\xdb\xf2\xcd\x00"\xe3\xfa\xcd\x00"\xfe\x04)'),
                            bytearray(b'\x00R\x00\x00?\x01"\xfa\xe7\xcd\x002\x00\x00l\x01\x00"\t\t\xcd\x00"\xf3\x1e\xcd\x002\x13\xe9c\x02'),
                        ], is_16bit=False, y_plus=0, y_minus=0, x=113, y=78),
                        Tile(mirror=False, invert=False, format=0, length=5, subtile_bytes=[
                            bytearray(b'\xcd\x00\x12\x05\xfel\x01"\x00\xffr\x01\x00"\x07\xec\xea\x01"\x03&\x0f\x02r\xf3\x0b\xe5\x00"\xe9\xdf\xea'),
                            None,
                            bytearray(b'\x08\x04\t\x06\n\n\x0b\x02\x0c\x02\r\x08\x0e\x00\x02\x00\x02\x04\x02\x05\x02\x06\x02\x07\x02\x08\x02\t\x04\n\x06\x0b'),
                            None,
                        ], is_16bit=False, y_plus=0, y_minus=0, x=137, y=118),
                        Tile(mirror=False, invert=False, format=0, length=7, subtile_bytes=[
                            bytearray(b'S\xf0\xd0\xe3K@CR\xc0\xec\xe7 \x1b\xf0\xdc\xe71*\x1c)\xc0\xf4\xee \x1b\xf0\xe4\xee1*\x1c)'),
                            bytearray(b'\xb0\xfa\x0cW^\x13p\xd4\x04FGo\x80\xf8\x01p\xc0\xf8\xf1`g\xa0\xe8\x01d5\xf0\xe8\xf1_@\x10'),
                            bytearray(b'"\xe4\xf9\xcd\x00\x92\x00\x00)\x01"\xf4\xec\xcd\x00\x12\x04\xfdl\x01"\x00\x00r\x01\x00"\xf6\x04\xcd\x00"'),
                            bytearray(b'*\x1c)p\xe7\n\x02\x03\x01\xc0\xe8\xf3\x1f2\xf0\xd8\xf3JPTD\x00"\x01\x01\xcd\x00"\xf4\x13\xcd\x00'),
                        ], is_16bit=False, y_plus=0, y_minus=0, x=121, y=118),
                        Tile(mirror=False, invert=False, format=0, length=6, subtile_bytes=[
                            bytearray(b'\x02\xf7\x02*\x03a\x03\x80\x03\x00\x00\x80\x10\x13\x12\xc0\x10\x03SL\xa0\x00\x13M\x19\xf0\x00\x03\x01q6)'),
                            bytearray(b'\x00\x06\x00\x08\x0f\x06\x00\x08\x10\x00\x02\x00\x02\x01\x04\x02\x06\x03\x02\x01\x00\x02\x00\x02\x04\x02\x05\x04\x06\x04\x07\x04'),
                            None,
                            bytearray(b'\x01r\xfd\x035\x01\xc0\x01\xe7+(\xf0\xf1\xe7\x17-\x1a/\x12\xfb\x02l\x01"\xfd\x02r\x01\x00"\x05\xef'),
                        ], is_16bit=False, y_plus=0, y_minus=0, x=105, y=118),
                        Tile(mirror=False, invert=False, format=0, length=5, subtile_bytes=[
                            bytearray(b'\xcd\x00r\xfe\x01\xe5\x00"\xdf\xef\xcd\x00"\xe7\xf6\xcd\x00"\x00\x01)\x01r\x00\x005\x01"\xf7\xec\xcd\x00'),
                            None,
                            bytearray(b'\x02\xfe\xb8\x00b\x00\x00\xc4\x00B\xfa\x06\xeb\x00\x00B\x04\xfa\x82\x00\x12\x03\xfc\x97\x00\x12\x00\xff\x9d\x00\xc0\xe8'),
                            None,
                        ], is_16bit=False, y_plus=0, y_minus=0, x=137, y=102),
                        Tile(mirror=False, invert=False, format=0, length=7, subtile_bytes=[
                            bytearray(b'\xc0\xeb\x03!,\xf0\xdb\x03>?OE`\x00\nAN\xc0\x08\xfa\tL\xb0\xf8\x02\n\x0c\x13\xf0\xf8\xf2\x05'),
                            bytearray(b'r\x01\x01\xe5\x00"\xe1\xed\xcd\x00"\xe9\xf6\xcd\x00"\x01\xff)\x01r\x01\x005\x01"\xf9\xeb\xcd\x00\x12\x01'),
                            bytearray(b'l\x01\x00"\x04\xf0\xcd\x00"\xff\x15\xcd\x002\x13\xe9c\x02\x12\xf1\x03\x0b\x04\xf2\x00\x00\xf7\x00"\x00\x00R'),
                            bytearray(b'\xe6\xf7\xcd\x00\x92\x00\x00)\x01"\xf6\xec\xcd\x00\x12\x02\xfel\x01"\x00\x00r\x01\x00"\xfc\x03\xcd\x00"\xf6'),
                        ], is_16bit=False, y_plus=0, y_minus=0, x=121, y=102),
                        Tile(mirror=False, invert=False, format=0, length=7, subtile_bytes=[
                            bytearray(b'\xea\x01"\xe7\x1d\xcd\x00r\xfa\r\xe5\x00"\xd5\xf8\xcd\x00"\xe4\x15\x0f\x02"\xfb\t)\x01r\xf8\x075\x01'),
                            bytearray(b'\x12\x01\xffl\x01"\x00\xffr\x01\x00"\xfe\x02\xcd\x00"\xf5\x14\xcd\x00r\xfc\x03\xe5\x00"\xde\xf2\xcd\x00"'),
                            bytearray(b'"\xee\xf0\xcd\x00\x12\xf7\x06l\x01"\xfa\x05r\x01\x00"\xe4\x0f\xcd\x00"\xe71\x0f\x02\x80\xe5\xfa$\xc0\xe5'),
                            bytearray(b'\x12\xf1\x03\x0b\x04\xf2\x00\x00\xf7\x00"\x00\x00R\x01"\xfb\xe4\xcd\x002\x00\x00l\x01\x00"\t\xfb\xcd\x00"'),
                        ], is_16bit=False, y_plus=0, y_minus=0, x=105, y=102),
                    ]
                ),
                Mold(1, gridplane=False,
                    tiles=[
                        Tile(mirror=False, invert=False, format=0, length=5, subtile_bytes=[
                            bytearray(b'\xea.0\xb0\xd5\xf29"&\xd0\xd5\xe2=3\'B\xed\x17\xf7\x00"\xcf\xfd\xcd\x00"\xde\x1a\x0f\x02"\xf5'),
                            bytearray(b'\x1a\xcd\x00"\x00\x00r\x01\x00\x9f\x03\x0c\x00^\x00\x05\x11 \x00\x00\x00\x18\x00\xff\xff!\x00,\x00E\x00\x00'),
                            None,
                            None,
                        ], is_16bit=False, y_plus=0, y_minus=0, x=130, y=110),
                        Tile(mirror=False, invert=False, format=0, length=5, subtile_bytes=[
                            bytearray(b'2\x13\xe9c\x02\x12\xf1\x03\x0b\x04\xf2\x00\x00\xf7\x00"\x00\x00R\x01"\xe8\xf4\xcd\x00\x12\x00\x00l\x01"\xe7'),
                            bytearray(b'5\x01"\xf9\xea\xcd\x00\x12\xfa\xfel\x01"\x00\xffr\x01\x00"\x04\x04\xcd\x00"\xf3\x19\xcd\x00\xf2\x00\x00\xe5'),
                            None,
                            None,
                        ], is_16bit=False, y_plus=0, y_minus=0, x=114, y=110),
                        Tile(mirror=False, invert=False, format=0, length=7, subtile_bytes=[
                            bytearray(b'\xffl\x01"\x01\x01r\x01\x00"\x00\xff\xcd\x00"\xf3\x15\xcd\x00r\xff\xff\xe5\x00"\xdf\xef\xcd\x00"\xe7\xf4'),
                            bytearray(b'\x00\x12\x04\xfdl\x01"\x00\xffr\x01\x00"\xfa\x03\xcd\x00"\xf7\x14\xcd\x00r\xf5\x08\xe5\x00"\xda\xf4\xcd\x00'),
                            bytearray(b'\n\xc4\x00B\xf3\x0c\xeb\x00\x00B\x01\xff\x82\x00"\x00\x00\x97\x00B\xff\x00\xa3\x00"\x01\xff\xb8\x00b\x00\x00'),
                            bytearray(b"\x02\x0c\x02\r\x04\x0e\x00\x82\x00\x03\x01\'\x01[\x01\x80\x01\x9f\x01\xbe\x01\xe2\x01\x06\x021\x02U\x02\x8b\x02\xaf"),
                        ], is_16bit=False, y_plus=0, y_minus=0, x=130, y=94),
                        Tile(mirror=False, invert=False, format=0, length=7, subtile_bytes=[
                            bytearray(b'\xf13\x7f\xa0\xf0\x01+p\xf0\xf0\xf1KZ`g\x82\x00\x00\xb8\x00B\xf9\x08\xeb\x00\x00B\x02\xf8\x82\x00\x12'),
                            bytearray(b'\xf8\x14\xcd\x00r\xf3\x0b\xe5\x00"\xd8\xf7\xcd\x00"\xe3\xfa\xcd\x00"\x00\x01)\x01r\x00\x005\x01"\xf2\xeb'),
                            bytearray(b'\xcd\x00"\xff\x01)\x01r\xff\x005\x01"\xf8\xed\xcd\x00\x12\xff\x01l\x01"\xff\xffr\x01\x00"\xfd\x06\xcd'),
                            bytearray(b'\x01"\xee\x0c\x0f\x02"\x00\x01)\x01r\x00\x005\x01"\xfd\xfd\x0f\x02\x12\x05\xfel\x01"\x00\xffr\x01\x00'),
                        ], is_16bit=False, y_plus=0, y_minus=0, x=114, y=94),
                        Tile(mirror=False, invert=False, format=0, length=7, subtile_bytes=[
                            bytearray(b'\x03\xeb\x00\x00B\xe9\x10\x82\x00\xb0\xe0\x18B#=\x12\xf1\x08\x9d\x00B\xfc\x046\x01"\xfb\x05\xb8\x00b\xf6'),
                            bytearray(b'\xc4\x00B\xff\x01\xeb\x00\x00B\x02\xfe\x82\x00\x12\x01\xff\x97\x00\x12\xff\x00\x9d\x00B\x00\xff\xa3\x00\x82\x00\x00\xb8'),
                            bytearray(b'\x11\xa0\xf6\xfe\x07Q\xf0\xf6\xeeP[mc\xc0\x04\x009\x14\xf0\xfc\xf0*\x82U$\xf0\xf4\x00 ;\x1d<'),
                            bytearray(b'\x0e)\x01r\xf2\x0c5\x01"\xeb\t\x0f\x02\x12\xf6\x0bl\x01"\xf4\nr\x01\x00"\xff\x01\xcd\x00"\xf4\x14'),
                        ], is_16bit=False, y_plus=0, y_minus=0, x=130, y=78),
                        Tile(mirror=False, invert=False, format=0, length=7, subtile_bytes=[
                            bytearray(b'\x03\xfb\x97\x00\x12\x01\x00\x9d\x002\x01\x00\x15\x02"\xff\x01\xb8\x00b\x00\x00\xc4\x00B\xf8\x0c\xeb\x00\x00B\x00'),
                            bytearray(b'\xda\x00\x84x\xf0\xda\xf0\x1c]j8\x00B\xfd\x03\x82\x00\x12\xfc\x04\x97\x00\x12\xfb\x03\x9d\x00B\xfb\x04\xa3\x00'),
                            bytearray(b'\x00\xc0\xfb\x11\x18%\xf0\xeb\x11\x1e\x1d#\x19r\xfd\x06\xe5\x00"\xdb\xf2\xcd\x00"\xe3\xfa\xcd\x00"\xfe\x04)'),
                            bytearray(b'\x00R\x00\x00?\x01"\xfa\xe7\xcd\x002\x00\x00l\x01\x00"\t\t\xcd\x00"\xf3\x1e\xcd\x002\x13\xe9c\x02'),
                        ], is_16bit=False, y_plus=0, y_minus=0, x=114, y=78),
                        Tile(mirror=False, invert=False, format=0, length=5, subtile_bytes=[
                            bytearray(b'\xcd\x00\x12\x05\xfel\x01"\x00\xffr\x01\x00"\x07\xec\xea\x01"\x03&\x0f\x02r\xf3\x0b\xe5\x00"\xe9\xdf\xea'),
                            None,
                            bytearray(b'\x08\x04\t\x06\n\n\x0b\x02\x0c\x02\r\x08\x0e\x00\x02\x00\x02\x04\x02\x05\x02\x06\x02\x07\x02\x08\x02\t\x04\n\x06\x0b'),
                            None,
                        ], is_16bit=False, y_plus=0, y_minus=0, x=138, y=373),
                        Tile(mirror=False, invert=False, format=0, length=7, subtile_bytes=[
                            bytearray(b'S\xf0\xd0\xe3K@CR\xc0\xec\xe7 \x1b\xf0\xdc\xe71*\x1c)\xc0\xf4\xee \x1b\xf0\xe4\xee1*\x1c)'),
                            bytearray(b'\xb0\xfa\x0cW^\x13p\xd4\x04FGo\x80\xf8\x01p\xc0\xf8\xf1`g\xa0\xe8\x01d5\xf0\xe8\xf1_@\x10'),
                            bytearray(b'"\xe4\xf9\xcd\x00\x92\x00\x00)\x01"\xf4\xec\xcd\x00\x12\x04\xfdl\x01"\x00\x00r\x01\x00"\xf6\x04\xcd\x00"'),
                            bytearray(b'*\x1c)p\xe7\n\x02\x03\x01\xc0\xe8\xf3\x1f2\xf0\xd8\xf3JPTD\x00"\x01\x01\xcd\x00"\xf4\x13\xcd\x00'),
                        ], is_16bit=False, y_plus=0, y_minus=0, x=122, y=373),
                        Tile(mirror=False, invert=False, format=0, length=6, subtile_bytes=[
                            bytearray(b'\x02\xf7\x02*\x03a\x03\x80\x03\x00\x00\x80\x10\x13\x12\xc0\x10\x03SL\xa0\x00\x13M\x19\xf0\x00\x03\x01q6)'),
                            bytearray(b'\x00\x06\x00\x08\x0f\x06\x00\x08\x10\x00\x02\x00\x02\x01\x04\x02\x06\x03\x02\x01\x00\x02\x00\x02\x04\x02\x05\x04\x06\x04\x07\x04'),
                            None,
                            bytearray(b'\x01r\xfd\x035\x01\xc0\x01\xe7+(\xf0\xf1\xe7\x17-\x1a/\x12\xfb\x02l\x01"\xfd\x02r\x01\x00"\x05\xef'),
                        ], is_16bit=False, y_plus=0, y_minus=0, x=106, y=373),
                        Tile(mirror=False, invert=False, format=0, length=5, subtile_bytes=[
                            bytearray(b'\xcd\x00r\xfe\x01\xe5\x00"\xdf\xef\xcd\x00"\xe7\xf6\xcd\x00"\x00\x01)\x01r\x00\x005\x01"\xf7\xec\xcd\x00'),
                            None,
                            bytearray(b'\x02\xfe\xb8\x00b\x00\x00\xc4\x00B\xfa\x06\xeb\x00\x00B\x04\xfa\x82\x00\x12\x03\xfc\x97\x00\x12\x00\xff\x9d\x00\xc0\xe8'),
                            None,
                        ], is_16bit=False, y_plus=0, y_minus=0, x=138, y=357),
                        Tile(mirror=False, invert=False, format=0, length=7, subtile_bytes=[
                            bytearray(b'\xc0\xeb\x03!,\xf0\xdb\x03>?OE`\x00\nAN\xc0\x08\xfa\tL\xb0\xf8\x02\n\x0c\x13\xf0\xf8\xf2\x05'),
                            bytearray(b'r\x01\x01\xe5\x00"\xe1\xed\xcd\x00"\xe9\xf6\xcd\x00"\x01\xff)\x01r\x01\x005\x01"\xf9\xeb\xcd\x00\x12\x01'),
                            bytearray(b'l\x01\x00"\x04\xf0\xcd\x00"\xff\x15\xcd\x002\x13\xe9c\x02\x12\xf1\x03\x0b\x04\xf2\x00\x00\xf7\x00"\x00\x00R'),
                            bytearray(b'\xe6\xf7\xcd\x00\x92\x00\x00)\x01"\xf6\xec\xcd\x00\x12\x02\xfel\x01"\x00\x00r\x01\x00"\xfc\x03\xcd\x00"\xf6'),
                        ], is_16bit=False, y_plus=0, y_minus=0, x=122, y=357),
                        Tile(mirror=False, invert=False, format=0, length=7, subtile_bytes=[
                            bytearray(b'\xea\x01"\xe7\x1d\xcd\x00r\xfa\r\xe5\x00"\xd5\xf8\xcd\x00"\xe4\x15\x0f\x02"\xfb\t)\x01r\xf8\x075\x01'),
                            bytearray(b'\x12\x01\xffl\x01"\x00\xffr\x01\x00"\xfe\x02\xcd\x00"\xf5\x14\xcd\x00r\xfc\x03\xe5\x00"\xde\xf2\xcd\x00"'),
                            bytearray(b'"\xee\xf0\xcd\x00\x12\xf7\x06l\x01"\xfa\x05r\x01\x00"\xe4\x0f\xcd\x00"\xe71\x0f\x02\x80\xe5\xfa$\xc0\xe5'),
                            bytearray(b'\x12\xf1\x03\x0b\x04\xf2\x00\x00\xf7\x00"\x00\x00R\x01"\xfb\xe4\xcd\x002\x00\x00l\x01\x00"\t\xfb\xcd\x00"'),
                        ], is_16bit=False, y_plus=0, y_minus=0, x=106, y=357),
                    ]
                ),
                Mold(2, gridplane=False,
                    tiles=[
                        Tile(mirror=False, invert=False, format=0, length=5, subtile_bytes=[
                            bytearray(b'\xea.0\xb0\xd5\xf29"&\xd0\xd5\xe2=3\'B\xed\x17\xf7\x00"\xcf\xfd\xcd\x00"\xde\x1a\x0f\x02"\xf5'),
                            bytearray(b'\x1a\xcd\x00"\x00\x00r\x01\x00\x9f\x03\x0c\x00^\x00\x05\x11 \x00\x00\x00\x18\x00\xff\xff!\x00,\x00E\x00\x00'),
                            None,
                            None,
                        ], is_16bit=False, y_plus=0, y_minus=0, x=384, y=110),
                        Tile(mirror=False, invert=False, format=0, length=5, subtile_bytes=[
                            bytearray(b'2\x13\xe9c\x02\x12\xf1\x03\x0b\x04\xf2\x00\x00\xf7\x00"\x00\x00R\x01"\xe8\xf4\xcd\x00\x12\x00\x00l\x01"\xe7'),
                            bytearray(b'5\x01"\xf9\xea\xcd\x00\x12\xfa\xfel\x01"\x00\xffr\x01\x00"\x04\x04\xcd\x00"\xf3\x19\xcd\x00\xf2\x00\x00\xe5'),
                            None,
                            None,
                        ], is_16bit=False, y_plus=0, y_minus=0, x=368, y=110),
                        Tile(mirror=False, invert=False, format=0, length=7, subtile_bytes=[
                            bytearray(b'\xffl\x01"\x01\x01r\x01\x00"\x00\xff\xcd\x00"\xf3\x15\xcd\x00r\xff\xff\xe5\x00"\xdf\xef\xcd\x00"\xe7\xf4'),
                            bytearray(b'\x00\x12\x04\xfdl\x01"\x00\xffr\x01\x00"\xfa\x03\xcd\x00"\xf7\x14\xcd\x00r\xf5\x08\xe5\x00"\xda\xf4\xcd\x00'),
                            bytearray(b'\n\xc4\x00B\xf3\x0c\xeb\x00\x00B\x01\xff\x82\x00"\x00\x00\x97\x00B\xff\x00\xa3\x00"\x01\xff\xb8\x00b\x00\x00'),
                            bytearray(b"\x02\x0c\x02\r\x04\x0e\x00\x82\x00\x03\x01\'\x01[\x01\x80\x01\x9f\x01\xbe\x01\xe2\x01\x06\x021\x02U\x02\x8b\x02\xaf"),
                        ], is_16bit=False, y_plus=0, y_minus=0, x=384, y=94),
                        Tile(mirror=False, invert=False, format=0, length=7, subtile_bytes=[
                            bytearray(b'\xf13\x7f\xa0\xf0\x01+p\xf0\xf0\xf1KZ`g\x82\x00\x00\xb8\x00B\xf9\x08\xeb\x00\x00B\x02\xf8\x82\x00\x12'),
                            bytearray(b'\xf8\x14\xcd\x00r\xf3\x0b\xe5\x00"\xd8\xf7\xcd\x00"\xe3\xfa\xcd\x00"\x00\x01)\x01r\x00\x005\x01"\xf2\xeb'),
                            bytearray(b'\xcd\x00"\xff\x01)\x01r\xff\x005\x01"\xf8\xed\xcd\x00\x12\xff\x01l\x01"\xff\xffr\x01\x00"\xfd\x06\xcd'),
                            bytearray(b'\x01"\xee\x0c\x0f\x02"\x00\x01)\x01r\x00\x005\x01"\xfd\xfd\x0f\x02\x12\x05\xfel\x01"\x00\xffr\x01\x00'),
                        ], is_16bit=False, y_plus=0, y_minus=0, x=368, y=94),
                        Tile(mirror=False, invert=False, format=0, length=7, subtile_bytes=[
                            bytearray(b'\x03\xeb\x00\x00B\xe9\x10\x82\x00\xb0\xe0\x18B#=\x12\xf1\x08\x9d\x00B\xfc\x046\x01"\xfb\x05\xb8\x00b\xf6'),
                            bytearray(b'\xc4\x00B\xff\x01\xeb\x00\x00B\x02\xfe\x82\x00\x12\x01\xff\x97\x00\x12\xff\x00\x9d\x00B\x00\xff\xa3\x00\x82\x00\x00\xb8'),
                            bytearray(b'\x11\xa0\xf6\xfe\x07Q\xf0\xf6\xeeP[mc\xc0\x04\x009\x14\xf0\xfc\xf0*\x82U$\xf0\xf4\x00 ;\x1d<'),
                            bytearray(b'\x0e)\x01r\xf2\x0c5\x01"\xeb\t\x0f\x02\x12\xf6\x0bl\x01"\xf4\nr\x01\x00"\xff\x01\xcd\x00"\xf4\x14'),
                        ], is_16bit=False, y_plus=0, y_minus=0, x=384, y=78),
                        Tile(mirror=False, invert=False, format=0, length=7, subtile_bytes=[
                            bytearray(b'\x03\xfb\x97\x00\x12\x01\x00\x9d\x002\x01\x00\x15\x02"\xff\x01\xb8\x00b\x00\x00\xc4\x00B\xf8\x0c\xeb\x00\x00B\x00'),
                            bytearray(b'\xda\x00\x84x\xf0\xda\xf0\x1c]j8\x00B\xfd\x03\x82\x00\x12\xfc\x04\x97\x00\x12\xfb\x03\x9d\x00B\xfb\x04\xa3\x00'),
                            bytearray(b'\x00\xc0\xfb\x11\x18%\xf0\xeb\x11\x1e\x1d#\x19r\xfd\x06\xe5\x00"\xdb\xf2\xcd\x00"\xe3\xfa\xcd\x00"\xfe\x04)'),
                            bytearray(b'\x00R\x00\x00?\x01"\xfa\xe7\xcd\x002\x00\x00l\x01\x00"\t\t\xcd\x00"\xf3\x1e\xcd\x002\x13\xe9c\x02'),
                        ], is_16bit=False, y_plus=0, y_minus=0, x=368, y=78),
                        Tile(mirror=False, invert=False, format=0, length=5, subtile_bytes=[
                            bytearray(b'\xcd\x00\x12\x05\xfel\x01"\x00\xffr\x01\x00"\x07\xec\xea\x01"\x03&\x0f\x02r\xf3\x0b\xe5\x00"\xe9\xdf\xea'),
                            None,
                            bytearray(b'\x08\x04\t\x06\n\n\x0b\x02\x0c\x02\r\x08\x0e\x00\x02\x00\x02\x04\x02\x05\x02\x06\x02\x07\x02\x08\x02\t\x04\n\x06\x0b'),
                            None,
                        ], is_16bit=False, y_plus=0, y_minus=0, x=138, y=372),
                        Tile(mirror=False, invert=False, format=0, length=7, subtile_bytes=[
                            bytearray(b'S\xf0\xd0\xe3K@CR\xc0\xec\xe7 \x1b\xf0\xdc\xe71*\x1c)\xc0\xf4\xee \x1b\xf0\xe4\xee1*\x1c)'),
                            bytearray(b'\xb0\xfa\x0cW^\x13p\xd4\x04FGo\x80\xf8\x01p\xc0\xf8\xf1`g\xa0\xe8\x01d5\xf0\xe8\xf1_@\x10'),
                            bytearray(b'"\xe4\xf9\xcd\x00\x92\x00\x00)\x01"\xf4\xec\xcd\x00\x12\x04\xfdl\x01"\x00\x00r\x01\x00"\xf6\x04\xcd\x00"'),
                            bytearray(b'*\x1c)p\xe7\n\x02\x03\x01\xc0\xe8\xf3\x1f2\xf0\xd8\xf3JPTD\x00"\x01\x01\xcd\x00"\xf4\x13\xcd\x00'),
                        ], is_16bit=False, y_plus=0, y_minus=0, x=122, y=372),
                        Tile(mirror=False, invert=False, format=0, length=6, subtile_bytes=[
                            bytearray(b'\x02\xf7\x02*\x03a\x03\x80\x03\x00\x00\x80\x10\x13\x12\xc0\x10\x03SL\xa0\x00\x13M\x19\xf0\x00\x03\x01q6)'),
                            bytearray(b'\x00\x06\x00\x08\x0f\x06\x00\x08\x10\x00\x02\x00\x02\x01\x04\x02\x06\x03\x02\x01\x00\x02\x00\x02\x04\x02\x05\x04\x06\x04\x07\x04'),
                            None,
                            bytearray(b'\x01r\xfd\x035\x01\xc0\x01\xe7+(\xf0\xf1\xe7\x17-\x1a/\x12\xfb\x02l\x01"\xfd\x02r\x01\x00"\x05\xef'),
                        ], is_16bit=False, y_plus=0, y_minus=0, x=106, y=372),
                        Tile(mirror=False, invert=False, format=0, length=5, subtile_bytes=[
                            bytearray(b'\xcd\x00r\xfe\x01\xe5\x00"\xdf\xef\xcd\x00"\xe7\xf6\xcd\x00"\x00\x01)\x01r\x00\x005\x01"\xf7\xec\xcd\x00'),
                            None,
                            bytearray(b'\x02\xfe\xb8\x00b\x00\x00\xc4\x00B\xfa\x06\xeb\x00\x00B\x04\xfa\x82\x00\x12\x03\xfc\x97\x00\x12\x00\xff\x9d\x00\xc0\xe8'),
                            None,
                        ], is_16bit=False, y_plus=0, y_minus=0, x=138, y=356),
                        Tile(mirror=False, invert=False, format=0, length=7, subtile_bytes=[
                            bytearray(b'\xc0\xeb\x03!,\xf0\xdb\x03>?OE`\x00\nAN\xc0\x08\xfa\tL\xb0\xf8\x02\n\x0c\x13\xf0\xf8\xf2\x05'),
                            bytearray(b'r\x01\x01\xe5\x00"\xe1\xed\xcd\x00"\xe9\xf6\xcd\x00"\x01\xff)\x01r\x01\x005\x01"\xf9\xeb\xcd\x00\x12\x01'),
                            bytearray(b'l\x01\x00"\x04\xf0\xcd\x00"\xff\x15\xcd\x002\x13\xe9c\x02\x12\xf1\x03\x0b\x04\xf2\x00\x00\xf7\x00"\x00\x00R'),
                            bytearray(b'\xe6\xf7\xcd\x00\x92\x00\x00)\x01"\xf6\xec\xcd\x00\x12\x02\xfel\x01"\x00\x00r\x01\x00"\xfc\x03\xcd\x00"\xf6'),
                        ], is_16bit=False, y_plus=0, y_minus=0, x=122, y=356),
                        Tile(mirror=False, invert=False, format=0, length=7, subtile_bytes=[
                            bytearray(b'\xea\x01"\xe7\x1d\xcd\x00r\xfa\r\xe5\x00"\xd5\xf8\xcd\x00"\xe4\x15\x0f\x02"\xfb\t)\x01r\xf8\x075\x01'),
                            bytearray(b'\x12\x01\xffl\x01"\x00\xffr\x01\x00"\xfe\x02\xcd\x00"\xf5\x14\xcd\x00r\xfc\x03\xe5\x00"\xde\xf2\xcd\x00"'),
                            bytearray(b'"\xee\xf0\xcd\x00\x12\xf7\x06l\x01"\xfa\x05r\x01\x00"\xe4\x0f\xcd\x00"\xe71\x0f\x02\x80\xe5\xfa$\xc0\xe5'),
                            bytearray(b'\x12\xf1\x03\x0b\x04\xf2\x00\x00\xf7\x00"\x00\x00R\x01"\xfb\xe4\xcd\x002\x00\x00l\x01\x00"\t\xfb\xcd\x00"'),
                        ], is_16bit=False, y_plus=0, y_minus=0, x=106, y=356),
                    ]
                ),
                Mold(3, gridplane=False,
                    tiles=[
                        Tile(mirror=False, invert=False, format=0, length=5, subtile_bytes=[
                            bytearray(b'\xea.0\xb0\xd5\xf29"&\xd0\xd5\xe2=3\'B\xed\x17\xf7\x00"\xcf\xfd\xcd\x00"\xde\x1a\x0f\x02"\xf5'),
                            bytearray(b'\x1a\xcd\x00"\x00\x00r\x01\x00\x9f\x03\x0c\x00^\x00\x05\x11 \x00\x00\x00\x18\x00\xff\xff!\x00,\x00E\x00\x00'),
                            None,
                            None,
                        ], is_16bit=False, y_plus=0, y_minus=0, x=132, y=110),
                        Tile(mirror=False, invert=False, format=0, length=5, subtile_bytes=[
                            bytearray(b'2\x13\xe9c\x02\x12\xf1\x03\x0b\x04\xf2\x00\x00\xf7\x00"\x00\x00R\x01"\xe8\xf4\xcd\x00\x12\x00\x00l\x01"\xe7'),
                            bytearray(b'5\x01"\xf9\xea\xcd\x00\x12\xfa\xfel\x01"\x00\xffr\x01\x00"\x04\x04\xcd\x00"\xf3\x19\xcd\x00\xf2\x00\x00\xe5'),
                            None,
                            None,
                        ], is_16bit=False, y_plus=0, y_minus=0, x=116, y=110),
                        Tile(mirror=False, invert=False, format=0, length=7, subtile_bytes=[
                            bytearray(b'\xffl\x01"\x01\x01r\x01\x00"\x00\xff\xcd\x00"\xf3\x15\xcd\x00r\xff\xff\xe5\x00"\xdf\xef\xcd\x00"\xe7\xf4'),
                            bytearray(b'\x00\x12\x04\xfdl\x01"\x00\xffr\x01\x00"\xfa\x03\xcd\x00"\xf7\x14\xcd\x00r\xf5\x08\xe5\x00"\xda\xf4\xcd\x00'),
                            bytearray(b'\n\xc4\x00B\xf3\x0c\xeb\x00\x00B\x01\xff\x82\x00"\x00\x00\x97\x00B\xff\x00\xa3\x00"\x01\xff\xb8\x00b\x00\x00'),
                            bytearray(b"\x02\x0c\x02\r\x04\x0e\x00\x82\x00\x03\x01\'\x01[\x01\x80\x01\x9f\x01\xbe\x01\xe2\x01\x06\x021\x02U\x02\x8b\x02\xaf"),
                        ], is_16bit=False, y_plus=0, y_minus=0, x=132, y=94),
                        Tile(mirror=False, invert=False, format=0, length=7, subtile_bytes=[
                            bytearray(b'\xf13\x7f\xa0\xf0\x01+p\xf0\xf0\xf1KZ`g\x82\x00\x00\xb8\x00B\xf9\x08\xeb\x00\x00B\x02\xf8\x82\x00\x12'),
                            bytearray(b'\xf8\x14\xcd\x00r\xf3\x0b\xe5\x00"\xd8\xf7\xcd\x00"\xe3\xfa\xcd\x00"\x00\x01)\x01r\x00\x005\x01"\xf2\xeb'),
                            bytearray(b'\xcd\x00"\xff\x01)\x01r\xff\x005\x01"\xf8\xed\xcd\x00\x12\xff\x01l\x01"\xff\xffr\x01\x00"\xfd\x06\xcd'),
                            bytearray(b'\x01"\xee\x0c\x0f\x02"\x00\x01)\x01r\x00\x005\x01"\xfd\xfd\x0f\x02\x12\x05\xfel\x01"\x00\xffr\x01\x00'),
                        ], is_16bit=False, y_plus=0, y_minus=0, x=116, y=94),
                        Tile(mirror=False, invert=False, format=0, length=7, subtile_bytes=[
                            bytearray(b'\x03\xeb\x00\x00B\xe9\x10\x82\x00\xb0\xe0\x18B#=\x12\xf1\x08\x9d\x00B\xfc\x046\x01"\xfb\x05\xb8\x00b\xf6'),
                            bytearray(b'\xc4\x00B\xff\x01\xeb\x00\x00B\x02\xfe\x82\x00\x12\x01\xff\x97\x00\x12\xff\x00\x9d\x00B\x00\xff\xa3\x00\x82\x00\x00\xb8'),
                            bytearray(b'\x11\xa0\xf6\xfe\x07Q\xf0\xf6\xeeP[mc\xc0\x04\x009\x14\xf0\xfc\xf0*\x82U$\xf0\xf4\x00 ;\x1d<'),
                            bytearray(b'\x0e)\x01r\xf2\x0c5\x01"\xeb\t\x0f\x02\x12\xf6\x0bl\x01"\xf4\nr\x01\x00"\xff\x01\xcd\x00"\xf4\x14'),
                        ], is_16bit=False, y_plus=0, y_minus=0, x=132, y=78),
                        Tile(mirror=False, invert=False, format=0, length=7, subtile_bytes=[
                            bytearray(b'\x03\xfb\x97\x00\x12\x01\x00\x9d\x002\x01\x00\x15\x02"\xff\x01\xb8\x00b\x00\x00\xc4\x00B\xf8\x0c\xeb\x00\x00B\x00'),
                            bytearray(b'\xda\x00\x84x\xf0\xda\xf0\x1c]j8\x00B\xfd\x03\x82\x00\x12\xfc\x04\x97\x00\x12\xfb\x03\x9d\x00B\xfb\x04\xa3\x00'),
                            bytearray(b'\x00\xc0\xfb\x11\x18%\xf0\xeb\x11\x1e\x1d#\x19r\xfd\x06\xe5\x00"\xdb\xf2\xcd\x00"\xe3\xfa\xcd\x00"\xfe\x04)'),
                            bytearray(b'\x00R\x00\x00?\x01"\xfa\xe7\xcd\x002\x00\x00l\x01\x00"\t\t\xcd\x00"\xf3\x1e\xcd\x002\x13\xe9c\x02'),
                        ], is_16bit=False, y_plus=0, y_minus=0, x=116, y=78),
                        Tile(mirror=False, invert=False, format=0, length=5, subtile_bytes=[
                            bytearray(b'\xcd\x00\x12\x05\xfel\x01"\x00\xffr\x01\x00"\x07\xec\xea\x01"\x03&\x0f\x02r\xf3\x0b\xe5\x00"\xe9\xdf\xea'),
                            None,
                            bytearray(b'\x08\x04\t\x06\n\n\x0b\x02\x0c\x02\r\x08\x0e\x00\x02\x00\x02\x04\x02\x05\x02\x06\x02\x07\x02\x08\x02\t\x04\n\x06\x0b'),
                            None,
                        ], is_16bit=False, y_plus=0, y_minus=0, x=140, y=373),
                        Tile(mirror=False, invert=False, format=0, length=7, subtile_bytes=[
                            bytearray(b'S\xf0\xd0\xe3K@CR\xc0\xec\xe7 \x1b\xf0\xdc\xe71*\x1c)\xc0\xf4\xee \x1b\xf0\xe4\xee1*\x1c)'),
                            bytearray(b'\xb0\xfa\x0cW^\x13p\xd4\x04FGo\x80\xf8\x01p\xc0\xf8\xf1`g\xa0\xe8\x01d5\xf0\xe8\xf1_@\x10'),
                            bytearray(b'"\xe4\xf9\xcd\x00\x92\x00\x00)\x01"\xf4\xec\xcd\x00\x12\x04\xfdl\x01"\x00\x00r\x01\x00"\xf6\x04\xcd\x00"'),
                            bytearray(b'*\x1c)p\xe7\n\x02\x03\x01\xc0\xe8\xf3\x1f2\xf0\xd8\xf3JPTD\x00"\x01\x01\xcd\x00"\xf4\x13\xcd\x00'),
                        ], is_16bit=False, y_plus=0, y_minus=0, x=124, y=373),
                        Tile(mirror=False, invert=False, format=0, length=6, subtile_bytes=[
                            bytearray(b'\x02\xf7\x02*\x03a\x03\x80\x03\x00\x00\x80\x10\x13\x12\xc0\x10\x03SL\xa0\x00\x13M\x19\xf0\x00\x03\x01q6)'),
                            bytearray(b'\x00\x06\x00\x08\x0f\x06\x00\x08\x10\x00\x02\x00\x02\x01\x04\x02\x06\x03\x02\x01\x00\x02\x00\x02\x04\x02\x05\x04\x06\x04\x07\x04'),
                            None,
                            bytearray(b'\x01r\xfd\x035\x01\xc0\x01\xe7+(\xf0\xf1\xe7\x17-\x1a/\x12\xfb\x02l\x01"\xfd\x02r\x01\x00"\x05\xef'),
                        ], is_16bit=False, y_plus=0, y_minus=0, x=108, y=373),
                        Tile(mirror=False, invert=False, format=0, length=5, subtile_bytes=[
                            bytearray(b'\xcd\x00r\xfe\x01\xe5\x00"\xdf\xef\xcd\x00"\xe7\xf6\xcd\x00"\x00\x01)\x01r\x00\x005\x01"\xf7\xec\xcd\x00'),
                            None,
                            bytearray(b'\x02\xfe\xb8\x00b\x00\x00\xc4\x00B\xfa\x06\xeb\x00\x00B\x04\xfa\x82\x00\x12\x03\xfc\x97\x00\x12\x00\xff\x9d\x00\xc0\xe8'),
                            None,
                        ], is_16bit=False, y_plus=0, y_minus=0, x=140, y=357),
                        Tile(mirror=False, invert=False, format=0, length=7, subtile_bytes=[
                            bytearray(b'\xc0\xeb\x03!,\xf0\xdb\x03>?OE`\x00\nAN\xc0\x08\xfa\tL\xb0\xf8\x02\n\x0c\x13\xf0\xf8\xf2\x05'),
                            bytearray(b'r\x01\x01\xe5\x00"\xe1\xed\xcd\x00"\xe9\xf6\xcd\x00"\x01\xff)\x01r\x01\x005\x01"\xf9\xeb\xcd\x00\x12\x01'),
                            bytearray(b'l\x01\x00"\x04\xf0\xcd\x00"\xff\x15\xcd\x002\x13\xe9c\x02\x12\xf1\x03\x0b\x04\xf2\x00\x00\xf7\x00"\x00\x00R'),
                            bytearray(b'\xe6\xf7\xcd\x00\x92\x00\x00)\x01"\xf6\xec\xcd\x00\x12\x02\xfel\x01"\x00\x00r\x01\x00"\xfc\x03\xcd\x00"\xf6'),
                        ], is_16bit=False, y_plus=0, y_minus=0, x=124, y=357),
                        Tile(mirror=False, invert=False, format=0, length=7, subtile_bytes=[
                            bytearray(b'\xea\x01"\xe7\x1d\xcd\x00r\xfa\r\xe5\x00"\xd5\xf8\xcd\x00"\xe4\x15\x0f\x02"\xfb\t)\x01r\xf8\x075\x01'),
                            bytearray(b'\x12\x01\xffl\x01"\x00\xffr\x01\x00"\xfe\x02\xcd\x00"\xf5\x14\xcd\x00r\xfc\x03\xe5\x00"\xde\xf2\xcd\x00"'),
                            bytearray(b'"\xee\xf0\xcd\x00\x12\xf7\x06l\x01"\xfa\x05r\x01\x00"\xe4\x0f\xcd\x00"\xe71\x0f\x02\x80\xe5\xfa$\xc0\xe5'),
                            bytearray(b'\x12\xf1\x03\x0b\x04\xf2\x00\x00\xf7\x00"\x00\x00R\x01"\xfb\xe4\xcd\x002\x00\x00l\x01\x00"\t\xfb\xcd\x00"'),
                        ], is_16bit=False, y_plus=0, y_minus=0, x=108, y=357),
                    ]
                ),
                Mold(4, gridplane=False,
                    tiles=[
                        Tile(mirror=False, invert=False, format=0, length=5, subtile_bytes=[
                            bytearray(b'\xdf\xf9,\x80\xef\tp\xd0\xdf\x01&\x1b5\xf0\xe7\xf9\x10\x11`g"\xfd\x03\xb8\x00b\xfa\x06\xc4\x00B\xfc'),
                            bytearray(b'\xf0\xec\xf0\x18\x08\nep\xe4\x00\x80f\x06\xf0\xdc\xf8Oa\x0b~\xc0\xf2\xe8{\x16\xb0\xe2\xe8\x81\x0ev\xa0'),
                            None,
                            None,
                        ], is_16bit=False, y_plus=0, y_minus=0, x=114, y=110),
                        Tile(mirror=False, invert=False, format=0, length=5, subtile_bytes=[
                            bytearray(b'\xea.0\xb0\xd5\xf29"&\xd0\xd5\xe2=3\'B\xed\x17\xf7\x00"\xcf\xfd\xcd\x00"\xde\x1a\x0f\x02"\xf5'),
                            bytearray(b'\x1a\xcd\x00"\x00\x00r\x01\x00\x9f\x03\x0c\x00^\x00\x05\x11 \x00\x00\x00\x18\x00\xff\xff!\x00,\x00E\x00\x00'),
                            None,
                            None,
                        ], is_16bit=False, y_plus=0, y_minus=0, x=130, y=110),
                        Tile(mirror=False, invert=False, format=0, length=7, subtile_bytes=[
                            bytearray(b'\xffl\x01"\x01\x01r\x01\x00"\x00\xff\xcd\x00"\xf3\x15\xcd\x00r\xff\xff\xe5\x00"\xdf\xef\xcd\x00"\xe7\xf4'),
                            bytearray(b'\x00\x12\x04\xfdl\x01"\x00\xffr\x01\x00"\xfa\x03\xcd\x00"\xf7\x14\xcd\x00r\xf5\x08\xe5\x00"\xda\xf4\xcd\x00'),
                            bytearray(b'\n\xc4\x00B\xf3\x0c\xeb\x00\x00B\x01\xff\x82\x00"\x00\x00\x97\x00B\xff\x00\xa3\x00"\x01\xff\xb8\x00b\x00\x00'),
                            bytearray(b"\x02\x0c\x02\r\x04\x0e\x00\x82\x00\x03\x01\'\x01[\x01\x80\x01\x9f\x01\xbe\x01\xe2\x01\x06\x021\x02U\x02\x8b\x02\xaf"),
                        ], is_16bit=False, y_plus=0, y_minus=0, x=130, y=94),
                        Tile(mirror=False, invert=False, format=0, length=7, subtile_bytes=[
                            bytearray(b'\xf13\x7f\xa0\xf0\x01+p\xf0\xf0\xf1KZ`g\x82\x00\x00\xb8\x00B\xf9\x08\xeb\x00\x00B\x02\xf8\x82\x00\x12'),
                            bytearray(b'\xf8\x14\xcd\x00r\xf3\x0b\xe5\x00"\xd8\xf7\xcd\x00"\xe3\xfa\xcd\x00"\x00\x01)\x01r\x00\x005\x01"\xf2\xeb'),
                            bytearray(b'\x00B\xfe\x02\xeb\x00\x00B\x03\xfd\x82\x00\x12\x02\xfe\x97\x00\x12\x00\x00\x9d\x00B\xff\x00\xa3\x00"\x01\xff\xb8\x00'),
                            bytearray(b'b\x00\x00\xc4\x00B\xfc\x04\xeb\x00\x00B\x04\xfc\x82\x00\x12\x03\xfd\x97\x00\x12\x01\x00\x9d\x00B\x07\xf96\x01"'),
                        ], is_16bit=False, y_plus=0, y_minus=0, x=114, y=94),
                        Tile(mirror=False, invert=False, format=0, length=7, subtile_bytes=[
                            bytearray(b'\x03\xeb\x00\x00B\xe9\x10\x82\x00\xb0\xe0\x18B#=\x12\xf1\x08\x9d\x00B\xfc\x046\x01"\xfb\x05\xb8\x00b\xf6'),
                            bytearray(b'\xc4\x00B\xff\x01\xeb\x00\x00B\x02\xfe\x82\x00\x12\x01\xff\x97\x00\x12\xff\x00\x9d\x00B\x00\xff\xa3\x00\x82\x00\x00\xb8'),
                            bytearray(b'\x11\xa0\xf6\xfe\x07Q\xf0\xf6\xeeP[mc\xc0\x04\x009\x14\xf0\xfc\xf0*\x82U$\xf0\xf4\x00 ;\x1d<'),
                            bytearray(b'\x0e)\x01r\xf2\x0c5\x01"\xeb\t\x0f\x02\x12\xf6\x0bl\x01"\xf4\nr\x01\x00"\xff\x01\xcd\x00"\xf4\x14'),
                        ], is_16bit=False, y_plus=0, y_minus=0, x=130, y=78),
                        Tile(mirror=False, invert=False, format=0, length=7, subtile_bytes=[
                            bytearray(b'\x03\xfb\x97\x00\x12\x01\x00\x9d\x002\x01\x00\x15\x02"\xff\x01\xb8\x00b\x00\x00\xc4\x00B\xf8\x0c\xeb\x00\x00B\x00'),
                            bytearray(b'\xda\x00\x84x\xf0\xda\xf0\x1c]j8\x00B\xfd\x03\x82\x00\x12\xfc\x04\x97\x00\x12\xfb\x03\x9d\x00B\xfb\x04\xa3\x00'),
                            bytearray(b'\x00\xc0\xfb\x11\x18%\xf0\xeb\x11\x1e\x1d#\x19r\xfd\x06\xe5\x00"\xdb\xf2\xcd\x00"\xe3\xfa\xcd\x00"\xfe\x04)'),
                            bytearray(b'\x00R\x00\x00?\x01"\xfa\xe7\xcd\x002\x00\x00l\x01\x00"\t\t\xcd\x00"\xf3\x1e\xcd\x002\x13\xe9c\x02'),
                        ], is_16bit=False, y_plus=0, y_minus=0, x=114, y=78),
                        Tile(mirror=False, invert=False, format=0, length=5, subtile_bytes=[
                            bytearray(b'\xcd\x00\x12\x05\xfel\x01"\x00\xffr\x01\x00"\x07\xec\xea\x01"\x03&\x0f\x02r\xf3\x0b\xe5\x00"\xe9\xdf\xea'),
                            None,
                            bytearray(b'c\x02\xf0\xf7\xc8=3B\'B\x0f\xfd\xf7\x00"\xe6\xec\xcd\x00"\xea\xf4\xcd\x00"\x01\x02)\x01r\x00\x00'),
                            None,
                        ], is_16bit=False, y_plus=0, y_minus=0, x=139, y=115),
                        Tile(mirror=False, invert=False, format=0, length=7, subtile_bytes=[
                            bytearray(b'S\xf0\xd0\xe3K@CR\xc0\xec\xe7 \x1b\xf0\xdc\xe71*\x1c)\xc0\xf4\xee \x1b\xf0\xe4\xee1*\x1c)'),
                            bytearray(b'\xb0\xfa\x0cW^\x13p\xd4\x04FGo\x80\xf8\x01p\xc0\xf8\xf1`g\xa0\xe8\x01d5\xf0\xe8\xf1_@\x10'),
                            bytearray(b'"\xe4\xf9\xcd\x00\x92\x00\x00)\x01"\xf4\xec\xcd\x00\x12\x04\xfdl\x01"\x00\x00r\x01\x00"\xf6\x04\xcd\x00"'),
                            bytearray(b'\x01"\xed\xf0\xcd\x00\x12\x00\x00l\x01"\xe7\x0e\xcd\x00"\x00\x00r\x01\x00"\xff\xec\xcd\x00"\x04\x0e\xcd\x00'),
                        ], is_16bit=False, y_plus=0, y_minus=0, x=123, y=115),
                        Tile(mirror=False, invert=False, format=0, length=6, subtile_bytes=[
                            bytearray(b'\x02\xf7\x02*\x03a\x03\x80\x03\x00\x00\x80\x10\x13\x12\xc0\x10\x03SL\xa0\x00\x13M\x19\xf0\x00\x03\x01q6)'),
                            bytearray(b'\x00\x06\x00\x08\x0f\x06\x00\x08\x10\x00\x02\x00\x02\x01\x04\x02\x06\x03\x02\x01\x00\x02\x00\x02\x04\x02\x05\x04\x06\x04\x07\x04'),
                            None,
                            bytearray(b'\x01r\xfd\x035\x01\xc0\x01\xe7+(\xf0\xf1\xe7\x17-\x1a/\x12\xfb\x02l\x01"\xfd\x02r\x01\x00"\x05\xef'),
                        ], is_16bit=False, y_plus=0, y_minus=0, x=107, y=371),
                        Tile(mirror=False, invert=False, format=0, length=5, subtile_bytes=[
                            bytearray(b'\xcd\x00r\xfe\x01\xe5\x00"\xdf\xef\xcd\x00"\xe7\xf6\xcd\x00"\x00\x01)\x01r\x00\x005\x01"\xf7\xec\xcd\x00'),
                            None,
                            bytearray(b'\x02\xfe\xb8\x00b\x00\x00\xc4\x00B\xfa\x06\xeb\x00\x00B\x04\xfa\x82\x00\x12\x03\xfc\x97\x00\x12\x00\xff\x9d\x00\xc0\xe8'),
                            None,
                        ], is_16bit=False, y_plus=0, y_minus=0, x=139, y=355),
                        Tile(mirror=False, invert=False, format=0, length=7, subtile_bytes=[
                            bytearray(b'\xc0\xeb\x03!,\xf0\xdb\x03>?OE`\x00\nAN\xc0\x08\xfa\tL\xb0\xf8\x02\n\x0c\x13\xf0\xf8\xf2\x05'),
                            bytearray(b'r\x01\x01\xe5\x00"\xe1\xed\xcd\x00"\xe9\xf6\xcd\x00"\x01\xff)\x01r\x01\x005\x01"\xf9\xeb\xcd\x00\x12\x01'),
                            bytearray(b'l\x01\x00"\x04\xf0\xcd\x00"\xff\x15\xcd\x002\x13\xe9c\x02\x12\xf1\x03\x0b\x04\xf2\x00\x00\xf7\x00"\x00\x00R'),
                            bytearray(b'\xe6\xf7\xcd\x00\x92\x00\x00)\x01"\xf6\xec\xcd\x00\x12\x02\xfel\x01"\x00\x00r\x01\x00"\xfc\x03\xcd\x00"\xf6'),
                        ], is_16bit=False, y_plus=0, y_minus=0, x=123, y=355),
                        Tile(mirror=False, invert=False, format=0, length=7, subtile_bytes=[
                            bytearray(b'\xea\x01"\xe7\x1d\xcd\x00r\xfa\r\xe5\x00"\xd5\xf8\xcd\x00"\xe4\x15\x0f\x02"\xfb\t)\x01r\xf8\x075\x01'),
                            bytearray(b'\x12\x01\xffl\x01"\x00\xffr\x01\x00"\xfe\x02\xcd\x00"\xf5\x14\xcd\x00r\xfc\x03\xe5\x00"\xde\xf2\xcd\x00"'),
                            bytearray(b'"\xee\xf0\xcd\x00\x12\xf7\x06l\x01"\xfa\x05r\x01\x00"\xe4\x0f\xcd\x00"\xe71\x0f\x02\x80\xe5\xfa$\xc0\xe5'),
                            bytearray(b'\x12\xf1\x03\x0b\x04\xf2\x00\x00\xf7\x00"\x00\x00R\x01"\xfb\xe4\xcd\x002\x00\x00l\x01\x00"\t\xfb\xcd\x00"'),
                        ], is_16bit=False, y_plus=0, y_minus=0, x=107, y=355),
                    ]
                ),
                Mold(5, gridplane=False,
                    tiles=[
                        Tile(mirror=False, invert=False, format=0, length=5, subtile_bytes=[
                            bytearray(b'\x005\x01"\x03\xd3\xea\x01\x12\x05\xfel\x01"\x00\xffr\x01\x00"\x02\x02\xcd\x00"\xf1\x15\xcd\x002"\xe6'),
                            bytearray(b'"\xfe\x02\xb8\x00b\xfd\x03\xc4\x00B\xfe\x02\xeb\x00\x00B\xf7\t\x82\x00\x12\xf6\x07\x97\x00\x12\xf7\x06\x9d\x00\x80'),
                            None,
                            None,
                        ], is_16bit=False, y_plus=0, y_minus=0, x=112, y=111),
                        Tile(mirror=False, invert=False, format=0, length=5, subtile_bytes=[
                            bytearray(b'\xea.0\xb0\xd5\xf29"&\xd0\xd5\xe2=3\'B\xed\x17\xf7\x00"\xcf\xfd\xcd\x00"\xde\x1a\x0f\x02"\xf5'),
                            bytearray(b'\x1a\xcd\x00"\x00\x00r\x01\x00\x9f\x03\x0c\x00^\x00\x05\x11 \x00\x00\x00\x18\x00\xff\xff!\x00,\x00E\x00\x00'),
                            None,
                            None,
                        ], is_16bit=False, y_plus=0, y_minus=0, x=128, y=111),
                        Tile(mirror=False, invert=False, format=0, length=7, subtile_bytes=[
                            bytearray(b'\xffl\x01"\x01\x01r\x01\x00"\x00\xff\xcd\x00"\xf3\x15\xcd\x00r\xff\xff\xe5\x00"\xdf\xef\xcd\x00"\xe7\xf4'),
                            bytearray(b'\x00\x12\x04\xfdl\x01"\x00\xffr\x01\x00"\xfa\x03\xcd\x00"\xf7\x14\xcd\x00r\xf5\x08\xe5\x00"\xda\xf4\xcd\x00'),
                            bytearray(b'\n\xc4\x00B\xf3\x0c\xeb\x00\x00B\x01\xff\x82\x00"\x00\x00\x97\x00B\xff\x00\xa3\x00"\x01\xff\xb8\x00b\x00\x00'),
                            bytearray(b"\x02\x0c\x02\r\x04\x0e\x00\x82\x00\x03\x01\'\x01[\x01\x80\x01\x9f\x01\xbe\x01\xe2\x01\x06\x021\x02U\x02\x8b\x02\xaf"),
                        ], is_16bit=False, y_plus=0, y_minus=0, x=384, y=95),
                        Tile(mirror=False, invert=False, format=0, length=7, subtile_bytes=[
                            bytearray(b'\xf13\x7f\xa0\xf0\x01+p\xf0\xf0\xf1KZ`g\x82\x00\x00\xb8\x00B\xf9\x08\xeb\x00\x00B\x02\xf8\x82\x00\x12'),
                            bytearray(b'\xf8\x14\xcd\x00r\xf3\x0b\xe5\x00"\xd8\xf7\xcd\x00"\xe3\xfa\xcd\x00"\x00\x01)\x01r\x00\x005\x01"\xf2\xeb'),
                            bytearray(b'\x14\xcd\x00r\xf9\x05\xe5\x00"\xdc\xf3\xcd\x00"\xe5\xf8\xcd\x00"\x00\x01)\x01r\x00\x005\x01"\xf5\xec\xcd'),
                            bytearray(b'"\x01\x16\x0f\x02"\t\xfc\xea\x01r\xf3\x0b\xe5\x00"\xe3\n\x0f\x02"\xf4\xe2\xea\x01"\x00\x01)\x01r\x00'),
                        ], is_16bit=False, y_plus=0, y_minus=0, x=112, y=95),
                        Tile(mirror=False, invert=False, format=0, length=7, subtile_bytes=[
                            bytearray(b'\x03\xeb\x00\x00B\xe9\x10\x82\x00\xb0\xe0\x18B#=\x12\xf1\x08\x9d\x00B\xfc\x046\x01"\xfb\x05\xb8\x00b\xf6'),
                            bytearray(b'\xc4\x00B\xff\x01\xeb\x00\x00B\x02\xfe\x82\x00\x12\x01\xff\x97\x00\x12\xff\x00\x9d\x00B\x00\xff\xa3\x00\x82\x00\x00\xb8'),
                            bytearray(b'\x11\xa0\xf6\xfe\x07Q\xf0\xf6\xeeP[mc\xc0\x04\x009\x14\xf0\xfc\xf0*\x82U$\xf0\xf4\x00 ;\x1d<'),
                            bytearray(b'\x0e)\x01r\xf2\x0c5\x01"\xeb\t\x0f\x02\x12\xf6\x0bl\x01"\xf4\nr\x01\x00"\xff\x01\xcd\x00"\xf4\x14'),
                        ], is_16bit=False, y_plus=0, y_minus=0, x=384, y=79),
                        Tile(mirror=False, invert=False, format=0, length=7, subtile_bytes=[
                            bytearray(b'\x03\xfb\x97\x00\x12\x01\x00\x9d\x002\x01\x00\x15\x02"\xff\x01\xb8\x00b\x00\x00\xc4\x00B\xf8\x0c\xeb\x00\x00B\x00'),
                            bytearray(b'\xda\x00\x84x\xf0\xda\xf0\x1c]j8\x00B\xfd\x03\x82\x00\x12\xfc\x04\x97\x00\x12\xfb\x03\x9d\x00B\xfb\x04\xa3\x00'),
                            bytearray(b'\x00\xc0\xfb\x11\x18%\xf0\xeb\x11\x1e\x1d#\x19r\xfd\x06\xe5\x00"\xdb\xf2\xcd\x00"\xe3\xfa\xcd\x00"\xfe\x04)'),
                            bytearray(b'\x00R\x00\x00?\x01"\xfa\xe7\xcd\x002\x00\x00l\x01\x00"\t\t\xcd\x00"\xf3\x1e\xcd\x002\x13\xe9c\x02'),
                        ], is_16bit=False, y_plus=0, y_minus=0, x=368, y=79),
                        Tile(mirror=False, invert=False, format=0, length=5, subtile_bytes=[
                            bytearray(b'\xcd\x00\x12\x05\xfel\x01"\x00\xffr\x01\x00"\x07\xec\xea\x01"\x03&\x0f\x02r\xf3\x0b\xe5\x00"\xe9\xdf\xea'),
                            None,
                            bytearray(b'\x04\x0f\x07p\xf0\n\x16\x12\x15\xf0\xe8\x02\x11\x0b\x10\r\xf0\xe8\xf2\x08\x14\x0e\x06\xc0\x04\xe5 \x1b\xf0\xf4\xe51'),
                            None,
                        ], is_16bit=False, y_plus=0, y_minus=0, x=137, y=120),
                        Tile(mirror=False, invert=False, format=0, length=7, subtile_bytes=[
                            bytearray(b'S\xf0\xd0\xe3K@CR\xc0\xec\xe7 \x1b\xf0\xdc\xe71*\x1c)\xc0\xf4\xee \x1b\xf0\xe4\xee1*\x1c)'),
                            bytearray(b'\xb0\xfa\x0cW^\x13p\xd4\x04FGo\x80\xf8\x01p\xc0\xf8\xf1`g\xa0\xe8\x01d5\xf0\xe8\xf1_@\x10'),
                            bytearray(b'"\xe4\xf9\xcd\x00\x92\x00\x00)\x01"\xf4\xec\xcd\x00\x12\x04\xfdl\x01"\x00\x00r\x01\x00"\xf6\x04\xcd\x00"'),
                            bytearray(b'\xf7\x1d\xcd\x002\x13\xe9c\x02\x12\xf1\x03\x0b\x04\xf2\x00\x00\xf7\x00"\x00\x00R\x01"\xf5\xe7\xcd\x002\x00\x00'),
                        ], is_16bit=False, y_plus=0, y_minus=0, x=121, y=120),
                        Tile(mirror=False, invert=False, format=0, length=6, subtile_bytes=[
                            bytearray(b'\x02\xf7\x02*\x03a\x03\x80\x03\x00\x00\x80\x10\x13\x12\xc0\x10\x03SL\xa0\x00\x13M\x19\xf0\x00\x03\x01q6)'),
                            bytearray(b'\x00\x06\x00\x08\x0f\x06\x00\x08\x10\x00\x02\x00\x02\x01\x04\x02\x06\x03\x02\x01\x00\x02\x00\x02\x04\x02\x05\x04\x06\x04\x07\x04'),
                            None,
                            bytearray(b'\x01r\xfd\x035\x01\xc0\x01\xe7+(\xf0\xf1\xe7\x17-\x1a/\x12\xfb\x02l\x01"\xfd\x02r\x01\x00"\x05\xef'),
                        ], is_16bit=False, y_plus=0, y_minus=0, x=105, y=120),
                        Tile(mirror=False, invert=False, format=0, length=5, subtile_bytes=[
                            bytearray(b'\xcd\x00r\xfe\x01\xe5\x00"\xdf\xef\xcd\x00"\xe7\xf6\xcd\x00"\x00\x01)\x01r\x00\x005\x01"\xf7\xec\xcd\x00'),
                            None,
                            bytearray(b'\x02\xfe\xb8\x00b\x00\x00\xc4\x00B\xfa\x06\xeb\x00\x00B\x04\xfa\x82\x00\x12\x03\xfc\x97\x00\x12\x00\xff\x9d\x00\xc0\xe8'),
                            None,
                        ], is_16bit=False, y_plus=0, y_minus=0, x=137, y=104),
                        Tile(mirror=False, invert=False, format=0, length=7, subtile_bytes=[
                            bytearray(b'\xc0\xeb\x03!,\xf0\xdb\x03>?OE`\x00\nAN\xc0\x08\xfa\tL\xb0\xf8\x02\n\x0c\x13\xf0\xf8\xf2\x05'),
                            bytearray(b'r\x01\x01\xe5\x00"\xe1\xed\xcd\x00"\xe9\xf6\xcd\x00"\x01\xff)\x01r\x01\x005\x01"\xf9\xeb\xcd\x00\x12\x01'),
                            bytearray(b'l\x01\x00"\x04\xf0\xcd\x00"\xff\x15\xcd\x002\x13\xe9c\x02\x12\xf1\x03\x0b\x04\xf2\x00\x00\xf7\x00"\x00\x00R'),
                            bytearray(b'\xe6\xf7\xcd\x00\x92\x00\x00)\x01"\xf6\xec\xcd\x00\x12\x02\xfel\x01"\x00\x00r\x01\x00"\xfc\x03\xcd\x00"\xf6'),
                        ], is_16bit=False, y_plus=0, y_minus=0, x=121, y=104),
                        Tile(mirror=False, invert=False, format=0, length=7, subtile_bytes=[
                            bytearray(b'\xea\x01"\xe7\x1d\xcd\x00r\xfa\r\xe5\x00"\xd5\xf8\xcd\x00"\xe4\x15\x0f\x02"\xfb\t)\x01r\xf8\x075\x01'),
                            bytearray(b'\x12\x01\xffl\x01"\x00\xffr\x01\x00"\xfe\x02\xcd\x00"\xf5\x14\xcd\x00r\xfc\x03\xe5\x00"\xde\xf2\xcd\x00"'),
                            bytearray(b'"\xee\xf0\xcd\x00\x12\xf7\x06l\x01"\xfa\x05r\x01\x00"\xe4\x0f\xcd\x00"\xe71\x0f\x02\x80\xe5\xfa$\xc0\xe5'),
                            bytearray(b'\x12\xf1\x03\x0b\x04\xf2\x00\x00\xf7\x00"\x00\x00R\x01"\xfb\xe4\xcd\x002\x00\x00l\x01\x00"\t\xfb\xcd\x00"'),
                        ], is_16bit=False, y_plus=0, y_minus=0, x=105, y=104),
                    ]
                ),
                Mold(6, gridplane=False,
                    tiles=[
                        Tile(mirror=False, invert=False, format=0, length=5, subtile_bytes=[
                            bytearray(b'\xea.0\xb0\xd5\xf29"&\xd0\xd5\xe2=3\'B\xed\x17\xf7\x00"\xcf\xfd\xcd\x00"\xde\x1a\x0f\x02"\xf5'),
                            bytearray(b'\x1a\xcd\x00"\x00\x00r\x01\x00\x9f\x03\x0c\x00^\x00\x05\x11 \x00\x00\x00\x18\x00\xff\xff!\x00,\x00E\x00\x00'),
                            None,
                            None,
                        ], is_16bit=False, y_plus=0, y_minus=0, x=384, y=110),
                        Tile(mirror=False, invert=False, format=0, length=5, subtile_bytes=[
                            bytearray(b'2\x13\xe9c\x02\x12\xf1\x03\x0b\x04\xf2\x00\x00\xf7\x00"\x00\x00R\x01"\xe8\xf4\xcd\x00\x12\x00\x00l\x01"\xe7'),
                            bytearray(b'5\x01"\xf9\xea\xcd\x00\x12\xfa\xfel\x01"\x00\xffr\x01\x00"\x04\x04\xcd\x00"\xf3\x19\xcd\x00\xf2\x00\x00\xe5'),
                            None,
                            None,
                        ], is_16bit=False, y_plus=0, y_minus=0, x=368, y=110),
                        Tile(mirror=False, invert=False, format=0, length=7, subtile_bytes=[
                            bytearray(b'\xffl\x01"\x01\x01r\x01\x00"\x00\xff\xcd\x00"\xf3\x15\xcd\x00r\xff\xff\xe5\x00"\xdf\xef\xcd\x00"\xe7\xf4'),
                            bytearray(b'\x00\x12\x04\xfdl\x01"\x00\xffr\x01\x00"\xfa\x03\xcd\x00"\xf7\x14\xcd\x00r\xf5\x08\xe5\x00"\xda\xf4\xcd\x00'),
                            bytearray(b'\n\xc4\x00B\xf3\x0c\xeb\x00\x00B\x01\xff\x82\x00"\x00\x00\x97\x00B\xff\x00\xa3\x00"\x01\xff\xb8\x00b\x00\x00'),
                            bytearray(b"\x02\x0c\x02\r\x04\x0e\x00\x82\x00\x03\x01\'\x01[\x01\x80\x01\x9f\x01\xbe\x01\xe2\x01\x06\x021\x02U\x02\x8b\x02\xaf"),
                        ], is_16bit=False, y_plus=0, y_minus=0, x=384, y=94),
                        Tile(mirror=False, invert=False, format=0, length=7, subtile_bytes=[
                            bytearray(b'\xf13\x7f\xa0\xf0\x01+p\xf0\xf0\xf1KZ`g\x82\x00\x00\xb8\x00B\xf9\x08\xeb\x00\x00B\x02\xf8\x82\x00\x12'),
                            bytearray(b'\xf8\x14\xcd\x00r\xf3\x0b\xe5\x00"\xd8\xf7\xcd\x00"\xe3\xfa\xcd\x00"\x00\x01)\x01r\x00\x005\x01"\xf2\xeb'),
                            bytearray(b'\xcd\x00"\xff\x01)\x01r\xff\x005\x01"\xf8\xed\xcd\x00\x12\xff\x01l\x01"\xff\xffr\x01\x00"\xfd\x06\xcd'),
                            bytearray(b'\x01"\xee\x0c\x0f\x02"\x00\x01)\x01r\x00\x005\x01"\xfd\xfd\x0f\x02\x12\x05\xfel\x01"\x00\xffr\x01\x00'),
                        ], is_16bit=False, y_plus=0, y_minus=0, x=368, y=94),
                        Tile(mirror=False, invert=False, format=0, length=7, subtile_bytes=[
                            bytearray(b'\x03\xeb\x00\x00B\xe9\x10\x82\x00\xb0\xe0\x18B#=\x12\xf1\x08\x9d\x00B\xfc\x046\x01"\xfb\x05\xb8\x00b\xf6'),
                            bytearray(b'\xc4\x00B\xff\x01\xeb\x00\x00B\x02\xfe\x82\x00\x12\x01\xff\x97\x00\x12\xff\x00\x9d\x00B\x00\xff\xa3\x00\x82\x00\x00\xb8'),
                            bytearray(b'\x11\xa0\xf6\xfe\x07Q\xf0\xf6\xeeP[mc\xc0\x04\x009\x14\xf0\xfc\xf0*\x82U$\xf0\xf4\x00 ;\x1d<'),
                            bytearray(b'\x0e)\x01r\xf2\x0c5\x01"\xeb\t\x0f\x02\x12\xf6\x0bl\x01"\xf4\nr\x01\x00"\xff\x01\xcd\x00"\xf4\x14'),
                        ], is_16bit=False, y_plus=0, y_minus=0, x=384, y=78),
                        Tile(mirror=False, invert=False, format=0, length=7, subtile_bytes=[
                            bytearray(b'\x03\xfb\x97\x00\x12\x01\x00\x9d\x002\x01\x00\x15\x02"\xff\x01\xb8\x00b\x00\x00\xc4\x00B\xf8\x0c\xeb\x00\x00B\x00'),
                            bytearray(b'\xda\x00\x84x\xf0\xda\xf0\x1c]j8\x00B\xfd\x03\x82\x00\x12\xfc\x04\x97\x00\x12\xfb\x03\x9d\x00B\xfb\x04\xa3\x00'),
                            bytearray(b'\x00\xc0\xfb\x11\x18%\xf0\xeb\x11\x1e\x1d#\x19r\xfd\x06\xe5\x00"\xdb\xf2\xcd\x00"\xe3\xfa\xcd\x00"\xfe\x04)'),
                            bytearray(b'\x00R\x00\x00?\x01"\xfa\xe7\xcd\x002\x00\x00l\x01\x00"\t\t\xcd\x00"\xf3\x1e\xcd\x002\x13\xe9c\x02'),
                        ], is_16bit=False, y_plus=0, y_minus=0, x=368, y=78),
                        Tile(mirror=False, invert=False, format=0, length=5, subtile_bytes=[
                            bytearray(b'\xcd\x00\x12\x05\xfel\x01"\x00\xffr\x01\x00"\x07\xec\xea\x01"\x03&\x0f\x02r\xf3\x0b\xe5\x00"\xe9\xdf\xea'),
                            None,
                            bytearray(b'\x08\x04\t\x06\n\n\x0b\x02\x0c\x02\r\x08\x0e\x00\x02\x00\x02\x04\x02\x05\x02\x06\x02\x07\x02\x08\x02\t\x04\n\x06\x0b'),
                            None,
                        ], is_16bit=False, y_plus=0, y_minus=0, x=138, y=118),
                        Tile(mirror=False, invert=False, format=0, length=7, subtile_bytes=[
                            bytearray(b'S\xf0\xd0\xe3K@CR\xc0\xec\xe7 \x1b\xf0\xdc\xe71*\x1c)\xc0\xf4\xee \x1b\xf0\xe4\xee1*\x1c)'),
                            bytearray(b'\xb0\xfa\x0cW^\x13p\xd4\x04FGo\x80\xf8\x01p\xc0\xf8\xf1`g\xa0\xe8\x01d5\xf0\xe8\xf1_@\x10'),
                            bytearray(b'"\xe4\xf9\xcd\x00\x92\x00\x00)\x01"\xf4\xec\xcd\x00\x12\x04\xfdl\x01"\x00\x00r\x01\x00"\xf6\x04\xcd\x00"'),
                            bytearray(b'*\x1c)p\xe7\n\x02\x03\x01\xc0\xe8\xf3\x1f2\xf0\xd8\xf3JPTD\x00"\x01\x01\xcd\x00"\xf4\x13\xcd\x00'),
                        ], is_16bit=False, y_plus=0, y_minus=0, x=122, y=118),
                        Tile(mirror=False, invert=False, format=0, length=6, subtile_bytes=[
                            bytearray(b'\x02\xf7\x02*\x03a\x03\x80\x03\x00\x00\x80\x10\x13\x12\xc0\x10\x03SL\xa0\x00\x13M\x19\xf0\x00\x03\x01q6)'),
                            bytearray(b'\x00\x06\x00\x08\x0f\x06\x00\x08\x10\x00\x02\x00\x02\x01\x04\x02\x06\x03\x02\x01\x00\x02\x00\x02\x04\x02\x05\x04\x06\x04\x07\x04'),
                            None,
                            bytearray(b'\x01r\xfd\x035\x01\xc0\x01\xe7+(\xf0\xf1\xe7\x17-\x1a/\x12\xfb\x02l\x01"\xfd\x02r\x01\x00"\x05\xef'),
                        ], is_16bit=False, y_plus=0, y_minus=0, x=106, y=118),
                        Tile(mirror=False, invert=False, format=0, length=5, subtile_bytes=[
                            bytearray(b'\xcd\x00r\xfe\x01\xe5\x00"\xdf\xef\xcd\x00"\xe7\xf6\xcd\x00"\x00\x01)\x01r\x00\x005\x01"\xf7\xec\xcd\x00'),
                            None,
                            bytearray(b'\x02\xfe\xb8\x00b\x00\x00\xc4\x00B\xfa\x06\xeb\x00\x00B\x04\xfa\x82\x00\x12\x03\xfc\x97\x00\x12\x00\xff\x9d\x00\xc0\xe8'),
                            None,
                        ], is_16bit=False, y_plus=0, y_minus=0, x=138, y=102),
                        Tile(mirror=False, invert=False, format=0, length=7, subtile_bytes=[
                            bytearray(b'\xc0\xeb\x03!,\xf0\xdb\x03>?OE`\x00\nAN\xc0\x08\xfa\tL\xb0\xf8\x02\n\x0c\x13\xf0\xf8\xf2\x05'),
                            bytearray(b'r\x01\x01\xe5\x00"\xe1\xed\xcd\x00"\xe9\xf6\xcd\x00"\x01\xff)\x01r\x01\x005\x01"\xf9\xeb\xcd\x00\x12\x01'),
                            bytearray(b'l\x01\x00"\x04\xf0\xcd\x00"\xff\x15\xcd\x002\x13\xe9c\x02\x12\xf1\x03\x0b\x04\xf2\x00\x00\xf7\x00"\x00\x00R'),
                            bytearray(b'\xe6\xf7\xcd\x00\x92\x00\x00)\x01"\xf6\xec\xcd\x00\x12\x02\xfel\x01"\x00\x00r\x01\x00"\xfc\x03\xcd\x00"\xf6'),
                        ], is_16bit=False, y_plus=0, y_minus=0, x=122, y=102),
                        Tile(mirror=False, invert=False, format=0, length=7, subtile_bytes=[
                            bytearray(b'\xea\x01"\xe7\x1d\xcd\x00r\xfa\r\xe5\x00"\xd5\xf8\xcd\x00"\xe4\x15\x0f\x02"\xfb\t)\x01r\xf8\x075\x01'),
                            bytearray(b'\x12\x01\xffl\x01"\x00\xffr\x01\x00"\xfe\x02\xcd\x00"\xf5\x14\xcd\x00r\xfc\x03\xe5\x00"\xde\xf2\xcd\x00"'),
                            bytearray(b'"\xee\xf0\xcd\x00\x12\xf7\x06l\x01"\xfa\x05r\x01\x00"\xe4\x0f\xcd\x00"\xe71\x0f\x02\x80\xe5\xfa$\xc0\xe5'),
                            bytearray(b'\x12\xf1\x03\x0b\x04\xf2\x00\x00\xf7\x00"\x00\x00R\x01"\xfb\xe4\xcd\x002\x00\x00l\x01\x00"\t\xfb\xcd\x00"'),
                        ], is_16bit=False, y_plus=0, y_minus=0, x=106, y=102),
                    ]
                ),
                Mold(7, gridplane=False,
                    tiles=[
                        Tile(mirror=False, invert=False, format=0, length=5, subtile_bytes=[
                            bytearray(b'\xea.0\xb0\xd5\xf29"&\xd0\xd5\xe2=3\'B\xed\x17\xf7\x00"\xcf\xfd\xcd\x00"\xde\x1a\x0f\x02"\xf5'),
                            bytearray(b'\x1a\xcd\x00"\x00\x00r\x01\x00\x9f\x03\x0c\x00^\x00\x05\x11 \x00\x00\x00\x18\x00\xff\xff!\x00,\x00E\x00\x00'),
                            None,
                            None,
                        ], is_16bit=False, y_plus=0, y_minus=0, x=130, y=110),
                        Tile(mirror=False, invert=False, format=0, length=5, subtile_bytes=[
                            bytearray(b'2\x13\xe9c\x02\x12\xf1\x03\x0b\x04\xf2\x00\x00\xf7\x00"\x00\x00R\x01"\xe8\xf4\xcd\x00\x12\x00\x00l\x01"\xe7'),
                            bytearray(b'5\x01"\xf9\xea\xcd\x00\x12\xfa\xfel\x01"\x00\xffr\x01\x00"\x04\x04\xcd\x00"\xf3\x19\xcd\x00\xf2\x00\x00\xe5'),
                            None,
                            None,
                        ], is_16bit=False, y_plus=0, y_minus=0, x=114, y=110),
                        Tile(mirror=False, invert=False, format=0, length=7, subtile_bytes=[
                            bytearray(b'\xffl\x01"\x01\x01r\x01\x00"\x00\xff\xcd\x00"\xf3\x15\xcd\x00r\xff\xff\xe5\x00"\xdf\xef\xcd\x00"\xe7\xf4'),
                            bytearray(b'\x00\x12\x04\xfdl\x01"\x00\xffr\x01\x00"\xfa\x03\xcd\x00"\xf7\x14\xcd\x00r\xf5\x08\xe5\x00"\xda\xf4\xcd\x00'),
                            bytearray(b'\n\xc4\x00B\xf3\x0c\xeb\x00\x00B\x01\xff\x82\x00"\x00\x00\x97\x00B\xff\x00\xa3\x00"\x01\xff\xb8\x00b\x00\x00'),
                            bytearray(b"\x02\x0c\x02\r\x04\x0e\x00\x82\x00\x03\x01\'\x01[\x01\x80\x01\x9f\x01\xbe\x01\xe2\x01\x06\x021\x02U\x02\x8b\x02\xaf"),
                        ], is_16bit=False, y_plus=0, y_minus=0, x=130, y=94),
                        Tile(mirror=False, invert=False, format=0, length=7, subtile_bytes=[
                            bytearray(b'\xf13\x7f\xa0\xf0\x01+p\xf0\xf0\xf1KZ`g\x82\x00\x00\xb8\x00B\xf9\x08\xeb\x00\x00B\x02\xf8\x82\x00\x12'),
                            bytearray(b'\xf8\x14\xcd\x00r\xf3\x0b\xe5\x00"\xd8\xf7\xcd\x00"\xe3\xfa\xcd\x00"\x00\x01)\x01r\x00\x005\x01"\xf2\xeb'),
                            bytearray(b'\xcd\x00"\xff\x01)\x01r\xff\x005\x01"\xf8\xed\xcd\x00\x12\xff\x01l\x01"\xff\xffr\x01\x00"\xfd\x06\xcd'),
                            bytearray(b'\x01"\xee\x0c\x0f\x02"\x00\x01)\x01r\x00\x005\x01"\xfd\xfd\x0f\x02\x12\x05\xfel\x01"\x00\xffr\x01\x00'),
                        ], is_16bit=False, y_plus=0, y_minus=0, x=114, y=94),
                        Tile(mirror=False, invert=False, format=0, length=7, subtile_bytes=[
                            bytearray(b'\x03\xeb\x00\x00B\xe9\x10\x82\x00\xb0\xe0\x18B#=\x12\xf1\x08\x9d\x00B\xfc\x046\x01"\xfb\x05\xb8\x00b\xf6'),
                            bytearray(b'\xc4\x00B\xff\x01\xeb\x00\x00B\x02\xfe\x82\x00\x12\x01\xff\x97\x00\x12\xff\x00\x9d\x00B\x00\xff\xa3\x00\x82\x00\x00\xb8'),
                            bytearray(b'\x11\xa0\xf6\xfe\x07Q\xf0\xf6\xeeP[mc\xc0\x04\x009\x14\xf0\xfc\xf0*\x82U$\xf0\xf4\x00 ;\x1d<'),
                            bytearray(b'\x0e)\x01r\xf2\x0c5\x01"\xeb\t\x0f\x02\x12\xf6\x0bl\x01"\xf4\nr\x01\x00"\xff\x01\xcd\x00"\xf4\x14'),
                        ], is_16bit=False, y_plus=0, y_minus=0, x=130, y=78),
                        Tile(mirror=False, invert=False, format=0, length=7, subtile_bytes=[
                            bytearray(b'\x03\xfb\x97\x00\x12\x01\x00\x9d\x002\x01\x00\x15\x02"\xff\x01\xb8\x00b\x00\x00\xc4\x00B\xf8\x0c\xeb\x00\x00B\x00'),
                            bytearray(b'\xda\x00\x84x\xf0\xda\xf0\x1c]j8\x00B\xfd\x03\x82\x00\x12\xfc\x04\x97\x00\x12\xfb\x03\x9d\x00B\xfb\x04\xa3\x00'),
                            bytearray(b'\x00\xc0\xfb\x11\x18%\xf0\xeb\x11\x1e\x1d#\x19r\xfd\x06\xe5\x00"\xdb\xf2\xcd\x00"\xe3\xfa\xcd\x00"\xfe\x04)'),
                            bytearray(b'\x00R\x00\x00?\x01"\xfa\xe7\xcd\x002\x00\x00l\x01\x00"\t\t\xcd\x00"\xf3\x1e\xcd\x002\x13\xe9c\x02'),
                        ], is_16bit=False, y_plus=0, y_minus=0, x=114, y=78),
                        Tile(mirror=False, invert=False, format=0, length=5, subtile_bytes=[
                            bytearray(b'\xcd\x00\x12\x05\xfel\x01"\x00\xffr\x01\x00"\x07\xec\xea\x01"\x03&\x0f\x02r\xf3\x0b\xe5\x00"\xe9\xdf\xea'),
                            None,
                            bytearray(b'\x08\x04\t\x06\n\n\x0b\x02\x0c\x02\r\x08\x0e\x00\x02\x00\x02\x04\x02\x05\x02\x06\x02\x07\x02\x08\x02\t\x04\n\x06\x0b'),
                            None,
                        ], is_16bit=False, y_plus=0, y_minus=0, x=391, y=118),
                        Tile(mirror=False, invert=False, format=0, length=7, subtile_bytes=[
                            bytearray(b'S\xf0\xd0\xe3K@CR\xc0\xec\xe7 \x1b\xf0\xdc\xe71*\x1c)\xc0\xf4\xee \x1b\xf0\xe4\xee1*\x1c)'),
                            bytearray(b'\xb0\xfa\x0cW^\x13p\xd4\x04FGo\x80\xf8\x01p\xc0\xf8\xf1`g\xa0\xe8\x01d5\xf0\xe8\xf1_@\x10'),
                            bytearray(b'"\xe4\xf9\xcd\x00\x92\x00\x00)\x01"\xf4\xec\xcd\x00\x12\x04\xfdl\x01"\x00\x00r\x01\x00"\xf6\x04\xcd\x00"'),
                            bytearray(b'*\x1c)p\xe7\n\x02\x03\x01\xc0\xe8\xf3\x1f2\xf0\xd8\xf3JPTD\x00"\x01\x01\xcd\x00"\xf4\x13\xcd\x00'),
                        ], is_16bit=False, y_plus=0, y_minus=0, x=375, y=118),
                        Tile(mirror=False, invert=False, format=0, length=6, subtile_bytes=[
                            bytearray(b'\x02\xf7\x02*\x03a\x03\x80\x03\x00\x00\x80\x10\x13\x12\xc0\x10\x03SL\xa0\x00\x13M\x19\xf0\x00\x03\x01q6)'),
                            bytearray(b'\x00\x06\x00\x08\x0f\x06\x00\x08\x10\x00\x02\x00\x02\x01\x04\x02\x06\x03\x02\x01\x00\x02\x00\x02\x04\x02\x05\x04\x06\x04\x07\x04'),
                            None,
                            bytearray(b'\x01r\xfd\x035\x01\xc0\x01\xe7+(\xf0\xf1\xe7\x17-\x1a/\x12\xfb\x02l\x01"\xfd\x02r\x01\x00"\x05\xef'),
                        ], is_16bit=False, y_plus=0, y_minus=0, x=359, y=118),
                        Tile(mirror=False, invert=False, format=0, length=5, subtile_bytes=[
                            bytearray(b'\xcd\x00r\xfe\x01\xe5\x00"\xdf\xef\xcd\x00"\xe7\xf6\xcd\x00"\x00\x01)\x01r\x00\x005\x01"\xf7\xec\xcd\x00'),
                            None,
                            bytearray(b'\x02\xfe\xb8\x00b\x00\x00\xc4\x00B\xfa\x06\xeb\x00\x00B\x04\xfa\x82\x00\x12\x03\xfc\x97\x00\x12\x00\xff\x9d\x00\xc0\xe8'),
                            None,
                        ], is_16bit=False, y_plus=0, y_minus=0, x=391, y=102),
                        Tile(mirror=False, invert=False, format=0, length=7, subtile_bytes=[
                            bytearray(b'\xc0\xeb\x03!,\xf0\xdb\x03>?OE`\x00\nAN\xc0\x08\xfa\tL\xb0\xf8\x02\n\x0c\x13\xf0\xf8\xf2\x05'),
                            bytearray(b'r\x01\x01\xe5\x00"\xe1\xed\xcd\x00"\xe9\xf6\xcd\x00"\x01\xff)\x01r\x01\x005\x01"\xf9\xeb\xcd\x00\x12\x01'),
                            bytearray(b'l\x01\x00"\x04\xf0\xcd\x00"\xff\x15\xcd\x002\x13\xe9c\x02\x12\xf1\x03\x0b\x04\xf2\x00\x00\xf7\x00"\x00\x00R'),
                            bytearray(b'\xe6\xf7\xcd\x00\x92\x00\x00)\x01"\xf6\xec\xcd\x00\x12\x02\xfel\x01"\x00\x00r\x01\x00"\xfc\x03\xcd\x00"\xf6'),
                        ], is_16bit=False, y_plus=0, y_minus=0, x=375, y=102),
                        Tile(mirror=False, invert=False, format=0, length=7, subtile_bytes=[
                            bytearray(b'\xea\x01"\xe7\x1d\xcd\x00r\xfa\r\xe5\x00"\xd5\xf8\xcd\x00"\xe4\x15\x0f\x02"\xfb\t)\x01r\xf8\x075\x01'),
                            bytearray(b'\x12\x01\xffl\x01"\x00\xffr\x01\x00"\xfe\x02\xcd\x00"\xf5\x14\xcd\x00r\xfc\x03\xe5\x00"\xde\xf2\xcd\x00"'),
                            bytearray(b'"\xee\xf0\xcd\x00\x12\xf7\x06l\x01"\xfa\x05r\x01\x00"\xe4\x0f\xcd\x00"\xe71\x0f\x02\x80\xe5\xfa$\xc0\xe5'),
                            bytearray(b'\x12\xf1\x03\x0b\x04\xf2\x00\x00\xf7\x00"\x00\x00R\x01"\xfb\xe4\xcd\x002\x00\x00l\x01\x00"\t\xfb\xcd\x00"'),
                        ], is_16bit=False, y_plus=0, y_minus=0, x=359, y=102),
                    ]
                ),
                Mold(8, gridplane=False,
                    tiles=[
                        Tile(mirror=False, invert=False, format=0, length=5, subtile_bytes=[
                            bytearray(b'\xea.0\xb0\xd5\xf29"&\xd0\xd5\xe2=3\'B\xed\x17\xf7\x00"\xcf\xfd\xcd\x00"\xde\x1a\x0f\x02"\xf5'),
                            bytearray(b'\x1a\xcd\x00"\x00\x00r\x01\x00\x9f\x03\x0c\x00^\x00\x05\x11 \x00\x00\x00\x18\x00\xff\xff!\x00,\x00E\x00\x00'),
                            None,
                            None,
                        ], is_16bit=False, y_plus=0, y_minus=0, x=130, y=365),
                        Tile(mirror=False, invert=False, format=0, length=5, subtile_bytes=[
                            bytearray(b'2\x13\xe9c\x02\x12\xf1\x03\x0b\x04\xf2\x00\x00\xf7\x00"\x00\x00R\x01"\xe8\xf4\xcd\x00\x12\x00\x00l\x01"\xe7'),
                            bytearray(b'5\x01"\xf9\xea\xcd\x00\x12\xfa\xfel\x01"\x00\xffr\x01\x00"\x04\x04\xcd\x00"\xf3\x19\xcd\x00\xf2\x00\x00\xe5'),
                            None,
                            None,
                        ], is_16bit=False, y_plus=0, y_minus=0, x=114, y=365),
                        Tile(mirror=False, invert=False, format=0, length=7, subtile_bytes=[
                            bytearray(b'\xffl\x01"\x01\x01r\x01\x00"\x00\xff\xcd\x00"\xf3\x15\xcd\x00r\xff\xff\xe5\x00"\xdf\xef\xcd\x00"\xe7\xf4'),
                            bytearray(b'\x00\x12\x04\xfdl\x01"\x00\xffr\x01\x00"\xfa\x03\xcd\x00"\xf7\x14\xcd\x00r\xf5\x08\xe5\x00"\xda\xf4\xcd\x00'),
                            bytearray(b'\n\xc4\x00B\xf3\x0c\xeb\x00\x00B\x01\xff\x82\x00"\x00\x00\x97\x00B\xff\x00\xa3\x00"\x01\xff\xb8\x00b\x00\x00'),
                            bytearray(b"\x02\x0c\x02\r\x04\x0e\x00\x82\x00\x03\x01\'\x01[\x01\x80\x01\x9f\x01\xbe\x01\xe2\x01\x06\x021\x02U\x02\x8b\x02\xaf"),
                        ], is_16bit=False, y_plus=0, y_minus=0, x=130, y=349),
                        Tile(mirror=False, invert=False, format=0, length=7, subtile_bytes=[
                            bytearray(b'\xf13\x7f\xa0\xf0\x01+p\xf0\xf0\xf1KZ`g\x82\x00\x00\xb8\x00B\xf9\x08\xeb\x00\x00B\x02\xf8\x82\x00\x12'),
                            bytearray(b'\xf8\x14\xcd\x00r\xf3\x0b\xe5\x00"\xd8\xf7\xcd\x00"\xe3\xfa\xcd\x00"\x00\x01)\x01r\x00\x005\x01"\xf2\xeb'),
                            bytearray(b'\xcd\x00"\xff\x01)\x01r\xff\x005\x01"\xf8\xed\xcd\x00\x12\xff\x01l\x01"\xff\xffr\x01\x00"\xfd\x06\xcd'),
                            bytearray(b'\x01"\xee\x0c\x0f\x02"\x00\x01)\x01r\x00\x005\x01"\xfd\xfd\x0f\x02\x12\x05\xfel\x01"\x00\xffr\x01\x00'),
                        ], is_16bit=False, y_plus=0, y_minus=0, x=114, y=349),
                        Tile(mirror=False, invert=False, format=0, length=7, subtile_bytes=[
                            bytearray(b'\x03\xeb\x00\x00B\xe9\x10\x82\x00\xb0\xe0\x18B#=\x12\xf1\x08\x9d\x00B\xfc\x046\x01"\xfb\x05\xb8\x00b\xf6'),
                            bytearray(b'\xc4\x00B\xff\x01\xeb\x00\x00B\x02\xfe\x82\x00\x12\x01\xff\x97\x00\x12\xff\x00\x9d\x00B\x00\xff\xa3\x00\x82\x00\x00\xb8'),
                            bytearray(b'\x11\xa0\xf6\xfe\x07Q\xf0\xf6\xeeP[mc\xc0\x04\x009\x14\xf0\xfc\xf0*\x82U$\xf0\xf4\x00 ;\x1d<'),
                            bytearray(b'\x0e)\x01r\xf2\x0c5\x01"\xeb\t\x0f\x02\x12\xf6\x0bl\x01"\xf4\nr\x01\x00"\xff\x01\xcd\x00"\xf4\x14'),
                        ], is_16bit=False, y_plus=0, y_minus=0, x=130, y=333),
                        Tile(mirror=False, invert=False, format=0, length=7, subtile_bytes=[
                            bytearray(b'\x03\xfb\x97\x00\x12\x01\x00\x9d\x002\x01\x00\x15\x02"\xff\x01\xb8\x00b\x00\x00\xc4\x00B\xf8\x0c\xeb\x00\x00B\x00'),
                            bytearray(b'\xda\x00\x84x\xf0\xda\xf0\x1c]j8\x00B\xfd\x03\x82\x00\x12\xfc\x04\x97\x00\x12\xfb\x03\x9d\x00B\xfb\x04\xa3\x00'),
                            bytearray(b'\x00\xc0\xfb\x11\x18%\xf0\xeb\x11\x1e\x1d#\x19r\xfd\x06\xe5\x00"\xdb\xf2\xcd\x00"\xe3\xfa\xcd\x00"\xfe\x04)'),
                            bytearray(b'\x00R\x00\x00?\x01"\xfa\xe7\xcd\x002\x00\x00l\x01\x00"\t\t\xcd\x00"\xf3\x1e\xcd\x002\x13\xe9c\x02'),
                        ], is_16bit=False, y_plus=0, y_minus=0, x=114, y=333),
                        Tile(mirror=False, invert=False, format=0, length=5, subtile_bytes=[
                            bytearray(b'\xcd\x00\x12\x05\xfel\x01"\x00\xffr\x01\x00"\x07\xec\xea\x01"\x03&\x0f\x02r\xf3\x0b\xe5\x00"\xe9\xdf\xea'),
                            None,
                            bytearray(b'\x08\x04\t\x06\n\n\x0b\x02\x0c\x02\r\x08\x0e\x00\x02\x00\x02\x04\x02\x05\x02\x06\x02\x07\x02\x08\x02\t\x04\n\x06\x0b'),
                            None,
                        ], is_16bit=False, y_plus=0, y_minus=0, x=137, y=118),
                        Tile(mirror=False, invert=False, format=0, length=7, subtile_bytes=[
                            bytearray(b'S\xf0\xd0\xe3K@CR\xc0\xec\xe7 \x1b\xf0\xdc\xe71*\x1c)\xc0\xf4\xee \x1b\xf0\xe4\xee1*\x1c)'),
                            bytearray(b'\xb0\xfa\x0cW^\x13p\xd4\x04FGo\x80\xf8\x01p\xc0\xf8\xf1`g\xa0\xe8\x01d5\xf0\xe8\xf1_@\x10'),
                            bytearray(b'"\xe4\xf9\xcd\x00\x92\x00\x00)\x01"\xf4\xec\xcd\x00\x12\x04\xfdl\x01"\x00\x00r\x01\x00"\xf6\x04\xcd\x00"'),
                            bytearray(b'*\x1c)p\xe7\n\x02\x03\x01\xc0\xe8\xf3\x1f2\xf0\xd8\xf3JPTD\x00"\x01\x01\xcd\x00"\xf4\x13\xcd\x00'),
                        ], is_16bit=False, y_plus=0, y_minus=0, x=121, y=118),
                        Tile(mirror=False, invert=False, format=0, length=6, subtile_bytes=[
                            bytearray(b'\x02\xf7\x02*\x03a\x03\x80\x03\x00\x00\x80\x10\x13\x12\xc0\x10\x03SL\xa0\x00\x13M\x19\xf0\x00\x03\x01q6)'),
                            bytearray(b'\x00\x06\x00\x08\x0f\x06\x00\x08\x10\x00\x02\x00\x02\x01\x04\x02\x06\x03\x02\x01\x00\x02\x00\x02\x04\x02\x05\x04\x06\x04\x07\x04'),
                            None,
                            bytearray(b'\x01r\xfd\x035\x01\xc0\x01\xe7+(\xf0\xf1\xe7\x17-\x1a/\x12\xfb\x02l\x01"\xfd\x02r\x01\x00"\x05\xef'),
                        ], is_16bit=False, y_plus=0, y_minus=0, x=105, y=118),
                        Tile(mirror=False, invert=False, format=0, length=5, subtile_bytes=[
                            bytearray(b'\xcd\x00r\xfe\x01\xe5\x00"\xdf\xef\xcd\x00"\xe7\xf6\xcd\x00"\x00\x01)\x01r\x00\x005\x01"\xf7\xec\xcd\x00'),
                            None,
                            bytearray(b'\x02\xfe\xb8\x00b\x00\x00\xc4\x00B\xfa\x06\xeb\x00\x00B\x04\xfa\x82\x00\x12\x03\xfc\x97\x00\x12\x00\xff\x9d\x00\xc0\xe8'),
                            None,
                        ], is_16bit=False, y_plus=0, y_minus=0, x=137, y=102),
                        Tile(mirror=False, invert=False, format=0, length=7, subtile_bytes=[
                            bytearray(b'\xc0\xeb\x03!,\xf0\xdb\x03>?OE`\x00\nAN\xc0\x08\xfa\tL\xb0\xf8\x02\n\x0c\x13\xf0\xf8\xf2\x05'),
                            bytearray(b'r\x01\x01\xe5\x00"\xe1\xed\xcd\x00"\xe9\xf6\xcd\x00"\x01\xff)\x01r\x01\x005\x01"\xf9\xeb\xcd\x00\x12\x01'),
                            bytearray(b'l\x01\x00"\x04\xf0\xcd\x00"\xff\x15\xcd\x002\x13\xe9c\x02\x12\xf1\x03\x0b\x04\xf2\x00\x00\xf7\x00"\x00\x00R'),
                            bytearray(b'\xe6\xf7\xcd\x00\x92\x00\x00)\x01"\xf6\xec\xcd\x00\x12\x02\xfel\x01"\x00\x00r\x01\x00"\xfc\x03\xcd\x00"\xf6'),
                        ], is_16bit=False, y_plus=0, y_minus=0, x=121, y=102),
                        Tile(mirror=False, invert=False, format=0, length=7, subtile_bytes=[
                            bytearray(b'\xea\x01"\xe7\x1d\xcd\x00r\xfa\r\xe5\x00"\xd5\xf8\xcd\x00"\xe4\x15\x0f\x02"\xfb\t)\x01r\xf8\x075\x01'),
                            bytearray(b'\x12\x01\xffl\x01"\x00\xffr\x01\x00"\xfe\x02\xcd\x00"\xf5\x14\xcd\x00r\xfc\x03\xe5\x00"\xde\xf2\xcd\x00"'),
                            bytearray(b'"\xee\xf0\xcd\x00\x12\xf7\x06l\x01"\xfa\x05r\x01\x00"\xe4\x0f\xcd\x00"\xe71\x0f\x02\x80\xe5\xfa$\xc0\xe5'),
                            bytearray(b'\x12\xf1\x03\x0b\x04\xf2\x00\x00\xf7\x00"\x00\x00R\x01"\xfb\xe4\xcd\x002\x00\x00l\x01\x00"\t\xfb\xcd\x00"'),
                        ], is_16bit=False, y_plus=0, y_minus=0, x=105, y=102),
                    ]
                ),
                Mold(9, gridplane=False,
                    tiles=[
                        Tile(mirror=False, invert=False, format=0, length=5, subtile_bytes=[
                            bytearray(b'\xea.0\xb0\xd5\xf29"&\xd0\xd5\xe2=3\'B\xed\x17\xf7\x00"\xcf\xfd\xcd\x00"\xde\x1a\x0f\x02"\xf5'),
                            bytearray(b'\x1a\xcd\x00"\x00\x00r\x01\x00\x9f\x03\x0c\x00^\x00\x05\x11 \x00\x00\x00\x18\x00\xff\xff!\x00,\x00E\x00\x00'),
                            None,
                            None,
                        ], is_16bit=False, y_plus=0, y_minus=0, x=131, y=364),
                        Tile(mirror=False, invert=False, format=0, length=5, subtile_bytes=[
                            bytearray(b'2\x13\xe9c\x02\x12\xf1\x03\x0b\x04\xf2\x00\x00\xf7\x00"\x00\x00R\x01"\xe8\xf4\xcd\x00\x12\x00\x00l\x01"\xe7'),
                            bytearray(b'5\x01"\xf9\xea\xcd\x00\x12\xfa\xfel\x01"\x00\xffr\x01\x00"\x04\x04\xcd\x00"\xf3\x19\xcd\x00\xf2\x00\x00\xe5'),
                            None,
                            None,
                        ], is_16bit=False, y_plus=0, y_minus=0, x=115, y=364),
                        Tile(mirror=False, invert=False, format=0, length=7, subtile_bytes=[
                            bytearray(b'\xffl\x01"\x01\x01r\x01\x00"\x00\xff\xcd\x00"\xf3\x15\xcd\x00r\xff\xff\xe5\x00"\xdf\xef\xcd\x00"\xe7\xf4'),
                            bytearray(b'\x00\x12\x04\xfdl\x01"\x00\xffr\x01\x00"\xfa\x03\xcd\x00"\xf7\x14\xcd\x00r\xf5\x08\xe5\x00"\xda\xf4\xcd\x00'),
                            bytearray(b'\n\xc4\x00B\xf3\x0c\xeb\x00\x00B\x01\xff\x82\x00"\x00\x00\x97\x00B\xff\x00\xa3\x00"\x01\xff\xb8\x00b\x00\x00'),
                            bytearray(b"\x02\x0c\x02\r\x04\x0e\x00\x82\x00\x03\x01\'\x01[\x01\x80\x01\x9f\x01\xbe\x01\xe2\x01\x06\x021\x02U\x02\x8b\x02\xaf"),
                        ], is_16bit=False, y_plus=0, y_minus=0, x=131, y=348),
                        Tile(mirror=False, invert=False, format=0, length=7, subtile_bytes=[
                            bytearray(b'\xf13\x7f\xa0\xf0\x01+p\xf0\xf0\xf1KZ`g\x82\x00\x00\xb8\x00B\xf9\x08\xeb\x00\x00B\x02\xf8\x82\x00\x12'),
                            bytearray(b'\xf8\x14\xcd\x00r\xf3\x0b\xe5\x00"\xd8\xf7\xcd\x00"\xe3\xfa\xcd\x00"\x00\x01)\x01r\x00\x005\x01"\xf2\xeb'),
                            bytearray(b'\xcd\x00"\xff\x01)\x01r\xff\x005\x01"\xf8\xed\xcd\x00\x12\xff\x01l\x01"\xff\xffr\x01\x00"\xfd\x06\xcd'),
                            bytearray(b'\x01"\xee\x0c\x0f\x02"\x00\x01)\x01r\x00\x005\x01"\xfd\xfd\x0f\x02\x12\x05\xfel\x01"\x00\xffr\x01\x00'),
                        ], is_16bit=False, y_plus=0, y_minus=0, x=115, y=348),
                        Tile(mirror=False, invert=False, format=0, length=7, subtile_bytes=[
                            bytearray(b'\x03\xeb\x00\x00B\xe9\x10\x82\x00\xb0\xe0\x18B#=\x12\xf1\x08\x9d\x00B\xfc\x046\x01"\xfb\x05\xb8\x00b\xf6'),
                            bytearray(b'\xc4\x00B\xff\x01\xeb\x00\x00B\x02\xfe\x82\x00\x12\x01\xff\x97\x00\x12\xff\x00\x9d\x00B\x00\xff\xa3\x00\x82\x00\x00\xb8'),
                            bytearray(b'\x11\xa0\xf6\xfe\x07Q\xf0\xf6\xeeP[mc\xc0\x04\x009\x14\xf0\xfc\xf0*\x82U$\xf0\xf4\x00 ;\x1d<'),
                            bytearray(b'\x0e)\x01r\xf2\x0c5\x01"\xeb\t\x0f\x02\x12\xf6\x0bl\x01"\xf4\nr\x01\x00"\xff\x01\xcd\x00"\xf4\x14'),
                        ], is_16bit=False, y_plus=0, y_minus=0, x=131, y=332),
                        Tile(mirror=False, invert=False, format=0, length=7, subtile_bytes=[
                            bytearray(b'\x03\xfb\x97\x00\x12\x01\x00\x9d\x002\x01\x00\x15\x02"\xff\x01\xb8\x00b\x00\x00\xc4\x00B\xf8\x0c\xeb\x00\x00B\x00'),
                            bytearray(b'\xda\x00\x84x\xf0\xda\xf0\x1c]j8\x00B\xfd\x03\x82\x00\x12\xfc\x04\x97\x00\x12\xfb\x03\x9d\x00B\xfb\x04\xa3\x00'),
                            bytearray(b'\x00\xc0\xfb\x11\x18%\xf0\xeb\x11\x1e\x1d#\x19r\xfd\x06\xe5\x00"\xdb\xf2\xcd\x00"\xe3\xfa\xcd\x00"\xfe\x04)'),
                            bytearray(b'\x00R\x00\x00?\x01"\xfa\xe7\xcd\x002\x00\x00l\x01\x00"\t\t\xcd\x00"\xf3\x1e\xcd\x002\x13\xe9c\x02'),
                        ], is_16bit=False, y_plus=0, y_minus=0, x=115, y=332),
                        Tile(mirror=False, invert=False, format=0, length=5, subtile_bytes=[
                            bytearray(b'\xcd\x00\x12\x05\xfel\x01"\x00\xffr\x01\x00"\x07\xec\xea\x01"\x03&\x0f\x02r\xf3\x0b\xe5\x00"\xe9\xdf\xea'),
                            None,
                            bytearray(b'\x08\x04\t\x06\n\n\x0b\x02\x0c\x02\r\x08\x0e\x00\x02\x00\x02\x04\x02\x05\x02\x06\x02\x07\x02\x08\x02\t\x04\n\x06\x0b'),
                            None,
                        ], is_16bit=False, y_plus=0, y_minus=0, x=137, y=118),
                        Tile(mirror=False, invert=False, format=0, length=7, subtile_bytes=[
                            bytearray(b'S\xf0\xd0\xe3K@CR\xc0\xec\xe7 \x1b\xf0\xdc\xe71*\x1c)\xc0\xf4\xee \x1b\xf0\xe4\xee1*\x1c)'),
                            bytearray(b'\xb0\xfa\x0cW^\x13p\xd4\x04FGo\x80\xf8\x01p\xc0\xf8\xf1`g\xa0\xe8\x01d5\xf0\xe8\xf1_@\x10'),
                            bytearray(b'"\xe4\xf9\xcd\x00\x92\x00\x00)\x01"\xf4\xec\xcd\x00\x12\x04\xfdl\x01"\x00\x00r\x01\x00"\xf6\x04\xcd\x00"'),
                            bytearray(b'*\x1c)p\xe7\n\x02\x03\x01\xc0\xe8\xf3\x1f2\xf0\xd8\xf3JPTD\x00"\x01\x01\xcd\x00"\xf4\x13\xcd\x00'),
                        ], is_16bit=False, y_plus=0, y_minus=0, x=121, y=118),
                        Tile(mirror=False, invert=False, format=0, length=6, subtile_bytes=[
                            bytearray(b'\x02\xf7\x02*\x03a\x03\x80\x03\x00\x00\x80\x10\x13\x12\xc0\x10\x03SL\xa0\x00\x13M\x19\xf0\x00\x03\x01q6)'),
                            bytearray(b'\x00\x06\x00\x08\x0f\x06\x00\x08\x10\x00\x02\x00\x02\x01\x04\x02\x06\x03\x02\x01\x00\x02\x00\x02\x04\x02\x05\x04\x06\x04\x07\x04'),
                            None,
                            bytearray(b'\x01r\xfd\x035\x01\xc0\x01\xe7+(\xf0\xf1\xe7\x17-\x1a/\x12\xfb\x02l\x01"\xfd\x02r\x01\x00"\x05\xef'),
                        ], is_16bit=False, y_plus=0, y_minus=0, x=105, y=118),
                        Tile(mirror=False, invert=False, format=0, length=5, subtile_bytes=[
                            bytearray(b'\xcd\x00r\xfe\x01\xe5\x00"\xdf\xef\xcd\x00"\xe7\xf6\xcd\x00"\x00\x01)\x01r\x00\x005\x01"\xf7\xec\xcd\x00'),
                            None,
                            bytearray(b'\x02\xfe\xb8\x00b\x00\x00\xc4\x00B\xfa\x06\xeb\x00\x00B\x04\xfa\x82\x00\x12\x03\xfc\x97\x00\x12\x00\xff\x9d\x00\xc0\xe8'),
                            None,
                        ], is_16bit=False, y_plus=0, y_minus=0, x=137, y=102),
                        Tile(mirror=False, invert=False, format=0, length=7, subtile_bytes=[
                            bytearray(b'\xc0\xeb\x03!,\xf0\xdb\x03>?OE`\x00\nAN\xc0\x08\xfa\tL\xb0\xf8\x02\n\x0c\x13\xf0\xf8\xf2\x05'),
                            bytearray(b'r\x01\x01\xe5\x00"\xe1\xed\xcd\x00"\xe9\xf6\xcd\x00"\x01\xff)\x01r\x01\x005\x01"\xf9\xeb\xcd\x00\x12\x01'),
                            bytearray(b'l\x01\x00"\x04\xf0\xcd\x00"\xff\x15\xcd\x002\x13\xe9c\x02\x12\xf1\x03\x0b\x04\xf2\x00\x00\xf7\x00"\x00\x00R'),
                            bytearray(b'\xe6\xf7\xcd\x00\x92\x00\x00)\x01"\xf6\xec\xcd\x00\x12\x02\xfel\x01"\x00\x00r\x01\x00"\xfc\x03\xcd\x00"\xf6'),
                        ], is_16bit=False, y_plus=0, y_minus=0, x=121, y=102),
                        Tile(mirror=False, invert=False, format=0, length=7, subtile_bytes=[
                            bytearray(b'\xea\x01"\xe7\x1d\xcd\x00r\xfa\r\xe5\x00"\xd5\xf8\xcd\x00"\xe4\x15\x0f\x02"\xfb\t)\x01r\xf8\x075\x01'),
                            bytearray(b'\x12\x01\xffl\x01"\x00\xffr\x01\x00"\xfe\x02\xcd\x00"\xf5\x14\xcd\x00r\xfc\x03\xe5\x00"\xde\xf2\xcd\x00"'),
                            bytearray(b'"\xee\xf0\xcd\x00\x12\xf7\x06l\x01"\xfa\x05r\x01\x00"\xe4\x0f\xcd\x00"\xe71\x0f\x02\x80\xe5\xfa$\xc0\xe5'),
                            bytearray(b'\x12\xf1\x03\x0b\x04\xf2\x00\x00\xf7\x00"\x00\x00R\x01"\xfb\xe4\xcd\x002\x00\x00l\x01\x00"\t\xfb\xcd\x00"'),
                        ], is_16bit=False, y_plus=0, y_minus=0, x=105, y=102),
                    ]
                ),
                Mold(10, gridplane=False,
                    tiles=[
                        Tile(mirror=False, invert=False, format=0, length=5, subtile_bytes=[
                            bytearray(b'\xea.0\xb0\xd5\xf29"&\xd0\xd5\xe2=3\'B\xed\x17\xf7\x00"\xcf\xfd\xcd\x00"\xde\x1a\x0f\x02"\xf5'),
                            bytearray(b'\x1a\xcd\x00"\x00\x00r\x01\x00\x9f\x03\x0c\x00^\x00\x05\x11 \x00\x00\x00\x18\x00\xff\xff!\x00,\x00E\x00\x00'),
                            None,
                            None,
                        ], is_16bit=False, y_plus=0, y_minus=0, x=132, y=363),
                        Tile(mirror=False, invert=False, format=0, length=5, subtile_bytes=[
                            bytearray(b'2\x13\xe9c\x02\x12\xf1\x03\x0b\x04\xf2\x00\x00\xf7\x00"\x00\x00R\x01"\xe8\xf4\xcd\x00\x12\x00\x00l\x01"\xe7'),
                            bytearray(b'5\x01"\xf9\xea\xcd\x00\x12\xfa\xfel\x01"\x00\xffr\x01\x00"\x04\x04\xcd\x00"\xf3\x19\xcd\x00\xf2\x00\x00\xe5'),
                            None,
                            None,
                        ], is_16bit=False, y_plus=0, y_minus=0, x=116, y=363),
                        Tile(mirror=False, invert=False, format=0, length=7, subtile_bytes=[
                            bytearray(b'\xffl\x01"\x01\x01r\x01\x00"\x00\xff\xcd\x00"\xf3\x15\xcd\x00r\xff\xff\xe5\x00"\xdf\xef\xcd\x00"\xe7\xf4'),
                            bytearray(b'\x00\x12\x04\xfdl\x01"\x00\xffr\x01\x00"\xfa\x03\xcd\x00"\xf7\x14\xcd\x00r\xf5\x08\xe5\x00"\xda\xf4\xcd\x00'),
                            bytearray(b'\n\xc4\x00B\xf3\x0c\xeb\x00\x00B\x01\xff\x82\x00"\x00\x00\x97\x00B\xff\x00\xa3\x00"\x01\xff\xb8\x00b\x00\x00'),
                            bytearray(b"\x02\x0c\x02\r\x04\x0e\x00\x82\x00\x03\x01\'\x01[\x01\x80\x01\x9f\x01\xbe\x01\xe2\x01\x06\x021\x02U\x02\x8b\x02\xaf"),
                        ], is_16bit=False, y_plus=0, y_minus=0, x=132, y=347),
                        Tile(mirror=False, invert=False, format=0, length=7, subtile_bytes=[
                            bytearray(b'\xf13\x7f\xa0\xf0\x01+p\xf0\xf0\xf1KZ`g\x82\x00\x00\xb8\x00B\xf9\x08\xeb\x00\x00B\x02\xf8\x82\x00\x12'),
                            bytearray(b'\xf8\x14\xcd\x00r\xf3\x0b\xe5\x00"\xd8\xf7\xcd\x00"\xe3\xfa\xcd\x00"\x00\x01)\x01r\x00\x005\x01"\xf2\xeb'),
                            bytearray(b'\xcd\x00"\xff\x01)\x01r\xff\x005\x01"\xf8\xed\xcd\x00\x12\xff\x01l\x01"\xff\xffr\x01\x00"\xfd\x06\xcd'),
                            bytearray(b'\x01"\xee\x0c\x0f\x02"\x00\x01)\x01r\x00\x005\x01"\xfd\xfd\x0f\x02\x12\x05\xfel\x01"\x00\xffr\x01\x00'),
                        ], is_16bit=False, y_plus=0, y_minus=0, x=116, y=347),
                        Tile(mirror=False, invert=False, format=0, length=7, subtile_bytes=[
                            bytearray(b'\x03\xeb\x00\x00B\xe9\x10\x82\x00\xb0\xe0\x18B#=\x12\xf1\x08\x9d\x00B\xfc\x046\x01"\xfb\x05\xb8\x00b\xf6'),
                            bytearray(b'\xc4\x00B\xff\x01\xeb\x00\x00B\x02\xfe\x82\x00\x12\x01\xff\x97\x00\x12\xff\x00\x9d\x00B\x00\xff\xa3\x00\x82\x00\x00\xb8'),
                            bytearray(b'\x11\xa0\xf6\xfe\x07Q\xf0\xf6\xeeP[mc\xc0\x04\x009\x14\xf0\xfc\xf0*\x82U$\xf0\xf4\x00 ;\x1d<'),
                            bytearray(b'\x0e)\x01r\xf2\x0c5\x01"\xeb\t\x0f\x02\x12\xf6\x0bl\x01"\xf4\nr\x01\x00"\xff\x01\xcd\x00"\xf4\x14'),
                        ], is_16bit=False, y_plus=0, y_minus=0, x=132, y=331),
                        Tile(mirror=False, invert=False, format=0, length=7, subtile_bytes=[
                            bytearray(b'\x03\xfb\x97\x00\x12\x01\x00\x9d\x002\x01\x00\x15\x02"\xff\x01\xb8\x00b\x00\x00\xc4\x00B\xf8\x0c\xeb\x00\x00B\x00'),
                            bytearray(b'\xda\x00\x84x\xf0\xda\xf0\x1c]j8\x00B\xfd\x03\x82\x00\x12\xfc\x04\x97\x00\x12\xfb\x03\x9d\x00B\xfb\x04\xa3\x00'),
                            bytearray(b'\x00\xc0\xfb\x11\x18%\xf0\xeb\x11\x1e\x1d#\x19r\xfd\x06\xe5\x00"\xdb\xf2\xcd\x00"\xe3\xfa\xcd\x00"\xfe\x04)'),
                            bytearray(b'\x00R\x00\x00?\x01"\xfa\xe7\xcd\x002\x00\x00l\x01\x00"\t\t\xcd\x00"\xf3\x1e\xcd\x002\x13\xe9c\x02'),
                        ], is_16bit=False, y_plus=0, y_minus=0, x=116, y=331),
                        Tile(mirror=False, invert=False, format=0, length=5, subtile_bytes=[
                            bytearray(b'\xcd\x00\x12\x05\xfel\x01"\x00\xffr\x01\x00"\x07\xec\xea\x01"\x03&\x0f\x02r\xf3\x0b\xe5\x00"\xe9\xdf\xea'),
                            None,
                            bytearray(b'\x08\x04\t\x06\n\n\x0b\x02\x0c\x02\r\x08\x0e\x00\x02\x00\x02\x04\x02\x05\x02\x06\x02\x07\x02\x08\x02\t\x04\n\x06\x0b'),
                            None,
                        ], is_16bit=False, y_plus=0, y_minus=0, x=137, y=118),
                        Tile(mirror=False, invert=False, format=0, length=7, subtile_bytes=[
                            bytearray(b'S\xf0\xd0\xe3K@CR\xc0\xec\xe7 \x1b\xf0\xdc\xe71*\x1c)\xc0\xf4\xee \x1b\xf0\xe4\xee1*\x1c)'),
                            bytearray(b'\xb0\xfa\x0cW^\x13p\xd4\x04FGo\x80\xf8\x01p\xc0\xf8\xf1`g\xa0\xe8\x01d5\xf0\xe8\xf1_@\x10'),
                            bytearray(b'"\xe4\xf9\xcd\x00\x92\x00\x00)\x01"\xf4\xec\xcd\x00\x12\x04\xfdl\x01"\x00\x00r\x01\x00"\xf6\x04\xcd\x00"'),
                            bytearray(b'*\x1c)p\xe7\n\x02\x03\x01\xc0\xe8\xf3\x1f2\xf0\xd8\xf3JPTD\x00"\x01\x01\xcd\x00"\xf4\x13\xcd\x00'),
                        ], is_16bit=False, y_plus=0, y_minus=0, x=121, y=118),
                        Tile(mirror=False, invert=False, format=0, length=6, subtile_bytes=[
                            bytearray(b'\x02\xf7\x02*\x03a\x03\x80\x03\x00\x00\x80\x10\x13\x12\xc0\x10\x03SL\xa0\x00\x13M\x19\xf0\x00\x03\x01q6)'),
                            bytearray(b'\x00\x06\x00\x08\x0f\x06\x00\x08\x10\x00\x02\x00\x02\x01\x04\x02\x06\x03\x02\x01\x00\x02\x00\x02\x04\x02\x05\x04\x06\x04\x07\x04'),
                            None,
                            bytearray(b'\x01r\xfd\x035\x01\xc0\x01\xe7+(\xf0\xf1\xe7\x17-\x1a/\x12\xfb\x02l\x01"\xfd\x02r\x01\x00"\x05\xef'),
                        ], is_16bit=False, y_plus=0, y_minus=0, x=105, y=118),
                        Tile(mirror=False, invert=False, format=0, length=5, subtile_bytes=[
                            bytearray(b'\xcd\x00r\xfe\x01\xe5\x00"\xdf\xef\xcd\x00"\xe7\xf6\xcd\x00"\x00\x01)\x01r\x00\x005\x01"\xf7\xec\xcd\x00'),
                            None,
                            bytearray(b'\x02\xfe\xb8\x00b\x00\x00\xc4\x00B\xfa\x06\xeb\x00\x00B\x04\xfa\x82\x00\x12\x03\xfc\x97\x00\x12\x00\xff\x9d\x00\xc0\xe8'),
                            None,
                        ], is_16bit=False, y_plus=0, y_minus=0, x=137, y=102),
                        Tile(mirror=False, invert=False, format=0, length=7, subtile_bytes=[
                            bytearray(b'\xc0\xeb\x03!,\xf0\xdb\x03>?OE`\x00\nAN\xc0\x08\xfa\tL\xb0\xf8\x02\n\x0c\x13\xf0\xf8\xf2\x05'),
                            bytearray(b'r\x01\x01\xe5\x00"\xe1\xed\xcd\x00"\xe9\xf6\xcd\x00"\x01\xff)\x01r\x01\x005\x01"\xf9\xeb\xcd\x00\x12\x01'),
                            bytearray(b'l\x01\x00"\x04\xf0\xcd\x00"\xff\x15\xcd\x002\x13\xe9c\x02\x12\xf1\x03\x0b\x04\xf2\x00\x00\xf7\x00"\x00\x00R'),
                            bytearray(b'\xe6\xf7\xcd\x00\x92\x00\x00)\x01"\xf6\xec\xcd\x00\x12\x02\xfel\x01"\x00\x00r\x01\x00"\xfc\x03\xcd\x00"\xf6'),
                        ], is_16bit=False, y_plus=0, y_minus=0, x=121, y=102),
                        Tile(mirror=False, invert=False, format=0, length=7, subtile_bytes=[
                            bytearray(b'\xea\x01"\xe7\x1d\xcd\x00r\xfa\r\xe5\x00"\xd5\xf8\xcd\x00"\xe4\x15\x0f\x02"\xfb\t)\x01r\xf8\x075\x01'),
                            bytearray(b'\x12\x01\xffl\x01"\x00\xffr\x01\x00"\xfe\x02\xcd\x00"\xf5\x14\xcd\x00r\xfc\x03\xe5\x00"\xde\xf2\xcd\x00"'),
                            bytearray(b'"\xee\xf0\xcd\x00\x12\xf7\x06l\x01"\xfa\x05r\x01\x00"\xe4\x0f\xcd\x00"\xe71\x0f\x02\x80\xe5\xfa$\xc0\xe5'),
                            bytearray(b'\x12\xf1\x03\x0b\x04\xf2\x00\x00\xf7\x00"\x00\x00R\x01"\xfb\xe4\xcd\x002\x00\x00l\x01\x00"\t\xfb\xcd\x00"'),
                        ], is_16bit=False, y_plus=0, y_minus=0, x=105, y=102),
                    ]
                ),
                Mold(11, gridplane=False,
                    tiles=[
                        Tile(mirror=False, invert=False, format=0, length=5, subtile_bytes=[
                            bytearray(b'\x005\x01"\x03\xd3\xea\x01\x12\x05\xfel\x01"\x00\xffr\x01\x00"\x02\x02\xcd\x00"\xf1\x15\xcd\x002"\xe6'),
                            bytearray(b'"\xfe\x02\xb8\x00b\xfd\x03\xc4\x00B\xfe\x02\xeb\x00\x00B\xf7\t\x82\x00\x12\xf6\x07\x97\x00\x12\xf7\x06\x9d\x00\x80'),
                            None,
                            None,
                        ], is_16bit=False, y_plus=0, y_minus=0, x=117, y=362),
                        Tile(mirror=False, invert=False, format=0, length=5, subtile_bytes=[
                            bytearray(b'\xea.0\xb0\xd5\xf29"&\xd0\xd5\xe2=3\'B\xed\x17\xf7\x00"\xcf\xfd\xcd\x00"\xde\x1a\x0f\x02"\xf5'),
                            bytearray(b'\x1a\xcd\x00"\x00\x00r\x01\x00\x9f\x03\x0c\x00^\x00\x05\x11 \x00\x00\x00\x18\x00\xff\xff!\x00,\x00E\x00\x00'),
                            None,
                            None,
                        ], is_16bit=False, y_plus=0, y_minus=0, x=133, y=362),
                        Tile(mirror=False, invert=False, format=0, length=7, subtile_bytes=[
                            bytearray(b'\xffl\x01"\x01\x01r\x01\x00"\x00\xff\xcd\x00"\xf3\x15\xcd\x00r\xff\xff\xe5\x00"\xdf\xef\xcd\x00"\xe7\xf4'),
                            bytearray(b'\x00\x12\x04\xfdl\x01"\x00\xffr\x01\x00"\xfa\x03\xcd\x00"\xf7\x14\xcd\x00r\xf5\x08\xe5\x00"\xda\xf4\xcd\x00'),
                            bytearray(b'\n\xc4\x00B\xf3\x0c\xeb\x00\x00B\x01\xff\x82\x00"\x00\x00\x97\x00B\xff\x00\xa3\x00"\x01\xff\xb8\x00b\x00\x00'),
                            bytearray(b"\x02\x0c\x02\r\x04\x0e\x00\x82\x00\x03\x01\'\x01[\x01\x80\x01\x9f\x01\xbe\x01\xe2\x01\x06\x021\x02U\x02\x8b\x02\xaf"),
                        ], is_16bit=False, y_plus=0, y_minus=0, x=133, y=346),
                        Tile(mirror=False, invert=False, format=0, length=7, subtile_bytes=[
                            bytearray(b'\xf13\x7f\xa0\xf0\x01+p\xf0\xf0\xf1KZ`g\x82\x00\x00\xb8\x00B\xf9\x08\xeb\x00\x00B\x02\xf8\x82\x00\x12'),
                            bytearray(b'\xf8\x14\xcd\x00r\xf3\x0b\xe5\x00"\xd8\xf7\xcd\x00"\xe3\xfa\xcd\x00"\x00\x01)\x01r\x00\x005\x01"\xf2\xeb'),
                            bytearray(b'\x14\xcd\x00r\xf9\x05\xe5\x00"\xdc\xf3\xcd\x00"\xe5\xf8\xcd\x00"\x00\x01)\x01r\x00\x005\x01"\xf5\xec\xcd'),
                            bytearray(b'"\x01\x16\x0f\x02"\t\xfc\xea\x01r\xf3\x0b\xe5\x00"\xe3\n\x0f\x02"\xf4\xe2\xea\x01"\x00\x01)\x01r\x00'),
                        ], is_16bit=False, y_plus=0, y_minus=0, x=117, y=346),
                        Tile(mirror=False, invert=False, format=0, length=7, subtile_bytes=[
                            bytearray(b'\x03\xeb\x00\x00B\xe9\x10\x82\x00\xb0\xe0\x18B#=\x12\xf1\x08\x9d\x00B\xfc\x046\x01"\xfb\x05\xb8\x00b\xf6'),
                            bytearray(b'\xc4\x00B\xff\x01\xeb\x00\x00B\x02\xfe\x82\x00\x12\x01\xff\x97\x00\x12\xff\x00\x9d\x00B\x00\xff\xa3\x00\x82\x00\x00\xb8'),
                            bytearray(b'\x11\xa0\xf6\xfe\x07Q\xf0\xf6\xeeP[mc\xc0\x04\x009\x14\xf0\xfc\xf0*\x82U$\xf0\xf4\x00 ;\x1d<'),
                            bytearray(b'\x0e)\x01r\xf2\x0c5\x01"\xeb\t\x0f\x02\x12\xf6\x0bl\x01"\xf4\nr\x01\x00"\xff\x01\xcd\x00"\xf4\x14'),
                        ], is_16bit=False, y_plus=0, y_minus=0, x=133, y=330),
                        Tile(mirror=False, invert=False, format=0, length=7, subtile_bytes=[
                            bytearray(b'\x03\xfb\x97\x00\x12\x01\x00\x9d\x002\x01\x00\x15\x02"\xff\x01\xb8\x00b\x00\x00\xc4\x00B\xf8\x0c\xeb\x00\x00B\x00'),
                            bytearray(b'\xda\x00\x84x\xf0\xda\xf0\x1c]j8\x00B\xfd\x03\x82\x00\x12\xfc\x04\x97\x00\x12\xfb\x03\x9d\x00B\xfb\x04\xa3\x00'),
                            bytearray(b'\x00\xc0\xfb\x11\x18%\xf0\xeb\x11\x1e\x1d#\x19r\xfd\x06\xe5\x00"\xdb\xf2\xcd\x00"\xe3\xfa\xcd\x00"\xfe\x04)'),
                            bytearray(b'\x00R\x00\x00?\x01"\xfa\xe7\xcd\x002\x00\x00l\x01\x00"\t\t\xcd\x00"\xf3\x1e\xcd\x002\x13\xe9c\x02'),
                        ], is_16bit=False, y_plus=0, y_minus=0, x=117, y=330),
                        Tile(mirror=False, invert=False, format=0, length=5, subtile_bytes=[
                            bytearray(b'\xcd\x00\x12\x05\xfel\x01"\x00\xffr\x01\x00"\x07\xec\xea\x01"\x03&\x0f\x02r\xf3\x0b\xe5\x00"\xe9\xdf\xea'),
                            None,
                            bytearray(b'\x08\x04\t\x06\n\n\x0b\x02\x0c\x02\r\x08\x0e\x00\x02\x00\x02\x04\x02\x05\x02\x06\x02\x07\x02\x08\x02\t\x04\n\x06\x0b'),
                            None,
                        ], is_16bit=False, y_plus=0, y_minus=0, x=137, y=118),
                        Tile(mirror=False, invert=False, format=0, length=7, subtile_bytes=[
                            bytearray(b'S\xf0\xd0\xe3K@CR\xc0\xec\xe7 \x1b\xf0\xdc\xe71*\x1c)\xc0\xf4\xee \x1b\xf0\xe4\xee1*\x1c)'),
                            bytearray(b'\xb0\xfa\x0cW^\x13p\xd4\x04FGo\x80\xf8\x01p\xc0\xf8\xf1`g\xa0\xe8\x01d5\xf0\xe8\xf1_@\x10'),
                            bytearray(b'"\xe4\xf9\xcd\x00\x92\x00\x00)\x01"\xf4\xec\xcd\x00\x12\x04\xfdl\x01"\x00\x00r\x01\x00"\xf6\x04\xcd\x00"'),
                            bytearray(b'*\x1c)p\xe7\n\x02\x03\x01\xc0\xe8\xf3\x1f2\xf0\xd8\xf3JPTD\x00"\x01\x01\xcd\x00"\xf4\x13\xcd\x00'),
                        ], is_16bit=False, y_plus=0, y_minus=0, x=121, y=118),
                        Tile(mirror=False, invert=False, format=0, length=6, subtile_bytes=[
                            bytearray(b'\x02\xf7\x02*\x03a\x03\x80\x03\x00\x00\x80\x10\x13\x12\xc0\x10\x03SL\xa0\x00\x13M\x19\xf0\x00\x03\x01q6)'),
                            bytearray(b'\x00\x06\x00\x08\x0f\x06\x00\x08\x10\x00\x02\x00\x02\x01\x04\x02\x06\x03\x02\x01\x00\x02\x00\x02\x04\x02\x05\x04\x06\x04\x07\x04'),
                            None,
                            bytearray(b'\x01r\xfd\x035\x01\xc0\x01\xe7+(\xf0\xf1\xe7\x17-\x1a/\x12\xfb\x02l\x01"\xfd\x02r\x01\x00"\x05\xef'),
                        ], is_16bit=False, y_plus=0, y_minus=0, x=105, y=118),
                        Tile(mirror=False, invert=False, format=0, length=5, subtile_bytes=[
                            bytearray(b'\xcd\x00r\xfe\x01\xe5\x00"\xdf\xef\xcd\x00"\xe7\xf6\xcd\x00"\x00\x01)\x01r\x00\x005\x01"\xf7\xec\xcd\x00'),
                            None,
                            bytearray(b'\x02\xfe\xb8\x00b\x00\x00\xc4\x00B\xfa\x06\xeb\x00\x00B\x04\xfa\x82\x00\x12\x03\xfc\x97\x00\x12\x00\xff\x9d\x00\xc0\xe8'),
                            None,
                        ], is_16bit=False, y_plus=0, y_minus=0, x=137, y=102),
                        Tile(mirror=False, invert=False, format=0, length=7, subtile_bytes=[
                            bytearray(b'\xc0\xeb\x03!,\xf0\xdb\x03>?OE`\x00\nAN\xc0\x08\xfa\tL\xb0\xf8\x02\n\x0c\x13\xf0\xf8\xf2\x05'),
                            bytearray(b'r\x01\x01\xe5\x00"\xe1\xed\xcd\x00"\xe9\xf6\xcd\x00"\x01\xff)\x01r\x01\x005\x01"\xf9\xeb\xcd\x00\x12\x01'),
                            bytearray(b'l\x01\x00"\x04\xf0\xcd\x00"\xff\x15\xcd\x002\x13\xe9c\x02\x12\xf1\x03\x0b\x04\xf2\x00\x00\xf7\x00"\x00\x00R'),
                            bytearray(b'\xe6\xf7\xcd\x00\x92\x00\x00)\x01"\xf6\xec\xcd\x00\x12\x02\xfel\x01"\x00\x00r\x01\x00"\xfc\x03\xcd\x00"\xf6'),
                        ], is_16bit=False, y_plus=0, y_minus=0, x=121, y=102),
                        Tile(mirror=False, invert=False, format=0, length=7, subtile_bytes=[
                            bytearray(b'\xea\x01"\xe7\x1d\xcd\x00r\xfa\r\xe5\x00"\xd5\xf8\xcd\x00"\xe4\x15\x0f\x02"\xfb\t)\x01r\xf8\x075\x01'),
                            bytearray(b'\x12\x01\xffl\x01"\x00\xffr\x01\x00"\xfe\x02\xcd\x00"\xf5\x14\xcd\x00r\xfc\x03\xe5\x00"\xde\xf2\xcd\x00"'),
                            bytearray(b'"\xee\xf0\xcd\x00\x12\xf7\x06l\x01"\xfa\x05r\x01\x00"\xe4\x0f\xcd\x00"\xe71\x0f\x02\x80\xe5\xfa$\xc0\xe5'),
                            bytearray(b'\x12\xf1\x03\x0b\x04\xf2\x00\x00\xf7\x00"\x00\x00R\x01"\xfb\xe4\xcd\x002\x00\x00l\x01\x00"\t\xfb\xcd\x00"'),
                        ], is_16bit=False, y_plus=0, y_minus=0, x=105, y=102),
                    ]
                ),
                Mold(12, gridplane=False,
                    tiles=[
                        Tile(mirror=False, invert=False, format=0, length=5, subtile_bytes=[
                            bytearray(b'\xdf\xf9,\x80\xef\tp\xd0\xdf\x01&\x1b5\xf0\xe7\xf9\x10\x11`g"\xfd\x03\xb8\x00b\xfa\x06\xc4\x00B\xfc'),
                            bytearray(b'\xf0\xec\xf0\x18\x08\nep\xe4\x00\x80f\x06\xf0\xdc\xf8Oa\x0b~\xc0\xf2\xe8{\x16\xb0\xe2\xe8\x81\x0ev\xa0'),
                            None,
                            None,
                        ], is_16bit=False, y_plus=0, y_minus=0, x=366, y=113),
                        Tile(mirror=False, invert=False, format=0, length=5, subtile_bytes=[
                            bytearray(b'\xea.0\xb0\xd5\xf29"&\xd0\xd5\xe2=3\'B\xed\x17\xf7\x00"\xcf\xfd\xcd\x00"\xde\x1a\x0f\x02"\xf5'),
                            bytearray(b'\x1a\xcd\x00"\x00\x00r\x01\x00\x9f\x03\x0c\x00^\x00\x05\x11 \x00\x00\x00\x18\x00\xff\xff!\x00,\x00E\x00\x00'),
                            None,
                            None,
                        ], is_16bit=False, y_plus=0, y_minus=0, x=382, y=113),
                        Tile(mirror=False, invert=False, format=0, length=7, subtile_bytes=[
                            bytearray(b'\xffl\x01"\x01\x01r\x01\x00"\x00\xff\xcd\x00"\xf3\x15\xcd\x00r\xff\xff\xe5\x00"\xdf\xef\xcd\x00"\xe7\xf4'),
                            bytearray(b'\x00\x12\x04\xfdl\x01"\x00\xffr\x01\x00"\xfa\x03\xcd\x00"\xf7\x14\xcd\x00r\xf5\x08\xe5\x00"\xda\xf4\xcd\x00'),
                            bytearray(b'\n\xc4\x00B\xf3\x0c\xeb\x00\x00B\x01\xff\x82\x00"\x00\x00\x97\x00B\xff\x00\xa3\x00"\x01\xff\xb8\x00b\x00\x00'),
                            bytearray(b"\x02\x0c\x02\r\x04\x0e\x00\x82\x00\x03\x01\'\x01[\x01\x80\x01\x9f\x01\xbe\x01\xe2\x01\x06\x021\x02U\x02\x8b\x02\xaf"),
                        ], is_16bit=False, y_plus=0, y_minus=0, x=382, y=97),
                        Tile(mirror=False, invert=False, format=0, length=7, subtile_bytes=[
                            bytearray(b'\xf13\x7f\xa0\xf0\x01+p\xf0\xf0\xf1KZ`g\x82\x00\x00\xb8\x00B\xf9\x08\xeb\x00\x00B\x02\xf8\x82\x00\x12'),
                            bytearray(b'\xf8\x14\xcd\x00r\xf3\x0b\xe5\x00"\xd8\xf7\xcd\x00"\xe3\xfa\xcd\x00"\x00\x01)\x01r\x00\x005\x01"\xf2\xeb'),
                            bytearray(b'\x00B\xfe\x02\xeb\x00\x00B\x03\xfd\x82\x00\x12\x02\xfe\x97\x00\x12\x00\x00\x9d\x00B\xff\x00\xa3\x00"\x01\xff\xb8\x00'),
                            bytearray(b'b\x00\x00\xc4\x00B\xfc\x04\xeb\x00\x00B\x04\xfc\x82\x00\x12\x03\xfd\x97\x00\x12\x01\x00\x9d\x00B\x07\xf96\x01"'),
                        ], is_16bit=False, y_plus=0, y_minus=0, x=366, y=97),
                        Tile(mirror=False, invert=False, format=0, length=7, subtile_bytes=[
                            bytearray(b'\x03\xeb\x00\x00B\xe9\x10\x82\x00\xb0\xe0\x18B#=\x12\xf1\x08\x9d\x00B\xfc\x046\x01"\xfb\x05\xb8\x00b\xf6'),
                            bytearray(b'\xc4\x00B\xff\x01\xeb\x00\x00B\x02\xfe\x82\x00\x12\x01\xff\x97\x00\x12\xff\x00\x9d\x00B\x00\xff\xa3\x00\x82\x00\x00\xb8'),
                            bytearray(b'\x11\xa0\xf6\xfe\x07Q\xf0\xf6\xeeP[mc\xc0\x04\x009\x14\xf0\xfc\xf0*\x82U$\xf0\xf4\x00 ;\x1d<'),
                            bytearray(b'\x0e)\x01r\xf2\x0c5\x01"\xeb\t\x0f\x02\x12\xf6\x0bl\x01"\xf4\nr\x01\x00"\xff\x01\xcd\x00"\xf4\x14'),
                        ], is_16bit=False, y_plus=0, y_minus=0, x=382, y=81),
                        Tile(mirror=False, invert=False, format=0, length=7, subtile_bytes=[
                            bytearray(b'\x03\xfb\x97\x00\x12\x01\x00\x9d\x002\x01\x00\x15\x02"\xff\x01\xb8\x00b\x00\x00\xc4\x00B\xf8\x0c\xeb\x00\x00B\x00'),
                            bytearray(b'\xda\x00\x84x\xf0\xda\xf0\x1c]j8\x00B\xfd\x03\x82\x00\x12\xfc\x04\x97\x00\x12\xfb\x03\x9d\x00B\xfb\x04\xa3\x00'),
                            bytearray(b'\x00\xc0\xfb\x11\x18%\xf0\xeb\x11\x1e\x1d#\x19r\xfd\x06\xe5\x00"\xdb\xf2\xcd\x00"\xe3\xfa\xcd\x00"\xfe\x04)'),
                            bytearray(b'\x00R\x00\x00?\x01"\xfa\xe7\xcd\x002\x00\x00l\x01\x00"\t\t\xcd\x00"\xf3\x1e\xcd\x002\x13\xe9c\x02'),
                        ], is_16bit=False, y_plus=0, y_minus=0, x=366, y=81),
                        Tile(mirror=False, invert=False, format=0, length=5, subtile_bytes=[
                            bytearray(b'\xcd\x00\x12\x05\xfel\x01"\x00\xffr\x01\x00"\x07\xec\xea\x01"\x03&\x0f\x02r\xf3\x0b\xe5\x00"\xe9\xdf\xea'),
                            None,
                            bytearray(b'\x08\x04\t\x06\n\n\x0b\x02\x0c\x02\r\x08\x0e\x00\x02\x00\x02\x04\x02\x05\x02\x06\x02\x07\x02\x08\x02\t\x04\n\x06\x0b'),
                            None,
                        ], is_16bit=False, y_plus=0, y_minus=0, x=137, y=118),
                        Tile(mirror=False, invert=False, format=0, length=7, subtile_bytes=[
                            bytearray(b'S\xf0\xd0\xe3K@CR\xc0\xec\xe7 \x1b\xf0\xdc\xe71*\x1c)\xc0\xf4\xee \x1b\xf0\xe4\xee1*\x1c)'),
                            bytearray(b'\xb0\xfa\x0cW^\x13p\xd4\x04FGo\x80\xf8\x01p\xc0\xf8\xf1`g\xa0\xe8\x01d5\xf0\xe8\xf1_@\x10'),
                            bytearray(b'"\xe4\xf9\xcd\x00\x92\x00\x00)\x01"\xf4\xec\xcd\x00\x12\x04\xfdl\x01"\x00\x00r\x01\x00"\xf6\x04\xcd\x00"'),
                            bytearray(b'*\x1c)p\xe7\n\x02\x03\x01\xc0\xe8\xf3\x1f2\xf0\xd8\xf3JPTD\x00"\x01\x01\xcd\x00"\xf4\x13\xcd\x00'),
                        ], is_16bit=False, y_plus=0, y_minus=0, x=121, y=118),
                        Tile(mirror=False, invert=False, format=0, length=6, subtile_bytes=[
                            bytearray(b'\x02\xf7\x02*\x03a\x03\x80\x03\x00\x00\x80\x10\x13\x12\xc0\x10\x03SL\xa0\x00\x13M\x19\xf0\x00\x03\x01q6)'),
                            bytearray(b'\x00\x06\x00\x08\x0f\x06\x00\x08\x10\x00\x02\x00\x02\x01\x04\x02\x06\x03\x02\x01\x00\x02\x00\x02\x04\x02\x05\x04\x06\x04\x07\x04'),
                            None,
                            bytearray(b'\x01r\xfd\x035\x01\xc0\x01\xe7+(\xf0\xf1\xe7\x17-\x1a/\x12\xfb\x02l\x01"\xfd\x02r\x01\x00"\x05\xef'),
                        ], is_16bit=False, y_plus=0, y_minus=0, x=105, y=118),
                        Tile(mirror=False, invert=False, format=0, length=5, subtile_bytes=[
                            bytearray(b'\xcd\x00r\xfe\x01\xe5\x00"\xdf\xef\xcd\x00"\xe7\xf6\xcd\x00"\x00\x01)\x01r\x00\x005\x01"\xf7\xec\xcd\x00'),
                            None,
                            bytearray(b'\x02\xfe\xb8\x00b\x00\x00\xc4\x00B\xfa\x06\xeb\x00\x00B\x04\xfa\x82\x00\x12\x03\xfc\x97\x00\x12\x00\xff\x9d\x00\xc0\xe8'),
                            None,
                        ], is_16bit=False, y_plus=0, y_minus=0, x=137, y=102),
                        Tile(mirror=False, invert=False, format=0, length=7, subtile_bytes=[
                            bytearray(b'\xc0\xeb\x03!,\xf0\xdb\x03>?OE`\x00\nAN\xc0\x08\xfa\tL\xb0\xf8\x02\n\x0c\x13\xf0\xf8\xf2\x05'),
                            bytearray(b'r\x01\x01\xe5\x00"\xe1\xed\xcd\x00"\xe9\xf6\xcd\x00"\x01\xff)\x01r\x01\x005\x01"\xf9\xeb\xcd\x00\x12\x01'),
                            bytearray(b'l\x01\x00"\x04\xf0\xcd\x00"\xff\x15\xcd\x002\x13\xe9c\x02\x12\xf1\x03\x0b\x04\xf2\x00\x00\xf7\x00"\x00\x00R'),
                            bytearray(b'\xe6\xf7\xcd\x00\x92\x00\x00)\x01"\xf6\xec\xcd\x00\x12\x02\xfel\x01"\x00\x00r\x01\x00"\xfc\x03\xcd\x00"\xf6'),
                        ], is_16bit=False, y_plus=0, y_minus=0, x=121, y=102),
                        Tile(mirror=False, invert=False, format=0, length=7, subtile_bytes=[
                            bytearray(b'\xea\x01"\xe7\x1d\xcd\x00r\xfa\r\xe5\x00"\xd5\xf8\xcd\x00"\xe4\x15\x0f\x02"\xfb\t)\x01r\xf8\x075\x01'),
                            bytearray(b'\x12\x01\xffl\x01"\x00\xffr\x01\x00"\xfe\x02\xcd\x00"\xf5\x14\xcd\x00r\xfc\x03\xe5\x00"\xde\xf2\xcd\x00"'),
                            bytearray(b'"\xee\xf0\xcd\x00\x12\xf7\x06l\x01"\xfa\x05r\x01\x00"\xe4\x0f\xcd\x00"\xe71\x0f\x02\x80\xe5\xfa$\xc0\xe5'),
                            bytearray(b'\x12\xf1\x03\x0b\x04\xf2\x00\x00\xf7\x00"\x00\x00R\x01"\xfb\xe4\xcd\x002\x00\x00l\x01\x00"\t\xfb\xcd\x00"'),
                        ], is_16bit=False, y_plus=0, y_minus=0, x=105, y=102),
                    ]
                ),
            ],
            sequences=[
                AnimationSequence(
                    frames=[
                        AnimationSequenceFrame(duration=2, mold_id=0),
                    ]
                ),
                AnimationSequence(
                    frames=[
                    ]
                ),
                AnimationSequence(
                    frames=[
                        AnimationSequenceFrame(duration=2, mold_id=0),
                        AnimationSequenceFrame(duration=2, mold_id=1),
                        AnimationSequenceFrame(duration=2, mold_id=3),
                        AnimationSequenceFrame(duration=2, mold_id=2),
                    ]
                ),
                AnimationSequence(
                    frames=[
                        AnimationSequenceFrame(duration=10, mold_id=4),
                        AnimationSequenceFrame(duration=10, mold_id=0),
                        AnimationSequenceFrame(duration=10, mold_id=5),
                    ]
                ),
                AnimationSequence(
                    frames=[
                        AnimationSequenceFrame(duration=6, mold_id=0),
                        AnimationSequenceFrame(duration=8, mold_id=6),
                        AnimationSequenceFrame(duration=6, mold_id=0),
                        AnimationSequenceFrame(duration=8, mold_id=7),
                        AnimationSequenceFrame(duration=6, mold_id=0),
                        AnimationSequenceFrame(duration=8, mold_id=6),
                        AnimationSequenceFrame(duration=6, mold_id=0),
                        AnimationSequenceFrame(duration=8, mold_id=7),
                        AnimationSequenceFrame(duration=4, mold_id=8),
                        AnimationSequenceFrame(duration=4, mold_id=9),
                        AnimationSequenceFrame(duration=4, mold_id=10),
                        AnimationSequenceFrame(duration=6, mold_id=11),
                        AnimationSequenceFrame(duration=8, mold_id=12),
                    ]
                ),
            ]
        )
    ),
    palette_id=202,
    palette_offset=0,
    unknown_num=0
)
