# AUTOGENERATED DO NOT EDIT!!
# Run the following command if you need to rebuild the table
# python manage.py graphicsdisassembler --rom ROM
from randomizer.data.palettes import CompleteSprite, AnimationPack, AnimationPackProperties, AnimationSequence, AnimationSequenceFrame, Mold, Tile, Clone
sprite = CompleteSprite(
    animation=AnimationPack(110, length=820, unknown=0x0000,
        properties=AnimationPackProperties(vram_size=4096,
            molds=[
                Mold(0, gridplane=False,
                    tiles=[
                        Tile(mirror=False, invert=False, format=0, length=7, subtile_bytes=[
                            bytearray(b'\x01\x0c\x04p\xf0\n\x13\x0f\x12\xf0\xe8\x02\x0e\x08\r\n\xf0\xe8\xf2\x05\x11\x0b\x03\xc0\x04\xe5\x94\x8f\xf0\xf4\xe5\xa6'),
                            bytearray(b'\xdf\x04\x00\x00\xc0\x0c\xf9\x94\x8f\xf0\xfc\xf9\xa6\x9f\x90\x9e\xc0\xff\r\x94\x8f\xf0\xef\r\xa6\x9f\x90\x9e\xc0\xf8\xd3\x1c'),
                            bytearray(b'\x00\xc0\xfb\x11\x8c\x99\xf0\xeb\x11\x92\x91\x97\x8dr\xfd\x06\xe5\x00"\xdb\xf2\xcd\x00"\xe3\xfa\xcd\x00"\xfe\x04)'),
                            bytearray(b'\xea\x01"\xe7\x1d\xcd\x00r\xfa\r\xe5\x00"\xd5\xf8\xcd\x00"\xe4\x15\x0f\x02"\xfb\t)\x01r\xf8\x075\x01'),
                        ], is_16bit=False, y_plus=0, y_minus=0, x=104, y=108),
                        Tile(mirror=False, invert=False, format=0, length=7, subtile_bytes=[
                            bytearray(b'\x06\x05\x00\x02\x00\x02\x06\x02\x07\x04\x08\x04\t\x06\n\x02\x0b\x02\x0c\x02\n\x02\x0b\x02\x0c\x02\n\x02\x0b\x02\x0c\x02'),
                            bytearray(b'\x00\x15\x012\x02\x00F\x01"\x05\xffV\x012\xf3\x00c\x01\x002\x04\x06\xbd\x002\xef\x01\xcc\x00b\xed\x04'),
                            bytearray(b'\t\x01\x82\x00\x00\x15\x012\x00\x02F\x01"\x02\xffV\x012\xf8\x00,\x02\x002\x02\x05\xbd\x002\xf5\x00\xcc'),
                            bytearray(b'2\xfa\x00\xcc\x00b\xf9\x00\xdf\x00\x12\xf8\x01\x02\x01"\xfa\x02\t\x01\x82\x00\x00\x15\x012\x00\x03F\x01"\x01'),
                        ], is_16bit=False, y_plus=0, y_minus=0, x=121, y=85),
                        Tile(mirror=False, invert=False, format=0, length=7, subtile_bytes=[
                            bytearray(b'\x06\x05\x00\x02\x00\x02\x06\x02\x07\x04\x08\x04\t\x06\n\x02\x0b\x02\x0c\x02\n\x02\x0b\x02\x0c\x02\n\x02\x0b\x02\x0c\x02'),
                            bytearray(b'\x00\x15\x012\x02\x00F\x01"\x05\xffV\x012\xf3\x00c\x01\x002\x04\x06\xbd\x002\xef\x01\xcc\x00b\xed\x04'),
                            bytearray(b'\t\x01\x82\x00\x00\x15\x012\x00\x02F\x01"\x02\xffV\x012\xf8\x00,\x02\x002\x02\x05\xbd\x002\xf5\x00\xcc'),
                            bytearray(b'2\xfa\x00\xcc\x00b\xf9\x00\xdf\x00\x12\xf8\x01\x02\x01"\xfa\x02\t\x01\x82\x00\x00\x15\x012\x00\x03F\x01"\x01'),
                        ], is_16bit=False, y_plus=0, y_minus=0, x=121, y=80),
                        Tile(mirror=False, invert=False, format=0, length=7, subtile_bytes=[
                            bytearray(b'\x06\x05\x00\x02\x00\x02\x06\x02\x07\x04\x08\x04\t\x06\n\x02\x0b\x02\x0c\x02\n\x02\x0b\x02\x0c\x02\n\x02\x0b\x02\x0c\x02'),
                            bytearray(b'\x00\x15\x012\x02\x00F\x01"\x05\xffV\x012\xf3\x00c\x01\x002\x04\x06\xbd\x002\xef\x01\xcc\x00b\xed\x04'),
                            bytearray(b'\t\x01\x82\x00\x00\x15\x012\x00\x02F\x01"\x02\xffV\x012\xf8\x00,\x02\x002\x02\x05\xbd\x002\xf5\x00\xcc'),
                            bytearray(b'2\xfa\x00\xcc\x00b\xf9\x00\xdf\x00\x12\xf8\x01\x02\x01"\xfa\x02\t\x01\x82\x00\x00\x15\x012\x00\x03F\x01"\x01'),
                        ], is_16bit=False, y_plus=0, y_minus=0, x=137, y=108),
                        Tile(mirror=False, invert=False, format=0, length=5, subtile_bytes=[
                            bytearray(b'"\x01\x00V\x012\x00\x00c\x01\x002\x00\x01\xbd\x002\x00\x00\xcc\x00b\x00\x02\xdf\x00\x12\x00\x01\x02\x01\xa2'),
                            bytearray(b'\n\x02\x0b\x02\x0c\x02\n\x02\x0b\x02\x0c\x02\n\x02\x0b\x02\x0c\x02\n\n\r\x00\x02\x00\x02\x0e\x02\x0f\x02\x10\x02\x11'),
                            None,
                            None,
                        ], is_16bit=False, y_plus=0, y_minus=0, x=128, y=127),
                        Tile(mirror=False, invert=False, format=0, length=5, subtile_bytes=[
                            bytearray(b'\xdf\x002\x02\x00\x02\x01\x82\x01\x00\x15\x01R\x01\xffF\x012\x00\xffc\x01\x00\x12\x05\x0c\x00\xa5\x00\x06\x13 '),
                            bytearray(b'\x00b\xf4\x02\xdf\x00\x12\xf5\x04\x02\x01"\xf8\x06\t\x01\x82\x00\x00\x15\x012\x01\x01F\x01"\x04\xffV\x012'),
                            None,
                            None,
                        ], is_16bit=False, y_plus=0, y_minus=0, x=112, y=127),
                        Tile(mirror=False, invert=False, format=0, length=6, subtile_bytes=[
                            None,
                            bytearray(b'\x03\x02\x01"\x00\x01\t\x01\x82\x01\x00\x15\x01R\x00\x00F\x012\xfc\x00c\x01\x002\x00\x01\xbd\x002\x00\x00'),
                            bytearray(b'\x002\x05\x08\xbd\x002\xeb\x06\xcc\x00b\xe6\x07\xdf\x00\x12\xed\x08\x02\x01"\xf5\t\t\x01\x82\x00\x00\x15\x012'),
                            bytearray(b'\x00\x00F\x012\xf6\x00c\x01\x00b\xff\x01\xbd\x00b\x00\xff\xdf\x00\x12\x00\x00\x02\x01"\xfe\x00\t\x01\x82\xff'),
                        ], is_16bit=False, y_plus=0, y_minus=0, x=128, y=111),
                        Tile(mirror=False, invert=False, format=0, length=6, subtile_bytes=[
                            bytearray(b'2\xf9\x00c\x01\x00b\x00\x00\xbd\x00b\x00\n\xdf\x00\x12\x00\x07\x02\x01"\x00\x03\t\x01\x82\xff\x00\x15\x01R'),
                            None,
                            bytearray(b'\xffV\x012\xfa\x00c\x01\x002\x01\x04\xbd\x002\xf9\x00\x00\x02b\xf7\x01\xdf\x00\x12\xf6\x02\x02\x01"\xf9\x04'),
                            bytearray(b'\x01"\xfa\x01\t\x01\x82\x00\x00\x15\x012\x00\x02F\x01"\x01\x00V\x012\xfd\x00,\x02\x002\x00\x03\xbd\x00'),
                        ], is_16bit=False, y_plus=0, y_minus=0, x=112, y=111),
                        Tile(mirror=False, invert=False, format=0, length=7, subtile_bytes=[
                            bytearray(b'\xfa\n\xbd\x002\xf3\x08\xcc\x00b\xf4\r\xdf\x00\x12\xf5\n\x02\x01"\xf6\n\t\x01\x82\xf9\x08\x15\x012\xf9\x06'),
                            bytearray(b'V\x012\x02\x00,\x02\x002\x00\x01\xbd\x002\xfe\x00\xcc\x00b\x00\xff\xdf\x002\x00\x00\x02\x01\x82\xff\x00\x15'),
                            bytearray(b'\xdfS{s2\x11\xff\xf0\x00\x12\x0b\xfe\x02\x01"\x0b\x00\t\x01\x82\x01\x00\x15\x012\x02\xfeF\x01"\xfe\xfd'),
                            bytearray(b'\x00\x01\xbd\x002\xfe\x00\xcc\x00b\xfc\x00\xdf\x00\x12\xfd\x00\x02\x01"\xfe\x00\t\x01\x82\x00\x00\x15\x012\x00\x01'),
                        ], is_16bit=False, y_plus=0, y_minus=0, x=120, y=103),
                    ]
                ),
                Mold(1, gridplane=False,
                    tiles=[
                        Tile(mirror=False, invert=False, format=0, length=7, subtile_bytes=[
                            bytearray(b'\x01\x0c\x04p\xf0\n\x13\x0f\x12\xf0\xe8\x02\x0e\x08\r\n\xf0\xe8\xf2\x05\x11\x0b\x03\xc0\x04\xe5\x94\x8f\xf0\xf4\xe5\xa6'),
                            bytearray(b'\xdf\x04\x00\x00\xc0\x0c\xf9\x94\x8f\xf0\xfc\xf9\xa6\x9f\x90\x9e\xc0\xff\r\x94\x8f\xf0\xef\r\xa6\x9f\x90\x9e\xc0\xf8\xd3\x1c'),
                            bytearray(b'\x00\xc0\xfb\x11\x8c\x99\xf0\xeb\x11\x92\x91\x97\x8dr\xfd\x06\xe5\x00"\xdb\xf2\xcd\x00"\xe3\xfa\xcd\x00"\xfe\x04)'),
                            bytearray(b'\xea\x01"\xe7\x1d\xcd\x00r\xfa\r\xe5\x00"\xd5\xf8\xcd\x00"\xe4\x15\x0f\x02"\xfb\t)\x01r\xf8\x075\x01'),
                        ], is_16bit=False, y_plus=0, y_minus=0, x=104, y=352),
                        Tile(mirror=False, invert=False, format=0, length=7, subtile_bytes=[
                            bytearray(b'\x06\x05\x00\x02\x00\x02\x06\x02\x07\x04\x08\x04\t\x06\n\x02\x0b\x02\x0c\x02\n\x02\x0b\x02\x0c\x02\n\x02\x0b\x02\x0c\x02'),
                            bytearray(b'\x00\x15\x012\x02\x00F\x01"\x05\xffV\x012\xf3\x00c\x01\x002\x04\x06\xbd\x002\xef\x01\xcc\x00b\xed\x04'),
                            bytearray(b'\t\x01\x82\x00\x00\x15\x012\x00\x02F\x01"\x02\xffV\x012\xf8\x00,\x02\x002\x02\x05\xbd\x002\xf5\x00\xcc'),
                            bytearray(b'2\xfa\x00\xcc\x00b\xf9\x00\xdf\x00\x12\xf8\x01\x02\x01"\xfa\x02\t\x01\x82\x00\x00\x15\x012\x00\x03F\x01"\x01'),
                        ], is_16bit=False, y_plus=0, y_minus=0, x=126, y=86),
                        Tile(mirror=False, invert=False, format=0, length=7, subtile_bytes=[
                            bytearray(b'\x06\x05\x00\x02\x00\x02\x06\x02\x07\x04\x08\x04\t\x06\n\x02\x0b\x02\x0c\x02\n\x02\x0b\x02\x0c\x02\n\x02\x0b\x02\x0c\x02'),
                            bytearray(b'\x00\x15\x012\x02\x00F\x01"\x05\xffV\x012\xf3\x00c\x01\x002\x04\x06\xbd\x002\xef\x01\xcc\x00b\xed\x04'),
                            bytearray(b'\t\x01\x82\x00\x00\x15\x012\x00\x02F\x01"\x02\xffV\x012\xf8\x00,\x02\x002\x02\x05\xbd\x002\xf5\x00\xcc'),
                            bytearray(b'2\xfa\x00\xcc\x00b\xf9\x00\xdf\x00\x12\xf8\x01\x02\x01"\xfa\x02\t\x01\x82\x00\x00\x15\x012\x00\x03F\x01"\x01'),
                        ], is_16bit=False, y_plus=0, y_minus=0, x=371, y=338),
                        Tile(mirror=False, invert=False, format=0, length=7, subtile_bytes=[
                            bytearray(b'\x06\x05\x00\x02\x00\x02\x06\x02\x07\x04\x08\x04\t\x06\n\x02\x0b\x02\x0c\x02\n\x02\x0b\x02\x0c\x02\n\x02\x0b\x02\x0c\x02'),
                            bytearray(b'\x00\x15\x012\x02\x00F\x01"\x05\xffV\x012\xf3\x00c\x01\x002\x04\x06\xbd\x002\xef\x01\xcc\x00b\xed\x04'),
                            bytearray(b'\t\x01\x82\x00\x00\x15\x012\x00\x02F\x01"\x02\xffV\x012\xf8\x00,\x02\x002\x02\x05\xbd\x002\xf5\x00\xcc'),
                            bytearray(b'2\xfa\x00\xcc\x00b\xf9\x00\xdf\x00\x12\xf8\x01\x02\x01"\xfa\x02\t\x01\x82\x00\x00\x15\x012\x00\x03F\x01"\x01'),
                        ], is_16bit=False, y_plus=0, y_minus=0, x=137, y=94),
                        Tile(mirror=False, invert=False, format=0, length=5, subtile_bytes=[
                            bytearray(b'"\x01\x00V\x012\x00\x00c\x01\x002\x00\x01\xbd\x002\x00\x00\xcc\x00b\x00\x02\xdf\x00\x12\x00\x01\x02\x01\xa2'),
                            bytearray(b'\n\x02\x0b\x02\x0c\x02\n\x02\x0b\x02\x0c\x02\n\x02\x0b\x02\x0c\x02\n\n\r\x00\x02\x00\x02\x0e\x02\x0f\x02\x10\x02\x11'),
                            None,
                            None,
                        ], is_16bit=False, y_plus=0, y_minus=0, x=128, y=127),
                        Tile(mirror=False, invert=False, format=0, length=5, subtile_bytes=[
                            bytearray(b'\xdf\x002\x02\x00\x02\x01\x82\x01\x00\x15\x01R\x01\xffF\x012\x00\xffc\x01\x00\x12\x05\x0c\x00\xa5\x00\x06\x13 '),
                            bytearray(b'\x00b\xf4\x02\xdf\x00\x12\xf5\x04\x02\x01"\xf8\x06\t\x01\x82\x00\x00\x15\x012\x01\x01F\x01"\x04\xffV\x012'),
                            None,
                            None,
                        ], is_16bit=False, y_plus=0, y_minus=0, x=112, y=127),
                        Tile(mirror=False, invert=False, format=0, length=6, subtile_bytes=[
                            None,
                            bytearray(b'\x03\x02\x01"\x00\x01\t\x01\x82\x01\x00\x15\x01R\x00\x00F\x012\xfc\x00c\x01\x002\x00\x01\xbd\x002\x00\x00'),
                            bytearray(b'\x002\x05\x08\xbd\x002\xeb\x06\xcc\x00b\xe6\x07\xdf\x00\x12\xed\x08\x02\x01"\xf5\t\t\x01\x82\x00\x00\x15\x012'),
                            bytearray(b'\x00\x00F\x012\xf6\x00c\x01\x00b\xff\x01\xbd\x00b\x00\xff\xdf\x00\x12\x00\x00\x02\x01"\xfe\x00\t\x01\x82\xff'),
                        ], is_16bit=False, y_plus=0, y_minus=0, x=128, y=111),
                        Tile(mirror=False, invert=False, format=0, length=6, subtile_bytes=[
                            bytearray(b'2\xf9\x00c\x01\x00b\x00\x00\xbd\x00b\x00\n\xdf\x00\x12\x00\x07\x02\x01"\x00\x03\t\x01\x82\xff\x00\x15\x01R'),
                            None,
                            bytearray(b'\xffV\x012\xfa\x00c\x01\x002\x01\x04\xbd\x002\xf9\x00\x00\x02b\xf7\x01\xdf\x00\x12\xf6\x02\x02\x01"\xf9\x04'),
                            bytearray(b'\x01"\xfa\x01\t\x01\x82\x00\x00\x15\x012\x00\x02F\x01"\x01\x00V\x012\xfd\x00,\x02\x002\x00\x03\xbd\x00'),
                        ], is_16bit=False, y_plus=0, y_minus=0, x=112, y=111),
                        Tile(mirror=False, invert=False, format=0, length=7, subtile_bytes=[
                            bytearray(b'\xfa\n\xbd\x002\xf3\x08\xcc\x00b\xf4\r\xdf\x00\x12\xf5\n\x02\x01"\xf6\n\t\x01\x82\xf9\x08\x15\x012\xf9\x06'),
                            bytearray(b'V\x012\x02\x00,\x02\x002\x00\x01\xbd\x002\xfe\x00\xcc\x00b\x00\xff\xdf\x002\x00\x00\x02\x01\x82\xff\x00\x15'),
                            bytearray(b'\xdfS{s2\x11\xff\xf0\x00\x12\x0b\xfe\x02\x01"\x0b\x00\t\x01\x82\x01\x00\x15\x012\x02\xfeF\x01"\xfe\xfd'),
                            bytearray(b'\x00\x01\xbd\x002\xfe\x00\xcc\x00b\xfc\x00\xdf\x00\x12\xfd\x00\x02\x01"\xfe\x00\t\x01\x82\x00\x00\x15\x012\x00\x01'),
                        ], is_16bit=False, y_plus=0, y_minus=0, x=120, y=103),
                    ]
                ),
                Mold(2, gridplane=False,
                    tiles=[
                        Tile(mirror=False, invert=False, format=0, length=7, subtile_bytes=[
                            bytearray(b'\x01\x0c\x04p\xf0\n\x13\x0f\x12\xf0\xe8\x02\x0e\x08\r\n\xf0\xe8\xf2\x05\x11\x0b\x03\xc0\x04\xe5\x94\x8f\xf0\xf4\xe5\xa6'),
                            bytearray(b'\xdf\x04\x00\x00\xc0\x0c\xf9\x94\x8f\xf0\xfc\xf9\xa6\x9f\x90\x9e\xc0\xff\r\x94\x8f\xf0\xef\r\xa6\x9f\x90\x9e\xc0\xf8\xd3\x1c'),
                            bytearray(b'\x00\xc0\xfb\x11\x8c\x99\xf0\xeb\x11\x92\x91\x97\x8dr\xfd\x06\xe5\x00"\xdb\xf2\xcd\x00"\xe3\xfa\xcd\x00"\xfe\x04)'),
                            bytearray(b'\xea\x01"\xe7\x1d\xcd\x00r\xfa\r\xe5\x00"\xd5\xf8\xcd\x00"\xe4\x15\x0f\x02"\xfb\t)\x01r\xf8\x075\x01'),
                        ], is_16bit=False, y_plus=0, y_minus=0, x=106, y=348),
                        Tile(mirror=False, invert=False, format=0, length=7, subtile_bytes=[
                            bytearray(b'\x06\x05\x00\x02\x00\x02\x06\x02\x07\x04\x08\x04\t\x06\n\x02\x0b\x02\x0c\x02\n\x02\x0b\x02\x0c\x02\n\x02\x0b\x02\x0c\x02'),
                            bytearray(b'\x00\x15\x012\x02\x00F\x01"\x05\xffV\x012\xf3\x00c\x01\x002\x04\x06\xbd\x002\xef\x01\xcc\x00b\xed\x04'),
                            bytearray(b'\t\x01\x82\x00\x00\x15\x012\x00\x02F\x01"\x02\xffV\x012\xf8\x00,\x02\x002\x02\x05\xbd\x002\xf5\x00\xcc'),
                            bytearray(b'2\xfa\x00\xcc\x00b\xf9\x00\xdf\x00\x12\xf8\x01\x02\x01"\xfa\x02\t\x01\x82\x00\x00\x15\x012\x00\x03F\x01"\x01'),
                        ], is_16bit=False, y_plus=0, y_minus=0, x=363, y=89),
                        Tile(mirror=False, invert=False, format=0, length=7, subtile_bytes=[
                            bytearray(b'\x06\x05\x00\x02\x00\x02\x06\x02\x07\x04\x08\x04\t\x06\n\x02\x0b\x02\x0c\x02\n\x02\x0b\x02\x0c\x02\n\x02\x0b\x02\x0c\x02'),
                            bytearray(b'\x00\x15\x012\x02\x00F\x01"\x05\xffV\x012\xf3\x00c\x01\x002\x04\x06\xbd\x002\xef\x01\xcc\x00b\xed\x04'),
                            bytearray(b'\t\x01\x82\x00\x00\x15\x012\x00\x02F\x01"\x02\xffV\x012\xf8\x00,\x02\x002\x02\x05\xbd\x002\xf5\x00\xcc'),
                            bytearray(b'2\xfa\x00\xcc\x00b\xf9\x00\xdf\x00\x12\xf8\x01\x02\x01"\xfa\x02\t\x01\x82\x00\x00\x15\x012\x00\x03F\x01"\x01'),
                        ], is_16bit=False, y_plus=0, y_minus=0, x=135, y=92),
                        Tile(mirror=False, invert=False, format=0, length=7, subtile_bytes=[
                            bytearray(b'\x06\x05\x00\x02\x00\x02\x06\x02\x07\x04\x08\x04\t\x06\n\x02\x0b\x02\x0c\x02\n\x02\x0b\x02\x0c\x02\n\x02\x0b\x02\x0c\x02'),
                            bytearray(b'\x00\x15\x012\x02\x00F\x01"\x05\xffV\x012\xf3\x00c\x01\x002\x04\x06\xbd\x002\xef\x01\xcc\x00b\xed\x04'),
                            bytearray(b'\t\x01\x82\x00\x00\x15\x012\x00\x02F\x01"\x02\xffV\x012\xf8\x00,\x02\x002\x02\x05\xbd\x002\xf5\x00\xcc'),
                            bytearray(b'2\xfa\x00\xcc\x00b\xf9\x00\xdf\x00\x12\xf8\x01\x02\x01"\xfa\x02\t\x01\x82\x00\x00\x15\x012\x00\x03F\x01"\x01'),
                        ], is_16bit=False, y_plus=0, y_minus=0, x=134, y=89),
                        Tile(mirror=False, invert=False, format=0, length=5, subtile_bytes=[
                            bytearray(b'\xdf\x002\x02\x00\x02\x01\x82\x01\x00\x15\x01R\x01\xffF\x012\x00\xffc\x01\x00\x12\x05\x0c\x00\xa5\x00\x06\x13 '),
                            bytearray(b'\x00b\xf4\x02\xdf\x00\x12\xf5\x04\x02\x01"\xf8\x06\t\x01\x82\x00\x00\x15\x012\x01\x01F\x01"\x04\xffV\x012'),
                            None,
                            None,
                        ], is_16bit=False, y_plus=0, y_minus=0, x=112, y=127),
                        Tile(mirror=False, invert=False, format=0, length=7, subtile_bytes=[
                            bytearray(b'\xbd\x00\xa0\x06\xf4}8\xf0\x0e\xfc:CX_\x12\x06\x00\x0c\x02\x80\x11\xdfF\xf0\t\xcf>odB\xe0\x01'),
                            bytearray(b'\x01"\xf1\x13\t\x01\x82\xf4\r\x15\x012\xf4\x05F\x01"\xfc\x0cV\x012\xed\x0cc\x01\x002\x00\x01\xbd\x00'),
                            bytearray(b'"\x01\x00V\x012\x00\x00c\x01\x002\x00\x01\xbd\x002\x00\x00\xcc\x00b\x00\x02\xdf\x00\x12\x00\x01\x02\x01\xa2'),
                            bytearray(b'\n\x02\x0b\x02\x0c\x02\n\x02\x0b\x02\x0c\x02\n\x02\x0b\x02\x0c\x02\n\n\r\x00\x02\x00\x02\x0e\x02\x0f\x02\x10\x02\x11'),
                        ], is_16bit=False, y_plus=0, y_minus=0, x=128, y=119),
                        Tile(mirror=False, invert=False, format=0, length=6, subtile_bytes=[
                            bytearray(b'\xfe\x00\x02\x01"\x00\x00\t\x01\x82\x01\x00\x15\x012\x00\x01F\x01"\xff\x00V\x012\x00\x00c\x01\x002\x00'),
                            None,
                            bytearray(b'\x00\x15\x012\xff\xffF\x01"\x00\x00V\x012\xfe\x00c\x01\x002\x01\xff\xbd\x002\x00\xff\xcc\x00b\x02\x01'),
                            bytearray(b'\xbd\x002\xf5\x00\x00\x02b\xf9\xfc\xdf\x00\x12\xfb\xff\x02\x01"\x00\x00\t\x01\x82\xff\x00\x15\x012\x00\x01F\x01'),
                        ], is_16bit=False, y_plus=0, y_minus=0, x=112, y=111),
                        Tile(mirror=False, invert=False, format=0, length=5, subtile_bytes=[
                            bytearray(b'\x12\xff\x00\x02\x01\xf2\x00\x00\t\x012\x00\x00c\x01\x002\x00\x01\xbd\x002\xfa\x00\xcc\x00b\xff\xfd\xdf\x00\x12'),
                            None,
                            bytearray(b'\x0c\x02\x01"\xf4\n\t\x01\x82\x00\x00\x15\x012\x04\xffF\x01"\x07\x00V\x012\xee\x02c\x01\x002\x03\xff'),
                            None,
                        ], is_16bit=False, y_plus=0, y_minus=0, x=136, y=103),
                        Tile(mirror=False, invert=False, format=0, length=7, subtile_bytes=[
                            bytearray(b'\x04\xffF\x01"\x07\x00V\x012\xee\x02c\x01\x002\x05\x08\xbd\x002\xeb\x06\xcc\x00b\xdf\x11\xdf\x00\x12\xeb'),
                            bytearray(b'\x012\x00\x01F\x01"\x01\x00V\x012\x00\x00c\x01\x002\x00\x00\xbd\x002\xfc\x00\xcc\x00b\x00\xfe\xdf\x00'),
                            bytearray(b'\x15\x012\x00\x01F\x01"\x01\x00V\x01\xa0\xf7\xe5NU\xf0\xff\xedbhX=p\xef\xed\x87\x84\x85\x002'),
                            bytearray(b'\xdf\x00\x12\xf1\x06\x02\x01"\xf6\x08\t\x01\x82\x00\x00\x15\x012\x03\x00F\x01"\x06\xffV\x012\xf0\x00c\x01'),
                        ], is_16bit=False, y_plus=0, y_minus=0, x=120, y=103),
                    ]
                ),
                Mold(3, gridplane=False,
                    tiles=[
                        Tile(mirror=False, invert=False, format=0, length=7, subtile_bytes=[
                            bytearray(b'\x01\x0c\x04p\xf0\n\x13\x0f\x12\xf0\xe8\x02\x0e\x08\r\n\xf0\xe8\xf2\x05\x11\x0b\x03\xc0\x04\xe5\x94\x8f\xf0\xf4\xe5\xa6'),
                            bytearray(b'\xdf\x04\x00\x00\xc0\x0c\xf9\x94\x8f\xf0\xfc\xf9\xa6\x9f\x90\x9e\xc0\xff\r\x94\x8f\xf0\xef\r\xa6\x9f\x90\x9e\xc0\xf8\xd3\x1c'),
                            bytearray(b'\x00\xc0\xfb\x11\x8c\x99\xf0\xeb\x11\x92\x91\x97\x8dr\xfd\x06\xe5\x00"\xdb\xf2\xcd\x00"\xe3\xfa\xcd\x00"\xfe\x04)'),
                            bytearray(b'\xea\x01"\xe7\x1d\xcd\x00r\xfa\r\xe5\x00"\xd5\xf8\xcd\x00"\xe4\x15\x0f\x02"\xfb\t)\x01r\xf8\x075\x01'),
                        ], is_16bit=False, y_plus=0, y_minus=0, x=116, y=339),
                        Tile(mirror=False, invert=False, format=0, length=5, subtile_bytes=[
                            bytearray(b'\xdf\x002\x02\x00\x02\x01\x82\x01\x00\x15\x01R\x01\xffF\x012\x00\xffc\x01\x00\x12\x05\x0c\x00\xa5\x00\x06\x13 '),
                            bytearray(b'\x00b\xf4\x02\xdf\x00\x12\xf5\x04\x02\x01"\xf8\x06\t\x01\x82\x00\x00\x15\x012\x01\x01F\x01"\x04\xffV\x012'),
                            None,
                            None,
                        ], is_16bit=False, y_plus=0, y_minus=0, x=112, y=127),
                        Tile(mirror=False, invert=False, format=0, length=7, subtile_bytes=[
                            bytearray(b'\xbd\x00\xa0\x06\xf4}8\xf0\x0e\xfc:CX_\x12\x06\x00\x0c\x02\x80\x11\xdfF\xf0\t\xcf>odB\xe0\x01'),
                            bytearray(b'\x01"\xf1\x13\t\x01\x82\xf4\r\x15\x012\xf4\x05F\x01"\xfc\x0cV\x012\xed\x0cc\x01\x002\x00\x01\xbd\x00'),
                            bytearray(b'"\x01\x00V\x012\x00\x00c\x01\x002\x00\x01\xbd\x002\x00\x00\xcc\x00b\x00\x02\xdf\x00\x12\x00\x01\x02\x01\xa2'),
                            bytearray(b'\n\x02\x0b\x02\x0c\x02\n\x02\x0b\x02\x0c\x02\n\x02\x0b\x02\x0c\x02\n\n\r\x00\x02\x00\x02\x0e\x02\x0f\x02\x10\x02\x11'),
                        ], is_16bit=False, y_plus=0, y_minus=0, x=128, y=119),
                        Tile(mirror=False, invert=False, format=0, length=6, subtile_bytes=[
                            bytearray(b'\xfe\x00\x02\x01"\x00\x00\t\x01\x82\x01\x00\x15\x012\x00\x01F\x01"\xff\x00V\x012\x00\x00c\x01\x002\x00'),
                            None,
                            bytearray(b'\x00\x15\x012\xff\xffF\x01"\x00\x00V\x012\xfe\x00c\x01\x002\x01\xff\xbd\x002\x00\xff\xcc\x00b\x02\x01'),
                            bytearray(b'\xbd\x002\xf5\x00\x00\x02b\xf9\xfc\xdf\x00\x12\xfb\xff\x02\x01"\x00\x00\t\x01\x82\xff\x00\x15\x012\x00\x01F\x01'),
                        ], is_16bit=False, y_plus=0, y_minus=0, x=112, y=111),
                        Tile(mirror=False, invert=False, format=0, length=5, subtile_bytes=[
                            bytearray(b'\x12\xff\x00\x02\x01\xf2\x00\x00\t\x012\x00\x00c\x01\x002\x00\x01\xbd\x002\xfa\x00\xcc\x00b\xff\xfd\xdf\x00\x12'),
                            None,
                            bytearray(b'\x0c\x02\x01"\xf4\n\t\x01\x82\x00\x00\x15\x012\x04\xffF\x01"\x07\x00V\x012\xee\x02c\x01\x002\x03\xff'),
                            None,
                        ], is_16bit=False, y_plus=0, y_minus=0, x=136, y=103),
                        Tile(mirror=False, invert=False, format=0, length=7, subtile_bytes=[
                            bytearray(b'\x04\xffF\x01"\x07\x00V\x012\xee\x02c\x01\x002\x05\x08\xbd\x002\xeb\x06\xcc\x00b\xdf\x11\xdf\x00\x12\xeb'),
                            bytearray(b'\x012\x00\x01F\x01"\x01\x00V\x012\x00\x00c\x01\x002\x00\x00\xbd\x002\xfc\x00\xcc\x00b\x00\xfe\xdf\x00'),
                            bytearray(b'\x15\x012\x00\x01F\x01"\x01\x00V\x01\xa0\xf7\xe5NU\xf0\xff\xedbhX=p\xef\xed\x87\x84\x85\x002'),
                            bytearray(b'\xdf\x00\x12\xf1\x06\x02\x01"\xf6\x08\t\x01\x82\x00\x00\x15\x012\x03\x00F\x01"\x06\xffV\x012\xf0\x00c\x01'),
                        ], is_16bit=False, y_plus=0, y_minus=0, x=120, y=103),
                        Tile(mirror=False, invert=False, format=0, length=7, subtile_bytes=[
                            bytearray(b'\x06\x05\x00\x02\x00\x02\x06\x02\x07\x04\x08\x04\t\x06\n\x02\x0b\x02\x0c\x02\n\x02\x0b\x02\x0c\x02\n\x02\x0b\x02\x0c\x02'),
                            bytearray(b'\x00\x15\x012\x02\x00F\x01"\x05\xffV\x012\xf3\x00c\x01\x002\x04\x06\xbd\x002\xef\x01\xcc\x00b\xed\x04'),
                            bytearray(b'\t\x01\x82\x00\x00\x15\x012\x00\x02F\x01"\x02\xffV\x012\xf8\x00,\x02\x002\x02\x05\xbd\x002\xf5\x00\xcc'),
                            bytearray(b'2\xfa\x00\xcc\x00b\xf9\x00\xdf\x00\x12\xf8\x01\x02\x01"\xfa\x02\t\x01\x82\x00\x00\x15\x012\x00\x03F\x01"\x01'),
                        ], is_16bit=False, y_plus=0, y_minus=0, x=137, y=96),
                        Tile(mirror=False, invert=False, format=0, length=7, subtile_bytes=[
                            bytearray(b'\x06\x05\x00\x02\x00\x02\x06\x02\x07\x04\x08\x04\t\x06\n\x02\x0b\x02\x0c\x02\n\x02\x0b\x02\x0c\x02\n\x02\x0b\x02\x0c\x02'),
                            bytearray(b'\x00\x15\x012\x02\x00F\x01"\x05\xffV\x012\xf3\x00c\x01\x002\x04\x06\xbd\x002\xef\x01\xcc\x00b\xed\x04'),
                            bytearray(b'\t\x01\x82\x00\x00\x15\x012\x00\x02F\x01"\x02\xffV\x012\xf8\x00,\x02\x002\x02\x05\xbd\x002\xf5\x00\xcc'),
                            bytearray(b'2\xfa\x00\xcc\x00b\xf9\x00\xdf\x00\x12\xf8\x01\x02\x01"\xfa\x02\t\x01\x82\x00\x00\x15\x012\x00\x03F\x01"\x01'),
                        ], is_16bit=False, y_plus=0, y_minus=0, x=360, y=98),
                        Tile(mirror=False, invert=False, format=0, length=7, subtile_bytes=[
                            bytearray(b'\x06\x05\x00\x02\x00\x02\x06\x02\x07\x04\x08\x04\t\x06\n\x02\x0b\x02\x0c\x02\n\x02\x0b\x02\x0c\x02\n\x02\x0b\x02\x0c\x02'),
                            bytearray(b'\x00\x15\x012\x02\x00F\x01"\x05\xffV\x012\xf3\x00c\x01\x002\x04\x06\xbd\x002\xef\x01\xcc\x00b\xed\x04'),
                            bytearray(b'\t\x01\x82\x00\x00\x15\x012\x00\x02F\x01"\x02\xffV\x012\xf8\x00,\x02\x002\x02\x05\xbd\x002\xf5\x00\xcc'),
                            bytearray(b'2\xfa\x00\xcc\x00b\xf9\x00\xdf\x00\x12\xf8\x01\x02\x01"\xfa\x02\t\x01\x82\x00\x00\x15\x012\x00\x03F\x01"\x01'),
                        ], is_16bit=False, y_plus=0, y_minus=0, x=125, y=82),
                    ]
                ),
                Mold(4, gridplane=False,
                    tiles=[
                        Tile(mirror=False, invert=False, format=0, length=7, subtile_bytes=[
                            bytearray(b'\x01\x0c\x04p\xf0\n\x13\x0f\x12\xf0\xe8\x02\x0e\x08\r\n\xf0\xe8\xf2\x05\x11\x0b\x03\xc0\x04\xe5\x94\x8f\xf0\xf4\xe5\xa6'),
                            bytearray(b'\xdf\x04\x00\x00\xc0\x0c\xf9\x94\x8f\xf0\xfc\xf9\xa6\x9f\x90\x9e\xc0\xff\r\x94\x8f\xf0\xef\r\xa6\x9f\x90\x9e\xc0\xf8\xd3\x1c'),
                            bytearray(b'\x00\xc0\xfb\x11\x8c\x99\xf0\xeb\x11\x92\x91\x97\x8dr\xfd\x06\xe5\x00"\xdb\xf2\xcd\x00"\xe3\xfa\xcd\x00"\xfe\x04)'),
                            bytearray(b'\xea\x01"\xe7\x1d\xcd\x00r\xfa\r\xe5\x00"\xd5\xf8\xcd\x00"\xe4\x15\x0f\x02"\xfb\t)\x01r\xf8\x075\x01'),
                        ], is_16bit=False, y_plus=0, y_minus=0, x=121, y=340),
                        Tile(mirror=False, invert=False, format=0, length=7, subtile_bytes=[
                            bytearray(b'\x06\x05\x00\x02\x00\x02\x06\x02\x07\x04\x08\x04\t\x06\n\x02\x0b\x02\x0c\x02\n\x02\x0b\x02\x0c\x02\n\x02\x0b\x02\x0c\x02'),
                            bytearray(b'\x00\x15\x012\x02\x00F\x01"\x05\xffV\x012\xf3\x00c\x01\x002\x04\x06\xbd\x002\xef\x01\xcc\x00b\xed\x04'),
                            bytearray(b'\t\x01\x82\x00\x00\x15\x012\x00\x02F\x01"\x02\xffV\x012\xf8\x00,\x02\x002\x02\x05\xbd\x002\xf5\x00\xcc'),
                            bytearray(b'2\xfa\x00\xcc\x00b\xf9\x00\xdf\x00\x12\xf8\x01\x02\x01"\xfa\x02\t\x01\x82\x00\x00\x15\x012\x00\x03F\x01"\x01'),
                        ], is_16bit=False, y_plus=0, y_minus=0, x=137, y=108),
                        Tile(mirror=False, invert=False, format=0, length=7, subtile_bytes=[
                            bytearray(b'\x06\x05\x00\x02\x00\x02\x06\x02\x07\x04\x08\x04\t\x06\n\x02\x0b\x02\x0c\x02\n\x02\x0b\x02\x0c\x02\n\x02\x0b\x02\x0c\x02'),
                            bytearray(b'\x00\x15\x012\x02\x00F\x01"\x05\xffV\x012\xf3\x00c\x01\x002\x04\x06\xbd\x002\xef\x01\xcc\x00b\xed\x04'),
                            bytearray(b'\t\x01\x82\x00\x00\x15\x012\x00\x02F\x01"\x02\xffV\x012\xf8\x00,\x02\x002\x02\x05\xbd\x002\xf5\x00\xcc'),
                            bytearray(b'2\xfa\x00\xcc\x00b\xf9\x00\xdf\x00\x12\xf8\x01\x02\x01"\xfa\x02\t\x01\x82\x00\x00\x15\x012\x00\x03F\x01"\x01'),
                        ], is_16bit=False, y_plus=0, y_minus=0, x=360, y=108),
                        Tile(mirror=False, invert=False, format=0, length=7, subtile_bytes=[
                            bytearray(b'\x06\x05\x00\x02\x00\x02\x06\x02\x07\x04\x08\x04\t\x06\n\x02\x0b\x02\x0c\x02\n\x02\x0b\x02\x0c\x02\n\x02\x0b\x02\x0c\x02'),
                            bytearray(b'\x00\x15\x012\x02\x00F\x01"\x05\xffV\x012\xf3\x00c\x01\x002\x04\x06\xbd\x002\xef\x01\xcc\x00b\xed\x04'),
                            bytearray(b'\t\x01\x82\x00\x00\x15\x012\x00\x02F\x01"\x02\xffV\x012\xf8\x00,\x02\x002\x02\x05\xbd\x002\xf5\x00\xcc'),
                            bytearray(b'2\xfa\x00\xcc\x00b\xf9\x00\xdf\x00\x12\xf8\x01\x02\x01"\xfa\x02\t\x01\x82\x00\x00\x15\x012\x00\x03F\x01"\x01'),
                        ], is_16bit=False, y_plus=0, y_minus=0, x=121, y=336),
                        Tile(mirror=False, invert=False, format=0, length=5, subtile_bytes=[
                            bytearray(b'"\x01\x00V\x012\x00\x00c\x01\x002\x00\x01\xbd\x002\x00\x00\xcc\x00b\x00\x02\xdf\x00\x12\x00\x01\x02\x01\xa2'),
                            bytearray(b'\n\x02\x0b\x02\x0c\x02\n\x02\x0b\x02\x0c\x02\n\x02\x0b\x02\x0c\x02\n\n\r\x00\x02\x00\x02\x0e\x02\x0f\x02\x10\x02\x11'),
                            None,
                            None,
                        ], is_16bit=False, y_plus=0, y_minus=0, x=128, y=127),
                        Tile(mirror=False, invert=False, format=0, length=5, subtile_bytes=[
                            bytearray(b'\xdf\x002\x02\x00\x02\x01\x82\x01\x00\x15\x01R\x01\xffF\x012\x00\xffc\x01\x00\x12\x05\x0c\x00\xa5\x00\x06\x13 '),
                            bytearray(b'\x00b\xf4\x02\xdf\x00\x12\xf5\x04\x02\x01"\xf8\x06\t\x01\x82\x00\x00\x15\x012\x01\x01F\x01"\x04\xffV\x012'),
                            None,
                            None,
                        ], is_16bit=False, y_plus=0, y_minus=0, x=112, y=127),
                        Tile(mirror=False, invert=False, format=0, length=6, subtile_bytes=[
                            None,
                            bytearray(b'\x03\x02\x01"\x00\x01\t\x01\x82\x01\x00\x15\x01R\x00\x00F\x012\xfc\x00c\x01\x002\x00\x01\xbd\x002\x00\x00'),
                            bytearray(b'\x002\x05\x08\xbd\x002\xeb\x06\xcc\x00b\xe6\x07\xdf\x00\x12\xed\x08\x02\x01"\xf5\t\t\x01\x82\x00\x00\x15\x012'),
                            bytearray(b'\x00\x00F\x012\xf6\x00c\x01\x00b\xff\x01\xbd\x00b\x00\xff\xdf\x00\x12\x00\x00\x02\x01"\xfe\x00\t\x01\x82\xff'),
                        ], is_16bit=False, y_plus=0, y_minus=0, x=128, y=111),
                        Tile(mirror=False, invert=False, format=0, length=6, subtile_bytes=[
                            bytearray(b'2\xf9\x00c\x01\x00b\x00\x00\xbd\x00b\x00\n\xdf\x00\x12\x00\x07\x02\x01"\x00\x03\t\x01\x82\xff\x00\x15\x01R'),
                            None,
                            bytearray(b'\xffV\x012\xfa\x00c\x01\x002\x01\x04\xbd\x002\xf9\x00\x00\x02b\xf7\x01\xdf\x00\x12\xf6\x02\x02\x01"\xf9\x04'),
                            bytearray(b'\x01"\xfa\x01\t\x01\x82\x00\x00\x15\x012\x00\x02F\x01"\x01\x00V\x012\xfd\x00,\x02\x002\x00\x03\xbd\x00'),
                        ], is_16bit=False, y_plus=0, y_minus=0, x=112, y=111),
                        Tile(mirror=False, invert=False, format=0, length=7, subtile_bytes=[
                            bytearray(b'\xfa\n\xbd\x002\xf3\x08\xcc\x00b\xf4\r\xdf\x00\x12\xf5\n\x02\x01"\xf6\n\t\x01\x82\xf9\x08\x15\x012\xf9\x06'),
                            bytearray(b'V\x012\x02\x00,\x02\x002\x00\x01\xbd\x002\xfe\x00\xcc\x00b\x00\xff\xdf\x002\x00\x00\x02\x01\x82\xff\x00\x15'),
                            bytearray(b'\xdfS{s2\x11\xff\xf0\x00\x12\x0b\xfe\x02\x01"\x0b\x00\t\x01\x82\x01\x00\x15\x012\x02\xfeF\x01"\xfe\xfd'),
                            bytearray(b'\x00\x01\xbd\x002\xfe\x00\xcc\x00b\xfc\x00\xdf\x00\x12\xfd\x00\x02\x01"\xfe\x00\t\x01\x82\x00\x00\x15\x012\x00\x01'),
                        ], is_16bit=False, y_plus=0, y_minus=0, x=120, y=103),
                    ]
                ),
                Mold(5, gridplane=False,
                    tiles=[
                        Tile(mirror=False, invert=False, format=0, length=7, subtile_bytes=[
                            bytearray(b'\x01\x0c\x04p\xf0\n\x13\x0f\x12\xf0\xe8\x02\x0e\x08\r\n\xf0\xe8\xf2\x05\x11\x0b\x03\xc0\x04\xe5\x94\x8f\xf0\xf4\xe5\xa6'),
                            bytearray(b'\xdf\x04\x00\x00\xc0\x0c\xf9\x94\x8f\xf0\xfc\xf9\xa6\x9f\x90\x9e\xc0\xff\r\x94\x8f\xf0\xef\r\xa6\x9f\x90\x9e\xc0\xf8\xd3\x1c'),
                            bytearray(b'\x00\xc0\xfb\x11\x8c\x99\xf0\xeb\x11\x92\x91\x97\x8dr\xfd\x06\xe5\x00"\xdb\xf2\xcd\x00"\xe3\xfa\xcd\x00"\xfe\x04)'),
                            bytearray(b'\xea\x01"\xe7\x1d\xcd\x00r\xfa\r\xe5\x00"\xd5\xf8\xcd\x00"\xe4\x15\x0f\x02"\xfb\t)\x01r\xf8\x075\x01'),
                        ], is_16bit=False, y_plus=0, y_minus=0, x=126, y=342),
                        Tile(mirror=False, invert=False, format=0, length=7, subtile_bytes=[
                            bytearray(b'\x06\x05\x00\x02\x00\x02\x06\x02\x07\x04\x08\x04\t\x06\n\x02\x0b\x02\x0c\x02\n\x02\x0b\x02\x0c\x02\n\x02\x0b\x02\x0c\x02'),
                            bytearray(b'\x00\x15\x012\x02\x00F\x01"\x05\xffV\x012\xf3\x00c\x01\x002\x04\x06\xbd\x002\xef\x01\xcc\x00b\xed\x04'),
                            bytearray(b'\t\x01\x82\x00\x00\x15\x012\x00\x02F\x01"\x02\xffV\x012\xf8\x00,\x02\x002\x02\x05\xbd\x002\xf5\x00\xcc'),
                            bytearray(b'2\xfa\x00\xcc\x00b\xf9\x00\xdf\x00\x12\xf8\x01\x02\x01"\xfa\x02\t\x01\x82\x00\x00\x15\x012\x00\x03F\x01"\x01'),
                        ], is_16bit=False, y_plus=0, y_minus=0, x=136, y=94),
                        Tile(mirror=False, invert=False, format=0, length=7, subtile_bytes=[
                            bytearray(b'\x06\x05\x00\x02\x00\x02\x06\x02\x07\x04\x08\x04\t\x06\n\x02\x0b\x02\x0c\x02\n\x02\x0b\x02\x0c\x02\n\x02\x0b\x02\x0c\x02'),
                            bytearray(b'\x00\x15\x012\x02\x00F\x01"\x05\xffV\x012\xf3\x00c\x01\x002\x04\x06\xbd\x002\xef\x01\xcc\x00b\xed\x04'),
                            bytearray(b'\t\x01\x82\x00\x00\x15\x012\x00\x02F\x01"\x02\xffV\x012\xf8\x00,\x02\x002\x02\x05\xbd\x002\xf5\x00\xcc'),
                            bytearray(b'2\xfa\x00\xcc\x00b\xf9\x00\xdf\x00\x12\xf8\x01\x02\x01"\xfa\x02\t\x01\x82\x00\x00\x15\x012\x00\x03F\x01"\x01'),
                        ], is_16bit=False, y_plus=0, y_minus=0, x=360, y=96),
                        Tile(mirror=False, invert=False, format=0, length=7, subtile_bytes=[
                            bytearray(b'\x06\x05\x00\x02\x00\x02\x06\x02\x07\x04\x08\x04\t\x06\n\x02\x0b\x02\x0c\x02\n\x02\x0b\x02\x0c\x02\n\x02\x0b\x02\x0c\x02'),
                            bytearray(b'\x00\x15\x012\x02\x00F\x01"\x05\xffV\x012\xf3\x00c\x01\x002\x04\x06\xbd\x002\xef\x01\xcc\x00b\xed\x04'),
                            bytearray(b'\t\x01\x82\x00\x00\x15\x012\x00\x02F\x01"\x02\xffV\x012\xf8\x00,\x02\x002\x02\x05\xbd\x002\xf5\x00\xcc'),
                            bytearray(b'2\xfa\x00\xcc\x00b\xf9\x00\xdf\x00\x12\xf8\x01\x02\x01"\xfa\x02\t\x01\x82\x00\x00\x15\x012\x00\x03F\x01"\x01'),
                        ], is_16bit=False, y_plus=0, y_minus=0, x=371, y=338),
                        Tile(mirror=False, invert=False, format=0, length=5, subtile_bytes=[
                            bytearray(b'"\x01\x00V\x012\x00\x00c\x01\x002\x00\x01\xbd\x002\x00\x00\xcc\x00b\x00\x02\xdf\x00\x12\x00\x01\x02\x01\xa2'),
                            bytearray(b'\n\x02\x0b\x02\x0c\x02\n\x02\x0b\x02\x0c\x02\n\x02\x0b\x02\x0c\x02\n\n\r\x00\x02\x00\x02\x0e\x02\x0f\x02\x10\x02\x11'),
                            None,
                            None,
                        ], is_16bit=False, y_plus=0, y_minus=0, x=128, y=127),
                        Tile(mirror=False, invert=False, format=0, length=5, subtile_bytes=[
                            bytearray(b'\xdf\x002\x02\x00\x02\x01\x82\x01\x00\x15\x01R\x01\xffF\x012\x00\xffc\x01\x00\x12\x05\x0c\x00\xa5\x00\x06\x13 '),
                            bytearray(b'\x00b\xf4\x02\xdf\x00\x12\xf5\x04\x02\x01"\xf8\x06\t\x01\x82\x00\x00\x15\x012\x01\x01F\x01"\x04\xffV\x012'),
                            None,
                            None,
                        ], is_16bit=False, y_plus=0, y_minus=0, x=112, y=127),
                        Tile(mirror=False, invert=False, format=0, length=6, subtile_bytes=[
                            None,
                            bytearray(b'\x03\x02\x01"\x00\x01\t\x01\x82\x01\x00\x15\x01R\x00\x00F\x012\xfc\x00c\x01\x002\x00\x01\xbd\x002\x00\x00'),
                            bytearray(b'\x002\x05\x08\xbd\x002\xeb\x06\xcc\x00b\xe6\x07\xdf\x00\x12\xed\x08\x02\x01"\xf5\t\t\x01\x82\x00\x00\x15\x012'),
                            bytearray(b'\x00\x00F\x012\xf6\x00c\x01\x00b\xff\x01\xbd\x00b\x00\xff\xdf\x00\x12\x00\x00\x02\x01"\xfe\x00\t\x01\x82\xff'),
                        ], is_16bit=False, y_plus=0, y_minus=0, x=128, y=111),
                        Tile(mirror=False, invert=False, format=0, length=6, subtile_bytes=[
                            bytearray(b'2\xf9\x00c\x01\x00b\x00\x00\xbd\x00b\x00\n\xdf\x00\x12\x00\x07\x02\x01"\x00\x03\t\x01\x82\xff\x00\x15\x01R'),
                            None,
                            bytearray(b'\xffV\x012\xfa\x00c\x01\x002\x01\x04\xbd\x002\xf9\x00\x00\x02b\xf7\x01\xdf\x00\x12\xf6\x02\x02\x01"\xf9\x04'),
                            bytearray(b'\x01"\xfa\x01\t\x01\x82\x00\x00\x15\x012\x00\x02F\x01"\x01\x00V\x012\xfd\x00,\x02\x002\x00\x03\xbd\x00'),
                        ], is_16bit=False, y_plus=0, y_minus=0, x=112, y=111),
                        Tile(mirror=False, invert=False, format=0, length=7, subtile_bytes=[
                            bytearray(b'\xfa\n\xbd\x002\xf3\x08\xcc\x00b\xf4\r\xdf\x00\x12\xf5\n\x02\x01"\xf6\n\t\x01\x82\xf9\x08\x15\x012\xf9\x06'),
                            bytearray(b'V\x012\x02\x00,\x02\x002\x00\x01\xbd\x002\xfe\x00\xcc\x00b\x00\xff\xdf\x002\x00\x00\x02\x01\x82\xff\x00\x15'),
                            bytearray(b'\xdfS{s2\x11\xff\xf0\x00\x12\x0b\xfe\x02\x01"\x0b\x00\t\x01\x82\x01\x00\x15\x012\x02\xfeF\x01"\xfe\xfd'),
                            bytearray(b'\x00\x01\xbd\x002\xfe\x00\xcc\x00b\xfc\x00\xdf\x00\x12\xfd\x00\x02\x01"\xfe\x00\t\x01\x82\x00\x00\x15\x012\x00\x01'),
                        ], is_16bit=False, y_plus=0, y_minus=0, x=120, y=103),
                    ]
                ),
                Mold(6, gridplane=False,
                    tiles=[
                        Tile(mirror=False, invert=False, format=0, length=7, subtile_bytes=[
                            bytearray(b'\x01\x0c\x04p\xf0\n\x13\x0f\x12\xf0\xe8\x02\x0e\x08\r\n\xf0\xe8\xf2\x05\x11\x0b\x03\xc0\x04\xe5\x94\x8f\xf0\xf4\xe5\xa6'),
                            bytearray(b'\xdf\x04\x00\x00\xc0\x0c\xf9\x94\x8f\xf0\xfc\xf9\xa6\x9f\x90\x9e\xc0\xff\r\x94\x8f\xf0\xef\r\xa6\x9f\x90\x9e\xc0\xf8\xd3\x1c'),
                            bytearray(b'\x00\xc0\xfb\x11\x8c\x99\xf0\xeb\x11\x92\x91\x97\x8dr\xfd\x06\xe5\x00"\xdb\xf2\xcd\x00"\xe3\xfa\xcd\x00"\xfe\x04)'),
                            bytearray(b'\xea\x01"\xe7\x1d\xcd\x00r\xfa\r\xe5\x00"\xd5\xf8\xcd\x00"\xe4\x15\x0f\x02"\xfb\t)\x01r\xf8\x075\x01'),
                        ], is_16bit=False, y_plus=0, y_minus=0, x=135, y=348),
                        Tile(mirror=False, invert=False, format=0, length=7, subtile_bytes=[
                            bytearray(b'\x06\x05\x00\x02\x00\x02\x06\x02\x07\x04\x08\x04\t\x06\n\x02\x0b\x02\x0c\x02\n\x02\x0b\x02\x0c\x02\n\x02\x0b\x02\x0c\x02'),
                            bytearray(b'\x00\x15\x012\x02\x00F\x01"\x05\xffV\x012\xf3\x00c\x01\x002\x04\x06\xbd\x002\xef\x01\xcc\x00b\xed\x04'),
                            bytearray(b'\t\x01\x82\x00\x00\x15\x012\x00\x02F\x01"\x02\xffV\x012\xf8\x00,\x02\x002\x02\x05\xbd\x002\xf5\x00\xcc'),
                            bytearray(b'2\xfa\x00\xcc\x00b\xf9\x00\xdf\x00\x12\xf8\x01\x02\x01"\xfa\x02\t\x01\x82\x00\x00\x15\x012\x00\x03F\x01"\x01'),
                        ], is_16bit=False, y_plus=0, y_minus=0, x=134, y=89),
                        Tile(mirror=False, invert=False, format=0, length=7, subtile_bytes=[
                            bytearray(b'\x06\x05\x00\x02\x00\x02\x06\x02\x07\x04\x08\x04\t\x06\n\x02\x0b\x02\x0c\x02\n\x02\x0b\x02\x0c\x02\n\x02\x0b\x02\x0c\x02'),
                            bytearray(b'\x00\x15\x012\x02\x00F\x01"\x05\xffV\x012\xf3\x00c\x01\x002\x04\x06\xbd\x002\xef\x01\xcc\x00b\xed\x04'),
                            bytearray(b'\t\x01\x82\x00\x00\x15\x012\x00\x02F\x01"\x02\xffV\x012\xf8\x00,\x02\x002\x02\x05\xbd\x002\xf5\x00\xcc'),
                            bytearray(b'2\xfa\x00\xcc\x00b\xf9\x00\xdf\x00\x12\xf8\x01\x02\x01"\xfa\x02\t\x01\x82\x00\x00\x15\x012\x00\x03F\x01"\x01'),
                        ], is_16bit=False, y_plus=0, y_minus=0, x=362, y=92),
                        Tile(mirror=False, invert=False, format=0, length=7, subtile_bytes=[
                            bytearray(b'\x06\x05\x00\x02\x00\x02\x06\x02\x07\x04\x08\x04\t\x06\n\x02\x0b\x02\x0c\x02\n\x02\x0b\x02\x0c\x02\n\x02\x0b\x02\x0c\x02'),
                            bytearray(b'\x00\x15\x012\x02\x00F\x01"\x05\xffV\x012\xf3\x00c\x01\x002\x04\x06\xbd\x002\xef\x01\xcc\x00b\xed\x04'),
                            bytearray(b'\t\x01\x82\x00\x00\x15\x012\x00\x02F\x01"\x02\xffV\x012\xf8\x00,\x02\x002\x02\x05\xbd\x002\xf5\x00\xcc'),
                            bytearray(b'2\xfa\x00\xcc\x00b\xf9\x00\xdf\x00\x12\xf8\x01\x02\x01"\xfa\x02\t\x01\x82\x00\x00\x15\x012\x00\x03F\x01"\x01'),
                        ], is_16bit=False, y_plus=0, y_minus=0, x=363, y=89),
                        Tile(mirror=False, invert=False, format=0, length=7, subtile_bytes=[
                            bytearray(b'\x00\x00\x00\x1a\x00\xff\xff#\x00,\x00_\x00\x9c\x00\x00\x00\x08\x00\n\x01\x08\x00\n\x02\x00\x02\x00\x02\x03\x04\x04'),
                            bytearray(b'\x00\x00\t\x012\x00\x01F\x01"\xff\x00V\x012\xfe\x00c\x01\x00b\x00\x00\xbd\x00b\x00\x04\xdf\x00\x12\x00'),
                            bytearray(b'"\x01\x00V\x012\x00\x00c\x01\x002\x00\x01\xbd\x002\x00\x00\xcc\x00b\x00\x02\xdf\x00\x12\x00\x01\x02\x01\xa2'),
                            bytearray(b'\n\x02\x0b\x02\x0c\x02\n\x02\x0b\x02\x0c\x02\n\x02\x0b\x02\x0c\x02\n\n\r\x00\x02\x00\x02\x0e\x02\x0f\x02\x10\x02\x11'),
                        ], is_16bit=False, y_plus=0, y_minus=0, x=128, y=119),
                        Tile(mirror=False, invert=False, format=0, length=7, subtile_bytes=[
                            bytearray(b'\x00\xbd\x002\xf8\x00\xcc\x00b\xfd\xfc\xdf\x00\x12\xfd\x00\x02\x01\xf2\x00\x00\t\x012\x00\x00c\x01\x002\x00\x01'),
                            bytearray(b'F\x01"\xfd\x08V\x012\xf5\tc\x01\x002\xfa\x10\xbd\x002\xee\x13\xcc\x00b\xea\x1c\xdf\x00\x12\xeb\x1a\x02'),
                            bytearray(b'\xdf\x002\x02\x00\x02\x01\x82\x01\x00\x15\x01R\x01\xffF\x012\x00\xffc\x01\x00\x12\x05\x0c\x00\xa5\x00\x06\x13 '),
                            bytearray(b'\x00b\xf4\x02\xdf\x00\x12\xf5\x04\x02\x01"\xf8\x06\t\x01\x82\x00\x00\x15\x012\x01\x01F\x01"\x04\xffV\x012'),
                        ], is_16bit=False, y_plus=0, y_minus=0, x=112, y=119),
                        Tile(mirror=False, invert=False, format=0, length=6, subtile_bytes=[
                            bytearray(b'\xa0\x00\xf4}8\xf0\x08\xfc:C\x80_\xf0\xf8\xfcPR[tb\xfe\x00\xdf\x002\xff\x00\x02\x01\x82\x00\x00'),
                            None,
                            bytearray(b'r\xfa\x05\xdf\x00"\xfa\x04\t\x01\x82\xfc\x04\x15\x012\xfc\x03F\x01"\xfe\x04V\x012\xfa\x05c\x01\x002'),
                            bytearray(b'F\x01"\x01\xffV\x012\xfe\x00c\x01\x002\x00\x02\xbd\x002\xfd\x00\x00\x02b\xfb\x00\xdf\x00\x12\xfa\x00\x02'),
                        ], is_16bit=False, y_plus=0, y_minus=0, x=128, y=103),
                        Tile(mirror=False, invert=False, format=0, length=7, subtile_bytes=[
                            bytearray(b'\xcc\x00b\x00\x06\xdf\x00\x12\x00\x05\x02\x01"\x00\x02\t\x01\x82\x00\x00\x15\x012\x00\x01F\x01"\x01\x00V\x01'),
                            bytearray(b'\x02\x12\x02\x0f\x02\x10\x02\x11\x02\x12\x02\x0f\x02\x10\x02\x11\x02\x12\x00\x02\x0f\x02\x10\x02\x11\x02\x12\x00\xcd\x00\x7f\x01'),
                            bytearray(b'\x02\x12\x02\x0f\x02\x10\x02\x11\x02\x12\x02\x0f\x02\x10\x02\x11\x02\x12\x02\x0f\x02\x10\x02\x11\x02\x12\x02\x0f\x02\x10\x02\x11'),
                            bytearray(b'\xf5\x00c\x01\x002\x03\x06\xbd\x002\xf3\x00\x00\x02b\xf1\x03\xdf\x00\x12\xf3\x05\x02\x01"\xf7\x07\t\x01\x82\x00'),
                        ], is_16bit=False, y_plus=0, y_minus=0, x=112, y=103),
                    ]
                ),
                Mold(7, gridplane=False,
                    tiles=[
                        Tile(mirror=False, invert=False, format=0, length=7, subtile_bytes=[
                            bytearray(b'\x01\x0c\x04p\xf0\n\x13\x0f\x12\xf0\xe8\x02\x0e\x08\r\n\xf0\xe8\xf2\x05\x11\x0b\x03\xc0\x04\xe5\x94\x8f\xf0\xf4\xe5\xa6'),
                            bytearray(b'\xdf\x04\x00\x00\xc0\x0c\xf9\x94\x8f\xf0\xfc\xf9\xa6\x9f\x90\x9e\xc0\xff\r\x94\x8f\xf0\xef\r\xa6\x9f\x90\x9e\xc0\xf8\xd3\x1c'),
                            bytearray(b'\x00\xc0\xfb\x11\x8c\x99\xf0\xeb\x11\x92\x91\x97\x8dr\xfd\x06\xe5\x00"\xdb\xf2\xcd\x00"\xe3\xfa\xcd\x00"\xfe\x04)'),
                            bytearray(b'\xea\x01"\xe7\x1d\xcd\x00r\xfa\r\xe5\x00"\xd5\xf8\xcd\x00"\xe4\x15\x0f\x02"\xfb\t)\x01r\xf8\x075\x01'),
                        ], is_16bit=False, y_plus=0, y_minus=0, x=137, y=352),
                        Tile(mirror=False, invert=False, format=0, length=7, subtile_bytes=[
                            bytearray(b'\x06\x05\x00\x02\x00\x02\x06\x02\x07\x04\x08\x04\t\x06\n\x02\x0b\x02\x0c\x02\n\x02\x0b\x02\x0c\x02\n\x02\x0b\x02\x0c\x02'),
                            bytearray(b'\x00\x15\x012\x02\x00F\x01"\x05\xffV\x012\xf3\x00c\x01\x002\x04\x06\xbd\x002\xef\x01\xcc\x00b\xed\x04'),
                            bytearray(b'\t\x01\x82\x00\x00\x15\x012\x00\x02F\x01"\x02\xffV\x012\xf8\x00,\x02\x002\x02\x05\xbd\x002\xf5\x00\xcc'),
                            bytearray(b'2\xfa\x00\xcc\x00b\xf9\x00\xdf\x00\x12\xf8\x01\x02\x01"\xfa\x02\t\x01\x82\x00\x00\x15\x012\x00\x03F\x01"\x01'),
                        ], is_16bit=False, y_plus=0, y_minus=0, x=361, y=98),
                        Tile(mirror=False, invert=False, format=0, length=7, subtile_bytes=[
                            bytearray(b'\x00\x00\x00\x1a\x00\xff\xff#\x00,\x00_\x00\x9c\x00\x00\x00\x08\x00\n\x01\x08\x00\n\x02\x00\x02\x00\x02\x03\x04\x04'),
                            bytearray(b'\x00\x00\t\x012\x00\x01F\x01"\xff\x00V\x012\xfe\x00c\x01\x00b\x00\x00\xbd\x00b\x00\x04\xdf\x00\x12\x00'),
                            bytearray(b'"\x01\x00V\x012\x00\x00c\x01\x002\x00\x01\xbd\x002\x00\x00\xcc\x00b\x00\x02\xdf\x00\x12\x00\x01\x02\x01\xa2'),
                            bytearray(b'\n\x02\x0b\x02\x0c\x02\n\x02\x0b\x02\x0c\x02\n\x02\x0b\x02\x0c\x02\n\n\r\x00\x02\x00\x02\x0e\x02\x0f\x02\x10\x02\x11'),
                        ], is_16bit=False, y_plus=0, y_minus=0, x=128, y=119),
                        Tile(mirror=False, invert=False, format=0, length=7, subtile_bytes=[
                            bytearray(b'\x00\xbd\x002\xf8\x00\xcc\x00b\xfd\xfc\xdf\x00\x12\xfd\x00\x02\x01\xf2\x00\x00\t\x012\x00\x00c\x01\x002\x00\x01'),
                            bytearray(b'F\x01"\xfd\x08V\x012\xf5\tc\x01\x002\xfa\x10\xbd\x002\xee\x13\xcc\x00b\xea\x1c\xdf\x00\x12\xeb\x1a\x02'),
                            bytearray(b'\xdf\x002\x02\x00\x02\x01\x82\x01\x00\x15\x01R\x01\xffF\x012\x00\xffc\x01\x00\x12\x05\x0c\x00\xa5\x00\x06\x13 '),
                            bytearray(b'\x00b\xf4\x02\xdf\x00\x12\xf5\x04\x02\x01"\xf8\x06\t\x01\x82\x00\x00\x15\x012\x01\x01F\x01"\x04\xffV\x012'),
                        ], is_16bit=False, y_plus=0, y_minus=0, x=112, y=119),
                        Tile(mirror=False, invert=False, format=0, length=6, subtile_bytes=[
                            bytearray(b'\xa0\x00\xf4}8\xf0\x08\xfc:C\x80_\xf0\xf8\xfcPR[tb\xfe\x00\xdf\x002\xff\x00\x02\x01\x82\x00\x00'),
                            None,
                            bytearray(b'r\xfa\x05\xdf\x00"\xfa\x04\t\x01\x82\xfc\x04\x15\x012\xfc\x03F\x01"\xfe\x04V\x012\xfa\x05c\x01\x002'),
                            bytearray(b'F\x01"\x01\xffV\x012\xfe\x00c\x01\x002\x00\x02\xbd\x002\xfd\x00\x00\x02b\xfb\x00\xdf\x00\x12\xfa\x00\x02'),
                        ], is_16bit=False, y_plus=0, y_minus=0, x=128, y=103),
                        Tile(mirror=False, invert=False, format=0, length=7, subtile_bytes=[
                            bytearray(b'\xcc\x00b\x00\x06\xdf\x00\x12\x00\x05\x02\x01"\x00\x02\t\x01\x82\x00\x00\x15\x012\x00\x01F\x01"\x01\x00V\x01'),
                            bytearray(b'\x02\x12\x02\x0f\x02\x10\x02\x11\x02\x12\x02\x0f\x02\x10\x02\x11\x02\x12\x00\x02\x0f\x02\x10\x02\x11\x02\x12\x00\xcd\x00\x7f\x01'),
                            bytearray(b'\x02\x12\x02\x0f\x02\x10\x02\x11\x02\x12\x02\x0f\x02\x10\x02\x11\x02\x12\x02\x0f\x02\x10\x02\x11\x02\x12\x02\x0f\x02\x10\x02\x11'),
                            bytearray(b'\xf5\x00c\x01\x002\x03\x06\xbd\x002\xf3\x00\x00\x02b\xf1\x03\xdf\x00\x12\xf3\x05\x02\x01"\xf7\x07\t\x01\x82\x00'),
                        ], is_16bit=False, y_plus=0, y_minus=0, x=112, y=103),
                        Tile(mirror=False, invert=False, format=0, length=7, subtile_bytes=[
                            bytearray(b'\x06\x05\x00\x02\x00\x02\x06\x02\x07\x04\x08\x04\t\x06\n\x02\x0b\x02\x0c\x02\n\x02\x0b\x02\x0c\x02\n\x02\x0b\x02\x0c\x02'),
                            bytearray(b'\x00\x15\x012\x02\x00F\x01"\x05\xffV\x012\xf3\x00c\x01\x002\x04\x06\xbd\x002\xef\x01\xcc\x00b\xed\x04'),
                            bytearray(b'\t\x01\x82\x00\x00\x15\x012\x00\x02F\x01"\x02\xffV\x012\xf8\x00,\x02\x002\x02\x05\xbd\x002\xf5\x00\xcc'),
                            bytearray(b'2\xfa\x00\xcc\x00b\xf9\x00\xdf\x00\x12\xf8\x01\x02\x01"\xfa\x02\t\x01\x82\x00\x00\x15\x012\x00\x03F\x01"\x01'),
                        ], is_16bit=False, y_plus=0, y_minus=0, x=125, y=338),
                        Tile(mirror=False, invert=False, format=0, length=7, subtile_bytes=[
                            bytearray(b'\x06\x05\x00\x02\x00\x02\x06\x02\x07\x04\x08\x04\t\x06\n\x02\x0b\x02\x0c\x02\n\x02\x0b\x02\x0c\x02\n\x02\x0b\x02\x0c\x02'),
                            bytearray(b'\x00\x15\x012\x02\x00F\x01"\x05\xffV\x012\xf3\x00c\x01\x002\x04\x06\xbd\x002\xef\x01\xcc\x00b\xed\x04'),
                            bytearray(b'\t\x01\x82\x00\x00\x15\x012\x00\x02F\x01"\x02\xffV\x012\xf8\x00,\x02\x002\x02\x05\xbd\x002\xf5\x00\xcc'),
                            bytearray(b'2\xfa\x00\xcc\x00b\xf9\x00\xdf\x00\x12\xf8\x01\x02\x01"\xfa\x02\t\x01\x82\x00\x00\x15\x012\x00\x03F\x01"\x01'),
                        ], is_16bit=False, y_plus=0, y_minus=0, x=116, y=83),
                    ]
                ),
                Mold(8, gridplane=False,
                    tiles=[
                        Tile(mirror=False, invert=False, format=0, length=7, subtile_bytes=[
                            bytearray(b'\x01\x0c\x04p\xf0\n\x13\x0f\x12\xf0\xe8\x02\x0e\x08\r\n\xf0\xe8\xf2\x05\x11\x0b\x03\xc0\x04\xe5\x94\x8f\xf0\xf4\xe5\xa6'),
                            bytearray(b'\xdf\x04\x00\x00\xc0\x0c\xf9\x94\x8f\xf0\xfc\xf9\xa6\x9f\x90\x9e\xc0\xff\r\x94\x8f\xf0\xef\r\xa6\x9f\x90\x9e\xc0\xf8\xd3\x1c'),
                            bytearray(b'\x00\xc0\xfb\x11\x8c\x99\xf0\xeb\x11\x92\x91\x97\x8dr\xfd\x06\xe5\x00"\xdb\xf2\xcd\x00"\xe3\xfa\xcd\x00"\xfe\x04)'),
                            bytearray(b'\xea\x01"\xe7\x1d\xcd\x00r\xfa\r\xe5\x00"\xd5\xf8\xcd\x00"\xe4\x15\x0f\x02"\xfb\t)\x01r\xf8\x075\x01'),
                        ], is_16bit=False, y_plus=0, y_minus=0, x=137, y=108),
                        Tile(mirror=False, invert=False, format=0, length=7, subtile_bytes=[
                            bytearray(b'\x06\x05\x00\x02\x00\x02\x06\x02\x07\x04\x08\x04\t\x06\n\x02\x0b\x02\x0c\x02\n\x02\x0b\x02\x0c\x02\n\x02\x0b\x02\x0c\x02'),
                            bytearray(b'\x00\x15\x012\x02\x00F\x01"\x05\xffV\x012\xf3\x00c\x01\x002\x04\x06\xbd\x002\xef\x01\xcc\x00b\xed\x04'),
                            bytearray(b'\t\x01\x82\x00\x00\x15\x012\x00\x02F\x01"\x02\xffV\x012\xf8\x00,\x02\x002\x02\x05\xbd\x002\xf5\x00\xcc'),
                            bytearray(b'2\xfa\x00\xcc\x00b\xf9\x00\xdf\x00\x12\xf8\x01\x02\x01"\xfa\x02\t\x01\x82\x00\x00\x15\x012\x00\x03F\x01"\x01'),
                        ], is_16bit=False, y_plus=0, y_minus=0, x=121, y=85),
                        Tile(mirror=False, invert=False, format=0, length=7, subtile_bytes=[
                            bytearray(b'\x06\x05\x00\x02\x00\x02\x06\x02\x07\x04\x08\x04\t\x06\n\x02\x0b\x02\x0c\x02\n\x02\x0b\x02\x0c\x02\n\x02\x0b\x02\x0c\x02'),
                            bytearray(b'\x00\x15\x012\x02\x00F\x01"\x05\xffV\x012\xf3\x00c\x01\x002\x04\x06\xbd\x002\xef\x01\xcc\x00b\xed\x04'),
                            bytearray(b'\t\x01\x82\x00\x00\x15\x012\x00\x02F\x01"\x02\xffV\x012\xf8\x00,\x02\x002\x02\x05\xbd\x002\xf5\x00\xcc'),
                            bytearray(b'2\xfa\x00\xcc\x00b\xf9\x00\xdf\x00\x12\xf8\x01\x02\x01"\xfa\x02\t\x01\x82\x00\x00\x15\x012\x00\x03F\x01"\x01'),
                        ], is_16bit=False, y_plus=0, y_minus=0, x=121, y=80),
                        Tile(mirror=False, invert=False, format=0, length=7, subtile_bytes=[
                            bytearray(b'\x06\x05\x00\x02\x00\x02\x06\x02\x07\x04\x08\x04\t\x06\n\x02\x0b\x02\x0c\x02\n\x02\x0b\x02\x0c\x02\n\x02\x0b\x02\x0c\x02'),
                            bytearray(b'\x00\x15\x012\x02\x00F\x01"\x05\xffV\x012\xf3\x00c\x01\x002\x04\x06\xbd\x002\xef\x01\xcc\x00b\xed\x04'),
                            bytearray(b'\t\x01\x82\x00\x00\x15\x012\x00\x02F\x01"\x02\xffV\x012\xf8\x00,\x02\x002\x02\x05\xbd\x002\xf5\x00\xcc'),
                            bytearray(b'2\xfa\x00\xcc\x00b\xf9\x00\xdf\x00\x12\xf8\x01\x02\x01"\xfa\x02\t\x01\x82\x00\x00\x15\x012\x00\x03F\x01"\x01'),
                        ], is_16bit=False, y_plus=0, y_minus=0, x=360, y=108),
                        Tile(mirror=False, invert=False, format=0, length=5, subtile_bytes=[
                            bytearray(b'"\x01\x00V\x012\x00\x00c\x01\x002\x00\x01\xbd\x002\x00\x00\xcc\x00b\x00\x02\xdf\x00\x12\x00\x01\x02\x01\xa2'),
                            bytearray(b'\n\x02\x0b\x02\x0c\x02\n\x02\x0b\x02\x0c\x02\n\x02\x0b\x02\x0c\x02\n\n\r\x00\x02\x00\x02\x0e\x02\x0f\x02\x10\x02\x11'),
                            None,
                            None,
                        ], is_16bit=False, y_plus=0, y_minus=0, x=128, y=127),
                        Tile(mirror=False, invert=False, format=0, length=5, subtile_bytes=[
                            bytearray(b'\xdf\x002\x02\x00\x02\x01\x82\x01\x00\x15\x01R\x01\xffF\x012\x00\xffc\x01\x00\x12\x05\x0c\x00\xa5\x00\x06\x13 '),
                            bytearray(b'\x00b\xf4\x02\xdf\x00\x12\xf5\x04\x02\x01"\xf8\x06\t\x01\x82\x00\x00\x15\x012\x01\x01F\x01"\x04\xffV\x012'),
                            None,
                            None,
                        ], is_16bit=False, y_plus=0, y_minus=0, x=112, y=127),
                        Tile(mirror=False, invert=False, format=0, length=6, subtile_bytes=[
                            None,
                            bytearray(b'\x03\x02\x01"\x00\x01\t\x01\x82\x01\x00\x15\x01R\x00\x00F\x012\xfc\x00c\x01\x002\x00\x01\xbd\x002\x00\x00'),
                            bytearray(b'\x002\x05\x08\xbd\x002\xeb\x06\xcc\x00b\xe6\x07\xdf\x00\x12\xed\x08\x02\x01"\xf5\t\t\x01\x82\x00\x00\x15\x012'),
                            bytearray(b'\x00\x00F\x012\xf6\x00c\x01\x00b\xff\x01\xbd\x00b\x00\xff\xdf\x00\x12\x00\x00\x02\x01"\xfe\x00\t\x01\x82\xff'),
                        ], is_16bit=False, y_plus=0, y_minus=0, x=128, y=111),
                        Tile(mirror=False, invert=False, format=0, length=6, subtile_bytes=[
                            bytearray(b'2\xf9\x00c\x01\x00b\x00\x00\xbd\x00b\x00\n\xdf\x00\x12\x00\x07\x02\x01"\x00\x03\t\x01\x82\xff\x00\x15\x01R'),
                            None,
                            bytearray(b'\xffV\x012\xfa\x00c\x01\x002\x01\x04\xbd\x002\xf9\x00\x00\x02b\xf7\x01\xdf\x00\x12\xf6\x02\x02\x01"\xf9\x04'),
                            bytearray(b'\x01"\xfa\x01\t\x01\x82\x00\x00\x15\x012\x00\x02F\x01"\x01\x00V\x012\xfd\x00,\x02\x002\x00\x03\xbd\x00'),
                        ], is_16bit=False, y_plus=0, y_minus=0, x=112, y=111),
                        Tile(mirror=False, invert=False, format=0, length=7, subtile_bytes=[
                            bytearray(b'\xfa\n\xbd\x002\xf3\x08\xcc\x00b\xf4\r\xdf\x00\x12\xf5\n\x02\x01"\xf6\n\t\x01\x82\xf9\x08\x15\x012\xf9\x06'),
                            bytearray(b'V\x012\x02\x00,\x02\x002\x00\x01\xbd\x002\xfe\x00\xcc\x00b\x00\xff\xdf\x002\x00\x00\x02\x01\x82\xff\x00\x15'),
                            bytearray(b'\xdfS{s2\x11\xff\xf0\x00\x12\x0b\xfe\x02\x01"\x0b\x00\t\x01\x82\x01\x00\x15\x012\x02\xfeF\x01"\xfe\xfd'),
                            bytearray(b'\x00\x01\xbd\x002\xfe\x00\xcc\x00b\xfc\x00\xdf\x00\x12\xfd\x00\x02\x01"\xfe\x00\t\x01\x82\x00\x00\x15\x012\x00\x01'),
                        ], is_16bit=False, y_plus=0, y_minus=0, x=120, y=103),
                    ]
                ),
                Mold(9, gridplane=False,
                    tiles=[
                        Tile(mirror=False, invert=False, format=0, length=7, subtile_bytes=[
                            bytearray(b'\x01\x0c\x04p\xf0\n\x13\x0f\x12\xf0\xe8\x02\x0e\x08\r\n\xf0\xe8\xf2\x05\x11\x0b\x03\xc0\x04\xe5\x94\x8f\xf0\xf4\xe5\xa6'),
                            bytearray(b'\xdf\x04\x00\x00\xc0\x0c\xf9\x94\x8f\xf0\xfc\xf9\xa6\x9f\x90\x9e\xc0\xff\r\x94\x8f\xf0\xef\r\xa6\x9f\x90\x9e\xc0\xf8\xd3\x1c'),
                            bytearray(b'\x00\xc0\xfb\x11\x8c\x99\xf0\xeb\x11\x92\x91\x97\x8dr\xfd\x06\xe5\x00"\xdb\xf2\xcd\x00"\xe3\xfa\xcd\x00"\xfe\x04)'),
                            bytearray(b'\xea\x01"\xe7\x1d\xcd\x00r\xfa\r\xe5\x00"\xd5\xf8\xcd\x00"\xe4\x15\x0f\x02"\xfb\t)\x01r\xf8\x075\x01'),
                        ], is_16bit=False, y_plus=0, y_minus=0, x=137, y=350),
                        Tile(mirror=False, invert=False, format=0, length=7, subtile_bytes=[
                            bytearray(b'\x06\x05\x00\x02\x00\x02\x06\x02\x07\x04\x08\x04\t\x06\n\x02\x0b\x02\x0c\x02\n\x02\x0b\x02\x0c\x02\n\x02\x0b\x02\x0c\x02'),
                            bytearray(b'\x00\x15\x012\x02\x00F\x01"\x05\xffV\x012\xf3\x00c\x01\x002\x04\x06\xbd\x002\xef\x01\xcc\x00b\xed\x04'),
                            bytearray(b'\t\x01\x82\x00\x00\x15\x012\x00\x02F\x01"\x02\xffV\x012\xf8\x00,\x02\x002\x02\x05\xbd\x002\xf5\x00\xcc'),
                            bytearray(b'2\xfa\x00\xcc\x00b\xf9\x00\xdf\x00\x12\xf8\x01\x02\x01"\xfa\x02\t\x01\x82\x00\x00\x15\x012\x00\x03F\x01"\x01'),
                        ], is_16bit=False, y_plus=0, y_minus=0, x=126, y=86),
                        Tile(mirror=False, invert=False, format=0, length=7, subtile_bytes=[
                            bytearray(b'\x06\x05\x00\x02\x00\x02\x06\x02\x07\x04\x08\x04\t\x06\n\x02\x0b\x02\x0c\x02\n\x02\x0b\x02\x0c\x02\n\x02\x0b\x02\x0c\x02'),
                            bytearray(b'\x00\x15\x012\x02\x00F\x01"\x05\xffV\x012\xf3\x00c\x01\x002\x04\x06\xbd\x002\xef\x01\xcc\x00b\xed\x04'),
                            bytearray(b'\t\x01\x82\x00\x00\x15\x012\x00\x02F\x01"\x02\xffV\x012\xf8\x00,\x02\x002\x02\x05\xbd\x002\xf5\x00\xcc'),
                            bytearray(b'2\xfa\x00\xcc\x00b\xf9\x00\xdf\x00\x12\xf8\x01\x02\x01"\xfa\x02\t\x01\x82\x00\x00\x15\x012\x00\x03F\x01"\x01'),
                        ], is_16bit=False, y_plus=0, y_minus=0, x=371, y=338),
                        Tile(mirror=False, invert=False, format=0, length=7, subtile_bytes=[
                            bytearray(b'\x06\x05\x00\x02\x00\x02\x06\x02\x07\x04\x08\x04\t\x06\n\x02\x0b\x02\x0c\x02\n\x02\x0b\x02\x0c\x02\n\x02\x0b\x02\x0c\x02'),
                            bytearray(b'\x00\x15\x012\x02\x00F\x01"\x05\xffV\x012\xf3\x00c\x01\x002\x04\x06\xbd\x002\xef\x01\xcc\x00b\xed\x04'),
                            bytearray(b'\t\x01\x82\x00\x00\x15\x012\x00\x02F\x01"\x02\xffV\x012\xf8\x00,\x02\x002\x02\x05\xbd\x002\xf5\x00\xcc'),
                            bytearray(b'2\xfa\x00\xcc\x00b\xf9\x00\xdf\x00\x12\xf8\x01\x02\x01"\xfa\x02\t\x01\x82\x00\x00\x15\x012\x00\x03F\x01"\x01'),
                        ], is_16bit=False, y_plus=0, y_minus=0, x=360, y=96),
                        Tile(mirror=False, invert=False, format=0, length=5, subtile_bytes=[
                            bytearray(b'"\x01\x00V\x012\x00\x00c\x01\x002\x00\x01\xbd\x002\x00\x00\xcc\x00b\x00\x02\xdf\x00\x12\x00\x01\x02\x01\xa2'),
                            bytearray(b'\n\x02\x0b\x02\x0c\x02\n\x02\x0b\x02\x0c\x02\n\x02\x0b\x02\x0c\x02\n\n\r\x00\x02\x00\x02\x0e\x02\x0f\x02\x10\x02\x11'),
                            None,
                            None,
                        ], is_16bit=False, y_plus=0, y_minus=0, x=128, y=127),
                        Tile(mirror=False, invert=False, format=0, length=5, subtile_bytes=[
                            bytearray(b'\xdf\x002\x02\x00\x02\x01\x82\x01\x00\x15\x01R\x01\xffF\x012\x00\xffc\x01\x00\x12\x05\x0c\x00\xa5\x00\x06\x13 '),
                            bytearray(b'\x00b\xf4\x02\xdf\x00\x12\xf5\x04\x02\x01"\xf8\x06\t\x01\x82\x00\x00\x15\x012\x01\x01F\x01"\x04\xffV\x012'),
                            None,
                            None,
                        ], is_16bit=False, y_plus=0, y_minus=0, x=112, y=127),
                        Tile(mirror=False, invert=False, format=0, length=6, subtile_bytes=[
                            None,
                            bytearray(b'\x03\x02\x01"\x00\x01\t\x01\x82\x01\x00\x15\x01R\x00\x00F\x012\xfc\x00c\x01\x002\x00\x01\xbd\x002\x00\x00'),
                            bytearray(b'\x002\x05\x08\xbd\x002\xeb\x06\xcc\x00b\xe6\x07\xdf\x00\x12\xed\x08\x02\x01"\xf5\t\t\x01\x82\x00\x00\x15\x012'),
                            bytearray(b'\x00\x00F\x012\xf6\x00c\x01\x00b\xff\x01\xbd\x00b\x00\xff\xdf\x00\x12\x00\x00\x02\x01"\xfe\x00\t\x01\x82\xff'),
                        ], is_16bit=False, y_plus=0, y_minus=0, x=128, y=111),
                        Tile(mirror=False, invert=False, format=0, length=6, subtile_bytes=[
                            bytearray(b'2\xf9\x00c\x01\x00b\x00\x00\xbd\x00b\x00\n\xdf\x00\x12\x00\x07\x02\x01"\x00\x03\t\x01\x82\xff\x00\x15\x01R'),
                            None,
                            bytearray(b'\xffV\x012\xfa\x00c\x01\x002\x01\x04\xbd\x002\xf9\x00\x00\x02b\xf7\x01\xdf\x00\x12\xf6\x02\x02\x01"\xf9\x04'),
                            bytearray(b'\x01"\xfa\x01\t\x01\x82\x00\x00\x15\x012\x00\x02F\x01"\x01\x00V\x012\xfd\x00,\x02\x002\x00\x03\xbd\x00'),
                        ], is_16bit=False, y_plus=0, y_minus=0, x=112, y=111),
                        Tile(mirror=False, invert=False, format=0, length=7, subtile_bytes=[
                            bytearray(b'\xfa\n\xbd\x002\xf3\x08\xcc\x00b\xf4\r\xdf\x00\x12\xf5\n\x02\x01"\xf6\n\t\x01\x82\xf9\x08\x15\x012\xf9\x06'),
                            bytearray(b'V\x012\x02\x00,\x02\x002\x00\x01\xbd\x002\xfe\x00\xcc\x00b\x00\xff\xdf\x002\x00\x00\x02\x01\x82\xff\x00\x15'),
                            bytearray(b'\xdfS{s2\x11\xff\xf0\x00\x12\x0b\xfe\x02\x01"\x0b\x00\t\x01\x82\x01\x00\x15\x012\x02\xfeF\x01"\xfe\xfd'),
                            bytearray(b'\x00\x01\xbd\x002\xfe\x00\xcc\x00b\xfc\x00\xdf\x00\x12\xfd\x00\x02\x01"\xfe\x00\t\x01\x82\x00\x00\x15\x012\x00\x01'),
                        ], is_16bit=False, y_plus=0, y_minus=0, x=120, y=103),
                    ]
                ),
                Mold(10, gridplane=False,
                    tiles=[
                        Tile(mirror=False, invert=False, format=0, length=7, subtile_bytes=[
                            bytearray(b'\x06\x05\x00\x02\x00\x02\x06\x02\x07\x04\x08\x04\t\x06\n\x02\x0b\x02\x0c\x02\n\x02\x0b\x02\x0c\x02\n\x02\x0b\x02\x0c\x02'),
                            bytearray(b'\x00\x15\x012\x02\x00F\x01"\x05\xffV\x012\xf3\x00c\x01\x002\x04\x06\xbd\x002\xef\x01\xcc\x00b\xed\x04'),
                            bytearray(b'\t\x01\x82\x00\x00\x15\x012\x00\x02F\x01"\x02\xffV\x012\xf8\x00,\x02\x002\x02\x05\xbd\x002\xf5\x00\xcc'),
                            bytearray(b'2\xfa\x00\xcc\x00b\xf9\x00\xdf\x00\x12\xf8\x01\x02\x01"\xfa\x02\t\x01\x82\x00\x00\x15\x012\x00\x03F\x01"\x01'),
                        ], is_16bit=False, y_plus=0, y_minus=0, x=135, y=92),
                        Tile(mirror=False, invert=False, format=0, length=7, subtile_bytes=[
                            bytearray(b'\x01\x0c\x04p\xf0\n\x13\x0f\x12\xf0\xe8\x02\x0e\x08\r\n\xf0\xe8\xf2\x05\x11\x0b\x03\xc0\x04\xe5\x94\x8f\xf0\xf4\xe5\xa6'),
                            bytearray(b'\xdf\x04\x00\x00\xc0\x0c\xf9\x94\x8f\xf0\xfc\xf9\xa6\x9f\x90\x9e\xc0\xff\r\x94\x8f\xf0\xef\r\xa6\x9f\x90\x9e\xc0\xf8\xd3\x1c'),
                            bytearray(b'\x00\xc0\xfb\x11\x8c\x99\xf0\xeb\x11\x92\x91\x97\x8dr\xfd\x06\xe5\x00"\xdb\xf2\xcd\x00"\xe3\xfa\xcd\x00"\xfe\x04)'),
                            bytearray(b'\xea\x01"\xe7\x1d\xcd\x00r\xfa\r\xe5\x00"\xd5\xf8\xcd\x00"\xe4\x15\x0f\x02"\xfb\t)\x01r\xf8\x075\x01'),
                        ], is_16bit=False, y_plus=0, y_minus=0, x=134, y=345),
                        Tile(mirror=False, invert=False, format=0, length=7, subtile_bytes=[
                            bytearray(b'\x06\x05\x00\x02\x00\x02\x06\x02\x07\x04\x08\x04\t\x06\n\x02\x0b\x02\x0c\x02\n\x02\x0b\x02\x0c\x02\n\x02\x0b\x02\x0c\x02'),
                            bytearray(b'\x00\x15\x012\x02\x00F\x01"\x05\xffV\x012\xf3\x00c\x01\x002\x04\x06\xbd\x002\xef\x01\xcc\x00b\xed\x04'),
                            bytearray(b'\t\x01\x82\x00\x00\x15\x012\x00\x02F\x01"\x02\xffV\x012\xf8\x00,\x02\x002\x02\x05\xbd\x002\xf5\x00\xcc'),
                            bytearray(b'2\xfa\x00\xcc\x00b\xf9\x00\xdf\x00\x12\xf8\x01\x02\x01"\xfa\x02\t\x01\x82\x00\x00\x15\x012\x00\x03F\x01"\x01'),
                        ], is_16bit=False, y_plus=0, y_minus=0, x=362, y=92),
                        Tile(mirror=False, invert=False, format=0, length=7, subtile_bytes=[
                            bytearray(b'\x06\x05\x00\x02\x00\x02\x06\x02\x07\x04\x08\x04\t\x06\n\x02\x0b\x02\x0c\x02\n\x02\x0b\x02\x0c\x02\n\x02\x0b\x02\x0c\x02'),
                            bytearray(b'\x00\x15\x012\x02\x00F\x01"\x05\xffV\x012\xf3\x00c\x01\x002\x04\x06\xbd\x002\xef\x01\xcc\x00b\xed\x04'),
                            bytearray(b'\t\x01\x82\x00\x00\x15\x012\x00\x02F\x01"\x02\xffV\x012\xf8\x00,\x02\x002\x02\x05\xbd\x002\xf5\x00\xcc'),
                            bytearray(b'2\xfa\x00\xcc\x00b\xf9\x00\xdf\x00\x12\xf8\x01\x02\x01"\xfa\x02\t\x01\x82\x00\x00\x15\x012\x00\x03F\x01"\x01'),
                        ], is_16bit=False, y_plus=0, y_minus=0, x=363, y=89),
                        Tile(mirror=False, invert=False, format=0, length=5, subtile_bytes=[
                            bytearray(b'\xdf\x002\x02\x00\x02\x01\x82\x01\x00\x15\x01R\x01\xffF\x012\x00\xffc\x01\x00\x12\x05\x0c\x00\xa5\x00\x06\x13 '),
                            bytearray(b'\x00b\xf4\x02\xdf\x00\x12\xf5\x04\x02\x01"\xf8\x06\t\x01\x82\x00\x00\x15\x012\x01\x01F\x01"\x04\xffV\x012'),
                            None,
                            None,
                        ], is_16bit=False, y_plus=0, y_minus=0, x=112, y=127),
                        Tile(mirror=False, invert=False, format=0, length=7, subtile_bytes=[
                            bytearray(b'\xbd\x00\xa0\x06\xf4}8\xf0\x0e\xfc:CX_\x12\x06\x00\x0c\x02\x80\x11\xdfF\xf0\t\xcf>odB\xe0\x01'),
                            bytearray(b'\x01"\xf1\x13\t\x01\x82\xf4\r\x15\x012\xf4\x05F\x01"\xfc\x0cV\x012\xed\x0cc\x01\x002\x00\x01\xbd\x00'),
                            bytearray(b'"\x01\x00V\x012\x00\x00c\x01\x002\x00\x01\xbd\x002\x00\x00\xcc\x00b\x00\x02\xdf\x00\x12\x00\x01\x02\x01\xa2'),
                            bytearray(b'\n\x02\x0b\x02\x0c\x02\n\x02\x0b\x02\x0c\x02\n\x02\x0b\x02\x0c\x02\n\n\r\x00\x02\x00\x02\x0e\x02\x0f\x02\x10\x02\x11'),
                        ], is_16bit=False, y_plus=0, y_minus=0, x=128, y=119),
                        Tile(mirror=False, invert=False, format=0, length=6, subtile_bytes=[
                            bytearray(b'\xfe\x00\x02\x01"\x00\x00\t\x01\x82\x01\x00\x15\x012\x00\x01F\x01"\xff\x00V\x012\x00\x00c\x01\x002\x00'),
                            None,
                            bytearray(b'\x00\x15\x012\xff\xffF\x01"\x00\x00V\x012\xfe\x00c\x01\x002\x01\xff\xbd\x002\x00\xff\xcc\x00b\x02\x01'),
                            bytearray(b'\xbd\x002\xf5\x00\x00\x02b\xf9\xfc\xdf\x00\x12\xfb\xff\x02\x01"\x00\x00\t\x01\x82\xff\x00\x15\x012\x00\x01F\x01'),
                        ], is_16bit=False, y_plus=0, y_minus=0, x=112, y=111),
                        Tile(mirror=False, invert=False, format=0, length=5, subtile_bytes=[
                            bytearray(b'\x12\xff\x00\x02\x01\xf2\x00\x00\t\x012\x00\x00c\x01\x002\x00\x01\xbd\x002\xfa\x00\xcc\x00b\xff\xfd\xdf\x00\x12'),
                            None,
                            bytearray(b'\x0c\x02\x01"\xf4\n\t\x01\x82\x00\x00\x15\x012\x04\xffF\x01"\x07\x00V\x012\xee\x02c\x01\x002\x03\xff'),
                            None,
                        ], is_16bit=False, y_plus=0, y_minus=0, x=136, y=103),
                        Tile(mirror=False, invert=False, format=0, length=7, subtile_bytes=[
                            bytearray(b'\x04\xffF\x01"\x07\x00V\x012\xee\x02c\x01\x002\x05\x08\xbd\x002\xeb\x06\xcc\x00b\xdf\x11\xdf\x00\x12\xeb'),
                            bytearray(b'\x012\x00\x01F\x01"\x01\x00V\x012\x00\x00c\x01\x002\x00\x00\xbd\x002\xfc\x00\xcc\x00b\x00\xfe\xdf\x00'),
                            bytearray(b'\x15\x012\x00\x01F\x01"\x01\x00V\x01\xa0\xf7\xe5NU\xf0\xff\xedbhX=p\xef\xed\x87\x84\x85\x002'),
                            bytearray(b'\xdf\x00\x12\xf1\x06\x02\x01"\xf6\x08\t\x01\x82\x00\x00\x15\x012\x03\x00F\x01"\x06\xffV\x012\xf0\x00c\x01'),
                        ], is_16bit=False, y_plus=0, y_minus=0, x=120, y=103),
                    ]
                ),
                Mold(11, gridplane=False,
                    tiles=[
                        Tile(mirror=False, invert=False, format=0, length=7, subtile_bytes=[
                            bytearray(b'\x06\x05\x00\x02\x00\x02\x06\x02\x07\x04\x08\x04\t\x06\n\x02\x0b\x02\x0c\x02\n\x02\x0b\x02\x0c\x02\n\x02\x0b\x02\x0c\x02'),
                            bytearray(b'\x00\x15\x012\x02\x00F\x01"\x05\xffV\x012\xf3\x00c\x01\x002\x04\x06\xbd\x002\xef\x01\xcc\x00b\xed\x04'),
                            bytearray(b'\t\x01\x82\x00\x00\x15\x012\x00\x02F\x01"\x02\xffV\x012\xf8\x00,\x02\x002\x02\x05\xbd\x002\xf5\x00\xcc'),
                            bytearray(b'2\xfa\x00\xcc\x00b\xf9\x00\xdf\x00\x12\xf8\x01\x02\x01"\xfa\x02\t\x01\x82\x00\x00\x15\x012\x00\x03F\x01"\x01'),
                        ], is_16bit=False, y_plus=0, y_minus=0, x=372, y=339),
                        Tile(mirror=False, invert=False, format=0, length=7, subtile_bytes=[
                            bytearray(b'\x01\x0c\x04p\xf0\n\x13\x0f\x12\xf0\xe8\x02\x0e\x08\r\n\xf0\xe8\xf2\x05\x11\x0b\x03\xc0\x04\xe5\x94\x8f\xf0\xf4\xe5\xa6'),
                            bytearray(b'\xdf\x04\x00\x00\xc0\x0c\xf9\x94\x8f\xf0\xfc\xf9\xa6\x9f\x90\x9e\xc0\xff\r\x94\x8f\xf0\xef\r\xa6\x9f\x90\x9e\xc0\xf8\xd3\x1c'),
                            bytearray(b'\x00\xc0\xfb\x11\x8c\x99\xf0\xeb\x11\x92\x91\x97\x8dr\xfd\x06\xe5\x00"\xdb\xf2\xcd\x00"\xe3\xfa\xcd\x00"\xfe\x04)'),
                            bytearray(b'\xea\x01"\xe7\x1d\xcd\x00r\xfa\r\xe5\x00"\xd5\xf8\xcd\x00"\xe4\x15\x0f\x02"\xfb\t)\x01r\xf8\x075\x01'),
                        ], is_16bit=False, y_plus=0, y_minus=0, x=125, y=338),
                        Tile(mirror=False, invert=False, format=0, length=5, subtile_bytes=[
                            bytearray(b'\xdf\x002\x02\x00\x02\x01\x82\x01\x00\x15\x01R\x01\xffF\x012\x00\xffc\x01\x00\x12\x05\x0c\x00\xa5\x00\x06\x13 '),
                            bytearray(b'\x00b\xf4\x02\xdf\x00\x12\xf5\x04\x02\x01"\xf8\x06\t\x01\x82\x00\x00\x15\x012\x01\x01F\x01"\x04\xffV\x012'),
                            None,
                            None,
                        ], is_16bit=False, y_plus=0, y_minus=0, x=112, y=127),
                        Tile(mirror=False, invert=False, format=0, length=7, subtile_bytes=[
                            bytearray(b'\xbd\x00\xa0\x06\xf4}8\xf0\x0e\xfc:CX_\x12\x06\x00\x0c\x02\x80\x11\xdfF\xf0\t\xcf>odB\xe0\x01'),
                            bytearray(b'\x01"\xf1\x13\t\x01\x82\xf4\r\x15\x012\xf4\x05F\x01"\xfc\x0cV\x012\xed\x0cc\x01\x002\x00\x01\xbd\x00'),
                            bytearray(b'"\x01\x00V\x012\x00\x00c\x01\x002\x00\x01\xbd\x002\x00\x00\xcc\x00b\x00\x02\xdf\x00\x12\x00\x01\x02\x01\xa2'),
                            bytearray(b'\n\x02\x0b\x02\x0c\x02\n\x02\x0b\x02\x0c\x02\n\x02\x0b\x02\x0c\x02\n\n\r\x00\x02\x00\x02\x0e\x02\x0f\x02\x10\x02\x11'),
                        ], is_16bit=False, y_plus=0, y_minus=0, x=128, y=119),
                        Tile(mirror=False, invert=False, format=0, length=6, subtile_bytes=[
                            bytearray(b'\xfe\x00\x02\x01"\x00\x00\t\x01\x82\x01\x00\x15\x012\x00\x01F\x01"\xff\x00V\x012\x00\x00c\x01\x002\x00'),
                            None,
                            bytearray(b'\x00\x15\x012\xff\xffF\x01"\x00\x00V\x012\xfe\x00c\x01\x002\x01\xff\xbd\x002\x00\xff\xcc\x00b\x02\x01'),
                            bytearray(b'\xbd\x002\xf5\x00\x00\x02b\xf9\xfc\xdf\x00\x12\xfb\xff\x02\x01"\x00\x00\t\x01\x82\xff\x00\x15\x012\x00\x01F\x01'),
                        ], is_16bit=False, y_plus=0, y_minus=0, x=112, y=111),
                        Tile(mirror=False, invert=False, format=0, length=5, subtile_bytes=[
                            bytearray(b'\x12\xff\x00\x02\x01\xf2\x00\x00\t\x012\x00\x00c\x01\x002\x00\x01\xbd\x002\xfa\x00\xcc\x00b\xff\xfd\xdf\x00\x12'),
                            None,
                            bytearray(b'\x0c\x02\x01"\xf4\n\t\x01\x82\x00\x00\x15\x012\x04\xffF\x01"\x07\x00V\x012\xee\x02c\x01\x002\x03\xff'),
                            None,
                        ], is_16bit=False, y_plus=0, y_minus=0, x=136, y=103),
                        Tile(mirror=False, invert=False, format=0, length=7, subtile_bytes=[
                            bytearray(b'\x04\xffF\x01"\x07\x00V\x012\xee\x02c\x01\x002\x05\x08\xbd\x002\xeb\x06\xcc\x00b\xdf\x11\xdf\x00\x12\xeb'),
                            bytearray(b'\x012\x00\x01F\x01"\x01\x00V\x012\x00\x00c\x01\x002\x00\x00\xbd\x002\xfc\x00\xcc\x00b\x00\xfe\xdf\x00'),
                            bytearray(b'\x15\x012\x00\x01F\x01"\x01\x00V\x01\xa0\xf7\xe5NU\xf0\xff\xedbhX=p\xef\xed\x87\x84\x85\x002'),
                            bytearray(b'\xdf\x00\x12\xf1\x06\x02\x01"\xf6\x08\t\x01\x82\x00\x00\x15\x012\x03\x00F\x01"\x06\xffV\x012\xf0\x00c\x01'),
                        ], is_16bit=False, y_plus=0, y_minus=0, x=120, y=103),
                        Tile(mirror=False, invert=False, format=0, length=7, subtile_bytes=[
                            bytearray(b'\x06\x05\x00\x02\x00\x02\x06\x02\x07\x04\x08\x04\t\x06\n\x02\x0b\x02\x0c\x02\n\x02\x0b\x02\x0c\x02\n\x02\x0b\x02\x0c\x02'),
                            bytearray(b'\x00\x15\x012\x02\x00F\x01"\x05\xffV\x012\xf3\x00c\x01\x002\x04\x06\xbd\x002\xef\x01\xcc\x00b\xed\x04'),
                            bytearray(b'\t\x01\x82\x00\x00\x15\x012\x00\x02F\x01"\x02\xffV\x012\xf8\x00,\x02\x002\x02\x05\xbd\x002\xf5\x00\xcc'),
                            bytearray(b'2\xfa\x00\xcc\x00b\xf9\x00\xdf\x00\x12\xf8\x01\x02\x01"\xfa\x02\t\x01\x82\x00\x00\x15\x012\x00\x03F\x01"\x01'),
                        ], is_16bit=False, y_plus=0, y_minus=0, x=137, y=96),
                        Tile(mirror=False, invert=False, format=0, length=7, subtile_bytes=[
                            bytearray(b'\x06\x05\x00\x02\x00\x02\x06\x02\x07\x04\x08\x04\t\x06\n\x02\x0b\x02\x0c\x02\n\x02\x0b\x02\x0c\x02\n\x02\x0b\x02\x0c\x02'),
                            bytearray(b'\x00\x15\x012\x02\x00F\x01"\x05\xffV\x012\xf3\x00c\x01\x002\x04\x06\xbd\x002\xef\x01\xcc\x00b\xed\x04'),
                            bytearray(b'\t\x01\x82\x00\x00\x15\x012\x00\x02F\x01"\x02\xffV\x012\xf8\x00,\x02\x002\x02\x05\xbd\x002\xf5\x00\xcc'),
                            bytearray(b'2\xfa\x00\xcc\x00b\xf9\x00\xdf\x00\x12\xf8\x01\x02\x01"\xfa\x02\t\x01\x82\x00\x00\x15\x012\x00\x03F\x01"\x01'),
                        ], is_16bit=False, y_plus=0, y_minus=0, x=104, y=98),
                    ]
                ),
                Mold(12, gridplane=False,
                    tiles=[
                        Tile(mirror=False, invert=False, format=0, length=7, subtile_bytes=[
                            bytearray(b'\x06\x05\x00\x02\x00\x02\x06\x02\x07\x04\x08\x04\t\x06\n\x02\x0b\x02\x0c\x02\n\x02\x0b\x02\x0c\x02\n\x02\x0b\x02\x0c\x02'),
                            bytearray(b'\x00\x15\x012\x02\x00F\x01"\x05\xffV\x012\xf3\x00c\x01\x002\x04\x06\xbd\x002\xef\x01\xcc\x00b\xed\x04'),
                            bytearray(b'\t\x01\x82\x00\x00\x15\x012\x00\x02F\x01"\x02\xffV\x012\xf8\x00,\x02\x002\x02\x05\xbd\x002\xf5\x00\xcc'),
                            bytearray(b'2\xfa\x00\xcc\x00b\xf9\x00\xdf\x00\x12\xf8\x01\x02\x01"\xfa\x02\t\x01\x82\x00\x00\x15\x012\x00\x03F\x01"\x01'),
                        ], is_16bit=False, y_plus=0, y_minus=0, x=121, y=340),
                        Tile(mirror=False, invert=False, format=0, length=7, subtile_bytes=[
                            bytearray(b'\x01\x0c\x04p\xf0\n\x13\x0f\x12\xf0\xe8\x02\x0e\x08\r\n\xf0\xe8\xf2\x05\x11\x0b\x03\xc0\x04\xe5\x94\x8f\xf0\xf4\xe5\xa6'),
                            bytearray(b'\xdf\x04\x00\x00\xc0\x0c\xf9\x94\x8f\xf0\xfc\xf9\xa6\x9f\x90\x9e\xc0\xff\r\x94\x8f\xf0\xef\r\xa6\x9f\x90\x9e\xc0\xf8\xd3\x1c'),
                            bytearray(b'\x00\xc0\xfb\x11\x8c\x99\xf0\xeb\x11\x92\x91\x97\x8dr\xfd\x06\xe5\x00"\xdb\xf2\xcd\x00"\xe3\xfa\xcd\x00"\xfe\x04)'),
                            bytearray(b'\xea\x01"\xe7\x1d\xcd\x00r\xfa\r\xe5\x00"\xd5\xf8\xcd\x00"\xe4\x15\x0f\x02"\xfb\t)\x01r\xf8\x075\x01'),
                        ], is_16bit=False, y_plus=0, y_minus=0, x=121, y=336),
                        Tile(mirror=False, invert=False, format=0, length=7, subtile_bytes=[
                            bytearray(b'\x06\x05\x00\x02\x00\x02\x06\x02\x07\x04\x08\x04\t\x06\n\x02\x0b\x02\x0c\x02\n\x02\x0b\x02\x0c\x02\n\x02\x0b\x02\x0c\x02'),
                            bytearray(b'\x00\x15\x012\x02\x00F\x01"\x05\xffV\x012\xf3\x00c\x01\x002\x04\x06\xbd\x002\xef\x01\xcc\x00b\xed\x04'),
                            bytearray(b'\t\x01\x82\x00\x00\x15\x012\x00\x02F\x01"\x02\xffV\x012\xf8\x00,\x02\x002\x02\x05\xbd\x002\xf5\x00\xcc'),
                            bytearray(b'2\xfa\x00\xcc\x00b\xf9\x00\xdf\x00\x12\xf8\x01\x02\x01"\xfa\x02\t\x01\x82\x00\x00\x15\x012\x00\x03F\x01"\x01'),
                        ], is_16bit=False, y_plus=0, y_minus=0, x=137, y=108),
                        Tile(mirror=False, invert=False, format=0, length=7, subtile_bytes=[
                            bytearray(b'\x06\x05\x00\x02\x00\x02\x06\x02\x07\x04\x08\x04\t\x06\n\x02\x0b\x02\x0c\x02\n\x02\x0b\x02\x0c\x02\n\x02\x0b\x02\x0c\x02'),
                            bytearray(b'\x00\x15\x012\x02\x00F\x01"\x05\xffV\x012\xf3\x00c\x01\x002\x04\x06\xbd\x002\xef\x01\xcc\x00b\xed\x04'),
                            bytearray(b'\t\x01\x82\x00\x00\x15\x012\x00\x02F\x01"\x02\xffV\x012\xf8\x00,\x02\x002\x02\x05\xbd\x002\xf5\x00\xcc'),
                            bytearray(b'2\xfa\x00\xcc\x00b\xf9\x00\xdf\x00\x12\xf8\x01\x02\x01"\xfa\x02\t\x01\x82\x00\x00\x15\x012\x00\x03F\x01"\x01'),
                        ], is_16bit=False, y_plus=0, y_minus=0, x=360, y=108),
                        Tile(mirror=False, invert=False, format=0, length=5, subtile_bytes=[
                            bytearray(b'"\x01\x00V\x012\x00\x00c\x01\x002\x00\x01\xbd\x002\x00\x00\xcc\x00b\x00\x02\xdf\x00\x12\x00\x01\x02\x01\xa2'),
                            bytearray(b'\n\x02\x0b\x02\x0c\x02\n\x02\x0b\x02\x0c\x02\n\x02\x0b\x02\x0c\x02\n\n\r\x00\x02\x00\x02\x0e\x02\x0f\x02\x10\x02\x11'),
                            None,
                            None,
                        ], is_16bit=False, y_plus=0, y_minus=0, x=128, y=127),
                        Tile(mirror=False, invert=False, format=0, length=5, subtile_bytes=[
                            bytearray(b'\xdf\x002\x02\x00\x02\x01\x82\x01\x00\x15\x01R\x01\xffF\x012\x00\xffc\x01\x00\x12\x05\x0c\x00\xa5\x00\x06\x13 '),
                            bytearray(b'\x00b\xf4\x02\xdf\x00\x12\xf5\x04\x02\x01"\xf8\x06\t\x01\x82\x00\x00\x15\x012\x01\x01F\x01"\x04\xffV\x012'),
                            None,
                            None,
                        ], is_16bit=False, y_plus=0, y_minus=0, x=112, y=127),
                        Tile(mirror=False, invert=False, format=0, length=6, subtile_bytes=[
                            None,
                            bytearray(b'\x03\x02\x01"\x00\x01\t\x01\x82\x01\x00\x15\x01R\x00\x00F\x012\xfc\x00c\x01\x002\x00\x01\xbd\x002\x00\x00'),
                            bytearray(b'\x002\x05\x08\xbd\x002\xeb\x06\xcc\x00b\xe6\x07\xdf\x00\x12\xed\x08\x02\x01"\xf5\t\t\x01\x82\x00\x00\x15\x012'),
                            bytearray(b'\x00\x00F\x012\xf6\x00c\x01\x00b\xff\x01\xbd\x00b\x00\xff\xdf\x00\x12\x00\x00\x02\x01"\xfe\x00\t\x01\x82\xff'),
                        ], is_16bit=False, y_plus=0, y_minus=0, x=128, y=111),
                        Tile(mirror=False, invert=False, format=0, length=6, subtile_bytes=[
                            bytearray(b'2\xf9\x00c\x01\x00b\x00\x00\xbd\x00b\x00\n\xdf\x00\x12\x00\x07\x02\x01"\x00\x03\t\x01\x82\xff\x00\x15\x01R'),
                            None,
                            bytearray(b'\xffV\x012\xfa\x00c\x01\x002\x01\x04\xbd\x002\xf9\x00\x00\x02b\xf7\x01\xdf\x00\x12\xf6\x02\x02\x01"\xf9\x04'),
                            bytearray(b'\x01"\xfa\x01\t\x01\x82\x00\x00\x15\x012\x00\x02F\x01"\x01\x00V\x012\xfd\x00,\x02\x002\x00\x03\xbd\x00'),
                        ], is_16bit=False, y_plus=0, y_minus=0, x=112, y=111),
                        Tile(mirror=False, invert=False, format=0, length=7, subtile_bytes=[
                            bytearray(b'\xfa\n\xbd\x002\xf3\x08\xcc\x00b\xf4\r\xdf\x00\x12\xf5\n\x02\x01"\xf6\n\t\x01\x82\xf9\x08\x15\x012\xf9\x06'),
                            bytearray(b'V\x012\x02\x00,\x02\x002\x00\x01\xbd\x002\xfe\x00\xcc\x00b\x00\xff\xdf\x002\x00\x00\x02\x01\x82\xff\x00\x15'),
                            bytearray(b'\xdfS{s2\x11\xff\xf0\x00\x12\x0b\xfe\x02\x01"\x0b\x00\t\x01\x82\x01\x00\x15\x012\x02\xfeF\x01"\xfe\xfd'),
                            bytearray(b'\x00\x01\xbd\x002\xfe\x00\xcc\x00b\xfc\x00\xdf\x00\x12\xfd\x00\x02\x01"\xfe\x00\t\x01\x82\x00\x00\x15\x012\x00\x01'),
                        ], is_16bit=False, y_plus=0, y_minus=0, x=120, y=103),
                    ]
                ),
                Mold(13, gridplane=False,
                    tiles=[
                        Tile(mirror=False, invert=False, format=0, length=7, subtile_bytes=[
                            bytearray(b'\x01\x0c\x04p\xf0\n\x13\x0f\x12\xf0\xe8\x02\x0e\x08\r\n\xf0\xe8\xf2\x05\x11\x0b\x03\xc0\x04\xe5\x94\x8f\xf0\xf4\xe5\xa6'),
                            bytearray(b'\xdf\x04\x00\x00\xc0\x0c\xf9\x94\x8f\xf0\xfc\xf9\xa6\x9f\x90\x9e\xc0\xff\r\x94\x8f\xf0\xef\r\xa6\x9f\x90\x9e\xc0\xf8\xd3\x1c'),
                            bytearray(b'\x00\xc0\xfb\x11\x8c\x99\xf0\xeb\x11\x92\x91\x97\x8dr\xfd\x06\xe5\x00"\xdb\xf2\xcd\x00"\xe3\xfa\xcd\x00"\xfe\x04)'),
                            bytearray(b'\xea\x01"\xe7\x1d\xcd\x00r\xfa\r\xe5\x00"\xd5\xf8\xcd\x00"\xe4\x15\x0f\x02"\xfb\t)\x01r\xf8\x075\x01'),
                        ], is_16bit=False, y_plus=0, y_minus=0, x=115, y=338),
                        Tile(mirror=False, invert=False, format=0, length=7, subtile_bytes=[
                            bytearray(b'\x06\x05\x00\x02\x00\x02\x06\x02\x07\x04\x08\x04\t\x06\n\x02\x0b\x02\x0c\x02\n\x02\x0b\x02\x0c\x02\n\x02\x0b\x02\x0c\x02'),
                            bytearray(b'\x00\x15\x012\x02\x00F\x01"\x05\xffV\x012\xf3\x00c\x01\x002\x04\x06\xbd\x002\xef\x01\xcc\x00b\xed\x04'),
                            bytearray(b'\t\x01\x82\x00\x00\x15\x012\x00\x02F\x01"\x02\xffV\x012\xf8\x00,\x02\x002\x02\x05\xbd\x002\xf5\x00\xcc'),
                            bytearray(b'2\xfa\x00\xcc\x00b\xf9\x00\xdf\x00\x12\xf8\x01\x02\x01"\xfa\x02\t\x01\x82\x00\x00\x15\x012\x00\x03F\x01"\x01'),
                        ], is_16bit=False, y_plus=0, y_minus=0, x=136, y=94),
                        Tile(mirror=False, invert=False, format=0, length=7, subtile_bytes=[
                            bytearray(b'\x06\x05\x00\x02\x00\x02\x06\x02\x07\x04\x08\x04\t\x06\n\x02\x0b\x02\x0c\x02\n\x02\x0b\x02\x0c\x02\n\x02\x0b\x02\x0c\x02'),
                            bytearray(b'\x00\x15\x012\x02\x00F\x01"\x05\xffV\x012\xf3\x00c\x01\x002\x04\x06\xbd\x002\xef\x01\xcc\x00b\xed\x04'),
                            bytearray(b'\t\x01\x82\x00\x00\x15\x012\x00\x02F\x01"\x02\xffV\x012\xf8\x00,\x02\x002\x02\x05\xbd\x002\xf5\x00\xcc'),
                            bytearray(b'2\xfa\x00\xcc\x00b\xf9\x00\xdf\x00\x12\xf8\x01\x02\x01"\xfa\x02\t\x01\x82\x00\x00\x15\x012\x00\x03F\x01"\x01'),
                        ], is_16bit=False, y_plus=0, y_minus=0, x=360, y=96),
                        Tile(mirror=False, invert=False, format=0, length=7, subtile_bytes=[
                            bytearray(b'\x06\x05\x00\x02\x00\x02\x06\x02\x07\x04\x08\x04\t\x06\n\x02\x0b\x02\x0c\x02\n\x02\x0b\x02\x0c\x02\n\x02\x0b\x02\x0c\x02'),
                            bytearray(b'\x00\x15\x012\x02\x00F\x01"\x05\xffV\x012\xf3\x00c\x01\x002\x04\x06\xbd\x002\xef\x01\xcc\x00b\xed\x04'),
                            bytearray(b'\t\x01\x82\x00\x00\x15\x012\x00\x02F\x01"\x02\xffV\x012\xf8\x00,\x02\x002\x02\x05\xbd\x002\xf5\x00\xcc'),
                            bytearray(b'2\xfa\x00\xcc\x00b\xf9\x00\xdf\x00\x12\xf8\x01\x02\x01"\xfa\x02\t\x01\x82\x00\x00\x15\x012\x00\x03F\x01"\x01'),
                        ], is_16bit=False, y_plus=0, y_minus=0, x=126, y=86),
                        Tile(mirror=False, invert=False, format=0, length=5, subtile_bytes=[
                            bytearray(b'"\x01\x00V\x012\x00\x00c\x01\x002\x00\x01\xbd\x002\x00\x00\xcc\x00b\x00\x02\xdf\x00\x12\x00\x01\x02\x01\xa2'),
                            bytearray(b'\n\x02\x0b\x02\x0c\x02\n\x02\x0b\x02\x0c\x02\n\x02\x0b\x02\x0c\x02\n\n\r\x00\x02\x00\x02\x0e\x02\x0f\x02\x10\x02\x11'),
                            None,
                            None,
                        ], is_16bit=False, y_plus=0, y_minus=0, x=128, y=127),
                        Tile(mirror=False, invert=False, format=0, length=5, subtile_bytes=[
                            bytearray(b'\xdf\x002\x02\x00\x02\x01\x82\x01\x00\x15\x01R\x01\xffF\x012\x00\xffc\x01\x00\x12\x05\x0c\x00\xa5\x00\x06\x13 '),
                            bytearray(b'\x00b\xf4\x02\xdf\x00\x12\xf5\x04\x02\x01"\xf8\x06\t\x01\x82\x00\x00\x15\x012\x01\x01F\x01"\x04\xffV\x012'),
                            None,
                            None,
                        ], is_16bit=False, y_plus=0, y_minus=0, x=112, y=127),
                        Tile(mirror=False, invert=False, format=0, length=6, subtile_bytes=[
                            None,
                            bytearray(b'\x03\x02\x01"\x00\x01\t\x01\x82\x01\x00\x15\x01R\x00\x00F\x012\xfc\x00c\x01\x002\x00\x01\xbd\x002\x00\x00'),
                            bytearray(b'\x002\x05\x08\xbd\x002\xeb\x06\xcc\x00b\xe6\x07\xdf\x00\x12\xed\x08\x02\x01"\xf5\t\t\x01\x82\x00\x00\x15\x012'),
                            bytearray(b'\x00\x00F\x012\xf6\x00c\x01\x00b\xff\x01\xbd\x00b\x00\xff\xdf\x00\x12\x00\x00\x02\x01"\xfe\x00\t\x01\x82\xff'),
                        ], is_16bit=False, y_plus=0, y_minus=0, x=128, y=111),
                        Tile(mirror=False, invert=False, format=0, length=6, subtile_bytes=[
                            bytearray(b'2\xf9\x00c\x01\x00b\x00\x00\xbd\x00b\x00\n\xdf\x00\x12\x00\x07\x02\x01"\x00\x03\t\x01\x82\xff\x00\x15\x01R'),
                            None,
                            bytearray(b'\xffV\x012\xfa\x00c\x01\x002\x01\x04\xbd\x002\xf9\x00\x00\x02b\xf7\x01\xdf\x00\x12\xf6\x02\x02\x01"\xf9\x04'),
                            bytearray(b'\x01"\xfa\x01\t\x01\x82\x00\x00\x15\x012\x00\x02F\x01"\x01\x00V\x012\xfd\x00,\x02\x002\x00\x03\xbd\x00'),
                        ], is_16bit=False, y_plus=0, y_minus=0, x=112, y=111),
                        Tile(mirror=False, invert=False, format=0, length=7, subtile_bytes=[
                            bytearray(b'\xfa\n\xbd\x002\xf3\x08\xcc\x00b\xf4\r\xdf\x00\x12\xf5\n\x02\x01"\xf6\n\t\x01\x82\xf9\x08\x15\x012\xf9\x06'),
                            bytearray(b'V\x012\x02\x00,\x02\x002\x00\x01\xbd\x002\xfe\x00\xcc\x00b\x00\xff\xdf\x002\x00\x00\x02\x01\x82\xff\x00\x15'),
                            bytearray(b'\xdfS{s2\x11\xff\xf0\x00\x12\x0b\xfe\x02\x01"\x0b\x00\t\x01\x82\x01\x00\x15\x012\x02\xfeF\x01"\xfe\xfd'),
                            bytearray(b'\x00\x01\xbd\x002\xfe\x00\xcc\x00b\xfc\x00\xdf\x00\x12\xfd\x00\x02\x01"\xfe\x00\t\x01\x82\x00\x00\x15\x012\x00\x01'),
                        ], is_16bit=False, y_plus=0, y_minus=0, x=120, y=103),
                    ]
                ),
                Mold(14, gridplane=False,
                    tiles=[
                        Tile(mirror=False, invert=False, format=0, length=7, subtile_bytes=[
                            bytearray(b'\x06\x05\x00\x02\x00\x02\x06\x02\x07\x04\x08\x04\t\x06\n\x02\x0b\x02\x0c\x02\n\x02\x0b\x02\x0c\x02\n\x02\x0b\x02\x0c\x02'),
                            bytearray(b'\x00\x15\x012\x02\x00F\x01"\x05\xffV\x012\xf3\x00c\x01\x002\x04\x06\xbd\x002\xef\x01\xcc\x00b\xed\x04'),
                            bytearray(b'\t\x01\x82\x00\x00\x15\x012\x00\x02F\x01"\x02\xffV\x012\xf8\x00,\x02\x002\x02\x05\xbd\x002\xf5\x00\xcc'),
                            bytearray(b'2\xfa\x00\xcc\x00b\xf9\x00\xdf\x00\x12\xf8\x01\x02\x01"\xfa\x02\t\x01\x82\x00\x00\x15\x012\x00\x03F\x01"\x01'),
                        ], is_16bit=False, y_plus=0, y_minus=0, x=362, y=92),
                        Tile(mirror=False, invert=False, format=0, length=7, subtile_bytes=[
                            bytearray(b'\x01\x0c\x04p\xf0\n\x13\x0f\x12\xf0\xe8\x02\x0e\x08\r\n\xf0\xe8\xf2\x05\x11\x0b\x03\xc0\x04\xe5\x94\x8f\xf0\xf4\xe5\xa6'),
                            bytearray(b'\xdf\x04\x00\x00\xc0\x0c\xf9\x94\x8f\xf0\xfc\xf9\xa6\x9f\x90\x9e\xc0\xff\r\x94\x8f\xf0\xef\r\xa6\x9f\x90\x9e\xc0\xf8\xd3\x1c'),
                            bytearray(b'\x00\xc0\xfb\x11\x8c\x99\xf0\xeb\x11\x92\x91\x97\x8dr\xfd\x06\xe5\x00"\xdb\xf2\xcd\x00"\xe3\xfa\xcd\x00"\xfe\x04)'),
                            bytearray(b'\xea\x01"\xe7\x1d\xcd\x00r\xfa\r\xe5\x00"\xd5\xf8\xcd\x00"\xe4\x15\x0f\x02"\xfb\t)\x01r\xf8\x075\x01'),
                        ], is_16bit=False, y_plus=0, y_minus=0, x=107, y=345),
                        Tile(mirror=False, invert=False, format=0, length=7, subtile_bytes=[
                            bytearray(b'\x06\x05\x00\x02\x00\x02\x06\x02\x07\x04\x08\x04\t\x06\n\x02\x0b\x02\x0c\x02\n\x02\x0b\x02\x0c\x02\n\x02\x0b\x02\x0c\x02'),
                            bytearray(b'\x00\x15\x012\x02\x00F\x01"\x05\xffV\x012\xf3\x00c\x01\x002\x04\x06\xbd\x002\xef\x01\xcc\x00b\xed\x04'),
                            bytearray(b'\t\x01\x82\x00\x00\x15\x012\x00\x02F\x01"\x02\xffV\x012\xf8\x00,\x02\x002\x02\x05\xbd\x002\xf5\x00\xcc'),
                            bytearray(b'2\xfa\x00\xcc\x00b\xf9\x00\xdf\x00\x12\xf8\x01\x02\x01"\xfa\x02\t\x01\x82\x00\x00\x15\x012\x00\x03F\x01"\x01'),
                        ], is_16bit=False, y_plus=0, y_minus=0, x=135, y=92),
                        Tile(mirror=False, invert=False, format=0, length=7, subtile_bytes=[
                            bytearray(b'\x06\x05\x00\x02\x00\x02\x06\x02\x07\x04\x08\x04\t\x06\n\x02\x0b\x02\x0c\x02\n\x02\x0b\x02\x0c\x02\n\x02\x0b\x02\x0c\x02'),
                            bytearray(b'\x00\x15\x012\x02\x00F\x01"\x05\xffV\x012\xf3\x00c\x01\x002\x04\x06\xbd\x002\xef\x01\xcc\x00b\xed\x04'),
                            bytearray(b'\t\x01\x82\x00\x00\x15\x012\x00\x02F\x01"\x02\xffV\x012\xf8\x00,\x02\x002\x02\x05\xbd\x002\xf5\x00\xcc'),
                            bytearray(b'2\xfa\x00\xcc\x00b\xf9\x00\xdf\x00\x12\xf8\x01\x02\x01"\xfa\x02\t\x01\x82\x00\x00\x15\x012\x00\x03F\x01"\x01'),
                        ], is_16bit=False, y_plus=0, y_minus=0, x=134, y=89),
                        Tile(mirror=False, invert=False, format=0, length=7, subtile_bytes=[
                            bytearray(b'\x00\x00\x00\x1a\x00\xff\xff#\x00,\x00_\x00\x9c\x00\x00\x00\x08\x00\n\x01\x08\x00\n\x02\x00\x02\x00\x02\x03\x04\x04'),
                            bytearray(b'\x00\x00\t\x012\x00\x01F\x01"\xff\x00V\x012\xfe\x00c\x01\x00b\x00\x00\xbd\x00b\x00\x04\xdf\x00\x12\x00'),
                            bytearray(b'"\x01\x00V\x012\x00\x00c\x01\x002\x00\x01\xbd\x002\x00\x00\xcc\x00b\x00\x02\xdf\x00\x12\x00\x01\x02\x01\xa2'),
                            bytearray(b'\n\x02\x0b\x02\x0c\x02\n\x02\x0b\x02\x0c\x02\n\x02\x0b\x02\x0c\x02\n\n\r\x00\x02\x00\x02\x0e\x02\x0f\x02\x10\x02\x11'),
                        ], is_16bit=False, y_plus=0, y_minus=0, x=128, y=119),
                        Tile(mirror=False, invert=False, format=0, length=7, subtile_bytes=[
                            bytearray(b'\x00\xbd\x002\xf8\x00\xcc\x00b\xfd\xfc\xdf\x00\x12\xfd\x00\x02\x01\xf2\x00\x00\t\x012\x00\x00c\x01\x002\x00\x01'),
                            bytearray(b'F\x01"\xfd\x08V\x012\xf5\tc\x01\x002\xfa\x10\xbd\x002\xee\x13\xcc\x00b\xea\x1c\xdf\x00\x12\xeb\x1a\x02'),
                            bytearray(b'\xdf\x002\x02\x00\x02\x01\x82\x01\x00\x15\x01R\x01\xffF\x012\x00\xffc\x01\x00\x12\x05\x0c\x00\xa5\x00\x06\x13 '),
                            bytearray(b'\x00b\xf4\x02\xdf\x00\x12\xf5\x04\x02\x01"\xf8\x06\t\x01\x82\x00\x00\x15\x012\x01\x01F\x01"\x04\xffV\x012'),
                        ], is_16bit=False, y_plus=0, y_minus=0, x=112, y=119),
                        Tile(mirror=False, invert=False, format=0, length=6, subtile_bytes=[
                            bytearray(b'\xa0\x00\xf4}8\xf0\x08\xfc:C\x80_\xf0\xf8\xfcPR[tb\xfe\x00\xdf\x002\xff\x00\x02\x01\x82\x00\x00'),
                            None,
                            bytearray(b'r\xfa\x05\xdf\x00"\xfa\x04\t\x01\x82\xfc\x04\x15\x012\xfc\x03F\x01"\xfe\x04V\x012\xfa\x05c\x01\x002'),
                            bytearray(b'F\x01"\x01\xffV\x012\xfe\x00c\x01\x002\x00\x02\xbd\x002\xfd\x00\x00\x02b\xfb\x00\xdf\x00\x12\xfa\x00\x02'),
                        ], is_16bit=False, y_plus=0, y_minus=0, x=128, y=103),
                        Tile(mirror=False, invert=False, format=0, length=7, subtile_bytes=[
                            bytearray(b'\xcc\x00b\x00\x06\xdf\x00\x12\x00\x05\x02\x01"\x00\x02\t\x01\x82\x00\x00\x15\x012\x00\x01F\x01"\x01\x00V\x01'),
                            bytearray(b'\x02\x12\x02\x0f\x02\x10\x02\x11\x02\x12\x02\x0f\x02\x10\x02\x11\x02\x12\x00\x02\x0f\x02\x10\x02\x11\x02\x12\x00\xcd\x00\x7f\x01'),
                            bytearray(b'\x02\x12\x02\x0f\x02\x10\x02\x11\x02\x12\x02\x0f\x02\x10\x02\x11\x02\x12\x02\x0f\x02\x10\x02\x11\x02\x12\x02\x0f\x02\x10\x02\x11'),
                            bytearray(b'\xf5\x00c\x01\x002\x03\x06\xbd\x002\xf3\x00\x00\x02b\xf1\x03\xdf\x00\x12\xf3\x05\x02\x01"\xf7\x07\t\x01\x82\x00'),
                        ], is_16bit=False, y_plus=0, y_minus=0, x=112, y=103),
                    ]
                ),
                Mold(15, gridplane=False,
                    tiles=[
                        Tile(mirror=False, invert=False, format=0, length=7, subtile_bytes=[
                            bytearray(b'\x01\x0c\x04p\xf0\n\x13\x0f\x12\xf0\xe8\x02\x0e\x08\r\n\xf0\xe8\xf2\x05\x11\x0b\x03\xc0\x04\xe5\x94\x8f\xf0\xf4\xe5\xa6'),
                            bytearray(b'\xdf\x04\x00\x00\xc0\x0c\xf9\x94\x8f\xf0\xfc\xf9\xa6\x9f\x90\x9e\xc0\xff\r\x94\x8f\xf0\xef\r\xa6\x9f\x90\x9e\xc0\xf8\xd3\x1c'),
                            bytearray(b'\x00\xc0\xfb\x11\x8c\x99\xf0\xeb\x11\x92\x91\x97\x8dr\xfd\x06\xe5\x00"\xdb\xf2\xcd\x00"\xe3\xfa\xcd\x00"\xfe\x04)'),
                            bytearray(b'\xea\x01"\xe7\x1d\xcd\x00r\xfa\r\xe5\x00"\xd5\xf8\xcd\x00"\xe4\x15\x0f\x02"\xfb\t)\x01r\xf8\x075\x01'),
                        ], is_16bit=False, y_plus=0, y_minus=0, x=105, y=354),
                        Tile(mirror=False, invert=False, format=0, length=7, subtile_bytes=[
                            bytearray(b'\x06\x05\x00\x02\x00\x02\x06\x02\x07\x04\x08\x04\t\x06\n\x02\x0b\x02\x0c\x02\n\x02\x0b\x02\x0c\x02\n\x02\x0b\x02\x0c\x02'),
                            bytearray(b'\x00\x15\x012\x02\x00F\x01"\x05\xffV\x012\xf3\x00c\x01\x002\x04\x06\xbd\x002\xef\x01\xcc\x00b\xed\x04'),
                            bytearray(b'\t\x01\x82\x00\x00\x15\x012\x00\x02F\x01"\x02\xffV\x012\xf8\x00,\x02\x002\x02\x05\xbd\x002\xf5\x00\xcc'),
                            bytearray(b'2\xfa\x00\xcc\x00b\xf9\x00\xdf\x00\x12\xf8\x01\x02\x01"\xfa\x02\t\x01\x82\x00\x00\x15\x012\x00\x03F\x01"\x01'),
                        ], is_16bit=False, y_plus=0, y_minus=0, x=137, y=96),
                        Tile(mirror=False, invert=False, format=0, length=7, subtile_bytes=[
                            bytearray(b'\x00\x00\x00\x1a\x00\xff\xff#\x00,\x00_\x00\x9c\x00\x00\x00\x08\x00\n\x01\x08\x00\n\x02\x00\x02\x00\x02\x03\x04\x04'),
                            bytearray(b'\x00\x00\t\x012\x00\x01F\x01"\xff\x00V\x012\xfe\x00c\x01\x00b\x00\x00\xbd\x00b\x00\x04\xdf\x00\x12\x00'),
                            bytearray(b'"\x01\x00V\x012\x00\x00c\x01\x002\x00\x01\xbd\x002\x00\x00\xcc\x00b\x00\x02\xdf\x00\x12\x00\x01\x02\x01\xa2'),
                            bytearray(b'\n\x02\x0b\x02\x0c\x02\n\x02\x0b\x02\x0c\x02\n\x02\x0b\x02\x0c\x02\n\n\r\x00\x02\x00\x02\x0e\x02\x0f\x02\x10\x02\x11'),
                        ], is_16bit=False, y_plus=0, y_minus=0, x=128, y=119),
                        Tile(mirror=False, invert=False, format=0, length=7, subtile_bytes=[
                            bytearray(b'\x00\xbd\x002\xf8\x00\xcc\x00b\xfd\xfc\xdf\x00\x12\xfd\x00\x02\x01\xf2\x00\x00\t\x012\x00\x00c\x01\x002\x00\x01'),
                            bytearray(b'F\x01"\xfd\x08V\x012\xf5\tc\x01\x002\xfa\x10\xbd\x002\xee\x13\xcc\x00b\xea\x1c\xdf\x00\x12\xeb\x1a\x02'),
                            bytearray(b'\xdf\x002\x02\x00\x02\x01\x82\x01\x00\x15\x01R\x01\xffF\x012\x00\xffc\x01\x00\x12\x05\x0c\x00\xa5\x00\x06\x13 '),
                            bytearray(b'\x00b\xf4\x02\xdf\x00\x12\xf5\x04\x02\x01"\xf8\x06\t\x01\x82\x00\x00\x15\x012\x01\x01F\x01"\x04\xffV\x012'),
                        ], is_16bit=False, y_plus=0, y_minus=0, x=112, y=119),
                        Tile(mirror=False, invert=False, format=0, length=6, subtile_bytes=[
                            bytearray(b'\xa0\x00\xf4}8\xf0\x08\xfc:C\x80_\xf0\xf8\xfcPR[tb\xfe\x00\xdf\x002\xff\x00\x02\x01\x82\x00\x00'),
                            None,
                            bytearray(b'r\xfa\x05\xdf\x00"\xfa\x04\t\x01\x82\xfc\x04\x15\x012\xfc\x03F\x01"\xfe\x04V\x012\xfa\x05c\x01\x002'),
                            bytearray(b'F\x01"\x01\xffV\x012\xfe\x00c\x01\x002\x00\x02\xbd\x002\xfd\x00\x00\x02b\xfb\x00\xdf\x00\x12\xfa\x00\x02'),
                        ], is_16bit=False, y_plus=0, y_minus=0, x=128, y=103),
                        Tile(mirror=False, invert=False, format=0, length=7, subtile_bytes=[
                            bytearray(b'\xcc\x00b\x00\x06\xdf\x00\x12\x00\x05\x02\x01"\x00\x02\t\x01\x82\x00\x00\x15\x012\x00\x01F\x01"\x01\x00V\x01'),
                            bytearray(b'\x02\x12\x02\x0f\x02\x10\x02\x11\x02\x12\x02\x0f\x02\x10\x02\x11\x02\x12\x00\x02\x0f\x02\x10\x02\x11\x02\x12\x00\xcd\x00\x7f\x01'),
                            bytearray(b'\x02\x12\x02\x0f\x02\x10\x02\x11\x02\x12\x02\x0f\x02\x10\x02\x11\x02\x12\x02\x0f\x02\x10\x02\x11\x02\x12\x02\x0f\x02\x10\x02\x11'),
                            bytearray(b'\xf5\x00c\x01\x002\x03\x06\xbd\x002\xf3\x00\x00\x02b\xf1\x03\xdf\x00\x12\xf3\x05\x02\x01"\xf7\x07\t\x01\x82\x00'),
                        ], is_16bit=False, y_plus=0, y_minus=0, x=112, y=103),
                        Tile(mirror=False, invert=False, format=0, length=7, subtile_bytes=[
                            bytearray(b'\x06\x05\x00\x02\x00\x02\x06\x02\x07\x04\x08\x04\t\x06\n\x02\x0b\x02\x0c\x02\n\x02\x0b\x02\x0c\x02\n\x02\x0b\x02\x0c\x02'),
                            bytearray(b'\x00\x15\x012\x02\x00F\x01"\x05\xffV\x012\xf3\x00c\x01\x002\x04\x06\xbd\x002\xef\x01\xcc\x00b\xed\x04'),
                            bytearray(b'\t\x01\x82\x00\x00\x15\x012\x00\x02F\x01"\x02\xffV\x012\xf8\x00,\x02\x002\x02\x05\xbd\x002\xf5\x00\xcc'),
                            bytearray(b'2\xfa\x00\xcc\x00b\xf9\x00\xdf\x00\x12\xf8\x01\x02\x01"\xfa\x02\t\x01\x82\x00\x00\x15\x012\x00\x03F\x01"\x01'),
                        ], is_16bit=False, y_plus=0, y_minus=0, x=125, y=338),
                        Tile(mirror=False, invert=False, format=0, length=7, subtile_bytes=[
                            bytearray(b'\x06\x05\x00\x02\x00\x02\x06\x02\x07\x04\x08\x04\t\x06\n\x02\x0b\x02\x0c\x02\n\x02\x0b\x02\x0c\x02\n\x02\x0b\x02\x0c\x02'),
                            bytearray(b'\x00\x15\x012\x02\x00F\x01"\x05\xffV\x012\xf3\x00c\x01\x002\x04\x06\xbd\x002\xef\x01\xcc\x00b\xed\x04'),
                            bytearray(b'\t\x01\x82\x00\x00\x15\x012\x00\x02F\x01"\x02\xffV\x012\xf8\x00,\x02\x002\x02\x05\xbd\x002\xf5\x00\xcc'),
                            bytearray(b'2\xfa\x00\xcc\x00b\xf9\x00\xdf\x00\x12\xf8\x01\x02\x01"\xfa\x02\t\x01\x82\x00\x00\x15\x012\x00\x03F\x01"\x01'),
                        ], is_16bit=False, y_plus=0, y_minus=0, x=116, y=83),
                    ]
                ),
                Mold(16, gridplane=True,
                    tiles=[
                        Tile(mirror=False, invert=False, format=3, length=17, subtile_bytes=[
                            None,
                            bytearray(b'\xfa\n\xbd\x002\xf3\x08\xcc\x00b\xf4\r\xdf\x00\x12\xf5\n\x02\x01"\xf6\n\t\x01\x82\xf9\x08\x15\x012\xf9\x06'),
                            bytearray(b'V\x012\x02\x00,\x02\x002\x00\x01\xbd\x002\xfe\x00\xcc\x00b\x00\xff\xdf\x002\x00\x00\x02\x01\x82\xff\x00\x15'),
                            None,
                            bytearray(b"\x17\xb0\xe8\xdb\x1a\'*\xf0\xe8\xcb\x1e\x14#.p\xe0\xe32(\x1d\xb0\xd8\xdb\x18)\x15\xf0\xd8\xcb\x16\x1b\x19"),
                            bytearray(b'\xdfS{s2\x11\xff\xf0\x00\x12\x0b\xfe\x02\x01"\x0b\x00\t\x01\x82\x01\x00\x15\x012\x02\xfeF\x01"\xfe\xfd'),
                            bytearray(b'\x00\x01\xbd\x002\xfe\x00\xcc\x00b\xfc\x00\xdf\x00\x12\xfd\x00\x02\x01"\xfe\x00\t\x01\x82\x00\x00\x15\x012\x00\x01'),
                            bytearray(b'\x9f\x90\x9ep\xe7\n\x89\x8a\x88\xc0\xe8\xf3\x93\x9c\xf0\xd8\xf3+15%\x00"\x01\x01\xcd\x00"\xf4\x13\xcd\x00'),
                            bytearray(b'\x00\xbd\x002\xf8\x00\xcc\x00b\xfd\xfc\xdf\x00\x12\xfd\x00\x02\x01\xf2\x00\x00\t\x012\x00\x00c\x01\x002\x00\x01'),
                            bytearray(b'\x01"\xfa\x01\t\x01\x82\x00\x00\x15\x012\x00\x02F\x01"\x01\x00V\x012\xfd\x00,\x02\x002\x00\x03\xbd\x00'),
                            bytearray(b'\x002\x05\x08\xbd\x002\xeb\x06\xcc\x00b\xe6\x07\xdf\x00\x12\xed\x08\x02\x01"\xf5\t\t\x01\x82\x00\x00\x15\x012'),
                            bytearray(b'\x01"\xf1\x13\t\x01\x82\xf4\r\x15\x012\xf4\x05F\x01"\xfc\x0cV\x012\xed\x0cc\x01\x002\x00\x01\xbd\x00'),
                            bytearray(b'\xdf\x002\x02\x00\x02\x01\x82\x01\x00\x15\x01R\x01\xffF\x012\x00\xffc\x01\x00\x12\x05\x0c\x00\xa5\x00\x06\x13 '),
                            bytearray(b'\x00b\xf4\x02\xdf\x00\x12\xf5\x04\x02\x01"\xf8\x06\t\x01\x82\x00\x00\x15\x012\x01\x01F\x01"\x04\xffV\x012'),
                            bytearray(b'"\x01\x00V\x012\x00\x00c\x01\x002\x00\x01\xbd\x002\x00\x00\xcc\x00b\x00\x02\xdf\x00\x12\x00\x01\x02\x01\xa2'),
                            bytearray(b'\n\x02\x0b\x02\x0c\x02\n\x02\x0b\x02\x0c\x02\n\x02\x0b\x02\x0c\x02\n\n\r\x00\x02\x00\x02\x0e\x02\x0f\x02\x10\x02\x11'),
                        ], is_16bit=False, y_plus=1, y_minus=0, x=0, y=0),
                    ]
                ),
                Mold(17, gridplane=True,
                    tiles=[
                        Tile(mirror=False, invert=False, format=3, length=17, subtile_bytes=[
                            None,
                            bytearray(b'\x04\xffF\x01"\x07\x00V\x012\xee\x02c\x01\x002\x05\x08\xbd\x002\xeb\x06\xcc\x00b\xdf\x11\xdf\x00\x12\xeb'),
                            bytearray(b'\x012\x00\x01F\x01"\x01\x00V\x012\x00\x00c\x01\x002\x00\x00\xbd\x002\xfc\x00\xcc\x00b\x00\xfe\xdf\x00'),
                            None,
                            bytearray(b"\x17\xb0\xe8\xdb\x1a\'*\xf0\xe8\xcb\x1e\x14#.p\xe0\xe32(\x1d\xb0\xd8\xdb\x18)\x15\xf0\xd8\xcb\x16\x1b\x19"),
                            bytearray(b'\xb2\x01\xe5\x01&\x02Y\x02\xa1\x02\xd4\x02\x02\x035\x03c\x03\x96\x03\xc9\x03\xfc\x03;\x04Z\x04\x83\x04\xac\x04'),
                            bytearray(b'\xdf\x00\x12\xf1\x06\x02\x01"\xf6\x08\t\x01\x82\x00\x00\x15\x012\x03\x00F\x01"\x06\xffV\x012\xf0\x00c\x01'),
                            bytearray(b'r\x01\x01\xe5\x00"\xe1\xed\xcd\x00"\xe9\xf6\xcd\x00"\x01\xff)\x01r\x01\x005\x01"\xf9\xeb\xcd\x00\x12\x01'),
                            bytearray(b'\x00\xbd\x002\xf8\x00\xcc\x00b\xfd\xfc\xdf\x00\x12\xfd\x00\x02\x01\xf2\x00\x00\t\x012\x00\x00c\x01\x002\x00\x01'),
                            bytearray(b'\x01r\xfd\x035\x01\xc0\x01\xe7\xa0\x9d\xf0\xf1\xe7\x8b\xa2\x8e\xa4\x12\xfb\x02l\x01"\xfd\x02r\x01\x00"\x05\xef'),
                            bytearray(b'\xbd\x00\xa0\x06\xf4}8\xf0\x0e\xfc:CX_\x12\x06\x00\x0c\x02\x80\x11\xdfF\xf0\t\xcf>odB\xe0\x01'),
                            bytearray(b'\x01"\xf1\x13\t\x01\x82\xf4\r\x15\x012\xf4\x05F\x01"\xfc\x0cV\x012\xed\x0cc\x01\x002\x00\x01\xbd\x00'),
                            bytearray(b'\xdf\x002\x02\x00\x02\x01\x82\x01\x00\x15\x01R\x01\xffF\x012\x00\xffc\x01\x00\x12\x05\x0c\x00\xa5\x00\x06\x13 '),
                            bytearray(b'\x00b\xf4\x02\xdf\x00\x12\xf5\x04\x02\x01"\xf8\x06\t\x01\x82\x00\x00\x15\x012\x01\x01F\x01"\x04\xffV\x012'),
                            bytearray(b'"\x01\x00V\x012\x00\x00c\x01\x002\x00\x01\xbd\x002\x00\x00\xcc\x00b\x00\x02\xdf\x00\x12\x00\x01\x02\x01\xa2'),
                            bytearray(b'\n\x02\x0b\x02\x0c\x02\n\x02\x0b\x02\x0c\x02\n\x02\x0b\x02\x0c\x02\n\n\r\x00\x02\x00\x02\x0e\x02\x0f\x02\x10\x02\x11'),
                        ], is_16bit=False, y_plus=1, y_minus=0, x=0, y=0),
                    ]
                ),
                Mold(18, gridplane=True,
                    tiles=[
                        Tile(mirror=False, invert=False, format=3, length=17, subtile_bytes=[
                            None,
                            bytearray(b'\x02\x12\x02\x0f\x02\x10\x02\x11\x02\x12\x02\x0f\x02\x10\x02\x11\x02\x12\x00\x02\x0f\x02\x10\x02\x11\x02\x12\x00\xcd\x00\x7f\x01'),
                            bytearray(b'\xa0\x00\xf4}8\xf0\x08\xfc:C\x80_\xf0\xf8\xfcPR[tb\xfe\x00\xdf\x002\xff\x00\x02\x01\x82\x00\x00'),
                            None,
                            bytearray(b'4\xf0\xd0\xe3,!$3\xc0\xec\xe7\x94\x8f\xf0\xdc\xe7\xa6\x9f\x90\x9e\xc0\xf4\xee\x94\x8f\xf0\xe4\xee\xa6\x9f\x90\x9e'),
                            bytearray(b'\xf5\x00c\x01\x002\x03\x06\xbd\x002\xf3\x00\x00\x02b\xf1\x03\xdf\x00\x12\xf3\x05\x02\x01"\xf7\x07\t\x01\x82\x00'),
                            bytearray(b'r\xfa\x05\xdf\x00"\xfa\x04\t\x01\x82\xfc\x04\x15\x012\xfc\x03F\x01"\xfe\x04V\x012\xfa\x05c\x01\x002'),
                            bytearray(b'\x9f\x90\x9ep\xe7\n\x89\x8a\x88\xc0\xe8\xf3\x93\x9c\xf0\xd8\xf3+15%\x00"\x01\x01\xcd\x00"\xf4\x13\xcd\x00'),
                            bytearray(b'\x00\xbd\x002\xf8\x00\xcc\x00b\xfd\xfc\xdf\x00\x12\xfd\x00\x02\x01\xf2\x00\x00\t\x012\x00\x00c\x01\x002\x00\x01'),
                            bytearray(b'F\x01"\xfd\x08V\x012\xf5\tc\x01\x002\xfa\x10\xbd\x002\xee\x13\xcc\x00b\xea\x1c\xdf\x00\x12\xeb\x1a\x02'),
                            bytearray(b'\xc0\xeb\x03\x95\xa1\xf0\xdb\x03\x1f 0&`\x00\n"/\xc0\x08\xfa\x06-\xb0\xf8\x02\x07\t\x10\xf0\xf8\xf2\x02'),
                            bytearray(b'\x01"\xf1\x13\t\x01\x82\xf4\r\x15\x012\xf4\x05F\x01"\xfc\x0cV\x012\xed\x0cc\x01\x002\x00\x01\xbd\x00'),
                            bytearray(b'\xdf\x002\x02\x00\x02\x01\x82\x01\x00\x15\x01R\x01\xffF\x012\x00\xffc\x01\x00\x12\x05\x0c\x00\xa5\x00\x06\x13 '),
                            bytearray(b'\x00b\xf4\x02\xdf\x00\x12\xf5\x04\x02\x01"\xf8\x06\t\x01\x82\x00\x00\x15\x012\x01\x01F\x01"\x04\xffV\x012'),
                            bytearray(b'"\x01\x00V\x012\x00\x00c\x01\x002\x00\x01\xbd\x002\x00\x00\xcc\x00b\x00\x02\xdf\x00\x12\x00\x01\x02\x01\xa2'),
                            bytearray(b'\n\x02\x0b\x02\x0c\x02\n\x02\x0b\x02\x0c\x02\n\x02\x0b\x02\x0c\x02\n\n\r\x00\x02\x00\x02\x0e\x02\x0f\x02\x10\x02\x11'),
                        ], is_16bit=False, y_plus=1, y_minus=0, x=0, y=0),
                    ]
                ),
                Mold(19, gridplane=False,
                    tiles=[
                        Tile(mirror=False, invert=False, format=0, length=7, subtile_bytes=[
                            bytearray(b'\x01\x0c\x04p\xf0\n\x13\x0f\x12\xf0\xe8\x02\x0e\x08\r\n\xf0\xe8\xf2\x05\x11\x0b\x03\xc0\x04\xe5\x94\x8f\xf0\xf4\xe5\xa6'),
                            bytearray(b'\xdf\x04\x00\x00\xc0\x0c\xf9\x94\x8f\xf0\xfc\xf9\xa6\x9f\x90\x9e\xc0\xff\r\x94\x8f\xf0\xef\r\xa6\x9f\x90\x9e\xc0\xf8\xd3\x1c'),
                            bytearray(b'\x00\xc0\xfb\x11\x8c\x99\xf0\xeb\x11\x92\x91\x97\x8dr\xfd\x06\xe5\x00"\xdb\xf2\xcd\x00"\xe3\xfa\xcd\x00"\xfe\x04)'),
                            bytearray(b'\xea\x01"\xe7\x1d\xcd\x00r\xfa\r\xe5\x00"\xd5\xf8\xcd\x00"\xe4\x15\x0f\x02"\xfb\t)\x01r\xf8\x075\x01'),
                        ], is_16bit=False, y_plus=0, y_minus=0, x=107, y=109),
                        Tile(mirror=False, invert=False, format=0, length=5, subtile_bytes=[
                            bytearray(b'\xdf\x002\x02\x00\x02\x01\x82\x01\x00\x15\x01R\x01\xffF\x012\x00\xffc\x01\x00\x12\x05\x0c\x00\xa5\x00\x06\x13 '),
                            bytearray(b'\x00b\xf4\x02\xdf\x00\x12\xf5\x04\x02\x01"\xf8\x06\t\x01\x82\x00\x00\x15\x012\x01\x01F\x01"\x04\xffV\x012'),
                            None,
                            None,
                        ], is_16bit=False, y_plus=0, y_minus=0, x=112, y=127),
                        Tile(mirror=False, invert=False, format=0, length=7, subtile_bytes=[
                            bytearray(b'\xbd\x00\xa0\x06\xf4}8\xf0\x0e\xfc:CX_\x12\x06\x00\x0c\x02\x80\x11\xdfF\xf0\t\xcf>odB\xe0\x01'),
                            bytearray(b'\x01"\xf1\x13\t\x01\x82\xf4\r\x15\x012\xf4\x05F\x01"\xfc\x0cV\x012\xed\x0cc\x01\x002\x00\x01\xbd\x00'),
                            bytearray(b'"\x01\x00V\x012\x00\x00c\x01\x002\x00\x01\xbd\x002\x00\x00\xcc\x00b\x00\x02\xdf\x00\x12\x00\x01\x02\x01\xa2'),
                            bytearray(b'\n\x02\x0b\x02\x0c\x02\n\x02\x0b\x02\x0c\x02\n\x02\x0b\x02\x0c\x02\n\n\r\x00\x02\x00\x02\x0e\x02\x0f\x02\x10\x02\x11'),
                        ], is_16bit=False, y_plus=0, y_minus=0, x=128, y=119),
                        Tile(mirror=False, invert=False, format=0, length=6, subtile_bytes=[
                            bytearray(b'\xfe\x00\x02\x01"\x00\x00\t\x01\x82\x01\x00\x15\x012\x00\x01F\x01"\xff\x00V\x012\x00\x00c\x01\x002\x00'),
                            None,
                            bytearray(b'\x00\x15\x012\xff\xffF\x01"\x00\x00V\x012\xfe\x00c\x01\x002\x01\xff\xbd\x002\x00\xff\xcc\x00b\x02\x01'),
                            bytearray(b'\xbd\x002\xf5\x00\x00\x02b\xf9\xfc\xdf\x00\x12\xfb\xff\x02\x01"\x00\x00\t\x01\x82\xff\x00\x15\x012\x00\x01F\x01'),
                        ], is_16bit=False, y_plus=0, y_minus=0, x=112, y=111),
                        Tile(mirror=False, invert=False, format=0, length=5, subtile_bytes=[
                            bytearray(b'\x12\xff\x00\x02\x01\xf2\x00\x00\t\x012\x00\x00c\x01\x002\x00\x01\xbd\x002\xfa\x00\xcc\x00b\xff\xfd\xdf\x00\x12'),
                            None,
                            bytearray(b'\x0c\x02\x01"\xf4\n\t\x01\x82\x00\x00\x15\x012\x04\xffF\x01"\x07\x00V\x012\xee\x02c\x01\x002\x03\xff'),
                            None,
                        ], is_16bit=False, y_plus=0, y_minus=0, x=136, y=103),
                        Tile(mirror=False, invert=False, format=0, length=7, subtile_bytes=[
                            bytearray(b'\x04\xffF\x01"\x07\x00V\x012\xee\x02c\x01\x002\x05\x08\xbd\x002\xeb\x06\xcc\x00b\xdf\x11\xdf\x00\x12\xeb'),
                            bytearray(b'\x012\x00\x01F\x01"\x01\x00V\x012\x00\x00c\x01\x002\x00\x00\xbd\x002\xfc\x00\xcc\x00b\x00\xfe\xdf\x00'),
                            bytearray(b'\x15\x012\x00\x01F\x01"\x01\x00V\x01\xa0\xf7\xe5NU\xf0\xff\xedbhX=p\xef\xed\x87\x84\x85\x002'),
                            bytearray(b'\xdf\x00\x12\xf1\x06\x02\x01"\xf6\x08\t\x01\x82\x00\x00\x15\x012\x03\x00F\x01"\x06\xffV\x012\xf0\x00c\x01'),
                        ], is_16bit=False, y_plus=0, y_minus=0, x=120, y=103),
                    ]
                ),
                Mold(20, gridplane=False,
                    tiles=[
                        Tile(mirror=False, invert=False, format=0, length=7, subtile_bytes=[
                            bytearray(b'\x01\x0c\x04p\xf0\n\x13\x0f\x12\xf0\xe8\x02\x0e\x08\r\n\xf0\xe8\xf2\x05\x11\x0b\x03\xc0\x04\xe5\x94\x8f\xf0\xf4\xe5\xa6'),
                            bytearray(b'\xdf\x04\x00\x00\xc0\x0c\xf9\x94\x8f\xf0\xfc\xf9\xa6\x9f\x90\x9e\xc0\xff\r\x94\x8f\xf0\xef\r\xa6\x9f\x90\x9e\xc0\xf8\xd3\x1c'),
                            bytearray(b'\x00\xc0\xfb\x11\x8c\x99\xf0\xeb\x11\x92\x91\x97\x8dr\xfd\x06\xe5\x00"\xdb\xf2\xcd\x00"\xe3\xfa\xcd\x00"\xfe\x04)'),
                            bytearray(b'\xea\x01"\xe7\x1d\xcd\x00r\xfa\r\xe5\x00"\xd5\xf8\xcd\x00"\xe4\x15\x0f\x02"\xfb\t)\x01r\xf8\x075\x01'),
                        ], is_16bit=False, y_plus=0, y_minus=0, x=107, y=360),
                        Tile(mirror=False, invert=False, format=0, length=5, subtile_bytes=[
                            bytearray(b'"\x01\x00V\x012\x00\x00c\x01\x002\x00\x01\xbd\x002\x00\x00\xcc\x00b\x00\x02\xdf\x00\x12\x00\x01\x02\x01\xa2'),
                            bytearray(b'\n\x02\x0b\x02\x0c\x02\n\x02\x0b\x02\x0c\x02\n\x02\x0b\x02\x0c\x02\n\n\r\x00\x02\x00\x02\x0e\x02\x0f\x02\x10\x02\x11'),
                            None,
                            None,
                        ], is_16bit=False, y_plus=0, y_minus=0, x=128, y=127),
                        Tile(mirror=False, invert=False, format=0, length=5, subtile_bytes=[
                            bytearray(b'\xdf\x002\x02\x00\x02\x01\x82\x01\x00\x15\x01R\x01\xffF\x012\x00\xffc\x01\x00\x12\x05\x0c\x00\xa5\x00\x06\x13 '),
                            bytearray(b'\x00b\xf4\x02\xdf\x00\x12\xf5\x04\x02\x01"\xf8\x06\t\x01\x82\x00\x00\x15\x012\x01\x01F\x01"\x04\xffV\x012'),
                            None,
                            None,
                        ], is_16bit=False, y_plus=0, y_minus=0, x=112, y=127),
                        Tile(mirror=False, invert=False, format=0, length=6, subtile_bytes=[
                            None,
                            bytearray(b'\x03\x02\x01"\x00\x01\t\x01\x82\x01\x00\x15\x01R\x00\x00F\x012\xfc\x00c\x01\x002\x00\x01\xbd\x002\x00\x00'),
                            bytearray(b'\x002\x05\x08\xbd\x002\xeb\x06\xcc\x00b\xe6\x07\xdf\x00\x12\xed\x08\x02\x01"\xf5\t\t\x01\x82\x00\x00\x15\x012'),
                            bytearray(b'\x00\x00F\x012\xf6\x00c\x01\x00b\xff\x01\xbd\x00b\x00\xff\xdf\x00\x12\x00\x00\x02\x01"\xfe\x00\t\x01\x82\xff'),
                        ], is_16bit=False, y_plus=0, y_minus=0, x=128, y=111),
                        Tile(mirror=False, invert=False, format=0, length=6, subtile_bytes=[
                            bytearray(b'2\xf9\x00c\x01\x00b\x00\x00\xbd\x00b\x00\n\xdf\x00\x12\x00\x07\x02\x01"\x00\x03\t\x01\x82\xff\x00\x15\x01R'),
                            None,
                            bytearray(b'\xffV\x012\xfa\x00c\x01\x002\x01\x04\xbd\x002\xf9\x00\x00\x02b\xf7\x01\xdf\x00\x12\xf6\x02\x02\x01"\xf9\x04'),
                            bytearray(b'\x01"\xfa\x01\t\x01\x82\x00\x00\x15\x012\x00\x02F\x01"\x01\x00V\x012\xfd\x00,\x02\x002\x00\x03\xbd\x00'),
                        ], is_16bit=False, y_plus=0, y_minus=0, x=112, y=111),
                        Tile(mirror=False, invert=False, format=0, length=7, subtile_bytes=[
                            bytearray(b'\xfa\n\xbd\x002\xf3\x08\xcc\x00b\xf4\r\xdf\x00\x12\xf5\n\x02\x01"\xf6\n\t\x01\x82\xf9\x08\x15\x012\xf9\x06'),
                            bytearray(b'V\x012\x02\x00,\x02\x002\x00\x01\xbd\x002\xfe\x00\xcc\x00b\x00\xff\xdf\x002\x00\x00\x02\x01\x82\xff\x00\x15'),
                            bytearray(b'\xdfS{s2\x11\xff\xf0\x00\x12\x0b\xfe\x02\x01"\x0b\x00\t\x01\x82\x01\x00\x15\x012\x02\xfeF\x01"\xfe\xfd'),
                            bytearray(b'\x00\x01\xbd\x002\xfe\x00\xcc\x00b\xfc\x00\xdf\x00\x12\xfd\x00\x02\x01"\xfe\x00\t\x01\x82\x00\x00\x15\x012\x00\x01'),
                        ], is_16bit=False, y_plus=0, y_minus=0, x=120, y=103),
                    ]
                ),
                Mold(21, gridplane=False,
                    tiles=[
                        Tile(mirror=False, invert=False, format=0, length=7, subtile_bytes=[
                            bytearray(b'\x01\x0c\x04p\xf0\n\x13\x0f\x12\xf0\xe8\x02\x0e\x08\r\n\xf0\xe8\xf2\x05\x11\x0b\x03\xc0\x04\xe5\x94\x8f\xf0\xf4\xe5\xa6'),
                            bytearray(b'\xdf\x04\x00\x00\xc0\x0c\xf9\x94\x8f\xf0\xfc\xf9\xa6\x9f\x90\x9e\xc0\xff\r\x94\x8f\xf0\xef\r\xa6\x9f\x90\x9e\xc0\xf8\xd3\x1c'),
                            bytearray(b'\x00\xc0\xfb\x11\x8c\x99\xf0\xeb\x11\x92\x91\x97\x8dr\xfd\x06\xe5\x00"\xdb\xf2\xcd\x00"\xe3\xfa\xcd\x00"\xfe\x04)'),
                            bytearray(b'\xea\x01"\xe7\x1d\xcd\x00r\xfa\r\xe5\x00"\xd5\xf8\xcd\x00"\xe4\x15\x0f\x02"\xfb\t)\x01r\xf8\x075\x01'),
                        ], is_16bit=False, y_plus=0, y_minus=0, x=107, y=351),
                        Tile(mirror=False, invert=False, format=0, length=7, subtile_bytes=[
                            bytearray(b'\x00\x00\x00\x1a\x00\xff\xff#\x00,\x00_\x00\x9c\x00\x00\x00\x08\x00\n\x01\x08\x00\n\x02\x00\x02\x00\x02\x03\x04\x04'),
                            bytearray(b'\x00\x00\t\x012\x00\x01F\x01"\xff\x00V\x012\xfe\x00c\x01\x00b\x00\x00\xbd\x00b\x00\x04\xdf\x00\x12\x00'),
                            bytearray(b'"\x01\x00V\x012\x00\x00c\x01\x002\x00\x01\xbd\x002\x00\x00\xcc\x00b\x00\x02\xdf\x00\x12\x00\x01\x02\x01\xa2'),
                            bytearray(b'\n\x02\x0b\x02\x0c\x02\n\x02\x0b\x02\x0c\x02\n\x02\x0b\x02\x0c\x02\n\n\r\x00\x02\x00\x02\x0e\x02\x0f\x02\x10\x02\x11'),
                        ], is_16bit=False, y_plus=0, y_minus=0, x=128, y=119),
                        Tile(mirror=False, invert=False, format=0, length=7, subtile_bytes=[
                            bytearray(b'\x00\xbd\x002\xf8\x00\xcc\x00b\xfd\xfc\xdf\x00\x12\xfd\x00\x02\x01\xf2\x00\x00\t\x012\x00\x00c\x01\x002\x00\x01'),
                            bytearray(b'F\x01"\xfd\x08V\x012\xf5\tc\x01\x002\xfa\x10\xbd\x002\xee\x13\xcc\x00b\xea\x1c\xdf\x00\x12\xeb\x1a\x02'),
                            bytearray(b'\xdf\x002\x02\x00\x02\x01\x82\x01\x00\x15\x01R\x01\xffF\x012\x00\xffc\x01\x00\x12\x05\x0c\x00\xa5\x00\x06\x13 '),
                            bytearray(b'\x00b\xf4\x02\xdf\x00\x12\xf5\x04\x02\x01"\xf8\x06\t\x01\x82\x00\x00\x15\x012\x01\x01F\x01"\x04\xffV\x012'),
                        ], is_16bit=False, y_plus=0, y_minus=0, x=112, y=119),
                        Tile(mirror=False, invert=False, format=0, length=6, subtile_bytes=[
                            bytearray(b'\xa0\x00\xf4}8\xf0\x08\xfc:C\x80_\xf0\xf8\xfcPR[tb\xfe\x00\xdf\x002\xff\x00\x02\x01\x82\x00\x00'),
                            None,
                            bytearray(b'r\xfa\x05\xdf\x00"\xfa\x04\t\x01\x82\xfc\x04\x15\x012\xfc\x03F\x01"\xfe\x04V\x012\xfa\x05c\x01\x002'),
                            bytearray(b'F\x01"\x01\xffV\x012\xfe\x00c\x01\x002\x00\x02\xbd\x002\xfd\x00\x00\x02b\xfb\x00\xdf\x00\x12\xfa\x00\x02'),
                        ], is_16bit=False, y_plus=0, y_minus=0, x=128, y=103),
                        Tile(mirror=False, invert=False, format=0, length=7, subtile_bytes=[
                            bytearray(b'\xcc\x00b\x00\x06\xdf\x00\x12\x00\x05\x02\x01"\x00\x02\t\x01\x82\x00\x00\x15\x012\x00\x01F\x01"\x01\x00V\x01'),
                            bytearray(b'\x02\x12\x02\x0f\x02\x10\x02\x11\x02\x12\x02\x0f\x02\x10\x02\x11\x02\x12\x00\x02\x0f\x02\x10\x02\x11\x02\x12\x00\xcd\x00\x7f\x01'),
                            bytearray(b'\x02\x12\x02\x0f\x02\x10\x02\x11\x02\x12\x02\x0f\x02\x10\x02\x11\x02\x12\x02\x0f\x02\x10\x02\x11\x02\x12\x02\x0f\x02\x10\x02\x11'),
                            bytearray(b'\xf5\x00c\x01\x002\x03\x06\xbd\x002\xf3\x00\x00\x02b\xf1\x03\xdf\x00\x12\xf3\x05\x02\x01"\xf7\x07\t\x01\x82\x00'),
                        ], is_16bit=False, y_plus=0, y_minus=0, x=112, y=103),
                    ]
                ),
                Mold(22, gridplane=False,
                    tiles=[
                        Tile(mirror=False, invert=False, format=0, length=7, subtile_bytes=[
                            bytearray(b'\x01\x0c\x04p\xf0\n\x13\x0f\x12\xf0\xe8\x02\x0e\x08\r\n\xf0\xe8\xf2\x05\x11\x0b\x03\xc0\x04\xe5\x94\x8f\xf0\xf4\xe5\xa6'),
                            bytearray(b'\xdf\x04\x00\x00\xc0\x0c\xf9\x94\x8f\xf0\xfc\xf9\xa6\x9f\x90\x9e\xc0\xff\r\x94\x8f\xf0\xef\r\xa6\x9f\x90\x9e\xc0\xf8\xd3\x1c'),
                            bytearray(b'\x00\xc0\xfb\x11\x8c\x99\xf0\xeb\x11\x92\x91\x97\x8dr\xfd\x06\xe5\x00"\xdb\xf2\xcd\x00"\xe3\xfa\xcd\x00"\xfe\x04)'),
                            bytearray(b'\xea\x01"\xe7\x1d\xcd\x00r\xfa\r\xe5\x00"\xd5\xf8\xcd\x00"\xe4\x15\x0f\x02"\xfb\t)\x01r\xf8\x075\x01'),
                        ], is_16bit=False, y_plus=0, y_minus=0, x=134, y=109),
                        Tile(mirror=False, invert=False, format=0, length=7, subtile_bytes=[
                            bytearray(b'\x00\x00\x00\x1a\x00\xff\xff#\x00,\x00_\x00\x9c\x00\x00\x00\x08\x00\n\x01\x08\x00\n\x02\x00\x02\x00\x02\x03\x04\x04'),
                            bytearray(b'\x00\x00\t\x012\x00\x01F\x01"\xff\x00V\x012\xfe\x00c\x01\x00b\x00\x00\xbd\x00b\x00\x04\xdf\x00\x12\x00'),
                            bytearray(b'"\x01\x00V\x012\x00\x00c\x01\x002\x00\x01\xbd\x002\x00\x00\xcc\x00b\x00\x02\xdf\x00\x12\x00\x01\x02\x01\xa2'),
                            bytearray(b'\n\x02\x0b\x02\x0c\x02\n\x02\x0b\x02\x0c\x02\n\x02\x0b\x02\x0c\x02\n\n\r\x00\x02\x00\x02\x0e\x02\x0f\x02\x10\x02\x11'),
                        ], is_16bit=False, y_plus=0, y_minus=0, x=128, y=119),
                        Tile(mirror=False, invert=False, format=0, length=7, subtile_bytes=[
                            bytearray(b'\x00\xbd\x002\xf8\x00\xcc\x00b\xfd\xfc\xdf\x00\x12\xfd\x00\x02\x01\xf2\x00\x00\t\x012\x00\x00c\x01\x002\x00\x01'),
                            bytearray(b'F\x01"\xfd\x08V\x012\xf5\tc\x01\x002\xfa\x10\xbd\x002\xee\x13\xcc\x00b\xea\x1c\xdf\x00\x12\xeb\x1a\x02'),
                            bytearray(b'\xdf\x002\x02\x00\x02\x01\x82\x01\x00\x15\x01R\x01\xffF\x012\x00\xffc\x01\x00\x12\x05\x0c\x00\xa5\x00\x06\x13 '),
                            bytearray(b'\x00b\xf4\x02\xdf\x00\x12\xf5\x04\x02\x01"\xf8\x06\t\x01\x82\x00\x00\x15\x012\x01\x01F\x01"\x04\xffV\x012'),
                        ], is_16bit=False, y_plus=0, y_minus=0, x=112, y=119),
                        Tile(mirror=False, invert=False, format=0, length=6, subtile_bytes=[
                            bytearray(b'\xa0\x00\xf4}8\xf0\x08\xfc:C\x80_\xf0\xf8\xfcPR[tb\xfe\x00\xdf\x002\xff\x00\x02\x01\x82\x00\x00'),
                            None,
                            bytearray(b'r\xfa\x05\xdf\x00"\xfa\x04\t\x01\x82\xfc\x04\x15\x012\xfc\x03F\x01"\xfe\x04V\x012\xfa\x05c\x01\x002'),
                            bytearray(b'F\x01"\x01\xffV\x012\xfe\x00c\x01\x002\x00\x02\xbd\x002\xfd\x00\x00\x02b\xfb\x00\xdf\x00\x12\xfa\x00\x02'),
                        ], is_16bit=False, y_plus=0, y_minus=0, x=128, y=103),
                        Tile(mirror=False, invert=False, format=0, length=7, subtile_bytes=[
                            bytearray(b'\xcc\x00b\x00\x06\xdf\x00\x12\x00\x05\x02\x01"\x00\x02\t\x01\x82\x00\x00\x15\x012\x00\x01F\x01"\x01\x00V\x01'),
                            bytearray(b'\x02\x12\x02\x0f\x02\x10\x02\x11\x02\x12\x02\x0f\x02\x10\x02\x11\x02\x12\x00\x02\x0f\x02\x10\x02\x11\x02\x12\x00\xcd\x00\x7f\x01'),
                            bytearray(b'\x02\x12\x02\x0f\x02\x10\x02\x11\x02\x12\x02\x0f\x02\x10\x02\x11\x02\x12\x02\x0f\x02\x10\x02\x11\x02\x12\x02\x0f\x02\x10\x02\x11'),
                            bytearray(b'\xf5\x00c\x01\x002\x03\x06\xbd\x002\xf3\x00\x00\x02b\xf1\x03\xdf\x00\x12\xf3\x05\x02\x01"\xf7\x07\t\x01\x82\x00'),
                        ], is_16bit=False, y_plus=0, y_minus=0, x=112, y=103),
                    ]
                ),
                Mold(23, gridplane=False,
                    tiles=[
                        Tile(mirror=False, invert=False, format=0, length=7, subtile_bytes=[
                            bytearray(b'\x01\x0c\x04p\xf0\n\x13\x0f\x12\xf0\xe8\x02\x0e\x08\r\n\xf0\xe8\xf2\x05\x11\x0b\x03\xc0\x04\xe5\x94\x8f\xf0\xf4\xe5\xa6'),
                            bytearray(b'\xdf\x04\x00\x00\xc0\x0c\xf9\x94\x8f\xf0\xfc\xf9\xa6\x9f\x90\x9e\xc0\xff\r\x94\x8f\xf0\xef\r\xa6\x9f\x90\x9e\xc0\xf8\xd3\x1c'),
                            bytearray(b'\x00\xc0\xfb\x11\x8c\x99\xf0\xeb\x11\x92\x91\x97\x8dr\xfd\x06\xe5\x00"\xdb\xf2\xcd\x00"\xe3\xfa\xcd\x00"\xfe\x04)'),
                            bytearray(b'\xea\x01"\xe7\x1d\xcd\x00r\xfa\r\xe5\x00"\xd5\xf8\xcd\x00"\xe4\x15\x0f\x02"\xfb\t)\x01r\xf8\x075\x01'),
                        ], is_16bit=False, y_plus=0, y_minus=0, x=134, y=360),
                        Tile(mirror=False, invert=False, format=0, length=5, subtile_bytes=[
                            bytearray(b'"\x01\x00V\x012\x00\x00c\x01\x002\x00\x01\xbd\x002\x00\x00\xcc\x00b\x00\x02\xdf\x00\x12\x00\x01\x02\x01\xa2'),
                            bytearray(b'\n\x02\x0b\x02\x0c\x02\n\x02\x0b\x02\x0c\x02\n\x02\x0b\x02\x0c\x02\n\n\r\x00\x02\x00\x02\x0e\x02\x0f\x02\x10\x02\x11'),
                            None,
                            None,
                        ], is_16bit=False, y_plus=0, y_minus=0, x=128, y=127),
                        Tile(mirror=False, invert=False, format=0, length=5, subtile_bytes=[
                            bytearray(b'\xdf\x002\x02\x00\x02\x01\x82\x01\x00\x15\x01R\x01\xffF\x012\x00\xffc\x01\x00\x12\x05\x0c\x00\xa5\x00\x06\x13 '),
                            bytearray(b'\x00b\xf4\x02\xdf\x00\x12\xf5\x04\x02\x01"\xf8\x06\t\x01\x82\x00\x00\x15\x012\x01\x01F\x01"\x04\xffV\x012'),
                            None,
                            None,
                        ], is_16bit=False, y_plus=0, y_minus=0, x=112, y=127),
                        Tile(mirror=False, invert=False, format=0, length=6, subtile_bytes=[
                            None,
                            bytearray(b'\x03\x02\x01"\x00\x01\t\x01\x82\x01\x00\x15\x01R\x00\x00F\x012\xfc\x00c\x01\x002\x00\x01\xbd\x002\x00\x00'),
                            bytearray(b'\x002\x05\x08\xbd\x002\xeb\x06\xcc\x00b\xe6\x07\xdf\x00\x12\xed\x08\x02\x01"\xf5\t\t\x01\x82\x00\x00\x15\x012'),
                            bytearray(b'\x00\x00F\x012\xf6\x00c\x01\x00b\xff\x01\xbd\x00b\x00\xff\xdf\x00\x12\x00\x00\x02\x01"\xfe\x00\t\x01\x82\xff'),
                        ], is_16bit=False, y_plus=0, y_minus=0, x=128, y=111),
                        Tile(mirror=False, invert=False, format=0, length=6, subtile_bytes=[
                            bytearray(b'2\xf9\x00c\x01\x00b\x00\x00\xbd\x00b\x00\n\xdf\x00\x12\x00\x07\x02\x01"\x00\x03\t\x01\x82\xff\x00\x15\x01R'),
                            None,
                            bytearray(b'\xffV\x012\xfa\x00c\x01\x002\x01\x04\xbd\x002\xf9\x00\x00\x02b\xf7\x01\xdf\x00\x12\xf6\x02\x02\x01"\xf9\x04'),
                            bytearray(b'\x01"\xfa\x01\t\x01\x82\x00\x00\x15\x012\x00\x02F\x01"\x01\x00V\x012\xfd\x00,\x02\x002\x00\x03\xbd\x00'),
                        ], is_16bit=False, y_plus=0, y_minus=0, x=112, y=111),
                        Tile(mirror=False, invert=False, format=0, length=7, subtile_bytes=[
                            bytearray(b'\xfa\n\xbd\x002\xf3\x08\xcc\x00b\xf4\r\xdf\x00\x12\xf5\n\x02\x01"\xf6\n\t\x01\x82\xf9\x08\x15\x012\xf9\x06'),
                            bytearray(b'V\x012\x02\x00,\x02\x002\x00\x01\xbd\x002\xfe\x00\xcc\x00b\x00\xff\xdf\x002\x00\x00\x02\x01\x82\xff\x00\x15'),
                            bytearray(b'\xdfS{s2\x11\xff\xf0\x00\x12\x0b\xfe\x02\x01"\x0b\x00\t\x01\x82\x01\x00\x15\x012\x02\xfeF\x01"\xfe\xfd'),
                            bytearray(b'\x00\x01\xbd\x002\xfe\x00\xcc\x00b\xfc\x00\xdf\x00\x12\xfd\x00\x02\x01"\xfe\x00\t\x01\x82\x00\x00\x15\x012\x00\x01'),
                        ], is_16bit=False, y_plus=0, y_minus=0, x=120, y=103),
                    ]
                ),
                Mold(24, gridplane=False,
                    tiles=[
                        Tile(mirror=False, invert=False, format=0, length=7, subtile_bytes=[
                            bytearray(b'\x01\x0c\x04p\xf0\n\x13\x0f\x12\xf0\xe8\x02\x0e\x08\r\n\xf0\xe8\xf2\x05\x11\x0b\x03\xc0\x04\xe5\x94\x8f\xf0\xf4\xe5\xa6'),
                            bytearray(b'\xdf\x04\x00\x00\xc0\x0c\xf9\x94\x8f\xf0\xfc\xf9\xa6\x9f\x90\x9e\xc0\xff\r\x94\x8f\xf0\xef\r\xa6\x9f\x90\x9e\xc0\xf8\xd3\x1c'),
                            bytearray(b'\x00\xc0\xfb\x11\x8c\x99\xf0\xeb\x11\x92\x91\x97\x8dr\xfd\x06\xe5\x00"\xdb\xf2\xcd\x00"\xe3\xfa\xcd\x00"\xfe\x04)'),
                            bytearray(b'\xea\x01"\xe7\x1d\xcd\x00r\xfa\r\xe5\x00"\xd5\xf8\xcd\x00"\xe4\x15\x0f\x02"\xfb\t)\x01r\xf8\x075\x01'),
                        ], is_16bit=False, y_plus=0, y_minus=0, x=134, y=351),
                        Tile(mirror=False, invert=False, format=0, length=5, subtile_bytes=[
                            bytearray(b'\xdf\x002\x02\x00\x02\x01\x82\x01\x00\x15\x01R\x01\xffF\x012\x00\xffc\x01\x00\x12\x05\x0c\x00\xa5\x00\x06\x13 '),
                            bytearray(b'\x00b\xf4\x02\xdf\x00\x12\xf5\x04\x02\x01"\xf8\x06\t\x01\x82\x00\x00\x15\x012\x01\x01F\x01"\x04\xffV\x012'),
                            None,
                            None,
                        ], is_16bit=False, y_plus=0, y_minus=0, x=112, y=127),
                        Tile(mirror=False, invert=False, format=0, length=7, subtile_bytes=[
                            bytearray(b'\xbd\x00\xa0\x06\xf4}8\xf0\x0e\xfc:CX_\x12\x06\x00\x0c\x02\x80\x11\xdfF\xf0\t\xcf>odB\xe0\x01'),
                            bytearray(b'\x01"\xf1\x13\t\x01\x82\xf4\r\x15\x012\xf4\x05F\x01"\xfc\x0cV\x012\xed\x0cc\x01\x002\x00\x01\xbd\x00'),
                            bytearray(b'"\x01\x00V\x012\x00\x00c\x01\x002\x00\x01\xbd\x002\x00\x00\xcc\x00b\x00\x02\xdf\x00\x12\x00\x01\x02\x01\xa2'),
                            bytearray(b'\n\x02\x0b\x02\x0c\x02\n\x02\x0b\x02\x0c\x02\n\x02\x0b\x02\x0c\x02\n\n\r\x00\x02\x00\x02\x0e\x02\x0f\x02\x10\x02\x11'),
                        ], is_16bit=False, y_plus=0, y_minus=0, x=128, y=119),
                        Tile(mirror=False, invert=False, format=0, length=6, subtile_bytes=[
                            bytearray(b'\xfe\x00\x02\x01"\x00\x00\t\x01\x82\x01\x00\x15\x012\x00\x01F\x01"\xff\x00V\x012\x00\x00c\x01\x002\x00'),
                            None,
                            bytearray(b'\x00\x15\x012\xff\xffF\x01"\x00\x00V\x012\xfe\x00c\x01\x002\x01\xff\xbd\x002\x00\xff\xcc\x00b\x02\x01'),
                            bytearray(b'\xbd\x002\xf5\x00\x00\x02b\xf9\xfc\xdf\x00\x12\xfb\xff\x02\x01"\x00\x00\t\x01\x82\xff\x00\x15\x012\x00\x01F\x01'),
                        ], is_16bit=False, y_plus=0, y_minus=0, x=112, y=111),
                        Tile(mirror=False, invert=False, format=0, length=5, subtile_bytes=[
                            bytearray(b'\x12\xff\x00\x02\x01\xf2\x00\x00\t\x012\x00\x00c\x01\x002\x00\x01\xbd\x002\xfa\x00\xcc\x00b\xff\xfd\xdf\x00\x12'),
                            None,
                            bytearray(b'\x0c\x02\x01"\xf4\n\t\x01\x82\x00\x00\x15\x012\x04\xffF\x01"\x07\x00V\x012\xee\x02c\x01\x002\x03\xff'),
                            None,
                        ], is_16bit=False, y_plus=0, y_minus=0, x=136, y=103),
                        Tile(mirror=False, invert=False, format=0, length=7, subtile_bytes=[
                            bytearray(b'\x04\xffF\x01"\x07\x00V\x012\xee\x02c\x01\x002\x05\x08\xbd\x002\xeb\x06\xcc\x00b\xdf\x11\xdf\x00\x12\xeb'),
                            bytearray(b'\x012\x00\x01F\x01"\x01\x00V\x012\x00\x00c\x01\x002\x00\x00\xbd\x002\xfc\x00\xcc\x00b\x00\xfe\xdf\x00'),
                            bytearray(b'\x15\x012\x00\x01F\x01"\x01\x00V\x01\xa0\xf7\xe5NU\xf0\xff\xedbhX=p\xef\xed\x87\x84\x85\x002'),
                            bytearray(b'\xdf\x00\x12\xf1\x06\x02\x01"\xf6\x08\t\x01\x82\x00\x00\x15\x012\x03\x00F\x01"\x06\xffV\x012\xf0\x00c\x01'),
                        ], is_16bit=False, y_plus=0, y_minus=0, x=120, y=103),
                    ]
                ),
                Mold(25, gridplane=True,
                    tiles=[
                        Tile(mirror=False, invert=False, format=3, length=17, subtile_bytes=[
                            None,
                            bytearray(b'\xfa\n\xbd\x002\xf3\x08\xcc\x00b\xf4\r\xdf\x00\x12\xf5\n\x02\x01"\xf6\n\t\x01\x82\xf9\x08\x15\x012\xf9\x06'),
                            bytearray(b'V\x012\x02\x00,\x02\x002\x00\x01\xbd\x002\xfe\x00\xcc\x00b\x00\xff\xdf\x002\x00\x00\x02\x01\x82\xff\x00\x15'),
                            None,
                            bytearray(b'"\xee\xf0\xcd\x00\x12\xf7\x06l\x01"\xfa\x05r\x01\x00"\xe4\x0f\xcd\x00"\xe71\x0f\x02\x80\xe5\xfa\x98\xc0\xe5'),
                            bytearray(b'\xdfS{s2\x11\xff\xf0\x00\x12\x0b\xfe\x02\x01"\x0b\x00\t\x01\x82\x01\x00\x15\x012\x02\xfeF\x01"\xfe\xfd'),
                            bytearray(b'\x00\x01\xbd\x002\xfe\x00\xcc\x00b\xfc\x00\xdf\x00\x12\xfd\x00\x02\x01"\xfe\x00\t\x01\x82\x00\x00\x15\x012\x00\x01'),
                            bytearray(b'\xffl\x01"\x01\x01r\x01\x00"\x00\xff\xcd\x00"\xf3\x15\xcd\x00r\xff\xff\xe5\x00"\xdf\xef\xcd\x00"\xe7\xf4'),
                            bytearray(b'\x00\xbd\x002\xf8\x00\xcc\x00b\xfd\xfc\xdf\x00\x12\xfd\x00\x02\x01\xf2\x00\x00\t\x012\x00\x00c\x01\x002\x00\x01'),
                            bytearray(b'\x01"\xfa\x01\t\x01\x82\x00\x00\x15\x012\x00\x02F\x01"\x01\x00V\x012\xfd\x00,\x02\x002\x00\x03\xbd\x00'),
                            bytearray(b'\x002\x05\x08\xbd\x002\xeb\x06\xcc\x00b\xe6\x07\xdf\x00\x12\xed\x08\x02\x01"\xf5\t\t\x01\x82\x00\x00\x15\x012'),
                            bytearray(b'\x01"\xf1\x13\t\x01\x82\xf4\r\x15\x012\xf4\x05F\x01"\xfc\x0cV\x012\xed\x0cc\x01\x002\x00\x01\xbd\x00'),
                            bytearray(b'\xdf\x002\x02\x00\x02\x01\x82\x01\x00\x15\x01R\x01\xffF\x012\x00\xffc\x01\x00\x12\x05\x0c\x00\xa5\x00\x06\x13 '),
                            bytearray(b'\x00b\xf4\x02\xdf\x00\x12\xf5\x04\x02\x01"\xf8\x06\t\x01\x82\x00\x00\x15\x012\x01\x01F\x01"\x04\xffV\x012'),
                            bytearray(b'"\x01\x00V\x012\x00\x00c\x01\x002\x00\x01\xbd\x002\x00\x00\xcc\x00b\x00\x02\xdf\x00\x12\x00\x01\x02\x01\xa2'),
                            bytearray(b'\n\x02\x0b\x02\x0c\x02\n\x02\x0b\x02\x0c\x02\n\x02\x0b\x02\x0c\x02\n\n\r\x00\x02\x00\x02\x0e\x02\x0f\x02\x10\x02\x11'),
                        ], is_16bit=False, y_plus=1, y_minus=0, x=0, y=0),
                    ]
                ),
                Mold(26, gridplane=True,
                    tiles=[
                        Tile(mirror=False, invert=False, format=3, length=17, subtile_bytes=[
                            None,
                            bytearray(b'\x04\xffF\x01"\x07\x00V\x012\xee\x02c\x01\x002\x05\x08\xbd\x002\xeb\x06\xcc\x00b\xdf\x11\xdf\x00\x12\xeb'),
                            bytearray(b'\x012\x00\x01F\x01"\x01\x00V\x012\x00\x00c\x01\x002\x00\x00\xbd\x002\xfc\x00\xcc\x00b\x00\xfe\xdf\x00'),
                            None,
                            bytearray(b'"\xee\xf0\xcd\x00\x12\xf7\x06l\x01"\xfa\x05r\x01\x00"\xe4\x0f\xcd\x00"\xe71\x0f\x02\x80\xe5\xfa\x98\xc0\xe5'),
                            bytearray(b'\xb2\x01\xe5\x01&\x02Y\x02\xa1\x02\xd4\x02\x02\x035\x03c\x03\x96\x03\xc9\x03\xfc\x03;\x04Z\x04\x83\x04\xac\x04'),
                            bytearray(b'\xdf\x00\x12\xf1\x06\x02\x01"\xf6\x08\t\x01\x82\x00\x00\x15\x012\x03\x00F\x01"\x06\xffV\x012\xf0\x00c\x01'),
                            bytearray(b'\xcd\x00"\xff\x01)\x01r\xff\x005\x01"\xf8\xed\xcd\x00\x12\xff\x01l\x01"\xff\xffr\x01\x00"\xfd\x06\xcd'),
                            bytearray(b'\x00\xbd\x002\xf8\x00\xcc\x00b\xfd\xfc\xdf\x00\x12\xfd\x00\x02\x01\xf2\x00\x00\t\x012\x00\x00c\x01\x002\x00\x01'),
                            bytearray(b'\x01r\xfd\x035\x01\xc0\x01\xe7\xa0\x9d\xf0\xf1\xe7\x8b\xa2\x8e\xa4\x12\xfb\x02l\x01"\xfd\x02r\x01\x00"\x05\xef'),
                            bytearray(b'\xbd\x00\xa0\x06\xf4}8\xf0\x0e\xfc:CX_\x12\x06\x00\x0c\x02\x80\x11\xdfF\xf0\t\xcf>odB\xe0\x01'),
                            bytearray(b'\x01"\xf1\x13\t\x01\x82\xf4\r\x15\x012\xf4\x05F\x01"\xfc\x0cV\x012\xed\x0cc\x01\x002\x00\x01\xbd\x00'),
                            bytearray(b'\xdf\x002\x02\x00\x02\x01\x82\x01\x00\x15\x01R\x01\xffF\x012\x00\xffc\x01\x00\x12\x05\x0c\x00\xa5\x00\x06\x13 '),
                            bytearray(b'\x00b\xf4\x02\xdf\x00\x12\xf5\x04\x02\x01"\xf8\x06\t\x01\x82\x00\x00\x15\x012\x01\x01F\x01"\x04\xffV\x012'),
                            bytearray(b'"\x01\x00V\x012\x00\x00c\x01\x002\x00\x01\xbd\x002\x00\x00\xcc\x00b\x00\x02\xdf\x00\x12\x00\x01\x02\x01\xa2'),
                            bytearray(b'\n\x02\x0b\x02\x0c\x02\n\x02\x0b\x02\x0c\x02\n\x02\x0b\x02\x0c\x02\n\n\r\x00\x02\x00\x02\x0e\x02\x0f\x02\x10\x02\x11'),
                        ], is_16bit=False, y_plus=1, y_minus=0, x=0, y=0),
                    ]
                ),
                Mold(27, gridplane=True,
                    tiles=[
                        Tile(mirror=False, invert=False, format=3, length=17, subtile_bytes=[
                            None,
                            bytearray(b'\x02\x12\x02\x0f\x02\x10\x02\x11\x02\x12\x02\x0f\x02\x10\x02\x11\x02\x12\x00\x02\x0f\x02\x10\x02\x11\x02\x12\x00\xcd\x00\x7f\x01'),
                            bytearray(b'\xa0\x00\xf4}8\xf0\x08\xfc:C\x80_\xf0\xf8\xfcPR[tb\xfe\x00\xdf\x002\xff\x00\x02\x01\x82\x00\x00'),
                            None,
                            bytearray(b'\xea\xa3\xa5\xb0\xd5\xf2\x1a\x96\x9a\xd0\xd5\xe2\x1e\x14\x9bB\xed\x17\xf7\x00"\xcf\xfd\xcd\x00"\xde\x1a\x0f\x02"\xf5'),
                            bytearray(b'\xf5\x00c\x01\x002\x03\x06\xbd\x002\xf3\x00\x00\x02b\xf1\x03\xdf\x00\x12\xf3\x05\x02\x01"\xf7\x07\t\x01\x82\x00'),
                            bytearray(b'r\xfa\x05\xdf\x00"\xfa\x04\t\x01\x82\xfc\x04\x15\x012\xfc\x03F\x01"\xfe\x04V\x012\xfa\x05c\x01\x002'),
                            bytearray(b'\xffl\x01"\x01\x01r\x01\x00"\x00\xff\xcd\x00"\xf3\x15\xcd\x00r\xff\xff\xe5\x00"\xdf\xef\xcd\x00"\xe7\xf4'),
                            bytearray(b'\x00\xbd\x002\xf8\x00\xcc\x00b\xfd\xfc\xdf\x00\x12\xfd\x00\x02\x01\xf2\x00\x00\t\x012\x00\x00c\x01\x002\x00\x01'),
                            bytearray(b'F\x01"\xfd\x08V\x012\xf5\tc\x01\x002\xfa\x10\xbd\x002\xee\x13\xcc\x00b\xea\x1c\xdf\x00\x12\xeb\x1a\x02'),
                            bytearray(b'\xc0\xeb\x03\x95\xa1\xf0\xdb\x03\x1f 0&`\x00\n"/\xc0\x08\xfa\x06-\xb0\xf8\x02\x07\t\x10\xf0\xf8\xf2\x02'),
                            bytearray(b'\x01"\xf1\x13\t\x01\x82\xf4\r\x15\x012\xf4\x05F\x01"\xfc\x0cV\x012\xed\x0cc\x01\x002\x00\x01\xbd\x00'),
                            bytearray(b'\xdf\x002\x02\x00\x02\x01\x82\x01\x00\x15\x01R\x01\xffF\x012\x00\xffc\x01\x00\x12\x05\x0c\x00\xa5\x00\x06\x13 '),
                            bytearray(b'\x00b\xf4\x02\xdf\x00\x12\xf5\x04\x02\x01"\xf8\x06\t\x01\x82\x00\x00\x15\x012\x01\x01F\x01"\x04\xffV\x012'),
                            bytearray(b'"\x01\x00V\x012\x00\x00c\x01\x002\x00\x01\xbd\x002\x00\x00\xcc\x00b\x00\x02\xdf\x00\x12\x00\x01\x02\x01\xa2'),
                            bytearray(b'\n\x02\x0b\x02\x0c\x02\n\x02\x0b\x02\x0c\x02\n\x02\x0b\x02\x0c\x02\n\n\r\x00\x02\x00\x02\x0e\x02\x0f\x02\x10\x02\x11'),
                        ], is_16bit=False, y_plus=1, y_minus=0, x=0, y=0),
                    ]
                ),
            ],
            sequences=[
                AnimationSequence(
                    frames=[
                        AnimationSequenceFrame(duration=4, mold_id=0),
                        AnimationSequenceFrame(duration=4, mold_id=1),
                        AnimationSequenceFrame(duration=4, mold_id=2),
                        AnimationSequenceFrame(duration=4, mold_id=3),
                        AnimationSequenceFrame(duration=4, mold_id=4),
                        AnimationSequenceFrame(duration=4, mold_id=5),
                        AnimationSequenceFrame(duration=4, mold_id=6),
                        AnimationSequenceFrame(duration=4, mold_id=7),
                    ]
                ),
                AnimationSequence(
                    frames=[
                        AnimationSequenceFrame(duration=4, mold_id=8),
                        AnimationSequenceFrame(duration=4, mold_id=9),
                        AnimationSequenceFrame(duration=4, mold_id=10),
                        AnimationSequenceFrame(duration=4, mold_id=11),
                        AnimationSequenceFrame(duration=4, mold_id=12),
                        AnimationSequenceFrame(duration=4, mold_id=13),
                        AnimationSequenceFrame(duration=4, mold_id=14),
                        AnimationSequenceFrame(duration=4, mold_id=15),
                    ]
                ),
                AnimationSequence(
                    frames=[
                        AnimationSequenceFrame(duration=8, mold_id=16),
                        AnimationSequenceFrame(duration=8, mold_id=17),
                        AnimationSequenceFrame(duration=8, mold_id=16),
                        AnimationSequenceFrame(duration=8, mold_id=18),
                    ]
                ),
                AnimationSequence(
                    frames=[
                        AnimationSequenceFrame(duration=8, mold_id=19),
                        AnimationSequenceFrame(duration=8, mold_id=20),
                        AnimationSequenceFrame(duration=8, mold_id=21),
                        AnimationSequenceFrame(duration=8, mold_id=20),
                    ]
                ),
                AnimationSequence(
                    frames=[
                        AnimationSequenceFrame(duration=8, mold_id=22),
                        AnimationSequenceFrame(duration=8, mold_id=23),
                        AnimationSequenceFrame(duration=8, mold_id=24),
                        AnimationSequenceFrame(duration=8, mold_id=23),
                    ]
                ),
                AnimationSequence(
                    frames=[
                        AnimationSequenceFrame(duration=8, mold_id=25),
                        AnimationSequenceFrame(duration=8, mold_id=26),
                        AnimationSequenceFrame(duration=8, mold_id=25),
                        AnimationSequenceFrame(duration=8, mold_id=27),
                    ]
                ),
            ]
        )
    ),
    palette_id=421,
    palette_offset=0,
    unknown_num=0
)
