# AUTOGENERATED DO NOT EDIT!!
# Run the following command if you need to rebuild the table
# python manage.py graphicsdisassembler --rom ROM
from randomizer.data.palettes import CompleteSprite, AnimationPack, AnimationPackProperties, AnimationSequence, AnimationSequenceFrame, Mold, Tile, Clone
sprite = CompleteSprite(
    animation=AnimationPack(311, length=644, unknown=0x0000,
        properties=AnimationPackProperties(vram_size=2048,
            molds=[
                Mold(0, gridplane=False,
                    tiles=[
                        Tile(mirror=False, invert=False, format=0, length=5, subtile_bytes=[
                            bytearray(b'\x00\x00\x90\x01B\xff\x01\x16\x01b\x00\x00+\x01r\x00\x01S\x01\x80\xe9\xea\xa1\x00"\xfe\x00\xca\x00B\x02\x00'),
                            bytearray(b'\x8d\x9d\xa0\xe6\x0b\x19\x1e\xd0\xe6\xfb\x15\x1c\x18\xb0\xde\xeb\x0e\x02$p\xd6\x03\x10\t%\xb0\xd6\xf3\x17(\x1b\xf0'),
                            None,
                            None,
                        ], is_16bit=False, y_plus=0, y_minus=0, x=129, y=149),
                        Tile(mirror=False, invert=False, format=0, length=7, subtile_bytes=[
                            bytearray(b'\x06\x16\xa0\xd3\xf7\x0f\x14B\x03\xff\xfa\x00b\x01\x01\x10\x01\x80\xf4\n\x9bB\x02\xfe<\x01b\x00\x00Q\x01r'),
                            bytearray(b'\x00\xca\x00\xf2\x00\x00\x1a\x01\xf0\xda\xd7\x08\x1a\x11\x0c\x00"\xff\x00\xca\x00B\x01\x00\xd4\x00b\x00\x00\xea\x00"'),
                            bytearray(b'k\x02"\x00\x00\xfb\x02B\xff\x00\x16\x01b\x00\x00+\x01r\xff\x00S\x01\x00\xf0\xc1\xfefohk\xf2\x00'),
                            bytearray(b'\xeb\xa1\x00"\xfd\x00\xca\x00B\x04\xff\xd4\x00b\x00\x00\xea\x00"\xfe\x00\x90\x01B\xfe\x02\x16\x01b\x00\x00+'),
                        ], is_16bit=False, y_plus=0, y_minus=0, x=129, y=133),
                        Tile(mirror=False, invert=False, format=0, length=7, subtile_bytes=[
                            bytearray(b'\xff\xff\xff\xff\x1d\x00J\x00\x83\x00\x00\x00\x02\x00\x00\x02\x00\x02\x01\x02\x02\x02\x03\x02\x04\x02\x05\x02\x06\x02\x07\x02'),
                            bytearray(b'\x05\x02\x06\x02\x07\x02\x08\x02\t\x02\n\x02\x0b\x02\x0c\x02\r\x02\x0e\x02\x0f\x06\x10\x02\x01\x02\x11\x02\x12\x02\x13\x06'),
                            bytearray(b'\x02\x19\x02\x1a\x02\x1b\x02\x1c\x02\x1d\x02\x1c\x02\x1b\x02\x1d\x02\x1b\x04\x1e\x00\x02\x00\x02\x01\x02\x02\x02\x03\x02\x04\x02'),
                            bytearray(b'\xf3\x17\x8c"\x00\x00\xea\x00\xf0\xde\xeb\x0e\x89\x02$p\xd6\x03\x10\x94%\x12\x00\x00\xae\x02\xf2\x00\x00\x0e\x01R'),
                        ], is_16bit=False, y_plus=0, y_minus=0, x=126, y=119),
                        Tile(mirror=False, invert=False, format=0, length=7, subtile_bytes=[
                            bytearray(b'\x01\xff\xfd\x01B\x00\xfe\xfa\x00b\x02\xfe\x10\x01"\x00\xff\x11\x02B\x00\x01<\x01b\x00\x00Q\x01r\xfe\xfd'),
                            bytearray(b'\x14\x00\xf0\x00\xa7\x01\xd2\x01\xfd\x01-\x02U\x02\x80\x02\xab\x02\xd7\x02\x03\x03*\x03y\x03\xb4\x03\xe4\x03\x0c\x04'),
                            bytearray(b'\x00\x00c\x01\x00"\x01\x00\xca\x00B\xff\x00\xd4\x00b\x00\x00\xea\x00\x80\xed\r\x9b\x80\xf2\x0c\x9bB\xff\x00\x16'),
                            bytearray(b'\xf8\xfby\x01\x80\xe4\xe5\xa1\x00\xc0\xd8\x01\x06\x16\xa0\xd3\xf8\x0f\x14B\x04\x00\xfa\x00b\x01\x02\x10\x01R\x03\xfc'),
                        ], is_16bit=False, y_plus=0, y_minus=0, x=123, y=110),
                        Tile(mirror=False, invert=False, format=0, length=7, subtile_bytes=[
                            bytearray(b'V\x04\x81\x04\xce\x04\x1b\x05J\x05y\x05\x9f\x05\xc6\x05\x03\x06>\x06i\x06\x94\x06\xbf\x06\xef\x06\x1a\x07E\x07'),
                            bytearray(b'\xce\xfb\x05\x0b\x1f\n\x80\xed\x0c\x9b\x80\xf2\r\x9b\x80\x07\x13\x84\xc0\x07\x03\x98{\xa0\xf7\x13\x8b\x99\xf0\xf7\x03\x8e'),
                            bytearray(b'\xeb\xea\xa1\x00"\x01\x00\xf0\x00B\xff\xff\xfa\x00b\x01\xff\x10\x01\x80\xed\r\x9b\x80\xf2\r\x9bB\xff\x01<\x01'),
                            bytearray(b'\xf0\xea\xdf\x07!\x12\'\xb0\xe2\xcf#& \xf0\xda\xd7\x08\x1a\x11\x0c\x80\xea\xea\xa1\x00"\x01\x00\xf0\x00B\xff'),
                        ], is_16bit=False, y_plus=0, y_minus=0, x=115, y=103),
                        Tile(mirror=False, invert=False, format=0, length=5, subtile_bytes=[
                            bytearray(b'\xa1\x00\xf0\xc4\xfenpej"\x01\x00\xca\x00B\xff\x00\xd4\x00\xc0\xce\xfbgl2\x00\x00\xea\x00"\x02\xfe'),
                            bytearray(b'\x02\x03\x02\x05\x02\x07\x02\t\x02\x0b\x02\r\x02\x0f\x02\x10\x06\x15\x08\x16\x06\x15\x08\x17\x06\x15\x08\x16\x06\x15\x02\x18'),
                            None,
                            None,
                        ], is_16bit=False, y_plus=0, y_minus=0, x=111, y=123),
                        Tile(mirror=False, invert=False, format=0, length=7, subtile_bytes=[
                            bytearray(b'\x01\x82\xff\x02S\x01\x00"\xfc\x00\xca\x00B\x06\xfe\xd4\x00b\x00\x00\xea\x00\x80\xea\n\x9b\x80\xee\x0e\x9bB\xfd'),
                            bytearray(b'\x82\x82st\xf0\xe8\xf0\x87r\x86}\x80\xfa\xef)\xc0\xfa\xdf\x03\x01\xf0\xf2\xcf*\x13\r\x1d\xa0\xea\xef\x04"'),
                            bytearray(b'\x08\x02\t\x02\n\x02\x0b\x02\x0c\x02\r\x02\x0e\x02\x0f\x06\x10\x02\x01\x02\x11\x02\x12\x02\x13\x06\x14\x00\x02\x00\x02\x01'),
                            bytearray(b'\x00\x00\xc0\xd9\x00\x06\x16\xa0\xd4\xf6\x0f\x14\xc0\xf5\xf8\x9f\x92\x90\xed\xe8\x95\x9a\xa0\xe5\x00\x91v\xf0\xe5\xf0\x96x'),
                        ], is_16bit=False, y_plus=0, y_minus=0, x=111, y=107),
                    ]
                ),
                Mold(1, gridplane=False,
                    tiles=[
                        Tile(mirror=False, invert=False, format=0, length=5, subtile_bytes=[
                            bytearray(b'\x00\x00\x90\x01B\xff\x01\x16\x01b\x00\x00+\x01r\x00\x01S\x01\x80\xe9\xea\xa1\x00"\xfe\x00\xca\x00B\x02\x00'),
                            bytearray(b'\x8d\x9d\xa0\xe6\x0b\x19\x1e\xd0\xe6\xfb\x15\x1c\x18\xb0\xde\xeb\x0e\x02$p\xd6\x03\x10\t%\xb0\xd6\xf3\x17(\x1b\xf0'),
                            None,
                            None,
                        ], is_16bit=False, y_plus=0, y_minus=0, x=131, y=401),
                        Tile(mirror=False, invert=False, format=0, length=7, subtile_bytes=[
                            bytearray(b'\x06\x16\xa0\xd3\xf7\x0f\x14B\x03\xff\xfa\x00b\x01\x01\x10\x01\x80\xf4\n\x9bB\x02\xfe<\x01b\x00\x00Q\x01r'),
                            bytearray(b'\x00\xca\x00\xf2\x00\x00\x1a\x01\xf0\xda\xd7\x08\x1a\x11\x0c\x00"\xff\x00\xca\x00B\x01\x00\xd4\x00b\x00\x00\xea\x00"'),
                            bytearray(b'k\x02"\x00\x00\xfb\x02B\xff\x00\x16\x01b\x00\x00+\x01r\xff\x00S\x01\x00\xf0\xc1\xfefohk\xf2\x00'),
                            bytearray(b'\xeb\xa1\x00"\xfd\x00\xca\x00B\x04\xff\xd4\x00b\x00\x00\xea\x00"\xfe\x00\x90\x01B\xfe\x02\x16\x01b\x00\x00+'),
                        ], is_16bit=False, y_plus=0, y_minus=0, x=131, y=385),
                        Tile(mirror=False, invert=False, format=0, length=7, subtile_bytes=[
                            bytearray(b'\xff\xff\xff\xff\x1d\x00J\x00\x83\x00\x00\x00\x02\x00\x00\x02\x00\x02\x01\x02\x02\x02\x03\x02\x04\x02\x05\x02\x06\x02\x07\x02'),
                            bytearray(b'\x05\x02\x06\x02\x07\x02\x08\x02\t\x02\n\x02\x0b\x02\x0c\x02\r\x02\x0e\x02\x0f\x06\x10\x02\x01\x02\x11\x02\x12\x02\x13\x06'),
                            bytearray(b'\x02\x19\x02\x1a\x02\x1b\x02\x1c\x02\x1d\x02\x1c\x02\x1b\x02\x1d\x02\x1b\x04\x1e\x00\x02\x00\x02\x01\x02\x02\x02\x03\x02\x04\x02'),
                            bytearray(b'\xf3\x17\x8c"\x00\x00\xea\x00\xf0\xde\xeb\x0e\x89\x02$p\xd6\x03\x10\x94%\x12\x00\x00\xae\x02\xf2\x00\x00\x0e\x01R'),
                        ], is_16bit=False, y_plus=0, y_minus=0, x=131, y=370),
                        Tile(mirror=False, invert=False, format=0, length=7, subtile_bytes=[
                            bytearray(b'\x01\xff\xfd\x01B\x00\xfe\xfa\x00b\x02\xfe\x10\x01"\x00\xff\x11\x02B\x00\x01<\x01b\x00\x00Q\x01r\xfe\xfd'),
                            bytearray(b'\x14\x00\xf0\x00\xa7\x01\xd2\x01\xfd\x01-\x02U\x02\x80\x02\xab\x02\xd7\x02\x03\x03*\x03y\x03\xb4\x03\xe4\x03\x0c\x04'),
                            bytearray(b'\x00\x00c\x01\x00"\x01\x00\xca\x00B\xff\x00\xd4\x00b\x00\x00\xea\x00\x80\xed\r\x9b\x80\xf2\x0c\x9bB\xff\x00\x16'),
                            bytearray(b'\xf8\xfby\x01\x80\xe4\xe5\xa1\x00\xc0\xd8\x01\x06\x16\xa0\xd3\xf8\x0f\x14B\x04\x00\xfa\x00b\x01\x02\x10\x01R\x03\xfc'),
                        ], is_16bit=False, y_plus=0, y_minus=0, x=124, y=363),
                        Tile(mirror=False, invert=False, format=0, length=7, subtile_bytes=[
                            bytearray(b'V\x04\x81\x04\xce\x04\x1b\x05J\x05y\x05\x9f\x05\xc6\x05\x03\x06>\x06i\x06\x94\x06\xbf\x06\xef\x06\x1a\x07E\x07'),
                            bytearray(b'\xce\xfb\x05\x0b\x1f\n\x80\xed\x0c\x9b\x80\xf2\r\x9b\x80\x07\x13\x84\xc0\x07\x03\x98{\xa0\xf7\x13\x8b\x99\xf0\xf7\x03\x8e'),
                            bytearray(b'\xeb\xea\xa1\x00"\x01\x00\xf0\x00B\xff\xff\xfa\x00b\x01\xff\x10\x01\x80\xed\r\x9b\x80\xf2\r\x9bB\xff\x01<\x01'),
                            bytearray(b'\xf0\xea\xdf\x07!\x12\'\xb0\xe2\xcf#& \xf0\xda\xd7\x08\x1a\x11\x0c\x80\xea\xea\xa1\x00"\x01\x00\xf0\x00B\xff'),
                        ], is_16bit=False, y_plus=0, y_minus=0, x=119, y=355),
                        Tile(mirror=False, invert=False, format=0, length=5, subtile_bytes=[
                            bytearray(b'\xa1\x00\xf0\xc4\xfenpej"\x01\x00\xca\x00B\xff\x00\xd4\x00\xc0\xce\xfbgl2\x00\x00\xea\x00"\x02\xfe'),
                            bytearray(b'\x02\x03\x02\x05\x02\x07\x02\t\x02\x0b\x02\r\x02\x0f\x02\x10\x06\x15\x08\x16\x06\x15\x08\x17\x06\x15\x08\x16\x06\x15\x02\x18'),
                            None,
                            None,
                        ], is_16bit=False, y_plus=0, y_minus=0, x=114, y=376),
                        Tile(mirror=False, invert=False, format=0, length=7, subtile_bytes=[
                            bytearray(b'\x01\x82\xff\x02S\x01\x00"\xfc\x00\xca\x00B\x06\xfe\xd4\x00b\x00\x00\xea\x00\x80\xea\n\x9b\x80\xee\x0e\x9bB\xfd'),
                            bytearray(b'\x82\x82st\xf0\xe8\xf0\x87r\x86}\x80\xfa\xef)\xc0\xfa\xdf\x03\x01\xf0\xf2\xcf*\x13\r\x1d\xa0\xea\xef\x04"'),
                            bytearray(b'\x08\x02\t\x02\n\x02\x0b\x02\x0c\x02\r\x02\x0e\x02\x0f\x06\x10\x02\x01\x02\x11\x02\x12\x02\x13\x06\x14\x00\x02\x00\x02\x01'),
                            bytearray(b'\x00\x00\xc0\xd9\x00\x06\x16\xa0\xd4\xf6\x0f\x14\xc0\xf5\xf8\x9f\x92\x90\xed\xe8\x95\x9a\xa0\xe5\x00\x91v\xf0\xe5\xf0\x96x'),
                        ], is_16bit=False, y_plus=0, y_minus=0, x=114, y=360),
                    ]
                ),
                Mold(2, gridplane=False,
                    tiles=[
                        Tile(mirror=False, invert=False, format=0, length=5, subtile_bytes=[
                            bytearray(b'\x00\x00\x90\x01B\xff\x01\x16\x01b\x00\x00+\x01r\x00\x01S\x01\x80\xe9\xea\xa1\x00"\xfe\x00\xca\x00B\x02\x00'),
                            bytearray(b'\x8d\x9d\xa0\xe6\x0b\x19\x1e\xd0\xe6\xfb\x15\x1c\x18\xb0\xde\xeb\x0e\x02$p\xd6\x03\x10\t%\xb0\xd6\xf3\x17(\x1b\xf0'),
                            None,
                            None,
                        ], is_16bit=False, y_plus=0, y_minus=0, x=135, y=396),
                        Tile(mirror=False, invert=False, format=0, length=7, subtile_bytes=[
                            bytearray(b'\x06\x16\xa0\xd3\xf7\x0f\x14B\x03\xff\xfa\x00b\x01\x01\x10\x01\x80\xf4\n\x9bB\x02\xfe<\x01b\x00\x00Q\x01r'),
                            bytearray(b'\x00\xca\x00\xf2\x00\x00\x1a\x01\xf0\xda\xd7\x08\x1a\x11\x0c\x00"\xff\x00\xca\x00B\x01\x00\xd4\x00b\x00\x00\xea\x00"'),
                            bytearray(b'k\x02"\x00\x00\xfb\x02B\xff\x00\x16\x01b\x00\x00+\x01r\xff\x00S\x01\x00\xf0\xc1\xfefohk\xf2\x00'),
                            bytearray(b'\xeb\xa1\x00"\xfd\x00\xca\x00B\x04\xff\xd4\x00b\x00\x00\xea\x00"\xfe\x00\x90\x01B\xfe\x02\x16\x01b\x00\x00+'),
                        ], is_16bit=False, y_plus=0, y_minus=0, x=135, y=380),
                        Tile(mirror=False, invert=False, format=0, length=7, subtile_bytes=[
                            bytearray(b'\xff\xff\xff\xff\x1d\x00J\x00\x83\x00\x00\x00\x02\x00\x00\x02\x00\x02\x01\x02\x02\x02\x03\x02\x04\x02\x05\x02\x06\x02\x07\x02'),
                            bytearray(b'\x05\x02\x06\x02\x07\x02\x08\x02\t\x02\n\x02\x0b\x02\x0c\x02\r\x02\x0e\x02\x0f\x06\x10\x02\x01\x02\x11\x02\x12\x02\x13\x06'),
                            bytearray(b'\x02\x19\x02\x1a\x02\x1b\x02\x1c\x02\x1d\x02\x1c\x02\x1b\x02\x1d\x02\x1b\x04\x1e\x00\x02\x00\x02\x01\x02\x02\x02\x03\x02\x04\x02'),
                            bytearray(b'\xf3\x17\x8c"\x00\x00\xea\x00\xf0\xde\xeb\x0e\x89\x02$p\xd6\x03\x10\x94%\x12\x00\x00\xae\x02\xf2\x00\x00\x0e\x01R'),
                        ], is_16bit=False, y_plus=0, y_minus=0, x=130, y=367),
                        Tile(mirror=False, invert=False, format=0, length=7, subtile_bytes=[
                            bytearray(b'\x01\xff\xfd\x01B\x00\xfe\xfa\x00b\x02\xfe\x10\x01"\x00\xff\x11\x02B\x00\x01<\x01b\x00\x00Q\x01r\xfe\xfd'),
                            bytearray(b'\x14\x00\xf0\x00\xa7\x01\xd2\x01\xfd\x01-\x02U\x02\x80\x02\xab\x02\xd7\x02\x03\x03*\x03y\x03\xb4\x03\xe4\x03\x0c\x04'),
                            bytearray(b'\x00\x00c\x01\x00"\x01\x00\xca\x00B\xff\x00\xd4\x00b\x00\x00\xea\x00\x80\xed\r\x9b\x80\xf2\x0c\x9bB\xff\x00\x16'),
                            bytearray(b'\xf8\xfby\x01\x80\xe4\xe5\xa1\x00\xc0\xd8\x01\x06\x16\xa0\xd3\xf8\x0f\x14B\x04\x00\xfa\x00b\x01\x02\x10\x01R\x03\xfc'),
                        ], is_16bit=False, y_plus=0, y_minus=0, x=129, y=357),
                        Tile(mirror=False, invert=False, format=0, length=7, subtile_bytes=[
                            bytearray(b'V\x04\x81\x04\xce\x04\x1b\x05J\x05y\x05\x9f\x05\xc6\x05\x03\x06>\x06i\x06\x94\x06\xbf\x06\xef\x06\x1a\x07E\x07'),
                            bytearray(b'\xce\xfb\x05\x0b\x1f\n\x80\xed\x0c\x9b\x80\xf2\r\x9b\x80\x07\x13\x84\xc0\x07\x03\x98{\xa0\xf7\x13\x8b\x99\xf0\xf7\x03\x8e'),
                            bytearray(b'\xeb\xea\xa1\x00"\x01\x00\xf0\x00B\xff\xff\xfa\x00b\x01\xff\x10\x01\x80\xed\r\x9b\x80\xf2\r\x9bB\xff\x01<\x01'),
                            bytearray(b'\xf0\xea\xdf\x07!\x12\'\xb0\xe2\xcf#& \xf0\xda\xd7\x08\x1a\x11\x0c\x80\xea\xea\xa1\x00"\x01\x00\xf0\x00B\xff'),
                        ], is_16bit=False, y_plus=0, y_minus=0, x=119, y=354),
                        Tile(mirror=False, invert=False, format=0, length=5, subtile_bytes=[
                            bytearray(b'\xa1\x00\xf0\xc4\xfenpej"\x01\x00\xca\x00B\xff\x00\xd4\x00\xc0\xce\xfbgl2\x00\x00\xea\x00"\x02\xfe'),
                            bytearray(b'\x02\x03\x02\x05\x02\x07\x02\t\x02\x0b\x02\r\x02\x0f\x02\x10\x06\x15\x08\x16\x06\x15\x08\x17\x06\x15\x08\x16\x06\x15\x02\x18'),
                            None,
                            None,
                        ], is_16bit=False, y_plus=0, y_minus=0, x=117, y=374),
                        Tile(mirror=False, invert=False, format=0, length=7, subtile_bytes=[
                            bytearray(b'\x01\x82\xff\x02S\x01\x00"\xfc\x00\xca\x00B\x06\xfe\xd4\x00b\x00\x00\xea\x00\x80\xea\n\x9b\x80\xee\x0e\x9bB\xfd'),
                            bytearray(b'\x82\x82st\xf0\xe8\xf0\x87r\x86}\x80\xfa\xef)\xc0\xfa\xdf\x03\x01\xf0\xf2\xcf*\x13\r\x1d\xa0\xea\xef\x04"'),
                            bytearray(b'\x08\x02\t\x02\n\x02\x0b\x02\x0c\x02\r\x02\x0e\x02\x0f\x06\x10\x02\x01\x02\x11\x02\x12\x02\x13\x06\x14\x00\x02\x00\x02\x01'),
                            bytearray(b'\x00\x00\xc0\xd9\x00\x06\x16\xa0\xd4\xf6\x0f\x14\xc0\xf5\xf8\x9f\x92\x90\xed\xe8\x95\x9a\xa0\xe5\x00\x91v\xf0\xe5\xf0\x96x'),
                        ], is_16bit=False, y_plus=0, y_minus=0, x=117, y=358),
                    ]
                ),
                Mold(3, gridplane=False,
                    tiles=[
                        Tile(mirror=False, invert=False, format=0, length=5, subtile_bytes=[
                            bytearray(b'\x00\x00\x90\x01B\xff\x01\x16\x01b\x00\x00+\x01r\x00\x01S\x01\x80\xe9\xea\xa1\x00"\xfe\x00\xca\x00B\x02\x00'),
                            bytearray(b'\x8d\x9d\xa0\xe6\x0b\x19\x1e\xd0\xe6\xfb\x15\x1c\x18\xb0\xde\xeb\x0e\x02$p\xd6\x03\x10\t%\xb0\xd6\xf3\x17(\x1b\xf0'),
                            None,
                            None,
                        ], is_16bit=False, y_plus=0, y_minus=0, x=137, y=388),
                        Tile(mirror=False, invert=False, format=0, length=7, subtile_bytes=[
                            bytearray(b'\x06\x16\xa0\xd3\xf7\x0f\x14B\x03\xff\xfa\x00b\x01\x01\x10\x01\x80\xf4\n\x9bB\x02\xfe<\x01b\x00\x00Q\x01r'),
                            bytearray(b'\x00\xca\x00\xf2\x00\x00\x1a\x01\xf0\xda\xd7\x08\x1a\x11\x0c\x00"\xff\x00\xca\x00B\x01\x00\xd4\x00b\x00\x00\xea\x00"'),
                            bytearray(b'k\x02"\x00\x00\xfb\x02B\xff\x00\x16\x01b\x00\x00+\x01r\xff\x00S\x01\x00\xf0\xc1\xfefohk\xf2\x00'),
                            bytearray(b'\xeb\xa1\x00"\xfd\x00\xca\x00B\x04\xff\xd4\x00b\x00\x00\xea\x00"\xfe\x00\x90\x01B\xfe\x02\x16\x01b\x00\x00+'),
                        ], is_16bit=False, y_plus=0, y_minus=0, x=137, y=372),
                        Tile(mirror=False, invert=False, format=0, length=7, subtile_bytes=[
                            bytearray(b'\xff\xff\xff\xff\x1d\x00J\x00\x83\x00\x00\x00\x02\x00\x00\x02\x00\x02\x01\x02\x02\x02\x03\x02\x04\x02\x05\x02\x06\x02\x07\x02'),
                            bytearray(b'\x05\x02\x06\x02\x07\x02\x08\x02\t\x02\n\x02\x0b\x02\x0c\x02\r\x02\x0e\x02\x0f\x06\x10\x02\x01\x02\x11\x02\x12\x02\x13\x06'),
                            bytearray(b'\x02\x19\x02\x1a\x02\x1b\x02\x1c\x02\x1d\x02\x1c\x02\x1b\x02\x1d\x02\x1b\x04\x1e\x00\x02\x00\x02\x01\x02\x02\x02\x03\x02\x04\x02'),
                            bytearray(b'\xf3\x17\x8c"\x00\x00\xea\x00\xf0\xde\xeb\x0e\x89\x02$p\xd6\x03\x10\x94%\x12\x00\x00\xae\x02\xf2\x00\x00\x0e\x01R'),
                        ], is_16bit=False, y_plus=0, y_minus=0, x=134, y=363),
                        Tile(mirror=False, invert=False, format=0, length=7, subtile_bytes=[
                            bytearray(b'\x01\xff\xfd\x01B\x00\xfe\xfa\x00b\x02\xfe\x10\x01"\x00\xff\x11\x02B\x00\x01<\x01b\x00\x00Q\x01r\xfe\xfd'),
                            bytearray(b'\x14\x00\xf0\x00\xa7\x01\xd2\x01\xfd\x01-\x02U\x02\x80\x02\xab\x02\xd7\x02\x03\x03*\x03y\x03\xb4\x03\xe4\x03\x0c\x04'),
                            bytearray(b'\x00\x00c\x01\x00"\x01\x00\xca\x00B\xff\x00\xd4\x00b\x00\x00\xea\x00\x80\xed\r\x9b\x80\xf2\x0c\x9bB\xff\x00\x16'),
                            bytearray(b'\xf8\xfby\x01\x80\xe4\xe5\xa1\x00\xc0\xd8\x01\x06\x16\xa0\xd3\xf8\x0f\x14B\x04\x00\xfa\x00b\x01\x02\x10\x01R\x03\xfc'),
                        ], is_16bit=False, y_plus=0, y_minus=0, x=129, y=355),
                        Tile(mirror=False, invert=False, format=0, length=7, subtile_bytes=[
                            bytearray(b'V\x04\x81\x04\xce\x04\x1b\x05J\x05y\x05\x9f\x05\xc6\x05\x03\x06>\x06i\x06\x94\x06\xbf\x06\xef\x06\x1a\x07E\x07'),
                            bytearray(b'\xce\xfb\x05\x0b\x1f\n\x80\xed\x0c\x9b\x80\xf2\r\x9b\x80\x07\x13\x84\xc0\x07\x03\x98{\xa0\xf7\x13\x8b\x99\xf0\xf7\x03\x8e'),
                            bytearray(b'\xeb\xea\xa1\x00"\x01\x00\xf0\x00B\xff\xff\xfa\x00b\x01\xff\x10\x01\x80\xed\r\x9b\x80\xf2\r\x9bB\xff\x01<\x01'),
                            bytearray(b'\xf0\xea\xdf\x07!\x12\'\xb0\xe2\xcf#& \xf0\xda\xd7\x08\x1a\x11\x0c\x80\xea\xea\xa1\x00"\x01\x00\xf0\x00B\xff'),
                        ], is_16bit=False, y_plus=0, y_minus=0, x=120, y=353),
                        Tile(mirror=False, invert=False, format=0, length=5, subtile_bytes=[
                            bytearray(b'\xa1\x00\xf0\xc4\xfenpej"\x01\x00\xca\x00B\xff\x00\xd4\x00\xc0\xce\xfbgl2\x00\x00\xea\x00"\x02\xfe'),
                            bytearray(b'\x02\x03\x02\x05\x02\x07\x02\t\x02\x0b\x02\r\x02\x0f\x02\x10\x06\x15\x08\x16\x06\x15\x08\x17\x06\x15\x08\x16\x06\x15\x02\x18'),
                            None,
                            None,
                        ], is_16bit=False, y_plus=0, y_minus=0, x=119, y=374),
                        Tile(mirror=False, invert=False, format=0, length=7, subtile_bytes=[
                            bytearray(b'\x01\x82\xff\x02S\x01\x00"\xfc\x00\xca\x00B\x06\xfe\xd4\x00b\x00\x00\xea\x00\x80\xea\n\x9b\x80\xee\x0e\x9bB\xfd'),
                            bytearray(b'\x82\x82st\xf0\xe8\xf0\x87r\x86}\x80\xfa\xef)\xc0\xfa\xdf\x03\x01\xf0\xf2\xcf*\x13\r\x1d\xa0\xea\xef\x04"'),
                            bytearray(b'\x08\x02\t\x02\n\x02\x0b\x02\x0c\x02\r\x02\x0e\x02\x0f\x06\x10\x02\x01\x02\x11\x02\x12\x02\x13\x06\x14\x00\x02\x00\x02\x01'),
                            bytearray(b'\x00\x00\xc0\xd9\x00\x06\x16\xa0\xd4\xf6\x0f\x14\xc0\xf5\xf8\x9f\x92\x90\xed\xe8\x95\x9a\xa0\xe5\x00\x91v\xf0\xe5\xf0\x96x'),
                        ], is_16bit=False, y_plus=0, y_minus=0, x=119, y=358),
                    ]
                ),
                Mold(4, gridplane=False,
                    tiles=[
                        Tile(mirror=False, invert=False, format=0, length=5, subtile_bytes=[
                            bytearray(b'\x00\x00\x90\x01B\xff\x01\x16\x01b\x00\x00+\x01r\x00\x01S\x01\x80\xe9\xea\xa1\x00"\xfe\x00\xca\x00B\x02\x00'),
                            bytearray(b'\x8d\x9d\xa0\xe6\x0b\x19\x1e\xd0\xe6\xfb\x15\x1c\x18\xb0\xde\xeb\x0e\x02$p\xd6\x03\x10\t%\xb0\xd6\xf3\x17(\x1b\xf0'),
                            None,
                            None,
                        ], is_16bit=False, y_plus=0, y_minus=0, x=131, y=403),
                        Tile(mirror=False, invert=False, format=0, length=7, subtile_bytes=[
                            bytearray(b'\x06\x16\xa0\xd3\xf7\x0f\x14B\x03\xff\xfa\x00b\x01\x01\x10\x01\x80\xf4\n\x9bB\x02\xfe<\x01b\x00\x00Q\x01r'),
                            bytearray(b'\x00\xca\x00\xf2\x00\x00\x1a\x01\xf0\xda\xd7\x08\x1a\x11\x0c\x00"\xff\x00\xca\x00B\x01\x00\xd4\x00b\x00\x00\xea\x00"'),
                            bytearray(b'k\x02"\x00\x00\xfb\x02B\xff\x00\x16\x01b\x00\x00+\x01r\xff\x00S\x01\x00\xf0\xc1\xfefohk\xf2\x00'),
                            bytearray(b'\xeb\xa1\x00"\xfd\x00\xca\x00B\x04\xff\xd4\x00b\x00\x00\xea\x00"\xfe\x00\x90\x01B\xfe\x02\x16\x01b\x00\x00+'),
                        ], is_16bit=False, y_plus=0, y_minus=0, x=131, y=387),
                        Tile(mirror=False, invert=False, format=0, length=7, subtile_bytes=[
                            bytearray(b'\xff\xff\xff\xff\x1d\x00J\x00\x83\x00\x00\x00\x02\x00\x00\x02\x00\x02\x01\x02\x02\x02\x03\x02\x04\x02\x05\x02\x06\x02\x07\x02'),
                            bytearray(b'\x05\x02\x06\x02\x07\x02\x08\x02\t\x02\n\x02\x0b\x02\x0c\x02\r\x02\x0e\x02\x0f\x06\x10\x02\x01\x02\x11\x02\x12\x02\x13\x06'),
                            bytearray(b'\x02\x19\x02\x1a\x02\x1b\x02\x1c\x02\x1d\x02\x1c\x02\x1b\x02\x1d\x02\x1b\x04\x1e\x00\x02\x00\x02\x01\x02\x02\x02\x03\x02\x04\x02'),
                            bytearray(b'\xf3\x17\x8c"\x00\x00\xea\x00\xf0\xde\xeb\x0e\x89\x02$p\xd6\x03\x10\x94%\x12\x00\x00\xae\x02\xf2\x00\x00\x0e\x01R'),
                        ], is_16bit=False, y_plus=0, y_minus=0, x=128, y=373),
                        Tile(mirror=False, invert=False, format=0, length=7, subtile_bytes=[
                            bytearray(b'\x01\xff\xfd\x01B\x00\xfe\xfa\x00b\x02\xfe\x10\x01"\x00\xff\x11\x02B\x00\x01<\x01b\x00\x00Q\x01r\xfe\xfd'),
                            bytearray(b'\x14\x00\xf0\x00\xa7\x01\xd2\x01\xfd\x01-\x02U\x02\x80\x02\xab\x02\xd7\x02\x03\x03*\x03y\x03\xb4\x03\xe4\x03\x0c\x04'),
                            bytearray(b'\x00\x00c\x01\x00"\x01\x00\xca\x00B\xff\x00\xd4\x00b\x00\x00\xea\x00\x80\xed\r\x9b\x80\xf2\x0c\x9bB\xff\x00\x16'),
                            bytearray(b'\xf8\xfby\x01\x80\xe4\xe5\xa1\x00\xc0\xd8\x01\x06\x16\xa0\xd3\xf8\x0f\x14B\x04\x00\xfa\x00b\x01\x02\x10\x01R\x03\xfc'),
                        ], is_16bit=False, y_plus=0, y_minus=0, x=123, y=364),
                        Tile(mirror=False, invert=False, format=0, length=7, subtile_bytes=[
                            bytearray(b'V\x04\x81\x04\xce\x04\x1b\x05J\x05y\x05\x9f\x05\xc6\x05\x03\x06>\x06i\x06\x94\x06\xbf\x06\xef\x06\x1a\x07E\x07'),
                            bytearray(b'\xce\xfb\x05\x0b\x1f\n\x80\xed\x0c\x9b\x80\xf2\r\x9b\x80\x07\x13\x84\xc0\x07\x03\x98{\xa0\xf7\x13\x8b\x99\xf0\xf7\x03\x8e'),
                            bytearray(b'\xeb\xea\xa1\x00"\x01\x00\xf0\x00B\xff\xff\xfa\x00b\x01\xff\x10\x01\x80\xed\r\x9b\x80\xf2\r\x9bB\xff\x01<\x01'),
                            bytearray(b'\xf0\xea\xdf\x07!\x12\'\xb0\xe2\xcf#& \xf0\xda\xd7\x08\x1a\x11\x0c\x80\xea\xea\xa1\x00"\x01\x00\xf0\x00B\xff'),
                        ], is_16bit=False, y_plus=0, y_minus=0, x=370, y=358),
                        Tile(mirror=False, invert=False, format=0, length=5, subtile_bytes=[
                            bytearray(b'\xa1\x00\xf0\xc4\xfenpej"\x01\x00\xca\x00B\xff\x00\xd4\x00\xc0\xce\xfbgl2\x00\x00\xea\x00"\x02\xfe'),
                            bytearray(b'\x02\x03\x02\x05\x02\x07\x02\t\x02\x0b\x02\r\x02\x0f\x02\x10\x06\x15\x08\x16\x06\x15\x08\x17\x06\x15\x08\x16\x06\x15\x02\x18'),
                            None,
                            None,
                        ], is_16bit=False, y_plus=0, y_minus=0, x=111, y=123),
                        Tile(mirror=False, invert=False, format=0, length=7, subtile_bytes=[
                            bytearray(b'\x01\x82\xff\x02S\x01\x00"\xfc\x00\xca\x00B\x06\xfe\xd4\x00b\x00\x00\xea\x00\x80\xea\n\x9b\x80\xee\x0e\x9bB\xfd'),
                            bytearray(b'\x82\x82st\xf0\xe8\xf0\x87r\x86}\x80\xfa\xef)\xc0\xfa\xdf\x03\x01\xf0\xf2\xcf*\x13\r\x1d\xa0\xea\xef\x04"'),
                            bytearray(b'\x08\x02\t\x02\n\x02\x0b\x02\x0c\x02\r\x02\x0e\x02\x0f\x06\x10\x02\x01\x02\x11\x02\x12\x02\x13\x06\x14\x00\x02\x00\x02\x01'),
                            bytearray(b'\x00\x00\xc0\xd9\x00\x06\x16\xa0\xd4\xf6\x0f\x14\xc0\xf5\xf8\x9f\x92\x90\xed\xe8\x95\x9a\xa0\xe5\x00\x91v\xf0\xe5\xf0\x96x'),
                        ], is_16bit=False, y_plus=0, y_minus=0, x=111, y=107),
                    ]
                ),
                Mold(5, gridplane=False,
                    tiles=[
                        Tile(mirror=False, invert=False, format=0, length=5, subtile_bytes=[
                            bytearray(b'\x00\x00\x90\x01B\xff\x01\x16\x01b\x00\x00+\x01r\x00\x01S\x01\x80\xe9\xea\xa1\x00"\xfe\x00\xca\x00B\x02\x00'),
                            bytearray(b'\x8d\x9d\xa0\xe6\x0b\x19\x1e\xd0\xe6\xfb\x15\x1c\x18\xb0\xde\xeb\x0e\x02$p\xd6\x03\x10\t%\xb0\xd6\xf3\x17(\x1b\xf0'),
                            None,
                            None,
                        ], is_16bit=False, y_plus=0, y_minus=0, x=131, y=399),
                        Tile(mirror=False, invert=False, format=0, length=7, subtile_bytes=[
                            bytearray(b'\x06\x16\xa0\xd3\xf7\x0f\x14B\x03\xff\xfa\x00b\x01\x01\x10\x01\x80\xf4\n\x9bB\x02\xfe<\x01b\x00\x00Q\x01r'),
                            bytearray(b'\x00\xca\x00\xf2\x00\x00\x1a\x01\xf0\xda\xd7\x08\x1a\x11\x0c\x00"\xff\x00\xca\x00B\x01\x00\xd4\x00b\x00\x00\xea\x00"'),
                            bytearray(b'k\x02"\x00\x00\xfb\x02B\xff\x00\x16\x01b\x00\x00+\x01r\xff\x00S\x01\x00\xf0\xc1\xfefohk\xf2\x00'),
                            bytearray(b'\xeb\xa1\x00"\xfd\x00\xca\x00B\x04\xff\xd4\x00b\x00\x00\xea\x00"\xfe\x00\x90\x01B\xfe\x02\x16\x01b\x00\x00+'),
                        ], is_16bit=False, y_plus=0, y_minus=0, x=131, y=383),
                        Tile(mirror=False, invert=False, format=0, length=7, subtile_bytes=[
                            bytearray(b'\xff\xff\xff\xff\x1d\x00J\x00\x83\x00\x00\x00\x02\x00\x00\x02\x00\x02\x01\x02\x02\x02\x03\x02\x04\x02\x05\x02\x06\x02\x07\x02'),
                            bytearray(b'\x05\x02\x06\x02\x07\x02\x08\x02\t\x02\n\x02\x0b\x02\x0c\x02\r\x02\x0e\x02\x0f\x06\x10\x02\x01\x02\x11\x02\x12\x02\x13\x06'),
                            bytearray(b'\x02\x19\x02\x1a\x02\x1b\x02\x1c\x02\x1d\x02\x1c\x02\x1b\x02\x1d\x02\x1b\x04\x1e\x00\x02\x00\x02\x01\x02\x02\x02\x03\x02\x04\x02'),
                            bytearray(b'\xf3\x17\x8c"\x00\x00\xea\x00\xf0\xde\xeb\x0e\x89\x02$p\xd6\x03\x10\x94%\x12\x00\x00\xae\x02\xf2\x00\x00\x0e\x01R'),
                        ], is_16bit=False, y_plus=0, y_minus=0, x=128, y=370),
                        Tile(mirror=False, invert=False, format=0, length=7, subtile_bytes=[
                            bytearray(b'\x01\xff\xfd\x01B\x00\xfe\xfa\x00b\x02\xfe\x10\x01"\x00\xff\x11\x02B\x00\x01<\x01b\x00\x00Q\x01r\xfe\xfd'),
                            bytearray(b'\x14\x00\xf0\x00\xa7\x01\xd2\x01\xfd\x01-\x02U\x02\x80\x02\xab\x02\xd7\x02\x03\x03*\x03y\x03\xb4\x03\xe4\x03\x0c\x04'),
                            bytearray(b'\x00\x00c\x01\x00"\x01\x00\xca\x00B\xff\x00\xd4\x00b\x00\x00\xea\x00\x80\xed\r\x9b\x80\xf2\x0c\x9bB\xff\x00\x16'),
                            bytearray(b'\xf8\xfby\x01\x80\xe4\xe5\xa1\x00\xc0\xd8\x01\x06\x16\xa0\xd3\xf8\x0f\x14B\x04\x00\xfa\x00b\x01\x02\x10\x01R\x03\xfc'),
                        ], is_16bit=False, y_plus=0, y_minus=0, x=123, y=362),
                        Tile(mirror=False, invert=False, format=0, length=7, subtile_bytes=[
                            bytearray(b'V\x04\x81\x04\xce\x04\x1b\x05J\x05y\x05\x9f\x05\xc6\x05\x03\x06>\x06i\x06\x94\x06\xbf\x06\xef\x06\x1a\x07E\x07'),
                            bytearray(b'\xce\xfb\x05\x0b\x1f\n\x80\xed\x0c\x9b\x80\xf2\r\x9b\x80\x07\x13\x84\xc0\x07\x03\x98{\xa0\xf7\x13\x8b\x99\xf0\xf7\x03\x8e'),
                            bytearray(b'\xeb\xea\xa1\x00"\x01\x00\xf0\x00B\xff\xff\xfa\x00b\x01\xff\x10\x01\x80\xed\r\x9b\x80\xf2\r\x9bB\xff\x01<\x01'),
                            bytearray(b'\xf0\xea\xdf\x07!\x12\'\xb0\xe2\xcf#& \xf0\xda\xd7\x08\x1a\x11\x0c\x80\xea\xea\xa1\x00"\x01\x00\xf0\x00B\xff'),
                        ], is_16bit=False, y_plus=0, y_minus=0, x=370, y=357),
                        Tile(mirror=False, invert=False, format=0, length=5, subtile_bytes=[
                            bytearray(b'\xa1\x00\xf0\xc4\xfenpej"\x01\x00\xca\x00B\xff\x00\xd4\x00\xc0\xce\xfbgl2\x00\x00\xea\x00"\x02\xfe'),
                            bytearray(b'\x02\x03\x02\x05\x02\x07\x02\t\x02\x0b\x02\r\x02\x0f\x02\x10\x06\x15\x08\x16\x06\x15\x08\x17\x06\x15\x08\x16\x06\x15\x02\x18'),
                            None,
                            None,
                        ], is_16bit=False, y_plus=0, y_minus=0, x=111, y=123),
                        Tile(mirror=False, invert=False, format=0, length=7, subtile_bytes=[
                            bytearray(b'\x01\x82\xff\x02S\x01\x00"\xfc\x00\xca\x00B\x06\xfe\xd4\x00b\x00\x00\xea\x00\x80\xea\n\x9b\x80\xee\x0e\x9bB\xfd'),
                            bytearray(b'\x82\x82st\xf0\xe8\xf0\x87r\x86}\x80\xfa\xef)\xc0\xfa\xdf\x03\x01\xf0\xf2\xcf*\x13\r\x1d\xa0\xea\xef\x04"'),
                            bytearray(b'\x08\x02\t\x02\n\x02\x0b\x02\x0c\x02\r\x02\x0e\x02\x0f\x06\x10\x02\x01\x02\x11\x02\x12\x02\x13\x06\x14\x00\x02\x00\x02\x01'),
                            bytearray(b'\x00\x00\xc0\xd9\x00\x06\x16\xa0\xd4\xf6\x0f\x14\xc0\xf5\xf8\x9f\x92\x90\xed\xe8\x95\x9a\xa0\xe5\x00\x91v\xf0\xe5\xf0\x96x'),
                        ], is_16bit=False, y_plus=0, y_minus=0, x=111, y=107),
                    ]
                ),
                Mold(6, gridplane=False,
                    tiles=[
                        Tile(mirror=False, invert=False, format=0, length=5, subtile_bytes=[
                            bytearray(b'\x00\x00\x90\x01B\xff\x01\x16\x01b\x00\x00+\x01r\x00\x01S\x01\x80\xe9\xea\xa1\x00"\xfe\x00\xca\x00B\x02\x00'),
                            bytearray(b'\x8d\x9d\xa0\xe6\x0b\x19\x1e\xd0\xe6\xfb\x15\x1c\x18\xb0\xde\xeb\x0e\x02$p\xd6\x03\x10\t%\xb0\xd6\xf3\x17(\x1b\xf0'),
                            None,
                            None,
                        ], is_16bit=False, y_plus=0, y_minus=0, x=131, y=394),
                        Tile(mirror=False, invert=False, format=0, length=7, subtile_bytes=[
                            bytearray(b'\x06\x16\xa0\xd3\xf7\x0f\x14B\x03\xff\xfa\x00b\x01\x01\x10\x01\x80\xf4\n\x9bB\x02\xfe<\x01b\x00\x00Q\x01r'),
                            bytearray(b'\x00\xca\x00\xf2\x00\x00\x1a\x01\xf0\xda\xd7\x08\x1a\x11\x0c\x00"\xff\x00\xca\x00B\x01\x00\xd4\x00b\x00\x00\xea\x00"'),
                            bytearray(b'k\x02"\x00\x00\xfb\x02B\xff\x00\x16\x01b\x00\x00+\x01r\xff\x00S\x01\x00\xf0\xc1\xfefohk\xf2\x00'),
                            bytearray(b'\xeb\xa1\x00"\xfd\x00\xca\x00B\x04\xff\xd4\x00b\x00\x00\xea\x00"\xfe\x00\x90\x01B\xfe\x02\x16\x01b\x00\x00+'),
                        ], is_16bit=False, y_plus=0, y_minus=0, x=131, y=378),
                        Tile(mirror=False, invert=False, format=0, length=7, subtile_bytes=[
                            bytearray(b'\xff\xff\xff\xff\x1d\x00J\x00\x83\x00\x00\x00\x02\x00\x00\x02\x00\x02\x01\x02\x02\x02\x03\x02\x04\x02\x05\x02\x06\x02\x07\x02'),
                            bytearray(b'\x05\x02\x06\x02\x07\x02\x08\x02\t\x02\n\x02\x0b\x02\x0c\x02\r\x02\x0e\x02\x0f\x06\x10\x02\x01\x02\x11\x02\x12\x02\x13\x06'),
                            bytearray(b'\x02\x19\x02\x1a\x02\x1b\x02\x1c\x02\x1d\x02\x1c\x02\x1b\x02\x1d\x02\x1b\x04\x1e\x00\x02\x00\x02\x01\x02\x02\x02\x03\x02\x04\x02'),
                            bytearray(b'\xf3\x17\x8c"\x00\x00\xea\x00\xf0\xde\xeb\x0e\x89\x02$p\xd6\x03\x10\x94%\x12\x00\x00\xae\x02\xf2\x00\x00\x0e\x01R'),
                        ], is_16bit=False, y_plus=0, y_minus=0, x=128, y=366),
                        Tile(mirror=False, invert=False, format=0, length=7, subtile_bytes=[
                            bytearray(b'\x01\xff\xfd\x01B\x00\xfe\xfa\x00b\x02\xfe\x10\x01"\x00\xff\x11\x02B\x00\x01<\x01b\x00\x00Q\x01r\xfe\xfd'),
                            bytearray(b'\x14\x00\xf0\x00\xa7\x01\xd2\x01\xfd\x01-\x02U\x02\x80\x02\xab\x02\xd7\x02\x03\x03*\x03y\x03\xb4\x03\xe4\x03\x0c\x04'),
                            bytearray(b'\x00\x00c\x01\x00"\x01\x00\xca\x00B\xff\x00\xd4\x00b\x00\x00\xea\x00\x80\xed\r\x9b\x80\xf2\x0c\x9bB\xff\x00\x16'),
                            bytearray(b'\xf8\xfby\x01\x80\xe4\xe5\xa1\x00\xc0\xd8\x01\x06\x16\xa0\xd3\xf8\x0f\x14B\x04\x00\xfa\x00b\x01\x02\x10\x01R\x03\xfc'),
                        ], is_16bit=False, y_plus=0, y_minus=0, x=378, y=358),
                        Tile(mirror=False, invert=False, format=0, length=7, subtile_bytes=[
                            bytearray(b'V\x04\x81\x04\xce\x04\x1b\x05J\x05y\x05\x9f\x05\xc6\x05\x03\x06>\x06i\x06\x94\x06\xbf\x06\xef\x06\x1a\x07E\x07'),
                            bytearray(b'\xce\xfb\x05\x0b\x1f\n\x80\xed\x0c\x9b\x80\xf2\r\x9b\x80\x07\x13\x84\xc0\x07\x03\x98{\xa0\xf7\x13\x8b\x99\xf0\xf7\x03\x8e'),
                            bytearray(b'\xeb\xea\xa1\x00"\x01\x00\xf0\x00B\xff\xff\xfa\x00b\x01\xff\x10\x01\x80\xed\r\x9b\x80\xf2\r\x9bB\xff\x01<\x01'),
                            bytearray(b'\xf0\xea\xdf\x07!\x12\'\xb0\xe2\xcf#& \xf0\xda\xd7\x08\x1a\x11\x0c\x80\xea\xea\xa1\x00"\x01\x00\xf0\x00B\xff'),
                        ], is_16bit=False, y_plus=0, y_minus=0, x=369, y=356),
                        Tile(mirror=False, invert=False, format=0, length=5, subtile_bytes=[
                            bytearray(b'\xa1\x00\xf0\xc4\xfenpej"\x01\x00\xca\x00B\xff\x00\xd4\x00\xc0\xce\xfbgl2\x00\x00\xea\x00"\x02\xfe'),
                            bytearray(b'\x02\x03\x02\x05\x02\x07\x02\t\x02\x0b\x02\r\x02\x0f\x02\x10\x06\x15\x08\x16\x06\x15\x08\x17\x06\x15\x08\x16\x06\x15\x02\x18'),
                            None,
                            None,
                        ], is_16bit=False, y_plus=0, y_minus=0, x=111, y=123),
                        Tile(mirror=False, invert=False, format=0, length=7, subtile_bytes=[
                            bytearray(b'\x01\x82\xff\x02S\x01\x00"\xfc\x00\xca\x00B\x06\xfe\xd4\x00b\x00\x00\xea\x00\x80\xea\n\x9b\x80\xee\x0e\x9bB\xfd'),
                            bytearray(b'\x82\x82st\xf0\xe8\xf0\x87r\x86}\x80\xfa\xef)\xc0\xfa\xdf\x03\x01\xf0\xf2\xcf*\x13\r\x1d\xa0\xea\xef\x04"'),
                            bytearray(b'\x08\x02\t\x02\n\x02\x0b\x02\x0c\x02\r\x02\x0e\x02\x0f\x06\x10\x02\x01\x02\x11\x02\x12\x02\x13\x06\x14\x00\x02\x00\x02\x01'),
                            bytearray(b'\x00\x00\xc0\xd9\x00\x06\x16\xa0\xd4\xf6\x0f\x14\xc0\xf5\xf8\x9f\x92\x90\xed\xe8\x95\x9a\xa0\xe5\x00\x91v\xf0\xe5\xf0\x96x'),
                        ], is_16bit=False, y_plus=0, y_minus=0, x=111, y=107),
                    ]
                ),
                Mold(7, gridplane=False,
                    tiles=[
                        Tile(mirror=False, invert=False, format=0, length=5, subtile_bytes=[
                            bytearray(b'\x00\x00\x90\x01B\xff\x01\x16\x01b\x00\x00+\x01r\x00\x01S\x01\x80\xe9\xea\xa1\x00"\xfe\x00\xca\x00B\x02\x00'),
                            bytearray(b'\x8d\x9d\xa0\xe6\x0b\x19\x1e\xd0\xe6\xfb\x15\x1c\x18\xb0\xde\xeb\x0e\x02$p\xd6\x03\x10\t%\xb0\xd6\xf3\x17(\x1b\xf0'),
                            None,
                            None,
                        ], is_16bit=False, y_plus=0, y_minus=0, x=131, y=391),
                        Tile(mirror=False, invert=False, format=0, length=7, subtile_bytes=[
                            bytearray(b'\x06\x16\xa0\xd3\xf7\x0f\x14B\x03\xff\xfa\x00b\x01\x01\x10\x01\x80\xf4\n\x9bB\x02\xfe<\x01b\x00\x00Q\x01r'),
                            bytearray(b'\x00\xca\x00\xf2\x00\x00\x1a\x01\xf0\xda\xd7\x08\x1a\x11\x0c\x00"\xff\x00\xca\x00B\x01\x00\xd4\x00b\x00\x00\xea\x00"'),
                            bytearray(b'k\x02"\x00\x00\xfb\x02B\xff\x00\x16\x01b\x00\x00+\x01r\xff\x00S\x01\x00\xf0\xc1\xfefohk\xf2\x00'),
                            bytearray(b'\xeb\xa1\x00"\xfd\x00\xca\x00B\x04\xff\xd4\x00b\x00\x00\xea\x00"\xfe\x00\x90\x01B\xfe\x02\x16\x01b\x00\x00+'),
                        ], is_16bit=False, y_plus=0, y_minus=0, x=131, y=375),
                        Tile(mirror=False, invert=False, format=0, length=7, subtile_bytes=[
                            bytearray(b'\xff\xff\xff\xff\x1d\x00J\x00\x83\x00\x00\x00\x02\x00\x00\x02\x00\x02\x01\x02\x02\x02\x03\x02\x04\x02\x05\x02\x06\x02\x07\x02'),
                            bytearray(b'\x05\x02\x06\x02\x07\x02\x08\x02\t\x02\n\x02\x0b\x02\x0c\x02\r\x02\x0e\x02\x0f\x06\x10\x02\x01\x02\x11\x02\x12\x02\x13\x06'),
                            bytearray(b'\x02\x19\x02\x1a\x02\x1b\x02\x1c\x02\x1d\x02\x1c\x02\x1b\x02\x1d\x02\x1b\x04\x1e\x00\x02\x00\x02\x01\x02\x02\x02\x03\x02\x04\x02'),
                            bytearray(b'\xf3\x17\x8c"\x00\x00\xea\x00\xf0\xde\xeb\x0e\x89\x02$p\xd6\x03\x10\x94%\x12\x00\x00\xae\x02\xf2\x00\x00\x0e\x01R'),
                        ], is_16bit=False, y_plus=0, y_minus=0, x=127, y=364),
                        Tile(mirror=False, invert=False, format=0, length=7, subtile_bytes=[
                            bytearray(b'\x01\xff\xfd\x01B\x00\xfe\xfa\x00b\x02\xfe\x10\x01"\x00\xff\x11\x02B\x00\x01<\x01b\x00\x00Q\x01r\xfe\xfd'),
                            bytearray(b'\x14\x00\xf0\x00\xa7\x01\xd2\x01\xfd\x01-\x02U\x02\x80\x02\xab\x02\xd7\x02\x03\x03*\x03y\x03\xb4\x03\xe4\x03\x0c\x04'),
                            bytearray(b'\x00\x00c\x01\x00"\x01\x00\xca\x00B\xff\x00\xd4\x00b\x00\x00\xea\x00\x80\xed\r\x9b\x80\xf2\x0c\x9bB\xff\x00\x16'),
                            bytearray(b'\xf8\xfby\x01\x80\xe4\xe5\xa1\x00\xc0\xd8\x01\x06\x16\xa0\xd3\xf8\x0f\x14B\x04\x00\xfa\x00b\x01\x02\x10\x01R\x03\xfc'),
                        ], is_16bit=False, y_plus=0, y_minus=0, x=375, y=355),
                        Tile(mirror=False, invert=False, format=0, length=7, subtile_bytes=[
                            bytearray(b'\x90\x93\x80\xe0\xf8\x10\xa0\x85|\xf0\xf8\x00w\x88\x9e\x97\xf0\xf8\xf0\x9c\x7fy~\xb0\xe8\x10\x81qz\xf0\xe8\x00'),
                            bytearray(b'$p\xd6\x03\x10\x8f%\xf0\xce\xfb\x05\x0bu\n\xf2\x00\x00\x0e\x01R\x00\x00c\x01\x00b\x00\x00\xca\x00\x90\xd6'),
                            bytearray(b'\x01r\xf9\x03S\x01\x80\xe9\xec\xa1\x00b\x00\x00\xca\x00\x90\xd6\xf3\x17\x8a"\x00\x00\xea\x00\xf0\xde\xeb\x0e(\x02'),
                            bytearray(b'\xd4\x00b\x00\x00\xea\x00\x80\xec\x0c\x9b\x80\xf0\r\x9bB\xff\x02\x16\x01b\x00\x00+\x01r\x00\x02S\x01\x80\xe9'),
                        ], is_16bit=False, y_plus=0, y_minus=0, x=112, y=98),
                        Tile(mirror=False, invert=False, format=0, length=5, subtile_bytes=[
                            bytearray(b'\xa1\x00\xf0\xc4\xfenpej"\x01\x00\xca\x00B\xff\x00\xd4\x00\xc0\xce\xfbgl2\x00\x00\xea\x00"\x02\xfe'),
                            bytearray(b'\x02\x03\x02\x05\x02\x07\x02\t\x02\x0b\x02\r\x02\x0f\x02\x10\x06\x15\x08\x16\x06\x15\x08\x17\x06\x15\x08\x16\x06\x15\x02\x18'),
                            None,
                            None,
                        ], is_16bit=False, y_plus=0, y_minus=0, x=111, y=123),
                        Tile(mirror=False, invert=False, format=0, length=7, subtile_bytes=[
                            bytearray(b'\x01\x82\xff\x02S\x01\x00"\xfc\x00\xca\x00B\x06\xfe\xd4\x00b\x00\x00\xea\x00\x80\xea\n\x9b\x80\xee\x0e\x9bB\xfd'),
                            bytearray(b'\x82\x82st\xf0\xe8\xf0\x87r\x86}\x80\xfa\xef)\xc0\xfa\xdf\x03\x01\xf0\xf2\xcf*\x13\r\x1d\xa0\xea\xef\x04"'),
                            bytearray(b'\x08\x02\t\x02\n\x02\x0b\x02\x0c\x02\r\x02\x0e\x02\x0f\x06\x10\x02\x01\x02\x11\x02\x12\x02\x13\x06\x14\x00\x02\x00\x02\x01'),
                            bytearray(b'\x00\x00\xc0\xd9\x00\x06\x16\xa0\xd4\xf6\x0f\x14\xc0\xf5\xf8\x9f\x92\x90\xed\xe8\x95\x9a\xa0\xe5\x00\x91v\xf0\xe5\xf0\x96x'),
                        ], is_16bit=False, y_plus=0, y_minus=0, x=111, y=107),
                    ]
                ),
                Mold(8, gridplane=False,
                    tiles=[
                        Tile(mirror=False, invert=False, format=0, length=5, subtile_bytes=[
                            bytearray(b'\x00\x00\x90\x01B\xff\x01\x16\x01b\x00\x00+\x01r\x00\x01S\x01\x80\xe9\xea\xa1\x00"\xfe\x00\xca\x00B\x02\x00'),
                            bytearray(b'\x8d\x9d\xa0\xe6\x0b\x19\x1e\xd0\xe6\xfb\x15\x1c\x18\xb0\xde\xeb\x0e\x02$p\xd6\x03\x10\t%\xb0\xd6\xf3\x17(\x1b\xf0'),
                            None,
                            None,
                        ], is_16bit=False, y_plus=0, y_minus=0, x=130, y=387),
                        Tile(mirror=False, invert=False, format=0, length=7, subtile_bytes=[
                            bytearray(b'\x06\x16\xa0\xd3\xf7\x0f\x14B\x03\xff\xfa\x00b\x01\x01\x10\x01\x80\xf4\n\x9bB\x02\xfe<\x01b\x00\x00Q\x01r'),
                            bytearray(b'\x00\xca\x00\xf2\x00\x00\x1a\x01\xf0\xda\xd7\x08\x1a\x11\x0c\x00"\xff\x00\xca\x00B\x01\x00\xd4\x00b\x00\x00\xea\x00"'),
                            bytearray(b'k\x02"\x00\x00\xfb\x02B\xff\x00\x16\x01b\x00\x00+\x01r\xff\x00S\x01\x00\xf0\xc1\xfefohk\xf2\x00'),
                            bytearray(b'\xeb\xa1\x00"\xfd\x00\xca\x00B\x04\xff\xd4\x00b\x00\x00\xea\x00"\xfe\x00\x90\x01B\xfe\x02\x16\x01b\x00\x00+'),
                        ], is_16bit=False, y_plus=0, y_minus=0, x=130, y=371),
                        Tile(mirror=False, invert=False, format=0, length=7, subtile_bytes=[
                            bytearray(b'\xff\xff\xff\xff\x1d\x00J\x00\x83\x00\x00\x00\x02\x00\x00\x02\x00\x02\x01\x02\x02\x02\x03\x02\x04\x02\x05\x02\x06\x02\x07\x02'),
                            bytearray(b'\x05\x02\x06\x02\x07\x02\x08\x02\t\x02\n\x02\x0b\x02\x0c\x02\r\x02\x0e\x02\x0f\x06\x10\x02\x01\x02\x11\x02\x12\x02\x13\x06'),
                            bytearray(b'\x02\x19\x02\x1a\x02\x1b\x02\x1c\x02\x1d\x02\x1c\x02\x1b\x02\x1d\x02\x1b\x04\x1e\x00\x02\x00\x02\x01\x02\x02\x02\x03\x02\x04\x02'),
                            bytearray(b'\xf3\x17\x8c"\x00\x00\xea\x00\xf0\xde\xeb\x0e\x89\x02$p\xd6\x03\x10\x94%\x12\x00\x00\xae\x02\xf2\x00\x00\x0e\x01R'),
                        ], is_16bit=False, y_plus=0, y_minus=0, x=126, y=357),
                        Tile(mirror=False, invert=False, format=0, length=7, subtile_bytes=[
                            bytearray(b'\x90\x93\x80\xe0\xf8\x10\xa0\x85|\xf0\xf8\x00w\x88\x9e\x97\xf0\xf8\xf0\x9c\x7fy~\xb0\xe8\x10\x81qz\xf0\xe8\x00'),
                            bytearray(b'$p\xd6\x03\x10\x8f%\xf0\xce\xfb\x05\x0bu\n\xf2\x00\x00\x0e\x01R\x00\x00c\x01\x00b\x00\x00\xca\x00\x90\xd6'),
                            bytearray(b'\x01r\xf9\x03S\x01\x80\xe9\xec\xa1\x00b\x00\x00\xca\x00\x90\xd6\xf3\x17\x8a"\x00\x00\xea\x00\xf0\xde\xeb\x0e(\x02'),
                            bytearray(b'\xd4\x00b\x00\x00\xea\x00\x80\xec\x0c\x9b\x80\xf0\r\x9bB\xff\x02\x16\x01b\x00\x00+\x01r\x00\x02S\x01\x80\xe9'),
                        ], is_16bit=False, y_plus=0, y_minus=0, x=118, y=348),
                        Tile(mirror=False, invert=False, format=0, length=7, subtile_bytes=[
                            bytearray(b'\x90\x93\x80\xe0\xf8\x10\xa0\x85|\xf0\xf8\x00w\x88\x9e\x97\xf0\xf8\xf0\x9c\x7fy~\xb0\xe8\x10\x81qz\xf0\xe8\x00'),
                            bytearray(b'$p\xd6\x03\x10\x8f%\xf0\xce\xfb\x05\x0bu\n\xf2\x00\x00\x0e\x01R\x00\x00c\x01\x00b\x00\x00\xca\x00\x90\xd6'),
                            bytearray(b'\x01r\xf9\x03S\x01\x80\xe9\xec\xa1\x00b\x00\x00\xca\x00\x90\xd6\xf3\x17\x8a"\x00\x00\xea\x00\xf0\xde\xeb\x0e(\x02'),
                            bytearray(b'\xd4\x00b\x00\x00\xea\x00\x80\xec\x0c\x9b\x80\xf0\r\x9bB\xff\x02\x16\x01b\x00\x00+\x01r\x00\x02S\x01\x80\xe9'),
                        ], is_16bit=False, y_plus=0, y_minus=0, x=367, y=352),
                        Tile(mirror=False, invert=False, format=0, length=5, subtile_bytes=[
                            bytearray(b'\xa1\x00\xf0\xc4\xfenpej"\x01\x00\xca\x00B\xff\x00\xd4\x00\xc0\xce\xfbgl2\x00\x00\xea\x00"\x02\xfe'),
                            bytearray(b'\x02\x03\x02\x05\x02\x07\x02\t\x02\x0b\x02\r\x02\x0f\x02\x10\x06\x15\x08\x16\x06\x15\x08\x17\x06\x15\x08\x16\x06\x15\x02\x18'),
                            None,
                            None,
                        ], is_16bit=False, y_plus=0, y_minus=0, x=111, y=123),
                        Tile(mirror=False, invert=False, format=0, length=7, subtile_bytes=[
                            bytearray(b'\x01\x82\xff\x02S\x01\x00"\xfc\x00\xca\x00B\x06\xfe\xd4\x00b\x00\x00\xea\x00\x80\xea\n\x9b\x80\xee\x0e\x9bB\xfd'),
                            bytearray(b'\x82\x82st\xf0\xe8\xf0\x87r\x86}\x80\xfa\xef)\xc0\xfa\xdf\x03\x01\xf0\xf2\xcf*\x13\r\x1d\xa0\xea\xef\x04"'),
                            bytearray(b'\x08\x02\t\x02\n\x02\x0b\x02\x0c\x02\r\x02\x0e\x02\x0f\x06\x10\x02\x01\x02\x11\x02\x12\x02\x13\x06\x14\x00\x02\x00\x02\x01'),
                            bytearray(b'\x00\x00\xc0\xd9\x00\x06\x16\xa0\xd4\xf6\x0f\x14\xc0\xf5\xf8\x9f\x92\x90\xed\xe8\x95\x9a\xa0\xe5\x00\x91v\xf0\xe5\xf0\x96x'),
                        ], is_16bit=False, y_plus=0, y_minus=0, x=111, y=107),
                    ]
                ),
                Mold(9, gridplane=False,
                    tiles=[
                        Tile(mirror=False, invert=False, format=0, length=5, subtile_bytes=[
                            bytearray(b'\x00\x00\x90\x01B\xff\x01\x16\x01b\x00\x00+\x01r\x00\x01S\x01\x80\xe9\xea\xa1\x00"\xfe\x00\xca\x00B\x02\x00'),
                            bytearray(b'\x8d\x9d\xa0\xe6\x0b\x19\x1e\xd0\xe6\xfb\x15\x1c\x18\xb0\xde\xeb\x0e\x02$p\xd6\x03\x10\t%\xb0\xd6\xf3\x17(\x1b\xf0'),
                            None,
                            None,
                        ], is_16bit=False, y_plus=0, y_minus=0, x=382, y=379),
                        Tile(mirror=False, invert=False, format=0, length=7, subtile_bytes=[
                            bytearray(b'\x06\x16\xa0\xd3\xf7\x0f\x14B\x03\xff\xfa\x00b\x01\x01\x10\x01\x80\xf4\n\x9bB\x02\xfe<\x01b\x00\x00Q\x01r'),
                            bytearray(b'\x00\xca\x00\xf2\x00\x00\x1a\x01\xf0\xda\xd7\x08\x1a\x11\x0c\x00"\xff\x00\xca\x00B\x01\x00\xd4\x00b\x00\x00\xea\x00"'),
                            bytearray(b'k\x02"\x00\x00\xfb\x02B\xff\x00\x16\x01b\x00\x00+\x01r\xff\x00S\x01\x00\xf0\xc1\xfefohk\xf2\x00'),
                            bytearray(b'\xeb\xa1\x00"\xfd\x00\xca\x00B\x04\xff\xd4\x00b\x00\x00\xea\x00"\xfe\x00\x90\x01B\xfe\x02\x16\x01b\x00\x00+'),
                        ], is_16bit=False, y_plus=0, y_minus=0, x=382, y=363),
                        Tile(mirror=False, invert=False, format=0, length=7, subtile_bytes=[
                            bytearray(b'\xff\xff\xff\xff\x1d\x00J\x00\x83\x00\x00\x00\x02\x00\x00\x02\x00\x02\x01\x02\x02\x02\x03\x02\x04\x02\x05\x02\x06\x02\x07\x02'),
                            bytearray(b'\x05\x02\x06\x02\x07\x02\x08\x02\t\x02\n\x02\x0b\x02\x0c\x02\r\x02\x0e\x02\x0f\x06\x10\x02\x01\x02\x11\x02\x12\x02\x13\x06'),
                            bytearray(b'\x02\x19\x02\x1a\x02\x1b\x02\x1c\x02\x1d\x02\x1c\x02\x1b\x02\x1d\x02\x1b\x04\x1e\x00\x02\x00\x02\x01\x02\x02\x02\x03\x02\x04\x02'),
                            bytearray(b'\xf3\x17\x8c"\x00\x00\xea\x00\xf0\xde\xeb\x0e\x89\x02$p\xd6\x03\x10\x94%\x12\x00\x00\xae\x02\xf2\x00\x00\x0e\x01R'),
                        ], is_16bit=False, y_plus=0, y_minus=0, x=378, y=350),
                        Tile(mirror=False, invert=False, format=0, length=7, subtile_bytes=[
                            bytearray(b'\x90\x93\x80\xe0\xf8\x10\xa0\x85|\xf0\xf8\x00w\x88\x9e\x97\xf0\xf8\xf0\x9c\x7fy~\xb0\xe8\x10\x81qz\xf0\xe8\x00'),
                            bytearray(b'$p\xd6\x03\x10\x8f%\xf0\xce\xfb\x05\x0bu\n\xf2\x00\x00\x0e\x01R\x00\x00c\x01\x00b\x00\x00\xca\x00\x90\xd6'),
                            bytearray(b'\x01r\xf9\x03S\x01\x80\xe9\xec\xa1\x00b\x00\x00\xca\x00\x90\xd6\xf3\x17\x8a"\x00\x00\xea\x00\xf0\xde\xeb\x0e(\x02'),
                            bytearray(b'\xd4\x00b\x00\x00\xea\x00\x80\xec\x0c\x9b\x80\xf0\r\x9bB\xff\x02\x16\x01b\x00\x00+\x01r\x00\x02S\x01\x80\xe9'),
                        ], is_16bit=False, y_plus=0, y_minus=0, x=113, y=343),
                        Tile(mirror=False, invert=False, format=0, length=7, subtile_bytes=[
                            bytearray(b'\x01\x82\xff\x02S\x01\x00"\xfc\x00\xca\x00B\x06\xfe\xd4\x00b\x00\x00\xea\x00\x80\xea\n\x9b\x80\xee\x0e\x9bB\xfd'),
                            bytearray(b'\x82\x82st\xf0\xe8\xf0\x87r\x86}\x80\xfa\xef)\xc0\xfa\xdf\x03\x01\xf0\xf2\xcf*\x13\r\x1d\xa0\xea\xef\x04"'),
                            bytearray(b'\x08\x02\t\x02\n\x02\x0b\x02\x0c\x02\r\x02\x0e\x02\x0f\x06\x10\x02\x01\x02\x11\x02\x12\x02\x13\x06\x14\x00\x02\x00\x02\x01'),
                            bytearray(b'\x00\x00\xc0\xd9\x00\x06\x16\xa0\xd4\xf6\x0f\x14\xc0\xf5\xf8\x9f\x92\x90\xed\xe8\x95\x9a\xa0\xe5\x00\x91v\xf0\xe5\xf0\x96x'),
                        ], is_16bit=False, y_plus=0, y_minus=0, x=110, y=96),
                        Tile(mirror=False, invert=False, format=0, length=5, subtile_bytes=[
                            bytearray(b'\xa1\x00\xf0\xc4\xfenpej"\x01\x00\xca\x00B\xff\x00\xd4\x00\xc0\xce\xfbgl2\x00\x00\xea\x00"\x02\xfe'),
                            bytearray(b'\x02\x03\x02\x05\x02\x07\x02\t\x02\x0b\x02\r\x02\x0f\x02\x10\x06\x15\x08\x16\x06\x15\x08\x17\x06\x15\x08\x16\x06\x15\x02\x18'),
                            None,
                            None,
                        ], is_16bit=False, y_plus=0, y_minus=0, x=111, y=123),
                        Tile(mirror=False, invert=False, format=0, length=7, subtile_bytes=[
                            bytearray(b'\x01\x82\xff\x02S\x01\x00"\xfc\x00\xca\x00B\x06\xfe\xd4\x00b\x00\x00\xea\x00\x80\xea\n\x9b\x80\xee\x0e\x9bB\xfd'),
                            bytearray(b'\x82\x82st\xf0\xe8\xf0\x87r\x86}\x80\xfa\xef)\xc0\xfa\xdf\x03\x01\xf0\xf2\xcf*\x13\r\x1d\xa0\xea\xef\x04"'),
                            bytearray(b'\x08\x02\t\x02\n\x02\x0b\x02\x0c\x02\r\x02\x0e\x02\x0f\x06\x10\x02\x01\x02\x11\x02\x12\x02\x13\x06\x14\x00\x02\x00\x02\x01'),
                            bytearray(b'\x00\x00\xc0\xd9\x00\x06\x16\xa0\xd4\xf6\x0f\x14\xc0\xf5\xf8\x9f\x92\x90\xed\xe8\x95\x9a\xa0\xe5\x00\x91v\xf0\xe5\xf0\x96x'),
                        ], is_16bit=False, y_plus=0, y_minus=0, x=111, y=107),
                    ]
                ),
                Mold(10, gridplane=False,
                    tiles=[
                        Tile(mirror=False, invert=False, format=0, length=5, subtile_bytes=[
                            bytearray(b'\x00\x00\x90\x01B\xff\x01\x16\x01b\x00\x00+\x01r\x00\x01S\x01\x80\xe9\xea\xa1\x00"\xfe\x00\xca\x00B\x02\x00'),
                            bytearray(b'\x8d\x9d\xa0\xe6\x0b\x19\x1e\xd0\xe6\xfb\x15\x1c\x18\xb0\xde\xeb\x0e\x02$p\xd6\x03\x10\t%\xb0\xd6\xf3\x17(\x1b\xf0'),
                            None,
                            None,
                        ], is_16bit=False, y_plus=0, y_minus=0, x=377, y=369),
                        Tile(mirror=False, invert=False, format=0, length=7, subtile_bytes=[
                            bytearray(b'\x06\x16\xa0\xd3\xf7\x0f\x14B\x03\xff\xfa\x00b\x01\x01\x10\x01\x80\xf4\n\x9bB\x02\xfe<\x01b\x00\x00Q\x01r'),
                            bytearray(b'\x00\xca\x00\xf2\x00\x00\x1a\x01\xf0\xda\xd7\x08\x1a\x11\x0c\x00"\xff\x00\xca\x00B\x01\x00\xd4\x00b\x00\x00\xea\x00"'),
                            bytearray(b'k\x02"\x00\x00\xfb\x02B\xff\x00\x16\x01b\x00\x00+\x01r\xff\x00S\x01\x00\xf0\xc1\xfefohk\xf2\x00'),
                            bytearray(b'\xeb\xa1\x00"\xfd\x00\xca\x00B\x04\xff\xd4\x00b\x00\x00\xea\x00"\xfe\x00\x90\x01B\xfe\x02\x16\x01b\x00\x00+'),
                        ], is_16bit=False, y_plus=0, y_minus=0, x=377, y=353),
                        Tile(mirror=False, invert=False, format=0, length=7, subtile_bytes=[
                            bytearray(b'\xff\xff\xff\xff\x1d\x00J\x00\x83\x00\x00\x00\x02\x00\x00\x02\x00\x02\x01\x02\x02\x02\x03\x02\x04\x02\x05\x02\x06\x02\x07\x02'),
                            bytearray(b'\x05\x02\x06\x02\x07\x02\x08\x02\t\x02\n\x02\x0b\x02\x0c\x02\r\x02\x0e\x02\x0f\x06\x10\x02\x01\x02\x11\x02\x12\x02\x13\x06'),
                            bytearray(b'\x02\x19\x02\x1a\x02\x1b\x02\x1c\x02\x1d\x02\x1c\x02\x1b\x02\x1d\x02\x1b\x04\x1e\x00\x02\x00\x02\x01\x02\x02\x02\x03\x02\x04\x02'),
                            bytearray(b'\xf3\x17\x8c"\x00\x00\xea\x00\xf0\xde\xeb\x0e\x89\x02$p\xd6\x03\x10\x94%\x12\x00\x00\xae\x02\xf2\x00\x00\x0e\x01R'),
                        ], is_16bit=False, y_plus=0, y_minus=0, x=375, y=345),
                        Tile(mirror=False, invert=False, format=0, length=7, subtile_bytes=[
                            bytearray(b'\x90\x93\x80\xe0\xf8\x10\xa0\x85|\xf0\xf8\x00w\x88\x9e\x97\xf0\xf8\xf0\x9c\x7fy~\xb0\xe8\x10\x81qz\xf0\xe8\x00'),
                            bytearray(b'$p\xd6\x03\x10\x8f%\xf0\xce\xfb\x05\x0bu\n\xf2\x00\x00\x0e\x01R\x00\x00c\x01\x00b\x00\x00\xca\x00\x90\xd6'),
                            bytearray(b'\x01r\xf9\x03S\x01\x80\xe9\xec\xa1\x00b\x00\x00\xca\x00\x90\xd6\xf3\x17\x8a"\x00\x00\xea\x00\xf0\xde\xeb\x0e(\x02'),
                            bytearray(b'\xd4\x00b\x00\x00\xea\x00\x80\xec\x0c\x9b\x80\xf0\r\x9bB\xff\x02\x16\x01b\x00\x00+\x01r\x00\x02S\x01\x80\xe9'),
                        ], is_16bit=False, y_plus=0, y_minus=0, x=367, y=341),
                        Tile(mirror=False, invert=False, format=0, length=7, subtile_bytes=[
                            bytearray(b'\x01\x82\xff\x02S\x01\x00"\xfc\x00\xca\x00B\x06\xfe\xd4\x00b\x00\x00\xea\x00\x80\xea\n\x9b\x80\xee\x0e\x9bB\xfd'),
                            bytearray(b'\x82\x82st\xf0\xe8\xf0\x87r\x86}\x80\xfa\xef)\xc0\xfa\xdf\x03\x01\xf0\xf2\xcf*\x13\r\x1d\xa0\xea\xef\x04"'),
                            bytearray(b'\x08\x02\t\x02\n\x02\x0b\x02\x0c\x02\r\x02\x0e\x02\x0f\x06\x10\x02\x01\x02\x11\x02\x12\x02\x13\x06\x14\x00\x02\x00\x02\x01'),
                            bytearray(b'\x00\x00\xc0\xd9\x00\x06\x16\xa0\xd4\xf6\x0f\x14\xc0\xf5\xf8\x9f\x92\x90\xed\xe8\x95\x9a\xa0\xe5\x00\x91v\xf0\xe5\xf0\x96x'),
                        ], is_16bit=False, y_plus=0, y_minus=0, x=365, y=351),
                        Tile(mirror=False, invert=False, format=0, length=5, subtile_bytes=[
                            bytearray(b'\xa1\x00\xf0\xc4\xfenpej"\x01\x00\xca\x00B\xff\x00\xd4\x00\xc0\xce\xfbgl2\x00\x00\xea\x00"\x02\xfe'),
                            bytearray(b'\x02\x03\x02\x05\x02\x07\x02\t\x02\x0b\x02\r\x02\x0f\x02\x10\x06\x15\x08\x16\x06\x15\x08\x17\x06\x15\x08\x16\x06\x15\x02\x18'),
                            None,
                            None,
                        ], is_16bit=False, y_plus=0, y_minus=0, x=111, y=123),
                        Tile(mirror=False, invert=False, format=0, length=7, subtile_bytes=[
                            bytearray(b'\x01\x82\xff\x02S\x01\x00"\xfc\x00\xca\x00B\x06\xfe\xd4\x00b\x00\x00\xea\x00\x80\xea\n\x9b\x80\xee\x0e\x9bB\xfd'),
                            bytearray(b'\x82\x82st\xf0\xe8\xf0\x87r\x86}\x80\xfa\xef)\xc0\xfa\xdf\x03\x01\xf0\xf2\xcf*\x13\r\x1d\xa0\xea\xef\x04"'),
                            bytearray(b'\x08\x02\t\x02\n\x02\x0b\x02\x0c\x02\r\x02\x0e\x02\x0f\x06\x10\x02\x01\x02\x11\x02\x12\x02\x13\x06\x14\x00\x02\x00\x02\x01'),
                            bytearray(b'\x00\x00\xc0\xd9\x00\x06\x16\xa0\xd4\xf6\x0f\x14\xc0\xf5\xf8\x9f\x92\x90\xed\xe8\x95\x9a\xa0\xe5\x00\x91v\xf0\xe5\xf0\x96x'),
                        ], is_16bit=False, y_plus=0, y_minus=0, x=111, y=107),
                    ]
                ),
                Mold(11, gridplane=False,
                    tiles=[
                        Tile(mirror=False, invert=False, format=0, length=5, subtile_bytes=[
                            bytearray(b'\x00\x00\x90\x01B\xff\x01\x16\x01b\x00\x00+\x01r\x00\x01S\x01\x80\xe9\xea\xa1\x00"\xfe\x00\xca\x00B\x02\x00'),
                            bytearray(b'\x8d\x9d\xa0\xe6\x0b\x19\x1e\xd0\xe6\xfb\x15\x1c\x18\xb0\xde\xeb\x0e\x02$p\xd6\x03\x10\t%\xb0\xd6\xf3\x17(\x1b\xf0'),
                            None,
                            None,
                        ], is_16bit=False, y_plus=0, y_minus=0, x=373, y=358),
                        Tile(mirror=False, invert=False, format=0, length=7, subtile_bytes=[
                            bytearray(b'\x06\x16\xa0\xd3\xf7\x0f\x14B\x03\xff\xfa\x00b\x01\x01\x10\x01\x80\xf4\n\x9bB\x02\xfe<\x01b\x00\x00Q\x01r'),
                            bytearray(b'\x00\xca\x00\xf2\x00\x00\x1a\x01\xf0\xda\xd7\x08\x1a\x11\x0c\x00"\xff\x00\xca\x00B\x01\x00\xd4\x00b\x00\x00\xea\x00"'),
                            bytearray(b'k\x02"\x00\x00\xfb\x02B\xff\x00\x16\x01b\x00\x00+\x01r\xff\x00S\x01\x00\xf0\xc1\xfefohk\xf2\x00'),
                            bytearray(b'\xeb\xa1\x00"\xfd\x00\xca\x00B\x04\xff\xd4\x00b\x00\x00\xea\x00"\xfe\x00\x90\x01B\xfe\x02\x16\x01b\x00\x00+'),
                        ], is_16bit=False, y_plus=0, y_minus=0, x=373, y=342),
                        Tile(mirror=False, invert=False, format=0, length=7, subtile_bytes=[
                            bytearray(b'\xff\xff\xff\xff\x1d\x00J\x00\x83\x00\x00\x00\x02\x00\x00\x02\x00\x02\x01\x02\x02\x02\x03\x02\x04\x02\x05\x02\x06\x02\x07\x02'),
                            bytearray(b'\x05\x02\x06\x02\x07\x02\x08\x02\t\x02\n\x02\x0b\x02\x0c\x02\r\x02\x0e\x02\x0f\x06\x10\x02\x01\x02\x11\x02\x12\x02\x13\x06'),
                            bytearray(b'\x02\x19\x02\x1a\x02\x1b\x02\x1c\x02\x1d\x02\x1c\x02\x1b\x02\x1d\x02\x1b\x04\x1e\x00\x02\x00\x02\x01\x02\x02\x02\x03\x02\x04\x02'),
                            bytearray(b'\xf3\x17\x8c"\x00\x00\xea\x00\xf0\xde\xeb\x0e\x89\x02$p\xd6\x03\x10\x94%\x12\x00\x00\xae\x02\xf2\x00\x00\x0e\x01R'),
                        ], is_16bit=False, y_plus=0, y_minus=0, x=369, y=339),
                        Tile(mirror=False, invert=False, format=0, length=7, subtile_bytes=[
                            bytearray(b'\x01\x82\xff\x02S\x01\x00"\xfc\x00\xca\x00B\x06\xfe\xd4\x00b\x00\x00\xea\x00\x80\xea\n\x9b\x80\xee\x0e\x9bB\xfd'),
                            bytearray(b'\x82\x82st\xf0\xe8\xf0\x87r\x86}\x80\xfa\xef)\xc0\xfa\xdf\x03\x01\xf0\xf2\xcf*\x13\r\x1d\xa0\xea\xef\x04"'),
                            bytearray(b'\x08\x02\t\x02\n\x02\x0b\x02\x0c\x02\r\x02\x0e\x02\x0f\x06\x10\x02\x01\x02\x11\x02\x12\x02\x13\x06\x14\x00\x02\x00\x02\x01'),
                            bytearray(b'\x00\x00\xc0\xd9\x00\x06\x16\xa0\xd4\xf6\x0f\x14\xc0\xf5\xf8\x9f\x92\x90\xed\xe8\x95\x9a\xa0\xe5\x00\x91v\xf0\xe5\xf0\x96x'),
                        ], is_16bit=False, y_plus=0, y_minus=0, x=365, y=342),
                        Tile(mirror=False, invert=False, format=0, length=7, subtile_bytes=[
                            bytearray(b'\x01\x82\xff\x02S\x01\x00"\xfc\x00\xca\x00B\x06\xfe\xd4\x00b\x00\x00\xea\x00\x80\xea\n\x9b\x80\xee\x0e\x9bB\xfd'),
                            bytearray(b'\x82\x82st\xf0\xe8\xf0\x87r\x86}\x80\xfa\xef)\xc0\xfa\xdf\x03\x01\xf0\xf2\xcf*\x13\r\x1d\xa0\xea\xef\x04"'),
                            bytearray(b'\x08\x02\t\x02\n\x02\x0b\x02\x0c\x02\r\x02\x0e\x02\x0f\x06\x10\x02\x01\x02\x11\x02\x12\x02\x13\x06\x14\x00\x02\x00\x02\x01'),
                            bytearray(b'\x00\x00\xc0\xd9\x00\x06\x16\xa0\xd4\xf6\x0f\x14\xc0\xf5\xf8\x9f\x92\x90\xed\xe8\x95\x9a\xa0\xe5\x00\x91v\xf0\xe5\xf0\x96x'),
                        ], is_16bit=False, y_plus=0, y_minus=0, x=364, y=351),
                        Tile(mirror=False, invert=False, format=0, length=5, subtile_bytes=[
                            bytearray(b'\xa1\x00\xf0\xc4\xfenpej"\x01\x00\xca\x00B\xff\x00\xd4\x00\xc0\xce\xfbgl2\x00\x00\xea\x00"\x02\xfe'),
                            bytearray(b'\x02\x03\x02\x05\x02\x07\x02\t\x02\x0b\x02\r\x02\x0f\x02\x10\x06\x15\x08\x16\x06\x15\x08\x17\x06\x15\x08\x16\x06\x15\x02\x18'),
                            None,
                            None,
                        ], is_16bit=False, y_plus=0, y_minus=0, x=111, y=123),
                        Tile(mirror=False, invert=False, format=0, length=7, subtile_bytes=[
                            bytearray(b'\x01\x82\xff\x02S\x01\x00"\xfc\x00\xca\x00B\x06\xfe\xd4\x00b\x00\x00\xea\x00\x80\xea\n\x9b\x80\xee\x0e\x9bB\xfd'),
                            bytearray(b'\x82\x82st\xf0\xe8\xf0\x87r\x86}\x80\xfa\xef)\xc0\xfa\xdf\x03\x01\xf0\xf2\xcf*\x13\r\x1d\xa0\xea\xef\x04"'),
                            bytearray(b'\x08\x02\t\x02\n\x02\x0b\x02\x0c\x02\r\x02\x0e\x02\x0f\x06\x10\x02\x01\x02\x11\x02\x12\x02\x13\x06\x14\x00\x02\x00\x02\x01'),
                            bytearray(b'\x00\x00\xc0\xd9\x00\x06\x16\xa0\xd4\xf6\x0f\x14\xc0\xf5\xf8\x9f\x92\x90\xed\xe8\x95\x9a\xa0\xe5\x00\x91v\xf0\xe5\xf0\x96x'),
                        ], is_16bit=False, y_plus=0, y_minus=0, x=111, y=107),
                    ]
                ),
                Mold(12, gridplane=False,
                    tiles=[
                        Tile(mirror=False, invert=False, format=0, length=5, subtile_bytes=[
                            bytearray(b'\x01b\x00\x00+\x01r\xff\x00S\x01\x80\xea\xeb\xa1\x00"\x01\x00\xca\x00B\xff\x00\xd4\x00\xc0\xce\xfbgl2'),
                            bytearray(b'\x00<\x01b\x00\x00Q\x01r\xfd\xfby\x01\x80\xea\xe6\xa1\x00"\xff\x00\xfd\x01B\x02\xff\xfa\x00b\x01\x00\x10'),
                            None,
                            None,
                        ], is_16bit=False, y_plus=0, y_minus=0, x=113, y=73),
                        Tile(mirror=False, invert=False, format=0, length=6, subtile_bytes=[
                            None,
                            bytearray(b'\x02\x16\x01b\x00\x00+\x01r\xfe\x02S\x01\x80\xe9\xec\xa1\x00h\x07\x0c\x00\xb0\x00\x06\x1f \x00\x00\x00\x1a\x00'),
                            bytearray(b'\x00\x00\xea\x00"\x02\xfek\x02"\x00\x00\xfb\x02B\xff\x00\x16\x01b\x00\x00+\x01r\xff\x00S\x01\x80\xea\xeb'),
                            bytearray(b'b\x00\x00Q\x01r\x00\xfey\x01\x80\xeb\xe9\xa1\x00\xc0\xd9\x00\x06\x16\xa0\xd5\xf5\x0f\x14B\x00\xff\xfa\x00b\x01'),
                        ], is_16bit=False, y_plus=0, y_minus=0, x=113, y=57),
                        Tile(mirror=False, invert=False, format=0, length=7, subtile_bytes=[
                            bytearray(b'\x01\x82\xff\x02S\x01\x00"\xfc\x00\xca\x00B\x06\xfe\xd4\x00b\x00\x00\xea\x00\x80\xea\n\x9b\x80\xee\x0e\x9bB\xfd'),
                            bytearray(b'\x82\x82st\xf0\xe8\xf0\x87r\x86}\x80\xfa\xef)\xc0\xfa\xdf\x03\x01\xf0\xf2\xcf*\x13\r\x1d\xa0\xea\xef\x04"'),
                            bytearray(b'\x08\x02\t\x02\n\x02\x0b\x02\x0c\x02\r\x02\x0e\x02\x0f\x06\x10\x02\x01\x02\x11\x02\x12\x02\x13\x06\x14\x00\x02\x00\x02\x01'),
                            bytearray(b'\x00\x00\xc0\xd9\x00\x06\x16\xa0\xd4\xf6\x0f\x14\xc0\xf5\xf8\x9f\x92\x90\xed\xe8\x95\x9a\xa0\xe5\x00\x91v\xf0\xe5\xf0\x96x'),
                        ], is_16bit=False, y_plus=0, y_minus=0, x=364, y=333),
                        Tile(mirror=False, invert=False, format=0, length=7, subtile_bytes=[
                            bytearray(b'\x01\x82\xff\x02S\x01\x00"\xfc\x00\xca\x00B\x06\xfe\xd4\x00b\x00\x00\xea\x00\x80\xea\n\x9b\x80\xee\x0e\x9bB\xfd'),
                            bytearray(b'\x82\x82st\xf0\xe8\xf0\x87r\x86}\x80\xfa\xef)\xc0\xfa\xdf\x03\x01\xf0\xf2\xcf*\x13\r\x1d\xa0\xea\xef\x04"'),
                            bytearray(b'\x08\x02\t\x02\n\x02\x0b\x02\x0c\x02\r\x02\x0e\x02\x0f\x06\x10\x02\x01\x02\x11\x02\x12\x02\x13\x06\x14\x00\x02\x00\x02\x01'),
                            bytearray(b'\x00\x00\xc0\xd9\x00\x06\x16\xa0\xd4\xf6\x0f\x14\xc0\xf5\xf8\x9f\x92\x90\xed\xe8\x95\x9a\xa0\xe5\x00\x91v\xf0\xe5\xf0\x96x'),
                        ], is_16bit=False, y_plus=0, y_minus=0, x=363, y=342),
                        Tile(mirror=False, invert=False, format=0, length=7, subtile_bytes=[
                            bytearray(b'\x01\x82\xff\x02S\x01\x00"\xfc\x00\xca\x00B\x06\xfe\xd4\x00b\x00\x00\xea\x00\x80\xea\n\x9b\x80\xee\x0e\x9bB\xfd'),
                            bytearray(b'\x82\x82st\xf0\xe8\xf0\x87r\x86}\x80\xfa\xef)\xc0\xfa\xdf\x03\x01\xf0\xf2\xcf*\x13\r\x1d\xa0\xea\xef\x04"'),
                            bytearray(b'\x08\x02\t\x02\n\x02\x0b\x02\x0c\x02\r\x02\x0e\x02\x0f\x06\x10\x02\x01\x02\x11\x02\x12\x02\x13\x06\x14\x00\x02\x00\x02\x01'),
                            bytearray(b'\x00\x00\xc0\xd9\x00\x06\x16\xa0\xd4\xf6\x0f\x14\xc0\xf5\xf8\x9f\x92\x90\xed\xe8\x95\x9a\xa0\xe5\x00\x91v\xf0\xe5\xf0\x96x'),
                        ], is_16bit=False, y_plus=0, y_minus=0, x=364, y=351),
                        Tile(mirror=False, invert=False, format=0, length=5, subtile_bytes=[
                            bytearray(b'\xa1\x00\xf0\xc4\xfenpej"\x01\x00\xca\x00B\xff\x00\xd4\x00\xc0\xce\xfbgl2\x00\x00\xea\x00"\x02\xfe'),
                            bytearray(b'\x02\x03\x02\x05\x02\x07\x02\t\x02\x0b\x02\r\x02\x0f\x02\x10\x06\x15\x08\x16\x06\x15\x08\x17\x06\x15\x08\x16\x06\x15\x02\x18'),
                            None,
                            None,
                        ], is_16bit=False, y_plus=0, y_minus=0, x=111, y=123),
                        Tile(mirror=False, invert=False, format=0, length=7, subtile_bytes=[
                            bytearray(b'\x01\x82\xff\x02S\x01\x00"\xfc\x00\xca\x00B\x06\xfe\xd4\x00b\x00\x00\xea\x00\x80\xea\n\x9b\x80\xee\x0e\x9bB\xfd'),
                            bytearray(b'\x82\x82st\xf0\xe8\xf0\x87r\x86}\x80\xfa\xef)\xc0\xfa\xdf\x03\x01\xf0\xf2\xcf*\x13\r\x1d\xa0\xea\xef\x04"'),
                            bytearray(b'\x08\x02\t\x02\n\x02\x0b\x02\x0c\x02\r\x02\x0e\x02\x0f\x06\x10\x02\x01\x02\x11\x02\x12\x02\x13\x06\x14\x00\x02\x00\x02\x01'),
                            bytearray(b'\x00\x00\xc0\xd9\x00\x06\x16\xa0\xd4\xf6\x0f\x14\xc0\xf5\xf8\x9f\x92\x90\xed\xe8\x95\x9a\xa0\xe5\x00\x91v\xf0\xe5\xf0\x96x'),
                        ], is_16bit=False, y_plus=0, y_minus=0, x=111, y=107),
                    ]
                ),
                Mold(13, gridplane=False,
                    tiles=[
                        Tile(mirror=False, invert=False, format=0, length=7, subtile_bytes=[
                            bytearray(b'\xff\x10\x01\x80\xed\x0c\x9b\x80\xf1\r\x9bB\xff\x02<\x01b\x00\x00Q\x01r\xff\xfey\x01\x80\xec\xe8\xa1\x00"'),
                            bytearray(b'y\x01\x80\xe9\xe8\xa1\x00"\x00\xff\xfd\x01B\x01\xfe\xfa\x00b\x01\xff\x10\x01\x80\xee\n\x9b\x80\xf3\x0c\x9bB\x01'),
                            bytearray(b'\x01\x80\xed\t\xa8\x80\xf2\x0b\x9bB\x01\xff<\x01b\x00\x00Q\x01r\xfb\xfby\x01\x80\xe7\xe5\xa1\x00\xc0\xd9\x01'),
                            bytearray(b'\x00\xfa\x00b\x00\x00\x10\x01\x80\xec\r\x9b\x80\xf1\x0c\x9bB\xff\x00<\x01b\x00\x00Q\x01r\x01\xffy\x01\x80'),
                        ], is_16bit=False, y_plus=0, y_minus=0, x=130, y=138),
                        Tile(mirror=False, invert=False, format=0, length=7, subtile_bytes=[
                            bytearray(b'\xff\xff\xff\xff\x1d\x00J\x00\x83\x00\x00\x00\x02\x00\x00\x02\x00\x02\x01\x02\x02\x02\x03\x02\x04\x02\x05\x02\x06\x02\x07\x02'),
                            bytearray(b'\x05\x02\x06\x02\x07\x02\x08\x02\t\x02\n\x02\x0b\x02\x0c\x02\r\x02\x0e\x02\x0f\x06\x10\x02\x01\x02\x11\x02\x12\x02\x13\x06'),
                            bytearray(b'\x02\x19\x02\x1a\x02\x1b\x02\x1c\x02\x1d\x02\x1c\x02\x1b\x02\x1d\x02\x1b\x04\x1e\x00\x02\x00\x02\x01\x02\x02\x02\x03\x02\x04\x02'),
                            bytearray(b'\xf3\x17\x8c"\x00\x00\xea\x00\xf0\xde\xeb\x0e\x89\x02$p\xd6\x03\x10\x94%\x12\x00\x00\xae\x02\xf2\x00\x00\x0e\x01R'),
                        ], is_16bit=False, y_plus=0, y_minus=0, x=126, y=127),
                        Tile(mirror=False, invert=False, format=0, length=7, subtile_bytes=[
                            bytearray(b'\x01\xff\xfd\x01B\x00\xfe\xfa\x00b\x02\xfe\x10\x01"\x00\xff\x11\x02B\x00\x01<\x01b\x00\x00Q\x01r\xfe\xfd'),
                            bytearray(b'\x14\x00\xf0\x00\xa7\x01\xd2\x01\xfd\x01-\x02U\x02\x80\x02\xab\x02\xd7\x02\x03\x03*\x03y\x03\xb4\x03\xe4\x03\x0c\x04'),
                            bytearray(b'\x00\x00c\x01\x00"\x01\x00\xca\x00B\xff\x00\xd4\x00b\x00\x00\xea\x00\x80\xed\r\x9b\x80\xf2\x0c\x9bB\xff\x00\x16'),
                            bytearray(b'\xf8\xfby\x01\x80\xe4\xe5\xa1\x00\xc0\xd8\x01\x06\x16\xa0\xd3\xf8\x0f\x14B\x04\x00\xfa\x00b\x01\x02\x10\x01R\x03\xfc'),
                        ], is_16bit=False, y_plus=0, y_minus=0, x=377, y=115),
                        Tile(mirror=False, invert=False, format=0, length=7, subtile_bytes=[
                            bytearray(b'V\x04\x81\x04\xce\x04\x1b\x05J\x05y\x05\x9f\x05\xc6\x05\x03\x06>\x06i\x06\x94\x06\xbf\x06\xef\x06\x1a\x07E\x07'),
                            bytearray(b'\xce\xfb\x05\x0b\x1f\n\x80\xed\x0c\x9b\x80\xf2\r\x9b\x80\x07\x13\x84\xc0\x07\x03\x98{\xa0\xf7\x13\x8b\x99\xf0\xf7\x03\x8e'),
                            bytearray(b'\xeb\xea\xa1\x00"\x01\x00\xf0\x00B\xff\xff\xfa\x00b\x01\xff\x10\x01\x80\xed\r\x9b\x80\xf2\r\x9bB\xff\x01<\x01'),
                            bytearray(b'\xf0\xea\xdf\x07!\x12\'\xb0\xe2\xcf#& \xf0\xda\xd7\x08\x1a\x11\x0c\x80\xea\xea\xa1\x00"\x01\x00\xf0\x00B\xff'),
                        ], is_16bit=False, y_plus=0, y_minus=0, x=370, y=107),
                        Tile(mirror=False, invert=False, format=0, length=5, subtile_bytes=[
                            bytearray(b'\xa1\x00\xf0\xc4\xfenpej"\x01\x00\xca\x00B\xff\x00\xd4\x00\xc0\xce\xfbgl2\x00\x00\xea\x00"\x02\xfe'),
                            bytearray(b'\x02\x03\x02\x05\x02\x07\x02\t\x02\x0b\x02\r\x02\x0f\x02\x10\x06\x15\x08\x16\x06\x15\x08\x17\x06\x15\x08\x16\x06\x15\x02\x18'),
                            None,
                            None,
                        ], is_16bit=False, y_plus=0, y_minus=0, x=111, y=123),
                        Tile(mirror=False, invert=False, format=0, length=7, subtile_bytes=[
                            bytearray(b'\x01\x82\xff\x02S\x01\x00"\xfc\x00\xca\x00B\x06\xfe\xd4\x00b\x00\x00\xea\x00\x80\xea\n\x9b\x80\xee\x0e\x9bB\xfd'),
                            bytearray(b'\x82\x82st\xf0\xe8\xf0\x87r\x86}\x80\xfa\xef)\xc0\xfa\xdf\x03\x01\xf0\xf2\xcf*\x13\r\x1d\xa0\xea\xef\x04"'),
                            bytearray(b'\x08\x02\t\x02\n\x02\x0b\x02\x0c\x02\r\x02\x0e\x02\x0f\x06\x10\x02\x01\x02\x11\x02\x12\x02\x13\x06\x14\x00\x02\x00\x02\x01'),
                            bytearray(b'\x00\x00\xc0\xd9\x00\x06\x16\xa0\xd4\xf6\x0f\x14\xc0\xf5\xf8\x9f\x92\x90\xed\xe8\x95\x9a\xa0\xe5\x00\x91v\xf0\xe5\xf0\x96x'),
                        ], is_16bit=False, y_plus=0, y_minus=0, x=111, y=107),
                    ]
                ),
                Mold(14, gridplane=False,
                    tiles=[
                        Tile(mirror=False, invert=False, format=0, length=5, subtile_bytes=[
                            bytearray(b'\x00\x00\x90\x01B\xff\x01\x16\x01b\x00\x00+\x01r\x00\x01S\x01\x80\xe9\xea\xa1\x00"\xfe\x00\xca\x00B\x02\x00'),
                            bytearray(b'\x8d\x9d\xa0\xe6\x0b\x19\x1e\xd0\xe6\xfb\x15\x1c\x18\xb0\xde\xeb\x0e\x02$p\xd6\x03\x10\t%\xb0\xd6\xf3\x17(\x1b\xf0'),
                            None,
                            None,
                        ], is_16bit=False, y_plus=0, y_minus=0, x=129, y=149),
                        Tile(mirror=False, invert=False, format=0, length=7, subtile_bytes=[
                            bytearray(b'\x06\x16\xa0\xd3\xf7\x0f\x14B\x03\xff\xfa\x00b\x01\x01\x10\x01\x80\xf4\n\x9bB\x02\xfe<\x01b\x00\x00Q\x01r'),
                            bytearray(b'\x00\xca\x00\xf2\x00\x00\x1a\x01\xf0\xda\xd7\x08\x1a\x11\x0c\x00"\xff\x00\xca\x00B\x01\x00\xd4\x00b\x00\x00\xea\x00"'),
                            bytearray(b'k\x02"\x00\x00\xfb\x02B\xff\x00\x16\x01b\x00\x00+\x01r\xff\x00S\x01\x00\xf0\xc1\xfefohk\xf2\x00'),
                            bytearray(b'\xeb\xa1\x00"\xfd\x00\xca\x00B\x04\xff\xd4\x00b\x00\x00\xea\x00"\xfe\x00\x90\x01B\xfe\x02\x16\x01b\x00\x00+'),
                        ], is_16bit=False, y_plus=0, y_minus=0, x=129, y=133),
                        Tile(mirror=False, invert=False, format=0, length=7, subtile_bytes=[
                            bytearray(b'\xff\xff\xff\xff\x1d\x00J\x00\x83\x00\x00\x00\x02\x00\x00\x02\x00\x02\x01\x02\x02\x02\x03\x02\x04\x02\x05\x02\x06\x02\x07\x02'),
                            bytearray(b'\x05\x02\x06\x02\x07\x02\x08\x02\t\x02\n\x02\x0b\x02\x0c\x02\r\x02\x0e\x02\x0f\x06\x10\x02\x01\x02\x11\x02\x12\x02\x13\x06'),
                            bytearray(b'\x02\x19\x02\x1a\x02\x1b\x02\x1c\x02\x1d\x02\x1c\x02\x1b\x02\x1d\x02\x1b\x04\x1e\x00\x02\x00\x02\x01\x02\x02\x02\x03\x02\x04\x02'),
                            bytearray(b'\xf3\x17\x8c"\x00\x00\xea\x00\xf0\xde\xeb\x0e\x89\x02$p\xd6\x03\x10\x94%\x12\x00\x00\xae\x02\xf2\x00\x00\x0e\x01R'),
                        ], is_16bit=False, y_plus=0, y_minus=0, x=126, y=119),
                        Tile(mirror=False, invert=False, format=0, length=7, subtile_bytes=[
                            bytearray(b'\x01\xff\xfd\x01B\x00\xfe\xfa\x00b\x02\xfe\x10\x01"\x00\xff\x11\x02B\x00\x01<\x01b\x00\x00Q\x01r\xfe\xfd'),
                            bytearray(b'\x14\x00\xf0\x00\xa7\x01\xd2\x01\xfd\x01-\x02U\x02\x80\x02\xab\x02\xd7\x02\x03\x03*\x03y\x03\xb4\x03\xe4\x03\x0c\x04'),
                            bytearray(b'\x00\x00c\x01\x00"\x01\x00\xca\x00B\xff\x00\xd4\x00b\x00\x00\xea\x00\x80\xed\r\x9b\x80\xf2\x0c\x9bB\xff\x00\x16'),
                            bytearray(b'\xf8\xfby\x01\x80\xe4\xe5\xa1\x00\xc0\xd8\x01\x06\x16\xa0\xd3\xf8\x0f\x14B\x04\x00\xfa\x00b\x01\x02\x10\x01R\x03\xfc'),
                        ], is_16bit=False, y_plus=0, y_minus=0, x=123, y=110),
                        Tile(mirror=False, invert=False, format=0, length=7, subtile_bytes=[
                            bytearray(b'V\x04\x81\x04\xce\x04\x1b\x05J\x05y\x05\x9f\x05\xc6\x05\x03\x06>\x06i\x06\x94\x06\xbf\x06\xef\x06\x1a\x07E\x07'),
                            bytearray(b'\xce\xfb\x05\x0b\x1f\n\x80\xed\x0c\x9b\x80\xf2\r\x9b\x80\x07\x13\x84\xc0\x07\x03\x98{\xa0\xf7\x13\x8b\x99\xf0\xf7\x03\x8e'),
                            bytearray(b'\xeb\xea\xa1\x00"\x01\x00\xf0\x00B\xff\xff\xfa\x00b\x01\xff\x10\x01\x80\xed\r\x9b\x80\xf2\r\x9bB\xff\x01<\x01'),
                            bytearray(b'\xf0\xea\xdf\x07!\x12\'\xb0\xe2\xcf#& \xf0\xda\xd7\x08\x1a\x11\x0c\x80\xea\xea\xa1\x00"\x01\x00\xf0\x00B\xff'),
                        ], is_16bit=False, y_plus=0, y_minus=0, x=115, y=103),
                        Tile(mirror=False, invert=False, format=0, length=5, subtile_bytes=[
                            bytearray(b'\xa1\x00\xf0\xc4\xfenpej"\x01\x00\xca\x00B\xff\x00\xd4\x00\xc0\xce\xfbgl2\x00\x00\xea\x00"\x02\xfe'),
                            bytearray(b'\x02\x03\x02\x05\x02\x07\x02\t\x02\x0b\x02\r\x02\x0f\x02\x10\x06\x15\x08\x16\x06\x15\x08\x17\x06\x15\x08\x16\x06\x15\x02\x18'),
                            None,
                            None,
                        ], is_16bit=False, y_plus=0, y_minus=0, x=111, y=123),
                        Tile(mirror=False, invert=False, format=0, length=7, subtile_bytes=[
                            bytearray(b'\x01\x82\xff\x02S\x01\x00"\xfc\x00\xca\x00B\x06\xfe\xd4\x00b\x00\x00\xea\x00\x80\xea\n\x9b\x80\xee\x0e\x9bB\xfd'),
                            bytearray(b'\x82\x82st\xf0\xe8\xf0\x87r\x86}\x80\xfa\xef)\xc0\xfa\xdf\x03\x01\xf0\xf2\xcf*\x13\r\x1d\xa0\xea\xef\x04"'),
                            bytearray(b'\x08\x02\t\x02\n\x02\x0b\x02\x0c\x02\r\x02\x0e\x02\x0f\x06\x10\x02\x01\x02\x11\x02\x12\x02\x13\x06\x14\x00\x02\x00\x02\x01'),
                            bytearray(b'\x00\x00\xc0\xd9\x00\x06\x16\xa0\xd4\xf6\x0f\x14\xc0\xf5\xf8\x9f\x92\x90\xed\xe8\x95\x9a\xa0\xe5\x00\x91v\xf0\xe5\xf0\x96x'),
                        ], is_16bit=False, y_plus=0, y_minus=0, x=111, y=107),
                    ]
                ),
                Mold(15, gridplane=False,
                    tiles=[
                        Tile(mirror=False, invert=False, format=0, length=5, subtile_bytes=[
                            bytearray(b'\x00\x00\x90\x01B\xff\x01\x16\x01b\x00\x00+\x01r\x00\x01S\x01\x80\xe9\xea\xa1\x00"\xfe\x00\xca\x00B\x02\x00'),
                            bytearray(b'\x8d\x9d\xa0\xe6\x0b\x19\x1e\xd0\xe6\xfb\x15\x1c\x18\xb0\xde\xeb\x0e\x02$p\xd6\x03\x10\t%\xb0\xd6\xf3\x17(\x1b\xf0'),
                            None,
                            None,
                        ], is_16bit=False, y_plus=0, y_minus=0, x=129, y=404),
                        Tile(mirror=False, invert=False, format=0, length=7, subtile_bytes=[
                            bytearray(b'\x06\x16\xa0\xd3\xf7\x0f\x14B\x03\xff\xfa\x00b\x01\x01\x10\x01\x80\xf4\n\x9bB\x02\xfe<\x01b\x00\x00Q\x01r'),
                            bytearray(b'\x00\xca\x00\xf2\x00\x00\x1a\x01\xf0\xda\xd7\x08\x1a\x11\x0c\x00"\xff\x00\xca\x00B\x01\x00\xd4\x00b\x00\x00\xea\x00"'),
                            bytearray(b'k\x02"\x00\x00\xfb\x02B\xff\x00\x16\x01b\x00\x00+\x01r\xff\x00S\x01\x00\xf0\xc1\xfefohk\xf2\x00'),
                            bytearray(b'\xeb\xa1\x00"\xfd\x00\xca\x00B\x04\xff\xd4\x00b\x00\x00\xea\x00"\xfe\x00\x90\x01B\xfe\x02\x16\x01b\x00\x00+'),
                        ], is_16bit=False, y_plus=0, y_minus=0, x=129, y=388),
                        Tile(mirror=False, invert=False, format=0, length=7, subtile_bytes=[
                            bytearray(b'\xff\xff\xff\xff\x1d\x00J\x00\x83\x00\x00\x00\x02\x00\x00\x02\x00\x02\x01\x02\x02\x02\x03\x02\x04\x02\x05\x02\x06\x02\x07\x02'),
                            bytearray(b'\x05\x02\x06\x02\x07\x02\x08\x02\t\x02\n\x02\x0b\x02\x0c\x02\r\x02\x0e\x02\x0f\x06\x10\x02\x01\x02\x11\x02\x12\x02\x13\x06'),
                            bytearray(b'\x02\x19\x02\x1a\x02\x1b\x02\x1c\x02\x1d\x02\x1c\x02\x1b\x02\x1d\x02\x1b\x04\x1e\x00\x02\x00\x02\x01\x02\x02\x02\x03\x02\x04\x02'),
                            bytearray(b'\xf3\x17\x8c"\x00\x00\xea\x00\xf0\xde\xeb\x0e\x89\x02$p\xd6\x03\x10\x94%\x12\x00\x00\xae\x02\xf2\x00\x00\x0e\x01R'),
                        ], is_16bit=False, y_plus=0, y_minus=0, x=126, y=120),
                        Tile(mirror=False, invert=False, format=0, length=7, subtile_bytes=[
                            bytearray(b'\x01\xff\xfd\x01B\x00\xfe\xfa\x00b\x02\xfe\x10\x01"\x00\xff\x11\x02B\x00\x01<\x01b\x00\x00Q\x01r\xfe\xfd'),
                            bytearray(b'\x14\x00\xf0\x00\xa7\x01\xd2\x01\xfd\x01-\x02U\x02\x80\x02\xab\x02\xd7\x02\x03\x03*\x03y\x03\xb4\x03\xe4\x03\x0c\x04'),
                            bytearray(b'\x00\x00c\x01\x00"\x01\x00\xca\x00B\xff\x00\xd4\x00b\x00\x00\xea\x00\x80\xed\r\x9b\x80\xf2\x0c\x9bB\xff\x00\x16'),
                            bytearray(b'\xf8\xfby\x01\x80\xe4\xe5\xa1\x00\xc0\xd8\x01\x06\x16\xa0\xd3\xf8\x0f\x14B\x04\x00\xfa\x00b\x01\x02\x10\x01R\x03\xfc'),
                        ], is_16bit=False, y_plus=0, y_minus=0, x=124, y=110),
                        Tile(mirror=False, invert=False, format=0, length=7, subtile_bytes=[
                            bytearray(b'V\x04\x81\x04\xce\x04\x1b\x05J\x05y\x05\x9f\x05\xc6\x05\x03\x06>\x06i\x06\x94\x06\xbf\x06\xef\x06\x1a\x07E\x07'),
                            bytearray(b'\xce\xfb\x05\x0b\x1f\n\x80\xed\x0c\x9b\x80\xf2\r\x9b\x80\x07\x13\x84\xc0\x07\x03\x98{\xa0\xf7\x13\x8b\x99\xf0\xf7\x03\x8e'),
                            bytearray(b'\xeb\xea\xa1\x00"\x01\x00\xf0\x00B\xff\xff\xfa\x00b\x01\xff\x10\x01\x80\xed\r\x9b\x80\xf2\r\x9bB\xff\x01<\x01'),
                            bytearray(b'\xf0\xea\xdf\x07!\x12\'\xb0\xe2\xcf#& \xf0\xda\xd7\x08\x1a\x11\x0c\x80\xea\xea\xa1\x00"\x01\x00\xf0\x00B\xff'),
                        ], is_16bit=False, y_plus=0, y_minus=0, x=115, y=358),
                        Tile(mirror=False, invert=False, format=0, length=5, subtile_bytes=[
                            bytearray(b'\xa1\x00\xf0\xc4\xfenpej"\x01\x00\xca\x00B\xff\x00\xd4\x00\xc0\xce\xfbgl2\x00\x00\xea\x00"\x02\xfe'),
                            bytearray(b'\x02\x03\x02\x05\x02\x07\x02\t\x02\x0b\x02\r\x02\x0f\x02\x10\x06\x15\x08\x16\x06\x15\x08\x17\x06\x15\x08\x16\x06\x15\x02\x18'),
                            None,
                            None,
                        ], is_16bit=False, y_plus=0, y_minus=0, x=112, y=123),
                        Tile(mirror=False, invert=False, format=0, length=7, subtile_bytes=[
                            bytearray(b'\x01\x82\xff\x02S\x01\x00"\xfc\x00\xca\x00B\x06\xfe\xd4\x00b\x00\x00\xea\x00\x80\xea\n\x9b\x80\xee\x0e\x9bB\xfd'),
                            bytearray(b'\x82\x82st\xf0\xe8\xf0\x87r\x86}\x80\xfa\xef)\xc0\xfa\xdf\x03\x01\xf0\xf2\xcf*\x13\r\x1d\xa0\xea\xef\x04"'),
                            bytearray(b'\x08\x02\t\x02\n\x02\x0b\x02\x0c\x02\r\x02\x0e\x02\x0f\x06\x10\x02\x01\x02\x11\x02\x12\x02\x13\x06\x14\x00\x02\x00\x02\x01'),
                            bytearray(b'\x00\x00\xc0\xd9\x00\x06\x16\xa0\xd4\xf6\x0f\x14\xc0\xf5\xf8\x9f\x92\x90\xed\xe8\x95\x9a\xa0\xe5\x00\x91v\xf0\xe5\xf0\x96x'),
                        ], is_16bit=False, y_plus=0, y_minus=0, x=112, y=107),
                    ]
                ),
                Mold(16, gridplane=False,
                    tiles=[
                        Tile(mirror=False, invert=False, format=0, length=5, subtile_bytes=[
                            bytearray(b'\x00\x00\x90\x01B\xff\x01\x16\x01b\x00\x00+\x01r\x00\x01S\x01\x80\xe9\xea\xa1\x00"\xfe\x00\xca\x00B\x02\x00'),
                            bytearray(b'\x8d\x9d\xa0\xe6\x0b\x19\x1e\xd0\xe6\xfb\x15\x1c\x18\xb0\xde\xeb\x0e\x02$p\xd6\x03\x10\t%\xb0\xd6\xf3\x17(\x1b\xf0'),
                            None,
                            None,
                        ], is_16bit=False, y_plus=0, y_minus=0, x=129, y=150),
                        Tile(mirror=False, invert=False, format=0, length=7, subtile_bytes=[
                            bytearray(b'\x06\x16\xa0\xd3\xf7\x0f\x14B\x03\xff\xfa\x00b\x01\x01\x10\x01\x80\xf4\n\x9bB\x02\xfe<\x01b\x00\x00Q\x01r'),
                            bytearray(b'\x00\xca\x00\xf2\x00\x00\x1a\x01\xf0\xda\xd7\x08\x1a\x11\x0c\x00"\xff\x00\xca\x00B\x01\x00\xd4\x00b\x00\x00\xea\x00"'),
                            bytearray(b'k\x02"\x00\x00\xfb\x02B\xff\x00\x16\x01b\x00\x00+\x01r\xff\x00S\x01\x00\xf0\xc1\xfefohk\xf2\x00'),
                            bytearray(b'\xeb\xa1\x00"\xfd\x00\xca\x00B\x04\xff\xd4\x00b\x00\x00\xea\x00"\xfe\x00\x90\x01B\xfe\x02\x16\x01b\x00\x00+'),
                        ], is_16bit=False, y_plus=0, y_minus=0, x=129, y=134),
                        Tile(mirror=False, invert=False, format=0, length=7, subtile_bytes=[
                            bytearray(b'\xff\xff\xff\xff\x1d\x00J\x00\x83\x00\x00\x00\x02\x00\x00\x02\x00\x02\x01\x02\x02\x02\x03\x02\x04\x02\x05\x02\x06\x02\x07\x02'),
                            bytearray(b'\x05\x02\x06\x02\x07\x02\x08\x02\t\x02\n\x02\x0b\x02\x0c\x02\r\x02\x0e\x02\x0f\x06\x10\x02\x01\x02\x11\x02\x12\x02\x13\x06'),
                            bytearray(b'\x02\x19\x02\x1a\x02\x1b\x02\x1c\x02\x1d\x02\x1c\x02\x1b\x02\x1d\x02\x1b\x04\x1e\x00\x02\x00\x02\x01\x02\x02\x02\x03\x02\x04\x02'),
                            bytearray(b'\xf3\x17\x8c"\x00\x00\xea\x00\xf0\xde\xeb\x0e\x89\x02$p\xd6\x03\x10\x94%\x12\x00\x00\xae\x02\xf2\x00\x00\x0e\x01R'),
                        ], is_16bit=False, y_plus=0, y_minus=0, x=127, y=119),
                        Tile(mirror=False, invert=False, format=0, length=7, subtile_bytes=[
                            bytearray(b'\x01\xff\xfd\x01B\x00\xfe\xfa\x00b\x02\xfe\x10\x01"\x00\xff\x11\x02B\x00\x01<\x01b\x00\x00Q\x01r\xfe\xfd'),
                            bytearray(b'\x14\x00\xf0\x00\xa7\x01\xd2\x01\xfd\x01-\x02U\x02\x80\x02\xab\x02\xd7\x02\x03\x03*\x03y\x03\xb4\x03\xe4\x03\x0c\x04'),
                            bytearray(b'\x00\x00c\x01\x00"\x01\x00\xca\x00B\xff\x00\xd4\x00b\x00\x00\xea\x00\x80\xed\r\x9b\x80\xf2\x0c\x9bB\xff\x00\x16'),
                            bytearray(b'\xf8\xfby\x01\x80\xe4\xe5\xa1\x00\xc0\xd8\x01\x06\x16\xa0\xd3\xf8\x0f\x14B\x04\x00\xfa\x00b\x01\x02\x10\x01R\x03\xfc'),
                        ], is_16bit=False, y_plus=0, y_minus=0, x=378, y=110),
                        Tile(mirror=False, invert=False, format=0, length=7, subtile_bytes=[
                            bytearray(b'V\x04\x81\x04\xce\x04\x1b\x05J\x05y\x05\x9f\x05\xc6\x05\x03\x06>\x06i\x06\x94\x06\xbf\x06\xef\x06\x1a\x07E\x07'),
                            bytearray(b'\xce\xfb\x05\x0b\x1f\n\x80\xed\x0c\x9b\x80\xf2\r\x9b\x80\x07\x13\x84\xc0\x07\x03\x98{\xa0\xf7\x13\x8b\x99\xf0\xf7\x03\x8e'),
                            bytearray(b'\xeb\xea\xa1\x00"\x01\x00\xf0\x00B\xff\xff\xfa\x00b\x01\xff\x10\x01\x80\xed\r\x9b\x80\xf2\r\x9bB\xff\x01<\x01'),
                            bytearray(b'\xf0\xea\xdf\x07!\x12\'\xb0\xe2\xcf#& \xf0\xda\xd7\x08\x1a\x11\x0c\x80\xea\xea\xa1\x00"\x01\x00\xf0\x00B\xff'),
                        ], is_16bit=False, y_plus=0, y_minus=0, x=116, y=103),
                        Tile(mirror=False, invert=False, format=0, length=5, subtile_bytes=[
                            bytearray(b'\xa1\x00\xf0\xc4\xfenpej"\x01\x00\xca\x00B\xff\x00\xd4\x00\xc0\xce\xfbgl2\x00\x00\xea\x00"\x02\xfe'),
                            bytearray(b'\x02\x03\x02\x05\x02\x07\x02\t\x02\x0b\x02\r\x02\x0f\x02\x10\x06\x15\x08\x16\x06\x15\x08\x17\x06\x15\x08\x16\x06\x15\x02\x18'),
                            None,
                            None,
                        ], is_16bit=False, y_plus=0, y_minus=0, x=366, y=123),
                        Tile(mirror=False, invert=False, format=0, length=7, subtile_bytes=[
                            bytearray(b'\x01\x82\xff\x02S\x01\x00"\xfc\x00\xca\x00B\x06\xfe\xd4\x00b\x00\x00\xea\x00\x80\xea\n\x9b\x80\xee\x0e\x9bB\xfd'),
                            bytearray(b'\x82\x82st\xf0\xe8\xf0\x87r\x86}\x80\xfa\xef)\xc0\xfa\xdf\x03\x01\xf0\xf2\xcf*\x13\r\x1d\xa0\xea\xef\x04"'),
                            bytearray(b'\x08\x02\t\x02\n\x02\x0b\x02\x0c\x02\r\x02\x0e\x02\x0f\x06\x10\x02\x01\x02\x11\x02\x12\x02\x13\x06\x14\x00\x02\x00\x02\x01'),
                            bytearray(b'\x00\x00\xc0\xd9\x00\x06\x16\xa0\xd4\xf6\x0f\x14\xc0\xf5\xf8\x9f\x92\x90\xed\xe8\x95\x9a\xa0\xe5\x00\x91v\xf0\xe5\xf0\x96x'),
                        ], is_16bit=False, y_plus=0, y_minus=0, x=366, y=107),
                    ]
                ),
                Mold(17, gridplane=False,
                    tiles=[
                        Tile(mirror=False, invert=False, format=0, length=5, subtile_bytes=[
                            bytearray(b'\x01b\x00\x00+\x01r\xff\x00S\x01\x80\xea\xeb\xa1\x00"\x01\x00\xca\x00B\xff\x00\xd4\x00\xc0\xce\xfbgl2'),
                            bytearray(b'\x00<\x01b\x00\x00Q\x01r\xfd\xfby\x01\x80\xea\xe6\xa1\x00"\xff\x00\xfd\x01B\x02\xff\xfa\x00b\x01\x00\x10'),
                            None,
                            None,
                        ], is_16bit=False, y_plus=0, y_minus=0, x=368, y=120),
                        Tile(mirror=False, invert=False, format=0, length=6, subtile_bytes=[
                            None,
                            bytearray(b'\x02\x16\x01b\x00\x00+\x01r\xfe\x02S\x01\x80\xe9\xec\xa1\x00h\x07\x0c\x00\xb0\x00\x06\x1f \x00\x00\x00\x1a\x00'),
                            bytearray(b'\x00\x00\xea\x00"\x02\xfek\x02"\x00\x00\xfb\x02B\xff\x00\x16\x01b\x00\x00+\x01r\xff\x00S\x01\x80\xea\xeb'),
                            bytearray(b'b\x00\x00Q\x01r\x00\xfey\x01\x80\xeb\xe9\xa1\x00\xc0\xd9\x00\x06\x16\xa0\xd5\xf5\x0f\x14B\x00\xff\xfa\x00b\x01'),
                        ], is_16bit=False, y_plus=0, y_minus=0, x=368, y=104),
                    ]
                ),
                Mold(18, gridplane=False,
                    tiles=[
                        Tile(mirror=False, invert=False, format=0, length=5, subtile_bytes=[
                            bytearray(b'\x01b\x00\x00+\x01r\xff\x00S\x01\x80\xea\xeb\xa1\x00"\x01\x00\xca\x00B\xff\x00\xd4\x00\xc0\xce\xfbgl2'),
                            bytearray(b'\x00<\x01b\x00\x00Q\x01r\xfd\xfby\x01\x80\xea\xe6\xa1\x00"\xff\x00\xfd\x01B\x02\xff\xfa\x00b\x01\x00\x10'),
                            None,
                            None,
                        ], is_16bit=False, y_plus=0, y_minus=0, x=115, y=115),
                        Tile(mirror=False, invert=False, format=0, length=6, subtile_bytes=[
                            None,
                            bytearray(b'\x02\x16\x01b\x00\x00+\x01r\xfe\x02S\x01\x80\xe9\xec\xa1\x00h\x07\x0c\x00\xb0\x00\x06\x1f \x00\x00\x00\x1a\x00'),
                            bytearray(b'\x00\x00\xea\x00"\x02\xfek\x02"\x00\x00\xfb\x02B\xff\x00\x16\x01b\x00\x00+\x01r\xff\x00S\x01\x80\xea\xeb'),
                            bytearray(b'b\x00\x00Q\x01r\x00\xfey\x01\x80\xeb\xe9\xa1\x00\xc0\xd9\x00\x06\x16\xa0\xd5\xf5\x0f\x14B\x00\xff\xfa\x00b\x01'),
                        ], is_16bit=False, y_plus=0, y_minus=0, x=115, y=99),
                        Tile(mirror=False, invert=False, format=0, length=5, subtile_bytes=[
                            bytearray(b'\x01\x82\xff\x02S\x01\x00"\xfc\x00\xca\x00B\x06\xfe\xd4\x00b\x00\x00\xea\x00\x80\xea\n\x9b\x80\xee\x0e\x9bB\xfd'),
                            bytearray(b'\x82\x82st\xf0\xe8\xf0\x87r\x86}\x80\xfa\xef)\xc0\xfa\xdf\x03\x01\xf0\xf2\xcf*\x13\r\x1d\xa0\xea\xef\x04"'),
                            None,
                            None,
                        ], is_16bit=False, y_plus=0, y_minus=0, x=112, y=120),
                    ]
                ),
                Mold(19, gridplane=False,
                    tiles=[
                        Tile(mirror=False, invert=False, format=0, length=5, subtile_bytes=[
                            bytearray(b'\x01b\x00\x00+\x01r\xff\x00S\x01\x80\xea\xeb\xa1\x00"\x01\x00\xca\x00B\xff\x00\xd4\x00\xc0\xce\xfbgl2'),
                            bytearray(b'\x00<\x01b\x00\x00Q\x01r\xfd\xfby\x01\x80\xea\xe6\xa1\x00"\xff\x00\xfd\x01B\x02\xff\xfa\x00b\x01\x00\x10'),
                            None,
                            None,
                        ], is_16bit=False, y_plus=0, y_minus=0, x=115, y=105),
                        Tile(mirror=False, invert=False, format=0, length=6, subtile_bytes=[
                            None,
                            bytearray(b'\x02\x16\x01b\x00\x00+\x01r\xfe\x02S\x01\x80\xe9\xec\xa1\x00h\x07\x0c\x00\xb0\x00\x06\x1f \x00\x00\x00\x1a\x00'),
                            bytearray(b'\x00\x00\xea\x00"\x02\xfek\x02"\x00\x00\xfb\x02B\xff\x00\x16\x01b\x00\x00+\x01r\xff\x00S\x01\x80\xea\xeb'),
                            bytearray(b'b\x00\x00Q\x01r\x00\xfey\x01\x80\xeb\xe9\xa1\x00\xc0\xd9\x00\x06\x16\xa0\xd5\xf5\x0f\x14B\x00\xff\xfa\x00b\x01'),
                        ], is_16bit=False, y_plus=0, y_minus=0, x=115, y=89),
                        Tile(mirror=False, invert=False, format=0, length=5, subtile_bytes=[
                            bytearray(b'\xa1\x00\xf0\xc4\xfenpej"\x01\x00\xca\x00B\xff\x00\xd4\x00\xc0\xce\xfbgl2\x00\x00\xea\x00"\x02\xfe'),
                            bytearray(b'\x02\x03\x02\x05\x02\x07\x02\t\x02\x0b\x02\r\x02\x0f\x02\x10\x06\x15\x08\x16\x06\x15\x08\x17\x06\x15\x08\x16\x06\x15\x02\x18'),
                            None,
                            None,
                        ], is_16bit=False, y_plus=0, y_minus=0, x=111, y=124),
                        Tile(mirror=False, invert=False, format=0, length=7, subtile_bytes=[
                            bytearray(b'\x01\x82\xff\x02S\x01\x00"\xfc\x00\xca\x00B\x06\xfe\xd4\x00b\x00\x00\xea\x00\x80\xea\n\x9b\x80\xee\x0e\x9bB\xfd'),
                            bytearray(b'\x82\x82st\xf0\xe8\xf0\x87r\x86}\x80\xfa\xef)\xc0\xfa\xdf\x03\x01\xf0\xf2\xcf*\x13\r\x1d\xa0\xea\xef\x04"'),
                            bytearray(b'\x08\x02\t\x02\n\x02\x0b\x02\x0c\x02\r\x02\x0e\x02\x0f\x06\x10\x02\x01\x02\x11\x02\x12\x02\x13\x06\x14\x00\x02\x00\x02\x01'),
                            bytearray(b'\x00\x00\xc0\xd9\x00\x06\x16\xa0\xd4\xf6\x0f\x14\xc0\xf5\xf8\x9f\x92\x90\xed\xe8\x95\x9a\xa0\xe5\x00\x91v\xf0\xe5\xf0\x96x'),
                        ], is_16bit=False, y_plus=0, y_minus=0, x=111, y=108),
                    ]
                ),
                Mold(20, gridplane=False,
                    tiles=[
                        Tile(mirror=False, invert=False, format=0, length=5, subtile_bytes=[
                            bytearray(b'\x01b\x00\x00+\x01r\xff\x00S\x01\x80\xea\xeb\xa1\x00"\x01\x00\xca\x00B\xff\x00\xd4\x00\xc0\xce\xfbgl2'),
                            bytearray(b'\x00<\x01b\x00\x00Q\x01r\xfd\xfby\x01\x80\xea\xe6\xa1\x00"\xff\x00\xfd\x01B\x02\xff\xfa\x00b\x01\x00\x10'),
                            None,
                            None,
                        ], is_16bit=False, y_plus=0, y_minus=0, x=118, y=100),
                        Tile(mirror=False, invert=False, format=0, length=6, subtile_bytes=[
                            None,
                            bytearray(b'\x02\x16\x01b\x00\x00+\x01r\xfe\x02S\x01\x80\xe9\xec\xa1\x00h\x07\x0c\x00\xb0\x00\x06\x1f \x00\x00\x00\x1a\x00'),
                            bytearray(b'\x00\x00\xea\x00"\x02\xfek\x02"\x00\x00\xfb\x02B\xff\x00\x16\x01b\x00\x00+\x01r\xff\x00S\x01\x80\xea\xeb'),
                            bytearray(b'b\x00\x00Q\x01r\x00\xfey\x01\x80\xeb\xe9\xa1\x00\xc0\xd9\x00\x06\x16\xa0\xd5\xf5\x0f\x14B\x00\xff\xfa\x00b\x01'),
                        ], is_16bit=False, y_plus=0, y_minus=0, x=118, y=84),
                        Tile(mirror=False, invert=False, format=0, length=7, subtile_bytes=[
                            bytearray(b'\x90\x93\x80\xe0\xf8\x10\xa0\x85|\xf0\xf8\x00w\x88\x9e\x97\xf0\xf8\xf0\x9c\x7fy~\xb0\xe8\x10\x81qz\xf0\xe8\x00'),
                            bytearray(b'$p\xd6\x03\x10\x8f%\xf0\xce\xfb\x05\x0bu\n\xf2\x00\x00\x0e\x01R\x00\x00c\x01\x00b\x00\x00\xca\x00\x90\xd6'),
                            bytearray(b'\x01r\xf9\x03S\x01\x80\xe9\xec\xa1\x00b\x00\x00\xca\x00\x90\xd6\xf3\x17\x8a"\x00\x00\xea\x00\xf0\xde\xeb\x0e(\x02'),
                            bytearray(b'\xd4\x00b\x00\x00\xea\x00\x80\xec\x0c\x9b\x80\xf0\r\x9bB\xff\x02\x16\x01b\x00\x00+\x01r\x00\x02S\x01\x80\xe9'),
                        ], is_16bit=False, y_plus=0, y_minus=0, x=113, y=353),
                        Tile(mirror=False, invert=False, format=0, length=5, subtile_bytes=[
                            bytearray(b'\xa1\x00\xf0\xc4\xfenpej"\x01\x00\xca\x00B\xff\x00\xd4\x00\xc0\xce\xfbgl2\x00\x00\xea\x00"\x02\xfe'),
                            bytearray(b'\x02\x03\x02\x05\x02\x07\x02\t\x02\x0b\x02\r\x02\x0f\x02\x10\x06\x15\x08\x16\x06\x15\x08\x17\x06\x15\x08\x16\x06\x15\x02\x18'),
                            None,
                            None,
                        ], is_16bit=False, y_plus=0, y_minus=0, x=111, y=123),
                        Tile(mirror=False, invert=False, format=0, length=7, subtile_bytes=[
                            bytearray(b'\x01\x82\xff\x02S\x01\x00"\xfc\x00\xca\x00B\x06\xfe\xd4\x00b\x00\x00\xea\x00\x80\xea\n\x9b\x80\xee\x0e\x9bB\xfd'),
                            bytearray(b'\x82\x82st\xf0\xe8\xf0\x87r\x86}\x80\xfa\xef)\xc0\xfa\xdf\x03\x01\xf0\xf2\xcf*\x13\r\x1d\xa0\xea\xef\x04"'),
                            bytearray(b'\x08\x02\t\x02\n\x02\x0b\x02\x0c\x02\r\x02\x0e\x02\x0f\x06\x10\x02\x01\x02\x11\x02\x12\x02\x13\x06\x14\x00\x02\x00\x02\x01'),
                            bytearray(b'\x00\x00\xc0\xd9\x00\x06\x16\xa0\xd4\xf6\x0f\x14\xc0\xf5\xf8\x9f\x92\x90\xed\xe8\x95\x9a\xa0\xe5\x00\x91v\xf0\xe5\xf0\x96x'),
                        ], is_16bit=False, y_plus=0, y_minus=0, x=111, y=107),
                    ]
                ),
                Mold(21, gridplane=False,
                    tiles=[
                        Tile(mirror=False, invert=False, format=0, length=5, subtile_bytes=[
                            bytearray(b'\x00\x00\x90\x01B\xff\x01\x16\x01b\x00\x00+\x01r\x00\x01S\x01\x80\xe9\xea\xa1\x00"\xfe\x00\xca\x00B\x02\x00'),
                            bytearray(b'\x8d\x9d\xa0\xe6\x0b\x19\x1e\xd0\xe6\xfb\x15\x1c\x18\xb0\xde\xeb\x0e\x02$p\xd6\x03\x10\t%\xb0\xd6\xf3\x17(\x1b\xf0'),
                            None,
                            None,
                        ], is_16bit=False, y_plus=0, y_minus=0, x=381, y=382),
                        Tile(mirror=False, invert=False, format=0, length=7, subtile_bytes=[
                            bytearray(b'\x06\x16\xa0\xd3\xf7\x0f\x14B\x03\xff\xfa\x00b\x01\x01\x10\x01\x80\xf4\n\x9bB\x02\xfe<\x01b\x00\x00Q\x01r'),
                            bytearray(b'\x00\xca\x00\xf2\x00\x00\x1a\x01\xf0\xda\xd7\x08\x1a\x11\x0c\x00"\xff\x00\xca\x00B\x01\x00\xd4\x00b\x00\x00\xea\x00"'),
                            bytearray(b'k\x02"\x00\x00\xfb\x02B\xff\x00\x16\x01b\x00\x00+\x01r\xff\x00S\x01\x00\xf0\xc1\xfefohk\xf2\x00'),
                            bytearray(b'\xeb\xa1\x00"\xfd\x00\xca\x00B\x04\xff\xd4\x00b\x00\x00\xea\x00"\xfe\x00\x90\x01B\xfe\x02\x16\x01b\x00\x00+'),
                        ], is_16bit=False, y_plus=0, y_minus=0, x=381, y=366),
                        Tile(mirror=False, invert=False, format=0, length=7, subtile_bytes=[
                            bytearray(b'V\x04\x81\x04\xce\x04\x1b\x05J\x05y\x05\x9f\x05\xc6\x05\x03\x06>\x06i\x06\x94\x06\xbf\x06\xef\x06\x1a\x07E\x07'),
                            bytearray(b'\xce\xfb\x05\x0b\x1f\n\x80\xed\x0c\x9b\x80\xf2\r\x9b\x80\x07\x13\x84\xc0\x07\x03\x98{\xa0\xf7\x13\x8b\x99\xf0\xf7\x03\x8e'),
                            bytearray(b'\xeb\xea\xa1\x00"\x01\x00\xf0\x00B\xff\xff\xfa\x00b\x01\xff\x10\x01\x80\xed\r\x9b\x80\xf2\r\x9bB\xff\x01<\x01'),
                            bytearray(b'\xf0\xea\xdf\x07!\x12\'\xb0\xe2\xcf#& \xf0\xda\xd7\x08\x1a\x11\x0c\x80\xea\xea\xa1\x00"\x01\x00\xf0\x00B\xff'),
                        ], is_16bit=False, y_plus=0, y_minus=0, x=119, y=354),
                        Tile(mirror=False, invert=False, format=0, length=7, subtile_bytes=[
                            bytearray(b'\x90\x93\x80\xe0\xf8\x10\xa0\x85|\xf0\xf8\x00w\x88\x9e\x97\xf0\xf8\xf0\x9c\x7fy~\xb0\xe8\x10\x81qz\xf0\xe8\x00'),
                            bytearray(b'$p\xd6\x03\x10\x8f%\xf0\xce\xfb\x05\x0bu\n\xf2\x00\x00\x0e\x01R\x00\x00c\x01\x00b\x00\x00\xca\x00\x90\xd6'),
                            bytearray(b'\x01r\xf9\x03S\x01\x80\xe9\xec\xa1\x00b\x00\x00\xca\x00\x90\xd6\xf3\x17\x8a"\x00\x00\xea\x00\xf0\xde\xeb\x0e(\x02'),
                            bytearray(b'\xd4\x00b\x00\x00\xea\x00\x80\xec\x0c\x9b\x80\xf0\r\x9bB\xff\x02\x16\x01b\x00\x00+\x01r\x00\x02S\x01\x80\xe9'),
                        ], is_16bit=False, y_plus=0, y_minus=0, x=113, y=353),
                        Tile(mirror=False, invert=False, format=0, length=5, subtile_bytes=[
                            bytearray(b'\xa1\x00\xf0\xc4\xfenpej"\x01\x00\xca\x00B\xff\x00\xd4\x00\xc0\xce\xfbgl2\x00\x00\xea\x00"\x02\xfe'),
                            bytearray(b'\x02\x03\x02\x05\x02\x07\x02\t\x02\x0b\x02\r\x02\x0f\x02\x10\x06\x15\x08\x16\x06\x15\x08\x17\x06\x15\x08\x16\x06\x15\x02\x18'),
                            None,
                            None,
                        ], is_16bit=False, y_plus=0, y_minus=0, x=111, y=123),
                        Tile(mirror=False, invert=False, format=0, length=7, subtile_bytes=[
                            bytearray(b'\x01\x82\xff\x02S\x01\x00"\xfc\x00\xca\x00B\x06\xfe\xd4\x00b\x00\x00\xea\x00\x80\xea\n\x9b\x80\xee\x0e\x9bB\xfd'),
                            bytearray(b'\x82\x82st\xf0\xe8\xf0\x87r\x86}\x80\xfa\xef)\xc0\xfa\xdf\x03\x01\xf0\xf2\xcf*\x13\r\x1d\xa0\xea\xef\x04"'),
                            bytearray(b'\x08\x02\t\x02\n\x02\x0b\x02\x0c\x02\r\x02\x0e\x02\x0f\x06\x10\x02\x01\x02\x11\x02\x12\x02\x13\x06\x14\x00\x02\x00\x02\x01'),
                            bytearray(b'\x00\x00\xc0\xd9\x00\x06\x16\xa0\xd4\xf6\x0f\x14\xc0\xf5\xf8\x9f\x92\x90\xed\xe8\x95\x9a\xa0\xe5\x00\x91v\xf0\xe5\xf0\x96x'),
                        ], is_16bit=False, y_plus=0, y_minus=0, x=111, y=107),
                    ]
                ),
            ],
            sequences=[
                AnimationSequence(
                    frames=[
                        AnimationSequenceFrame(duration=8, mold_id=0),
                        AnimationSequenceFrame(duration=12, mold_id=15),
                        AnimationSequenceFrame(duration=8, mold_id=0),
                        AnimationSequenceFrame(duration=12, mold_id=16),
                    ]
                ),
                AnimationSequence(
                    frames=[
                    ]
                ),
                AnimationSequence(
                    frames=[
                        AnimationSequenceFrame(duration=2, mold_id=0),
                        AnimationSequenceFrame(duration=2, mold_id=1),
                        AnimationSequenceFrame(duration=4, mold_id=2),
                        AnimationSequenceFrame(duration=6, mold_id=3),
                        AnimationSequenceFrame(duration=2, mold_id=2),
                    ]
                ),
                AnimationSequence(
                    frames=[
                        AnimationSequenceFrame(duration=2, mold_id=0),
                        AnimationSequenceFrame(duration=2, mold_id=4),
                        AnimationSequenceFrame(duration=2, mold_id=5),
                        AnimationSequenceFrame(duration=2, mold_id=6),
                        AnimationSequenceFrame(duration=2, mold_id=7),
                        AnimationSequenceFrame(duration=2, mold_id=8),
                        AnimationSequenceFrame(duration=2, mold_id=9),
                        AnimationSequenceFrame(duration=4, mold_id=10),
                        AnimationSequenceFrame(duration=6, mold_id=11),
                        AnimationSequenceFrame(duration=8, mold_id=12),
                        AnimationSequenceFrame(duration=2, mold_id=0),
                        AnimationSequenceFrame(duration=2, mold_id=13),
                    ]
                ),
                AnimationSequence(
                    frames=[
                    ]
                ),
                AnimationSequence(
                    frames=[
                        AnimationSequenceFrame(duration=8, mold_id=17),
                        AnimationSequenceFrame(duration=8, mold_id=18),
                        AnimationSequenceFrame(duration=8, mold_id=19),
                        AnimationSequenceFrame(duration=8, mold_id=20),
                        AnimationSequenceFrame(duration=8, mold_id=21),
                        AnimationSequenceFrame(duration=12, mold_id=0),
                    ]
                ),
            ]
        )
    ),
    palette_id=195,
    palette_offset=0,
    unknown_num=0
)
