# SPR0981_MALLOW_SWING_STICK

from smrpgpatchbuilder.datatypes.graphics.classes import (CompleteSprite, AnimationPack, AnimationPackProperties, AnimationSequence, AnimationSequenceFrame, Mold, Tile)
from randomizer.data.variables.sprite_palette_names import SPAL702_MALLOW_PUNCH
sprite = CompleteSprite(
    animation=AnimationPack(264, length=622, unknown=0x0002,
        properties=AnimationPackProperties(vram_size=2048,
            molds=[
                Mold(0, gridplane=False,
                    tiles=[
                        Tile(mirror=False, invert=False, format=0, length=6, subtile_bytes=[
                            None,
                            bytearray(b'\x80\x80\x80\xc0\x00@\x00\x80\x00\x80\x00\x80\x00\x00\x00\x00@\x00@@\xc0@\x80\x80\x80\x80\x80\x80\x00\x00\x00\x00'),
                            bytearray(b'\xf2\x02\xcf\x06\xc7\xfb\xf0\xf0\xe0\x00hX\xdf\xafxx\xf1\x0c\x19\xf9\x07\xff\x08\xff\xe0\x1fx\xa7\xff\xd7xx'),
                            bytearray(b'\x00\x00\x00\x00\x00\x00\x80\x80\x80\x80\x80\x80\x00\x00\x00\x00\x00\x00\x00\x00\x00\x00\x80\x80\x80\x80\x80\x80\x00\x00\x00\x00'),
                        ], is_16bit=False, y_plus=0, y_minus=0, x=128, y=116),
                        Tile(mirror=False, invert=False, format=0, length=6, subtile_bytes=[
                            bytearray(b'\x00\x01\x02\x03\x06\x06\x00\x0c\x1e\x11\x12\x1e\x04\x01\x01\x0f\x00\x00\x00\x00\x01\x00\x03\x00\x03\x03\x01\x01\x1f\x05\x1e\x0f'),
                            None,
                            bytearray(b'\x02\x1c\x00\x0c\x00\x00\x00\x00\x00\x00\x00\x00\x00\x00\x00\x00\x1f\x1d\x0c\x0c\x00\x00\x00\x00\x00\x00\x00\x00\x00\x00\x00\x00'),
                            bytearray(b'\x80\x8fxX\x12m\xce\xd7\xef\xe7\x7f\x7f\x01\x01\x00\x00\x0f\xff\xb8\xa7CC\xd9\xb9\xe7\x9f\x7f\x7f\x01\x01\x00\x00'),
                        ], is_16bit=False, y_plus=0, y_minus=0, x=112, y=116),
                        Tile(mirror=False, invert=False, format=0, length=6, subtile_bytes=[
                            bytearray(b'\x00\x00\x01\x00\x04\x0f>#?\x01?@?\xc0\xdf`\x00\x00\x01\x01\x11\x00\x01\x00@\x00\x00\x00\x00\x00\x00\x00'),
                            None,
                            bytearray(b'\xafp\xc87=\xc3\xdf\xe00?\x9f\x1f\x87g\x808\x00\x00\x00\x00\x00\x00\x00\x00\xc0\x00\xe0\x00\xf8`\xbfx'),
                            bytearray(b'\xe0\x1d\x02\xfd|\x83\xfb\x07/\xdf\xfe\xfexy4\x88\x02\x00\x00\x00\x00\x00\x00\x00\x00\x00\x01\x00\x87\x01\xfc\xbb'),
                        ], is_16bit=False, y_plus=0, y_minus=0, x=120, y=108),
                        Tile(mirror=False, invert=False, format=0, length=6, subtile_bytes=[
                            None,
                            bytearray(b'\x00\x00\x00\x00\x00\x00\x00\x00\x00\x00\x18(\x1c.v\x0e\x00\x00\x00\x00\x00\x00\x00\x008\x00\x04\x00B\x02\x80\x00'),
                            bytearray(b'\x00\xf0\x08\xf8\x18\xf8\x10\xf0x\x81\xf8\x05\xfc\x02\xf0\x0f\xf1\x00\xf9\x00\xf8\x00\xe8\x00\x85\x01\x01\x01\x03\x02\x02\x02'),
                            bytearray(b'v\x8et\x8c\xe8\x98\xa0\xe4@\xd0\xc0@@\xe0\x00\xa0\x00\x00\x02\x00\x06\x00\x1c\x040\x10 \x00  ` '),
                        ], is_16bit=False, y_plus=0, y_minus=0, x=128, y=100),
                    ]
                ),
                Mold(1, gridplane=False,
                    tiles=[
                        Tile(mirror=False, invert=False, format=0, length=5, subtile_bytes=[
                            bytearray(b'\xf2\x02\xcf\x06\xc7\xfb\xf0\xf0\xe0\x00hX\xdf\xafxx\xf1\x0c\x19\xf9\x07\xff\x08\xff\xe0\x1fx\xa7\xff\xd7xx'),
                            bytearray(b'\x00\x00\x00\x00\x00\x00\x80\x80\x80\x80\x80\x80\x00\x00\x00\x00\x00\x00\x00\x00\x00\x00\x80\x80\x80\x80\x80\x80\x00\x00\x00\x00'),
                            None,
                            None,
                        ], is_16bit=False, y_plus=0, y_minus=0, x=128, y=124),
                        Tile(mirror=False, invert=False, format=0, length=4, subtile_bytes=[
                            bytearray(b'\x80\x80\x80\xc0\x00@\x00\x80\x00\x80\x00\x80\x00\x00\x00\x00@\x00@@\xc0@\x80\x80\x80\x80\x80\x80\x00\x00\x00\x00'),
                            None,
                            None,
                            None,
                        ], is_16bit=False, y_plus=0, y_minus=0, x=136, y=117),
                        Tile(mirror=False, invert=False, format=0, length=4, subtile_bytes=[
                            bytearray(b'v\x8et\x8c\xe8\x98\xa0\xe4@\xd0\xc0@@\xe0\x00\xa0\x00\x00\x02\x00\x06\x00\x1c\x040\x10 \x00  ` '),
                            None,
                            None,
                            None,
                        ], is_16bit=False, y_plus=0, y_minus=0, x=134, y=109),
                        Tile(mirror=False, invert=False, format=0, length=5, subtile_bytes=[
                            bytearray(b'\x02\x1c\x00\x0c\x00\x00\x00\x00\x00\x00\x00\x00\x00\x00\x00\x00\x1f\x1d\x0c\x0c\x00\x00\x00\x00\x00\x00\x00\x00\x00\x00\x00\x00'),
                            bytearray(b'\x80\x8fxX\x12m\xce\xd7\xef\xe7\x7f\x7f\x01\x01\x00\x00\x0f\xff\xb8\xa7CC\xd9\xb9\xe7\x9f\x7f\x7f\x01\x01\x00\x00'),
                            None,
                            None,
                        ], is_16bit=False, y_plus=0, y_minus=0, x=112, y=124),
                        Tile(mirror=False, invert=False, format=0, length=4, subtile_bytes=[
                            bytearray(b'\x00\x01\x02\x03\x06\x06\x00\x0c\x1e\x11\x12\x1e\x04\x01\x01\x0f\x00\x00\x00\x00\x01\x00\x03\x00\x03\x03\x01\x01\x1f\x05\x1e\x0f'),
                            None,
                            None,
                            None,
                        ], is_16bit=False, y_plus=0, y_minus=0, x=112, y=117),
                        Tile(mirror=False, invert=False, format=0, length=7, subtile_bytes=[
                            bytearray(b'\x00\x00\x01\x00\x04\x0f>#?\x01?@?\xc0\xdf`\x00\x00\x01\x01\x11\x00\x01\x00@\x00\x00\x00\x00\x00\x00\x00'),
                            bytearray(b'\x00\xf0\x08\xf8\x18\xf8\x10\xf0x\x81\xf8\x05\xfc\x02\xf0\x0f\xf1\x00\xf9\x00\xf8\x00\xe8\x00\x85\x01\x01\x01\x03\x02\x02\x02'),
                            bytearray(b'\xafp\xc87=\xc3\xdf\xe00?\x9f\x1f\x87g\x808\x00\x00\x00\x00\x00\x00\x00\x00\xc0\x00\xe0\x00\xf8`\xbfx'),
                            bytearray(b'\xe0\x1d\x02\xfd|\x83\xfb\x07/\xdf\xfe\xfexy4\x88\x02\x00\x00\x00\x00\x00\x00\x00\x00\x00\x01\x00\x87\x01\xfc\xbb'),
                        ], is_16bit=False, y_plus=0, y_minus=0, x=120, y=109),
                        Tile(mirror=False, invert=False, format=0, length=4, subtile_bytes=[
                            bytearray(b'\x00\x00\x00\x00\x00\x00\x00\x00\x00\x00\x18(\x1c.v\x0e\x00\x00\x00\x00\x00\x00\x00\x008\x00\x04\x00B\x02\x80\x00'),
                            None,
                            None,
                            None,
                        ], is_16bit=False, y_plus=0, y_minus=0, x=133, y=101),
                    ]
                ),
                Mold(2, gridplane=False,
                    tiles=[
                        Tile(mirror=False, invert=False, format=0, length=5, subtile_bytes=[
                            bytearray(b'\x00\x00\x00\x00\x00\xc0\x00\xe0p\xf0\xb0\xb8\x10\xdc\x08.\x00\x00\xc0\x00 \x00\x10\x00\x08\x00@\x00\xe0\xc00 '),
                            None,
                            bytearray(b'\x04\x17\x00\x0b\x01\x05\x00\x00\x00\x00\x00\x00\x00\x00\x00\x00\x18\x10\x0c\x08\x06\x04\x00\x00\x00\x00\x00\x00\x00\x00\x00\x00'),
                            None,
                        ], is_16bit=False, y_plus=0, y_minus=0, x=125, y=102),
                        Tile(mirror=False, invert=False, format=0, length=7, subtile_bytes=[
                            bytearray(b'\x03\x03\x01\x07\t\x0f\x06\n\x1c\x11\x1d\x17\x1a\x17\x02\x07\x00\x00\x00\x00\x00\x00\x11\x00#\x01"\x02$\x04<\x04'),
                            bytearray(b'\x00 \x80\xb8\x00\xf3\x18\xdf\x80\xff9\xc7z\x86`\x9d\xe0 y8\xfc\xf0\xe0\xc0\x00\x00\x00\x00\x01\x00\x03\x01'),
                            bytearray(b'\x03\x0b\x00\x0c\x00\x00\x00\x00\x00\x00\x00\x00\x00\x00\x00\x00\x1c\x08\x0f\x0c\x00\x00\x00\x00\x00\x00\x00\x00\x00\x00\x00\x00'),
                            bytearray(b',>(\xfa0408\x00\x00\x00\x00\x00\x00\x00\x00\xc2\x02\xc6\xc2\x0c\x04\x08\x08\x00\x00\x00\x00\x00\x00\x00\x00'),
                        ], is_16bit=False, y_plus=0, y_minus=0, x=109, y=102),
                        Tile(mirror=False, invert=False, format=0, length=4, subtile_bytes=[
                            bytearray(b'!!\x12\x12\x00\x00\x00\x00\x00\x00\x00\x00\x00\x00\x00\x00!\x1f\x12\x0c\x00\x00\x00\x00\x00\x00\x00\x00\x00\x00\x00\x00'),
                            None,
                            None,
                            None,
                        ], is_16bit=False, y_plus=0, y_minus=0, x=117, y=124),
                        Tile(mirror=False, invert=False, format=0, length=6, subtile_bytes=[
                            None,
                            bytearray(b'\x80`\xc0 \xe0\x00\xe0\xc0\xc0\xa0\x80@\x00\x80\x00\x00\xe0`\xe0 \xe0\xe0  ``\xc0\xc0\x80\x80\x00\x80'),
                            bytearray(b'\x0e\x0e\x00\x00\x08\x08\x03\x03\x00\x00\x00\x00\x00\x00\x00\x00\x0eq\x00?\x08\x07\x03\x00\x00\x00\x00\x00\x00\x00\x00\x00'),
                            bytearray(b'@@@@@@\x80\x80\x00\x00\x00\x00\x00\x00\x00\x00@\x80@\x80@\x80\x80\x00\x00\x00\x00\x00\x00\x00\x00\x00'),
                        ], is_16bit=False, y_plus=0, y_minus=0, x=125, y=116),
                        Tile(mirror=False, invert=False, format=0, length=5, subtile_bytes=[
                            bytearray(b'\x00\x00\x00\x00\x00\x00\x00\x00\x00\x00\x80@\xc0 \xe0\x00\x00\x00\x00\x00\x00\x00\x00\x00\x00\x00\x00\x00\x00\x00\x00\x00'),
                            None,
                            bytearray(b'@\xb0\x10\xf0`\xe0\xe0h@\xd8\xc0\xd0\x80\xf0`\x10\x00\x00\x00\x00\x10\x00\x18\x088\x180\x10pp\x90p'),
                            None,
                        ], is_16bit=False, y_plus=0, y_minus=0, x=133, y=100),
                        Tile(mirror=False, invert=False, format=0, length=7, subtile_bytes=[
                            bytearray(b'\x00\x00\x00\x00\x00\x00\x03\x00\x0f\x08\x0f\x00\x1f\x10\x0f\x10\x00\x00\x00\x00\x01\x00\x04\x00\x00\x00\x00\x00\x00\x00\x00\x00'),
                            bytearray(b'\x000\x08x\x88x\x14\xfa\x16\xf9\x8fp\x7f\xc0\xfe\x010\x00x\x00\xf8\x80\xf6\x06\xf0\x00\xe0\x80\x00\x00\x00\x00'),
                            bytearray(b'\x17\x18\x1f\x0816\x10\x13\x03\x01\x077\t\x01/< \x000\x10\x08\x00,\x00>\x0280\x0e8\x1f3'),
                            bytearray(b'\xfe\x01\xfd\x03\xe3\x1f?\xfe\xba\x9d\x11O\xdf\xdfg\xe7\x00\x00\x00\x00\x00\x00\x00\x00` \xf0P \x00\x18\x00'),
                        ], is_16bit=False, y_plus=0, y_minus=0, x=117, y=100),
                        Tile(mirror=False, invert=False, format=0, length=7, subtile_bytes=[
                            bytearray(b'\x1f!\x0f\x10CxF\x7f}}AAA@\x01\x00\x1f>88z\x06\x7f\x03}\x03A?A>\x01>'),
                            bytearray(b'\xf2\xe3\xc98\xc6?\xa1\x7f\xcf\r\xe5\xbc\xc3\xff\xc2\xfe\xfd\x0fyv\x01?\xc0\xfe\xf2>\xfd\x83\xff\x80\xfe\x81'),
                            bytearray(b'\x00\x00\x0f\x0f??\x7f\x7f\x7f\x7f??\x0f\x0f\x00\x00\x00\x00\x0f\x0f??\x7f\x7f\x7f\x7f??\x0f\x0f\x00\x00'),
                            bytearray(b'\x00\x00\xf0\xf0\xfc\xfc\xfe\xfe\xfe\xfe\xfc\xfc\xf0\xf0\x00\x00\x00\x00\xf0\xf0\xfc\xfc\xfe\xfe\xfe\xfe\xfc\xfc\xf0\xf0\x00\x00'),
                        ], is_16bit=False, y_plus=0, y_minus=0, x=117, y=116),
                    ]
                ),
                Mold(3, gridplane=False,
                    tiles=[
                        Tile(mirror=False, invert=False, format=0, length=5, subtile_bytes=[
                            bytearray(b'\x00\x00\x00\x00\x00\xc0\x00\xe0p\xf0\xb0\xb8\x10\xdc\x08.\x00\x00\xc0\x00 \x00\x10\x00\x08\x00@\x00\xe0\xc00 '),
                            None,
                            bytearray(b'\x04\x17\x00\x0b\x01\x05\x00\x00\x00\x00\x00\x00\x00\x00\x00\x00\x18\x10\x0c\x08\x06\x04\x00\x00\x00\x00\x00\x00\x00\x00\x00\x00'),
                            None,
                        ], is_16bit=False, y_plus=0, y_minus=0, x=125, y=355),
                        Tile(mirror=False, invert=False, format=0, length=7, subtile_bytes=[
                            bytearray(b'\x03\x03\x01\x07\t\x0f\x06\n\x1c\x11\x1d\x17\x1a\x17\x02\x07\x00\x00\x00\x00\x00\x00\x11\x00#\x01"\x02$\x04<\x04'),
                            bytearray(b'\x00 \x80\xb8\x00\xf3\x18\xdf\x80\xff9\xc7z\x86`\x9d\xe0 y8\xfc\xf0\xe0\xc0\x00\x00\x00\x00\x01\x00\x03\x01'),
                            bytearray(b'\x03\x0b\x00\x0c\x00\x00\x00\x00\x00\x00\x00\x00\x00\x00\x00\x00\x1c\x08\x0f\x0c\x00\x00\x00\x00\x00\x00\x00\x00\x00\x00\x00\x00'),
                            bytearray(b',>(\xfa0408\x00\x00\x00\x00\x00\x00\x00\x00\xc2\x02\xc6\xc2\x0c\x04\x08\x08\x00\x00\x00\x00\x00\x00\x00\x00'),
                        ], is_16bit=False, y_plus=0, y_minus=0, x=109, y=355),
                        Tile(mirror=False, invert=False, format=0, length=5, subtile_bytes=[
                            bytearray(b'\x80`\xc0 \xe0\x00\xe0\xc0\xc0\xa0\x80@\x00\x80\x00\x00\xe0`\xe0 \xe0\xe0  ``\xc0\xc0\x80\x80\x00\x80'),
                            None,
                            bytearray(b'@@@@@@\x80\x80\x00\x00\x00\x00\x00\x00\x00\x00@\x80@\x80@\x80\x80\x00\x00\x00\x00\x00\x00\x00\x00\x00'),
                            None,
                        ], is_16bit=False, y_plus=0, y_minus=0, x=133, y=113),
                        Tile(mirror=False, invert=False, format=0, length=7, subtile_bytes=[
                            bytearray(b'\x1f!\x0f\x10CxF\x7f}}AAA@\x01\x00\x1f>88z\x06\x7f\x03}\x03A?A>\x01>'),
                            bytearray(b'\xf2\xe3\xc98\xc6?\xa1\x7f\xcf\r\xe5\xbc\xc3\xff\xc2\xfe\xfd\x0fyv\x01?\xc0\xfe\xf2>\xfd\x83\xff\x80\xfe\x81'),
                            bytearray(b'!!\x12\x12\x00\x00\x00\x00\x00\x00\x00\x00\x00\x00\x00\x00!\x1f\x12\x0c\x00\x00\x00\x00\x00\x00\x00\x00\x00\x00\x00\x00'),
                            bytearray(b'\x0e\x0e\x00\x00\x08\x08\x03\x03\x00\x00\x00\x00\x00\x00\x00\x00\x0eq\x00?\x08\x07\x03\x00\x00\x00\x00\x00\x00\x00\x00\x00'),
                        ], is_16bit=False, y_plus=0, y_minus=0, x=117, y=113),
                        Tile(mirror=False, invert=False, format=0, length=5, subtile_bytes=[
                            bytearray(b'\x00\x00\x00\x00\x00\x00\x00\x00\x00\x00\x80@\xc0 \xe0\x00\x00\x00\x00\x00\x00\x00\x00\x00\x00\x00\x00\x00\x00\x00\x00\x00'),
                            None,
                            bytearray(b'@\xb0\x10\xf0`\xe0\xe0h@\xd8\xc0\xd0\x80\xf0`\x10\x00\x00\x00\x00\x10\x00\x18\x088\x180\x10pp\x90p'),
                            None,
                        ], is_16bit=False, y_plus=0, y_minus=0, x=133, y=353),
                        Tile(mirror=False, invert=False, format=0, length=7, subtile_bytes=[
                            bytearray(b'\x00\x00\x00\x00\x00\x00\x03\x00\x0f\x08\x0f\x00\x1f\x10\x0f\x10\x00\x00\x00\x00\x01\x00\x04\x00\x00\x00\x00\x00\x00\x00\x00\x00'),
                            bytearray(b'\x000\x08x\x88x\x14\xfa\x16\xf9\x8fp\x7f\xc0\xfe\x010\x00x\x00\xf8\x80\xf6\x06\xf0\x00\xe0\x80\x00\x00\x00\x00'),
                            bytearray(b'\x17\x18\x1f\x0816\x10\x13\x03\x01\x077\t\x01/< \x000\x10\x08\x00,\x00>\x0280\x0e8\x1f3'),
                            bytearray(b'\xfe\x01\xfd\x03\xe3\x1f?\xfe\xba\x9d\x11O\xdf\xdfg\xe7\x00\x00\x00\x00\x00\x00\x00\x00` \xf0P \x00\x18\x00'),
                        ], is_16bit=False, y_plus=0, y_minus=0, x=117, y=353),
                        Tile(mirror=False, invert=False, format=0, length=5, subtile_bytes=[
                            bytearray(b'\x00\x00\x07\x07\x1f\x1f????\x1f\x1f\x07\x07\x00\x00\x00\x00\x07\x07\x1f\x1f????\x1f\x1f\x07\x07\x00\x00'),
                            bytearray(b'\x00\x00\xe0\xe0\xf8\xf8\xfc\xfc\xfc\xfc\xf8\xf8\xe0\xe0\x00\x00\x00\x00\xe0\xe0\xf8\xf8\xfc\xfc\xfc\xfc\xf8\xf8\xe0\xe0\x00\x00'),
                            None,
                            None,
                        ], is_16bit=False, y_plus=0, y_minus=0, x=117, y=124),
                    ]
                ),
                Mold(4, gridplane=False,
                    tiles=[
                        Tile(mirror=False, invert=False, format=0, length=5, subtile_bytes=[
                            bytearray(b'\x00\x00\x00\x00\x00\xc0\x00\xe0p\xf0\xb0\xb8\x10\xdc\x08.\x00\x00\xc0\x00 \x00\x10\x00\x08\x00@\x00\xe0\xc00 '),
                            None,
                            bytearray(b'\x04\x17\x00\x0b\x01\x05\x00\x00\x00\x00\x00\x00\x00\x00\x00\x00\x18\x10\x0c\x08\x06\x04\x00\x00\x00\x00\x00\x00\x00\x00\x00\x00'),
                            None,
                        ], is_16bit=False, y_plus=0, y_minus=0, x=125, y=354),
                        Tile(mirror=False, invert=False, format=0, length=7, subtile_bytes=[
                            bytearray(b'\x03\x03\x01\x07\t\x0f\x06\n\x1c\x11\x1d\x17\x1a\x17\x02\x07\x00\x00\x00\x00\x00\x00\x11\x00#\x01"\x02$\x04<\x04'),
                            bytearray(b'\x00 \x80\xb8\x00\xf3\x18\xdf\x80\xff9\xc7z\x86`\x9d\xe0 y8\xfc\xf0\xe0\xc0\x00\x00\x00\x00\x01\x00\x03\x01'),
                            bytearray(b'\x03\x0b\x00\x0c\x00\x00\x00\x00\x00\x00\x00\x00\x00\x00\x00\x00\x1c\x08\x0f\x0c\x00\x00\x00\x00\x00\x00\x00\x00\x00\x00\x00\x00'),
                            bytearray(b',>(\xfa0408\x00\x00\x00\x00\x00\x00\x00\x00\xc2\x02\xc6\xc2\x0c\x04\x08\x08\x00\x00\x00\x00\x00\x00\x00\x00'),
                        ], is_16bit=False, y_plus=0, y_minus=0, x=109, y=354),
                        Tile(mirror=False, invert=False, format=0, length=5, subtile_bytes=[
                            bytearray(b'\x80`\xc0 \xe0\x00\xe0\xc0\xc0\xa0\x80@\x00\x80\x00\x00\xe0`\xe0 \xe0\xe0  ``\xc0\xc0\x80\x80\x00\x80'),
                            None,
                            bytearray(b'@@@@@@\x80\x80\x00\x00\x00\x00\x00\x00\x00\x00@\x80@\x80@\x80\x80\x00\x00\x00\x00\x00\x00\x00\x00\x00'),
                            None,
                        ], is_16bit=False, y_plus=0, y_minus=0, x=133, y=368),
                        Tile(mirror=False, invert=False, format=0, length=7, subtile_bytes=[
                            bytearray(b'\x1f!\x0f\x10CxF\x7f}}AAA@\x01\x00\x1f>88z\x06\x7f\x03}\x03A?A>\x01>'),
                            bytearray(b'\xf2\xe3\xc98\xc6?\xa1\x7f\xcf\r\xe5\xbc\xc3\xff\xc2\xfe\xfd\x0fyv\x01?\xc0\xfe\xf2>\xfd\x83\xff\x80\xfe\x81'),
                            bytearray(b'!!\x12\x12\x00\x00\x00\x00\x00\x00\x00\x00\x00\x00\x00\x00!\x1f\x12\x0c\x00\x00\x00\x00\x00\x00\x00\x00\x00\x00\x00\x00'),
                            bytearray(b'\x0e\x0e\x00\x00\x08\x08\x03\x03\x00\x00\x00\x00\x00\x00\x00\x00\x0eq\x00?\x08\x07\x03\x00\x00\x00\x00\x00\x00\x00\x00\x00'),
                        ], is_16bit=False, y_plus=0, y_minus=0, x=117, y=368),
                        Tile(mirror=False, invert=False, format=0, length=5, subtile_bytes=[
                            bytearray(b'\x00\x00\x00\x00\x00\x00\x00\x00\x00\x00\x80@\xc0 \xe0\x00\x00\x00\x00\x00\x00\x00\x00\x00\x00\x00\x00\x00\x00\x00\x00\x00'),
                            None,
                            bytearray(b'@\xb0\x10\xf0`\xe0\xe0h@\xd8\xc0\xd0\x80\xf0`\x10\x00\x00\x00\x00\x10\x00\x18\x088\x180\x10pp\x90p'),
                            None,
                        ], is_16bit=False, y_plus=0, y_minus=0, x=133, y=352),
                        Tile(mirror=False, invert=False, format=0, length=7, subtile_bytes=[
                            bytearray(b'\x00\x00\x00\x00\x00\x00\x03\x00\x0f\x08\x0f\x00\x1f\x10\x0f\x10\x00\x00\x00\x00\x01\x00\x04\x00\x00\x00\x00\x00\x00\x00\x00\x00'),
                            bytearray(b'\x000\x08x\x88x\x14\xfa\x16\xf9\x8fp\x7f\xc0\xfe\x010\x00x\x00\xf8\x80\xf6\x06\xf0\x00\xe0\x80\x00\x00\x00\x00'),
                            bytearray(b'\x17\x18\x1f\x0816\x10\x13\x03\x01\x077\t\x01/< \x000\x10\x08\x00,\x00>\x0280\x0e8\x1f3'),
                            bytearray(b'\xfe\x01\xfd\x03\xe3\x1f?\xfe\xba\x9d\x11O\xdf\xdfg\xe7\x00\x00\x00\x00\x00\x00\x00\x00` \xf0P \x00\x18\x00'),
                        ], is_16bit=False, y_plus=0, y_minus=0, x=117, y=352),
                        Tile(mirror=False, invert=False, format=0, length=4, subtile_bytes=[
                            bytearray(b'\x00\x00\xe0\xe0\xf8\xf8\xfc\xfc\xfc\xfc\xf8\xf8\xe0\xe0\x00\x00\x00\x00\xe0\xe0\xf8\xf8\xfc\xfc\xfc\xfc\xf8\xf8\xe0\xe0\x00\x00'),
                            None,
                            None,
                            None,
                        ], is_16bit=False, y_plus=0, y_minus=0, x=124, y=124),
                        Tile(mirror=False, invert=False, format=0, length=4, subtile_bytes=[
                            bytearray(b'\x00\x00\x07\x07\x1f\x1f????\x1f\x1f\x07\x07\x00\x00\x00\x00\x07\x07\x1f\x1f????\x1f\x1f\x07\x07\x00\x00'),
                            None,
                            None,
                            None,
                        ], is_16bit=False, y_plus=0, y_minus=0, x=118, y=124),
                    ]
                ),
                Mold(5, gridplane=False,
                    tiles=[
                        Tile(mirror=False, invert=False, format=0, length=4, subtile_bytes=[
                            bytearray(b'\xb0\xb0\xf8\xb8\xc8\xc8\xc8\xc8\xd0\xd0\xa0\xa0\xc0\xc0\x80\x80P\x10xx\xc8\xf8\xc88\xd00\xa0`\xc0\xc0\x80\x80'),
                            None,
                            None,
                            None,
                        ], is_16bit=False, y_plus=0, y_minus=0, x=133, y=112),
                        Tile(mirror=False, invert=False, format=0, length=5, subtile_bytes=[
                            bytearray(b' #\x1e\x16\x04\x1b\x13\x15\x1f\x1d\x0f\x0f\x00\x00\x00\x00C\x7f.)\x10\x10\x16\x1e\x1d\x13\x0f\x0f\x00\x00\x00\x00'),
                            bytearray(b'<\xc03\x01\xb1~\xbc\xfc\xf9\xc1\xf8\xff\x18\x1e\x0f\x0f\xfc\xc3\x06\xfe\xc1\xffB\x7f\xf9\xc6\xff\xf0\x1e\x19\x0f\x0f'),
                            None,
                            None,
                        ], is_16bit=False, y_plus=0, y_minus=0, x=117, y=112),
                        Tile(mirror=False, invert=False, format=0, length=5, subtile_bytes=[
                            bytearray(b'\x00\x00\x80\x00\x80\x00\x80\x00\x80\x00\xc0\x00\x80@ \xe0\x00\x00\x80\x80\x80\x80\x80\x80@\x00\x00\x00 \x00\x00\x00'),
                            None,
                            bytearray(b'\xa0`\xb0P\x10\xf0\xf0\xf0\xa0\xa0@P    \x00\x00\x00\x00\x00\x00\x00\x00P\x00\x900\x00\xc0\x00\xc0'),
                            None,
                        ], is_16bit=False, y_plus=0, y_minus=0, x=133, y=96),
                        Tile(mirror=False, invert=False, format=0, length=7, subtile_bytes=[
                            bytearray(b'\x00\x00\x00\x00\x00\x01\x03\x00\x07\x04\x0f\x00\x1f\x00? \x00\x00\x00\x00\x00\x00\x00\x00\x00\x00\x10\x00\x00\x00\x00\x00'),
                            bytearray(b'\x02\x02\x04\x03\xc0/\xf0\x0f\xff\x00\xff\x00\xff\x00\xff\x00\x01\x00\x0b\x00\x1f\x00\x0f\x00\x00\x00\x00\x00\x00\x00\x00\x00'),
                            bytearray(b'? 3<\x1f\\\x0e\x0f\x03C \x08 X`N\x00\x00@\x00`@p\x00|@\x7fH\x7fX/^'),
                            bytearray(b'\xff\x00\xff\x00\xff\x00\x0e\xf1\xbb\xff\xc3\xc3\x01\x01\x01\x06\x00\x00\x00\x00\x00\x00\x00\x00\x00\x00<\x00\xfe\x00\xff\x06'),
                        ], is_16bit=False, y_plus=0, y_minus=0, x=117, y=96),
                        Tile(mirror=False, invert=False, format=0, length=4, subtile_bytes=[
                            bytearray(b'\x00\x00\xe0\xe0\xf8\xf8\xfc\xfc\xfc\xfc\xf8\xf8\xe0\xe0\x00\x00\x00\x00\xe0\xe0\xf8\xf8\xfc\xfc\xfc\xfc\xf8\xf8\xe0\xe0\x00\x00'),
                            None,
                            None,
                            None,
                        ], is_16bit=False, y_plus=0, y_minus=0, x=124, y=124),
                        Tile(mirror=False, invert=False, format=0, length=4, subtile_bytes=[
                            bytearray(b'\x00\x00\x07\x07\x1f\x1f????\x1f\x1f\x07\x07\x00\x00\x00\x00\x07\x07\x1f\x1f????\x1f\x1f\x07\x07\x00\x00'),
                            None,
                            None,
                            None,
                        ], is_16bit=False, y_plus=0, y_minus=0, x=118, y=124),
                    ]
                ),
                Mold(6, gridplane=False,
                    tiles=[
                        Tile(mirror=False, invert=False, format=0, length=4, subtile_bytes=[
                            bytearray(b'\xb0\xb0\xf8\xb8\xc8\xc8\xc8\xc8\xd0\xd0\xa0\xa0\xc0\xc0\x80\x80P\x10xx\xc8\xf8\xc88\xd00\xa0`\xc0\xc0\x80\x80'),
                            None,
                            None,
                            None,
                        ], is_16bit=False, y_plus=0, y_minus=0, x=133, y=113),
                        Tile(mirror=False, invert=False, format=0, length=5, subtile_bytes=[
                            bytearray(b' #\x1e\x16\x04\x1b\x13\x15\x1f\x1d\x0f\x0f\x00\x00\x00\x00C\x7f.)\x10\x10\x16\x1e\x1d\x13\x0f\x0f\x00\x00\x00\x00'),
                            bytearray(b'<\xc03\x01\xb1~\xbc\xfc\xf9\xc1\xf8\xff\x18\x1e\x0f\x0f\xfc\xc3\x06\xfe\xc1\xffB\x7f\xf9\xc6\xff\xf0\x1e\x19\x0f\x0f'),
                            None,
                            None,
                        ], is_16bit=False, y_plus=0, y_minus=0, x=117, y=113),
                        Tile(mirror=False, invert=False, format=0, length=5, subtile_bytes=[
                            bytearray(b'\x00\x00\x80\x00\x80\x00\x80\x00\x80\x00\xc0\x00\x80@ \xe0\x00\x00\x80\x80\x80\x80\x80\x80@\x00\x00\x00 \x00\x00\x00'),
                            None,
                            bytearray(b'\xa0`\xb0P\x10\xf0\xf0\xf0\xa0\xa0@P    \x00\x00\x00\x00\x00\x00\x00\x00P\x00\x900\x00\xc0\x00\xc0'),
                            None,
                        ], is_16bit=False, y_plus=0, y_minus=0, x=133, y=97),
                        Tile(mirror=False, invert=False, format=0, length=7, subtile_bytes=[
                            bytearray(b'\x00\x00\x00\x00\x00\x01\x03\x00\x07\x04\x0f\x00\x1f\x00? \x00\x00\x00\x00\x00\x00\x00\x00\x00\x00\x10\x00\x00\x00\x00\x00'),
                            bytearray(b'\x02\x02\x04\x03\xc0/\xf0\x0f\xff\x00\xff\x00\xff\x00\xff\x00\x01\x00\x0b\x00\x1f\x00\x0f\x00\x00\x00\x00\x00\x00\x00\x00\x00'),
                            bytearray(b'? 3<\x1f\\\x0e\x0f\x03C \x08 X`N\x00\x00@\x00`@p\x00|@\x7fH\x7fX/^'),
                            bytearray(b'\xff\x00\xff\x00\xff\x00\x0e\xf1\xbb\xff\xc3\xc3\x01\x01\x01\x06\x00\x00\x00\x00\x00\x00\x00\x00\x00\x00<\x00\xfe\x00\xff\x06'),
                        ], is_16bit=False, y_plus=0, y_minus=0, x=117, y=97),
                        Tile(mirror=False, invert=False, format=0, length=4, subtile_bytes=[
                            bytearray(b'\x00\x00\xe0\xe0\xf8\xf8\xfc\xfc\xfc\xfc\xf8\xf8\xe0\xe0\x00\x00\x00\x00\xe0\xe0\xf8\xf8\xfc\xfc\xfc\xfc\xf8\xf8\xe0\xe0\x00\x00'),
                            None,
                            None,
                            None,
                        ], is_16bit=False, y_plus=0, y_minus=0, x=124, y=124),
                        Tile(mirror=False, invert=False, format=0, length=4, subtile_bytes=[
                            bytearray(b'\x00\x00\x07\x07\x1f\x1f????\x1f\x1f\x07\x07\x00\x00\x00\x00\x07\x07\x1f\x1f????\x1f\x1f\x07\x07\x00\x00'),
                            None,
                            None,
                            None,
                        ], is_16bit=False, y_plus=0, y_minus=0, x=118, y=124),
                    ]
                ),
                Mold(7, gridplane=False,
                    tiles=[
                        Tile(mirror=False, invert=False, format=0, length=4, subtile_bytes=[
                            bytearray(b'\xb0\xb0\xf8\xb8\xc8\xc8\xc8\xc8\xd0\xd0\xa0\xa0\xc0\xc0\x80\x80P\x10xx\xc8\xf8\xc88\xd00\xa0`\xc0\xc0\x80\x80'),
                            None,
                            None,
                            None,
                        ], is_16bit=False, y_plus=0, y_minus=0, x=133, y=116),
                        Tile(mirror=False, invert=False, format=0, length=5, subtile_bytes=[
                            bytearray(b'\x00\x00\x80\x00\x80\x00\x80\x00\x80\x00\xc0\x00\x80@ \xe0\x00\x00\x80\x80\x80\x80\x80\x80@\x00\x00\x00 \x00\x00\x00'),
                            None,
                            bytearray(b'\xa0`\xb0P\x10\xf0\xf0\xf0\xa0\xa0@P    \x00\x00\x00\x00\x00\x00\x00\x00P\x00\x900\x00\xc0\x00\xc0'),
                            None,
                        ], is_16bit=False, y_plus=0, y_minus=0, x=133, y=100),
                        Tile(mirror=False, invert=False, format=0, length=7, subtile_bytes=[
                            bytearray(b'\x00\x00\x00\x00\x00\x01\x03\x00\x07\x04\x0f\x00\x1f\x00? \x00\x00\x00\x00\x00\x00\x00\x00\x00\x00\x10\x00\x00\x00\x00\x00'),
                            bytearray(b'\x02\x02\x04\x03\xc0/\xf0\x0f\xff\x00\xff\x00\xff\x00\xff\x00\x01\x00\x0b\x00\x1f\x00\x0f\x00\x00\x00\x00\x00\x00\x00\x00\x00'),
                            bytearray(b'? 3<\x1f\\\x0e\x0f\x03C \x08 X`N\x00\x00@\x00`@p\x00|@\x7fH\x7fX/^'),
                            bytearray(b'\xff\x00\xff\x00\xff\x00\x0e\xf1\xbb\xff\xc3\xc3\x01\x01\x01\x06\x00\x00\x00\x00\x00\x00\x00\x00\x00\x00<\x00\xfe\x00\xff\x06'),
                        ], is_16bit=False, y_plus=0, y_minus=0, x=117, y=100),
                        Tile(mirror=False, invert=False, format=0, length=7, subtile_bytes=[
                            bytearray(b' #\x1e\x16\x04\x1b\x13\x15\x1f\x1d\x0f\x0f\x00\x00\x00\x00C\x7f.)\x10\x10\x16\x1e\x1d\x13\x0f\x0f\x00\x00\x00\x00'),
                            bytearray(b'<\xc03\x01\xb1~\xbc\xfc\xf9\xc1\xf8\xff\x18\x1e\x0f\x0f\xfc\xc3\x06\xfe\xc1\xffB\x7f\xf9\xc6\xff\xf0\x1e\x19\x0f\x0f'),
                            bytearray(b'\x00\x00\x07\x07\x1f\x1f????\x1f\x1f\x07\x07\x00\x00\x00\x00\x07\x07\x1f\x1f????\x1f\x1f\x07\x07\x00\x00'),
                            bytearray(b'\x00\x00\xe0\xe0\xf8\xf8\xfc\xfc\xfc\xfc\xf8\xf8\xe0\xe0\x00\x00\x00\x00\xe0\xe0\xf8\xf8\xfc\xfc\xfc\xfc\xf8\xf8\xe0\xe0\x00\x00'),
                        ], is_16bit=False, y_plus=0, y_minus=0, x=117, y=116),
                    ]
                ),
                Mold(8, gridplane=False,
                    tiles=[
                        Tile(mirror=False, invert=False, format=0, length=4, subtile_bytes=[
                            bytearray(b'\x00\xe0\x00p\x80\xf8\xe0\x14\xf0<\x88\x8c\x18\xe0\xe0\x00\xe0\xe0\x90\x10\x08\x08\x0c\x04\x04\x04t\x04\xf8\xe0\xe0\x00'),
                            None,
                            None,
                            None,
                        ], is_16bit=False, y_plus=0, y_minus=0, x=142, y=119),
                        Tile(mirror=False, invert=False, format=0, length=4, subtile_bytes=[
                            bytearray(b'\x00\x01\x00\x06\x07\x07\x18\xe7\xc3\xfc\x81\x83\x18\xe7\x00\x00\x01\x01\x07\x06\x18\x00\x00\x00\x00\x00|\x00\xff\xe7\x00\x00'),
                            None,
                            None,
                            None,
                        ], is_16bit=False, y_plus=0, y_minus=0, x=134, y=118),
                        Tile(mirror=False, invert=False, format=0, length=4, subtile_bytes=[
                            bytearray(b'\xa0\xa0\xc0\x80\xc0\xc0      \xc0\xc0\x00\x00@\x00@@\xc0\xc0 \xe0 \xe0 \xe0\xc0\xc0\x00\x00'),
                            None,
                            None,
                            None,
                        ], is_16bit=False, y_plus=0, y_minus=0, x=134, y=124),
                        Tile(mirror=False, invert=False, format=0, length=5, subtile_bytes=[
                            bytearray(b" #\x1e\x16\x04\x1b35;9\x1f\x1f\x00\x00\x00\x00C\x7f.)\x10\x106.9\'\x1f\x1f\x00\x00\x00\x00"),
                            bytearray(b'<\xc03\x01\xb1~\xbc\xfc\xf8\xc0\xda\xd6wk\x1e\x1e\xfc\xc3\x06\xfe\xc1\xffB\x7f\xf8\xc7\xde\xe9\x7fu\x1e\x1e'),
                            None,
                            None,
                        ], is_16bit=False, y_plus=0, y_minus=0, x=118, y=124),
                        Tile(mirror=False, invert=False, format=0, length=5, subtile_bytes=[
                            bytearray(b'\x00\x00\x80\x00\x80\x00\x80\x00\x80\x00\xc0\x00\x80@ \xe0\x00\x00\x80\x80\x80\x80\x80\x80@\x00\x00\x00 \x00\x00\x00'),
                            None,
                            bytearray(b'\xa0`\xb0P\x10\xf0\xf0\xf0\xa0\xa0@P    \x00\x00\x00\x00\x00\x00\x00\x00P\x00\x900\x00\xc0\x00\xc0'),
                            None,
                        ], is_16bit=False, y_plus=0, y_minus=0, x=134, y=110),
                        Tile(mirror=False, invert=False, format=0, length=7, subtile_bytes=[
                            bytearray(b'\x00\x00\x00\x00\x00\x01\x03\x00\x07\x04\x0f\x00\x1f\x00? \x00\x00\x00\x00\x00\x00\x00\x00\x00\x00\x10\x00\x00\x00\x00\x00'),
                            bytearray(b'\x02\x02\x04\x03\xc0/\xf0\x0f\xff\x00\xff\x00\xff\x00\xff\x00\x01\x00\x0b\x00\x1f\x00\x0f\x00\x00\x00\x00\x00\x00\x00\x00\x00'),
                            bytearray(b'? 3<\x1f\\\x0e\x0f\x03C \x08 X`N\x00\x00@\x00`@p\x00|@\x7fH\x7fX/^'),
                            bytearray(b'\xff\x00\xff\x00\xff\x00\x0e\xf1\xbb\xff\xc3\xc3\x01\x01\x01\x06\x00\x00\x00\x00\x00\x00\x00\x00\x00\x00<\x00\xfe\x00\xff\x06'),
                        ], is_16bit=False, y_plus=0, y_minus=0, x=118, y=110),
                    ]
                ),
                Mold(9, gridplane=False,
                    tiles=[
                        Tile(mirror=False, invert=False, format=0, length=4, subtile_bytes=[
                            bytearray(b'\x00\x01\x00\x06\x07\x07\x18\xe7\xc3\xfc\x81\x83\x18\xe7\x00\x00\x01\x01\x07\x06\x18\x00\x00\x00\x00\x00|\x00\xff\xe7\x00\x00'),
                            None,
                            None,
                            None,
                        ], is_16bit=False, y_plus=0, y_minus=0, x=134, y=117),
                        Tile(mirror=False, invert=False, format=0, length=4, subtile_bytes=[
                            bytearray(b'\xa0\xa0\xc0\x80\xc0\xc0      \xc0\xc0\x00\x00@\x00@@\xc0\xc0 \xe0 \xe0 \xe0\xc0\xc0\x00\x00'),
                            None,
                            None,
                            None,
                        ], is_16bit=False, y_plus=0, y_minus=0, x=134, y=124),
                        Tile(mirror=False, invert=False, format=0, length=5, subtile_bytes=[
                            bytearray(b" #\x1e\x16\x04\x1b35;9\x1f\x1f\x00\x00\x00\x00C\x7f.)\x10\x106.9\'\x1f\x1f\x00\x00\x00\x00"),
                            bytearray(b'<\xc03\x01\xb1~\xbc\xfc\xf8\xc0\xda\xd6wk\x1e\x1e\xfc\xc3\x06\xfe\xc1\xffB\x7f\xf8\xc7\xde\xe9\x7fu\x1e\x1e'),
                            None,
                            None,
                        ], is_16bit=False, y_plus=0, y_minus=0, x=118, y=124),
                        Tile(mirror=False, invert=False, format=0, length=6, subtile_bytes=[
                            bytearray(b'\x00\x00\x80\x00\x80\x00\x80\x00\x80\x00\xc0\x00\x80@ \xe0\x00\x00\x80\x80\x80\x80\x80\x80@\x00\x00\x00 \x00\x00\x00'),
                            None,
                            bytearray(b'\xa0`\xb0P\x10\xf0\xf0\xf0\xa0\xa0@P    \x00\x00\x00\x00\x00\x00\x00\x00P\x00\x900\x00\xc0\x00\xc0'),
                            bytearray(b'\x00\xe0\x00p\x80\xf8\xe0\x14\xf0<\x88\x8c\x18\xe0\xe0\x00\xe0\xe0\x90\x10\x08\x08\x0c\x04\x04\x04t\x04\xf8\xe0\xe0\x00'),
                        ], is_16bit=False, y_plus=0, y_minus=0, x=134, y=109),
                        Tile(mirror=False, invert=False, format=0, length=7, subtile_bytes=[
                            bytearray(b'\x00\x00\x00\x00\x00\x01\x03\x00\x07\x04\x0f\x00\x1f\x00? \x00\x00\x00\x00\x00\x00\x00\x00\x00\x00\x10\x00\x00\x00\x00\x00'),
                            bytearray(b'\x02\x02\x04\x03\xc0/\xf0\x0f\xff\x00\xff\x00\xff\x00\xff\x00\x01\x00\x0b\x00\x1f\x00\x0f\x00\x00\x00\x00\x00\x00\x00\x00\x00'),
                            bytearray(b'? 3<\x1f\\\x0e\x0f\x03C \x08 X`N\x00\x00@\x00`@p\x00|@\x7fH\x7fX/^'),
                            bytearray(b'\xff\x00\xff\x00\xff\x00\x0e\xf1\xbb\xff\xc3\xc3\x01\x01\x01\x06\x00\x00\x00\x00\x00\x00\x00\x00\x00\x00<\x00\xfe\x00\xff\x06'),
                        ], is_16bit=False, y_plus=0, y_minus=0, x=118, y=109),
                    ]
                ),
                Mold(10, gridplane=False,
                    tiles=[
                        Tile(mirror=False, invert=False, format=0, length=5, subtile_bytes=[
                            bytearray(b'\x00\x00\x00\x03\x01\x05\x0c\x0f\x1b\xe4\xc1\xff\x80\x9f\x01\xe0\x00\x00\x03\x03\x06\x040\x00\x00\x00\x00\x00\x7f\x1f\xe1\xe0'),
                            bytearray(b'\x00\xe0\x00p\x80\xf4\xe0\x1c\xf8<\x80\x98\x10\xe0\xe0\x00\xe0\xe0\x90\x10\x0c\x04\x04\x04\x04\x04x\x18\xf0\xe0\xe0\x00'),
                            None,
                            None,
                        ], is_16bit=False, y_plus=0, y_minus=0, x=134, y=115),
                        Tile(mirror=False, invert=False, format=0, length=4, subtile_bytes=[
                            bytearray(b'\xa0\xa0\xc0\x80\xc0\xc0      \xc0\xc0\x00\x00@\x00@@\xc0\xc0 \xe0 \xe0 \xe0\xc0\xc0\x00\x00'),
                            None,
                            None,
                            None,
                        ], is_16bit=False, y_plus=0, y_minus=0, x=134, y=124),
                        Tile(mirror=False, invert=False, format=0, length=5, subtile_bytes=[
                            bytearray(b" #\x1e\x16\x04\x1b35;9\x1f\x1f\x00\x00\x00\x00C\x7f.)\x10\x106.9\'\x1f\x1f\x00\x00\x00\x00"),
                            bytearray(b'<\xc03\x01\xb1~\xbc\xfc\xf8\xc0\xda\xd6wk\x1e\x1e\xfc\xc3\x06\xfe\xc1\xffB\x7f\xf8\xc7\xde\xe9\x7fu\x1e\x1e'),
                            None,
                            None,
                        ], is_16bit=False, y_plus=0, y_minus=0, x=118, y=124),
                        Tile(mirror=False, invert=False, format=0, length=5, subtile_bytes=[
                            bytearray(b'\x00\x00\x80\x00\x80\x00\x80\x00\x80\x00\xc0\x00\x80@ \xe0\x00\x00\x80\x80\x80\x80\x80\x80@\x00\x00\x00 \x00\x00\x00'),
                            None,
                            bytearray(b'\xa0`\xb0P\x10\xf0\xf0\xf0\xa0\xa0@P    \x00\x00\x00\x00\x00\x00\x00\x00P\x00\x900\x00\xc0\x00\xc0'),
                            None,
                        ], is_16bit=False, y_plus=0, y_minus=0, x=134, y=108),
                        Tile(mirror=False, invert=False, format=0, length=7, subtile_bytes=[
                            bytearray(b'\x00\x00\x00\x00\x00\x01\x03\x00\x07\x04\x0f\x00\x1f\x00? \x00\x00\x00\x00\x00\x00\x00\x00\x00\x00\x10\x00\x00\x00\x00\x00'),
                            bytearray(b'\x02\x02\x04\x03\xc0/\xf0\x0f\xff\x00\xff\x00\xff\x00\xff\x00\x01\x00\x0b\x00\x1f\x00\x0f\x00\x00\x00\x00\x00\x00\x00\x00\x00'),
                            bytearray(b'? 3<\x1f\\\x0e\x0f\x03C \x08 X`N\x00\x00@\x00`@p\x00|@\x7fH\x7fX/^'),
                            bytearray(b'\xff\x00\xff\x00\xff\x00\x0e\xf1\xbb\xff\xc3\xc3\x01\x01\x01\x06\x00\x00\x00\x00\x00\x00\x00\x00\x00\x00<\x00\xfe\x00\xff\x06'),
                        ], is_16bit=False, y_plus=0, y_minus=0, x=118, y=108),
                    ]
                ),
                Mold(11, gridplane=False,
                    tiles=[
                        Tile(mirror=False, invert=False, format=0, length=6, subtile_bytes=[
                            None,
                            bytearray(b'\x00\x00\x00\x00\x00\x00\x00\x00n`\xd68\xb2|\xf0\xff\x00\x00\x00\x00\x00\x00\x00\x00\x00\x00\x00\x00\x00\x00\x00\x00'),
                            bytearray(b'\x01\x01\x04\x07!?\x08x`f\x80\xb0\x00@\x00\x00\x00\x00\x00\x00\x00\x00\x07\x00\x9e\x06p0@\xc0\x00\x00'),
                            bytearray(b'\xf8\xff|\xff\x06\x06\x00\x1c\x00\x00\x00\x00\x00\x00\x00\x00\x00\x00\x00\x00\xf8\x00\xfc\x1c\x00\x00\x00\x00\x00\x00\x00\x00'),
                        ], is_16bit=False, y_plus=0, y_minus=0, x=133, y=108),
                        Tile(mirror=False, invert=False, format=0, length=6, subtile_bytes=[
                            None,
                            bytearray(b'\x00\x00\x00\x00\x00\x00\x00\x00\x00\x00\x00\x00\x00\x00\x00\x00\x80\x00\x80\x00\x80\x00\x80\x00\x00\x00\x00\x00\x00\x00\x00\x00'),
                            bytearray(b'\xf2\x02\xcf\x06\xc7\xfb\xf0\xf0\xe0\x00hX\xdf\xafxx\xf1\x0c\x19\xf9\x07\xff\x08\xff\xe0\x1fx\xa7\xff\xd7xx'),
                            bytearray(b'\x00\x00\x00\x00\x00\x00\x80\x80\x80\x80\x80\x80\x00\x00\x00\x00\x00\x00\x00\x00\x00\x00\x80\x80\x80\x80\x80\x80\x00\x00\x00\x00'),
                        ], is_16bit=False, y_plus=0, y_minus=0, x=128, y=116),
                        Tile(mirror=False, invert=False, format=0, length=6, subtile_bytes=[
                            bytearray(b'\x00\x00\x01\x00\x04\x0f>#?\x01?@?\xc0\xdf`\x00\x00\x01\x01\x11\x00\x01\x00@\x00\x00\x00\x00\x00\x00\x00'),
                            bytearray(b'\x00\xf0\x08\xf8\x18\xf8\x10\xf0x\x80\xf8\x04\xfc\x02\xf2\x0c\xf0\x00\xf8\x00\xf8\x00\xe8\x00\x84\x00\x00\x00\x00\x00\x01\x00'),
                            None,
                            bytearray(b'\xe1\x1f\x02\xfd}\x83\xfb\x07/\xdf\xff\xfe{z4\x89\x00\x00\x00\x00\x00\x00\x00\x00\x00\x00\x00\x00\x84\x00\xfe\xb8'),
                        ], is_16bit=False, y_plus=0, y_minus=0, x=120, y=108),
                        Tile(mirror=False, invert=False, format=0, length=7, subtile_bytes=[
                            bytearray(b'\x00\x00\x00\x00\x00\x00\x00\x00\x00\x01\x00\x00\x00\x01\x01\x01\x00\x00\x00\x00\x01\x00\x01\x00\x01\x01\x01\x01\x01\x01\x00\x01'),
                            bytearray(b'\xafp\xc87=\xc3\xdf\xe00?\x9f\x1f\x87g\x808\x00\x00\x00\x00\x00\x00\x00\x00\xc0\x00\xe0\x00\xf8`\xbfx'),
                            bytearray(b'\x00\x00\x00\x00\x00\x00\x00\x00\x00\x00\x00\x00\x00\x00\x00\x00\x01\x01\x00\x00\x00\x00\x00\x00\x00\x00\x00\x00\x00\x00\x00\x00'),
                            bytearray(b'\x80\x8fxX\x12m\xce\xd7\xef\xe7\x7f\x7f\x01\x01\x00\x00\x0f\xff\xb8\xa7CC\xd9\xb9\xe7\x9f\x7f\x7f\x01\x01\x00\x00'),
                        ], is_16bit=False, y_plus=0, y_minus=0, x=112, y=116),
                        Tile(mirror=False, invert=False, format=0, length=5, subtile_bytes=[
                            bytearray(b'd\x1c\xf0\x90p\x1e0N\x10lXh040<\x00\x00\x0c\x00\x80\x00\x80\x00\x80\x00\x84\x00L\x04L\x0c'),
                            None,
                            bytearray(b'\x00\x0c\x00\x1e\x00\x1e\x00\x1e\x00\x0e\x00\x0e\x00\x0c\x00\x0c<\x0c>\x1e\x1e\x1e\x1e\x1e\x0e\x0e\x0e\x0e\x0c\x0c\x0c\x0c'),
                            None,
                        ], is_16bit=False, y_plus=0, y_minus=0, x=115, y=106),
                    ]
                ),
                Mold(12, gridplane=False,
                    tiles=[
                        Tile(mirror=False, invert=False, format=0, length=5, subtile_bytes=[
                            bytearray(b'\x00\x00\x00\x00\x00\x00\x00\x00n`\xd68\xb2|\xf0\xff\x00\x00\x00\x00\x00\x00\x00\x00\x00\x00\x00\x00\x00\x00\x00\x00'),
                            None,
                            bytearray(b'\xf8\xff|\xff\x06\x06\x00\x1c\x00\x00\x00\x00\x00\x00\x00\x00\x00\x00\x00\x00\xf8\x00\xfc\x1c\x00\x00\x00\x00\x00\x00\x00\x00'),
                            None,
                        ], is_16bit=False, y_plus=0, y_minus=0, x=142, y=109),
                        Tile(mirror=False, invert=False, format=0, length=4, subtile_bytes=[
                            bytearray(b'\x01\x01\x04\x07!?\x08x`f\x80\xb0\x00@\x00\x00\x00\x00\x00\x00\x00\x00\x07\x00\x9e\x06p0@\xc0\x00\x00'),
                            None,
                            None,
                            None,
                        ], is_16bit=False, y_plus=0, y_minus=0, x=134, y=116),
                        Tile(mirror=False, invert=False, format=0, length=6, subtile_bytes=[
                            None,
                            bytearray(b'\x00\x00\x00\x00\x00\x00\x00\x00\x00\x00\x00\x00\x00\x00\x00\x00\x80\x00\x80\x00\x80\x00\x80\x00\x00\x00\x00\x00\x00\x00\x00\x00'),
                            bytearray(b'\xf2\x02\xcf\x06\xc7\xfb\xf0\xf0\xe0\x00hX\xdf\xafxx\xf1\x0c\x19\xf9\x07\xff\x08\xff\xe0\x1fx\xa7\xff\xd7xx'),
                            bytearray(b'\x00\x00\x00\x00\x00\x00\x80\x80\x80\x80\x80\x80\x00\x00\x00\x00\x00\x00\x00\x00\x00\x00\x80\x80\x80\x80\x80\x80\x00\x00\x00\x00'),
                        ], is_16bit=False, y_plus=0, y_minus=0, x=128, y=116),
                        Tile(mirror=False, invert=False, format=0, length=6, subtile_bytes=[
                            bytearray(b'\x00\x00\x01\x00\x04\x0f>#?\x01?@?\xc0\xdf`\x00\x00\x01\x01\x11\x00\x01\x00@\x00\x00\x00\x00\x00\x00\x00'),
                            bytearray(b'\x00\xf0\x08\xf8\x18\xf8\x10\xf0x\x80\xf8\x04\xfc\x02\xf2\x0c\xf0\x00\xf8\x00\xf8\x00\xe8\x00\x84\x00\x00\x00\x00\x00\x01\x00'),
                            None,
                            bytearray(b'\xe1\x1f\x02\xfd}\x83\xfb\x07/\xdf\xff\xfe{z4\x89\x00\x00\x00\x00\x00\x00\x00\x00\x00\x00\x00\x00\x84\x00\xfe\xb8'),
                        ], is_16bit=False, y_plus=0, y_minus=0, x=120, y=108),
                        Tile(mirror=False, invert=False, format=0, length=7, subtile_bytes=[
                            bytearray(b'\x00\x00\x00\x00\x00\x00\x00\x00\x00\x01\x00\x00\x00\x01\x01\x01\x00\x00\x00\x00\x01\x00\x01\x00\x01\x01\x01\x01\x01\x01\x00\x01'),
                            bytearray(b'\xafp\xc87=\xc3\xdf\xe00?\x9f\x1f\x87g\x808\x00\x00\x00\x00\x00\x00\x00\x00\xc0\x00\xe0\x00\xf8`\xbfx'),
                            bytearray(b'\x00\x00\x00\x00\x00\x00\x00\x00\x00\x00\x00\x00\x00\x00\x00\x00\x01\x01\x00\x00\x00\x00\x00\x00\x00\x00\x00\x00\x00\x00\x00\x00'),
                            bytearray(b'\x80\x8fxX\x12m\xce\xd7\xef\xe7\x7f\x7f\x01\x01\x00\x00\x0f\xff\xb8\xa7CC\xd9\xb9\xe7\x9f\x7f\x7f\x01\x01\x00\x00'),
                        ], is_16bit=False, y_plus=0, y_minus=0, x=112, y=116),
                        Tile(mirror=False, invert=False, format=0, length=4, subtile_bytes=[
                            bytearray(b'\x00\x0c\x00\x1e\x00\x1e\x00\x1e\x00\x0e\x00\x0e\x00\x0c\x00\x0c<\x0c>\x1e\x1e\x1e\x1e\x1e\x0e\x0e\x0e\x0e\x0c\x0c\x0c\x0c'),
                            None,
                            None,
                            None,
                        ], is_16bit=False, y_plus=0, y_minus=0, x=115, y=115),
                        Tile(mirror=False, invert=False, format=0, length=4, subtile_bytes=[
                            bytearray(b'd\x1c\xf0\x90p\x1e0N\x10lXh040<\x00\x00\x0c\x00\x80\x00\x80\x00\x80\x00\x84\x00L\x04L\x0c'),
                            None,
                            None,
                            None,
                        ], is_16bit=False, y_plus=0, y_minus=0, x=114, y=107),
                    ]
                ),
                Mold(13, gridplane=False,
                    tiles=[
                        Tile(mirror=False, invert=False, format=0, length=5, subtile_bytes=[
                            bytearray(b'\x00\x00\x00\x00\x00\x00\x00\x00n`\xd68\xb2|\xf0\xff\x00\x00\x00\x00\x00\x00\x00\x00\x00\x00\x00\x00\x00\x00\x00\x00'),
                            None,
                            bytearray(b'\xf8\xff|\xff\x06\x06\x00\x1c\x00\x00\x00\x00\x00\x00\x00\x00\x00\x00\x00\x00\xf8\x00\xfc\x1c\x00\x00\x00\x00\x00\x00\x00\x00'),
                            None,
                        ], is_16bit=False, y_plus=0, y_minus=0, x=143, y=110),
                        Tile(mirror=False, invert=False, format=0, length=4, subtile_bytes=[
                            bytearray(b'\x01\x01\x04\x07!?\x08x`f\x80\xb0\x00@\x00\x00\x00\x00\x00\x00\x00\x00\x07\x00\x9e\x06p0@\xc0\x00\x00'),
                            None,
                            None,
                            None,
                        ], is_16bit=False, y_plus=0, y_minus=0, x=135, y=116),
                        Tile(mirror=False, invert=False, format=0, length=6, subtile_bytes=[
                            None,
                            bytearray(b'\x00\x00\x00\x00\x00\x00\x00\x00\x00\x00\x00\x00\x00\x00\x00\x00\x80\x00\x80\x00\x80\x00\x80\x00\x00\x00\x00\x00\x00\x00\x00\x00'),
                            bytearray(b'\xf2\x02\xcf\x06\xc7\xfb\xf0\xf0\xe0\x00hX\xdf\xafxx\xf1\x0c\x19\xf9\x07\xff\x08\xff\xe0\x1fx\xa7\xff\xd7xx'),
                            bytearray(b'\x00\x00\x00\x00\x00\x00\x80\x80\x80\x80\x80\x80\x00\x00\x00\x00\x00\x00\x00\x00\x00\x00\x80\x80\x80\x80\x80\x80\x00\x00\x00\x00'),
                        ], is_16bit=False, y_plus=0, y_minus=0, x=128, y=116),
                        Tile(mirror=False, invert=False, format=0, length=6, subtile_bytes=[
                            bytearray(b'\x00\x00\x01\x00\x04\x0f>#?\x01?@?\xc0\xdf`\x00\x00\x01\x01\x11\x00\x01\x00@\x00\x00\x00\x00\x00\x00\x00'),
                            bytearray(b'\x00\xf0\x08\xf8\x18\xf8\x10\xf0x\x80\xf8\x04\xfc\x02\xf2\x0c\xf0\x00\xf8\x00\xf8\x00\xe8\x00\x84\x00\x00\x00\x00\x00\x01\x00'),
                            None,
                            bytearray(b'\xe1\x1f\x02\xfd}\x83\xfb\x07/\xdf\xff\xfe{z4\x89\x00\x00\x00\x00\x00\x00\x00\x00\x00\x00\x00\x00\x84\x00\xfe\xb8'),
                        ], is_16bit=False, y_plus=0, y_minus=0, x=120, y=108),
                        Tile(mirror=False, invert=False, format=0, length=7, subtile_bytes=[
                            bytearray(b'\x00\x00\x00\x00\x00\x00\x00\x00\x00\x01\x00\x00\x00\x01\x01\x01\x00\x00\x00\x00\x01\x00\x01\x00\x01\x01\x01\x01\x01\x01\x00\x01'),
                            bytearray(b'\xafp\xc87=\xc3\xdf\xe00?\x9f\x1f\x87g\x808\x00\x00\x00\x00\x00\x00\x00\x00\xc0\x00\xe0\x00\xf8`\xbfx'),
                            bytearray(b'\x00\x00\x00\x00\x00\x00\x00\x00\x00\x00\x00\x00\x00\x00\x00\x00\x01\x01\x00\x00\x00\x00\x00\x00\x00\x00\x00\x00\x00\x00\x00\x00'),
                            bytearray(b'\x80\x8fxX\x12m\xce\xd7\xef\xe7\x7f\x7f\x01\x01\x00\x00\x0f\xff\xb8\xa7CC\xd9\xb9\xe7\x9f\x7f\x7f\x01\x01\x00\x00'),
                        ], is_16bit=False, y_plus=0, y_minus=0, x=112, y=116),
                        Tile(mirror=False, invert=False, format=0, length=4, subtile_bytes=[
                            bytearray(b'\x00\x0c\x00\x1e\x00\x1e\x00\x1e\x00\x0e\x00\x0e\x00\x0c\x00\x0c<\x0c>\x1e\x1e\x1e\x1e\x1e\x0e\x0e\x0e\x0e\x0c\x0c\x0c\x0c'),
                            None,
                            None,
                            None,
                        ], is_16bit=False, y_plus=0, y_minus=0, x=115, y=116),
                        Tile(mirror=False, invert=False, format=0, length=4, subtile_bytes=[
                            bytearray(b'd\x1c\xf0\x90p\x1e0N\x10lXh040<\x00\x00\x0c\x00\x80\x00\x80\x00\x80\x00\x84\x00L\x04L\x0c'),
                            None,
                            None,
                            None,
                        ], is_16bit=False, y_plus=0, y_minus=0, x=114, y=108),
                    ]
                ),
                Mold(14, gridplane=False,
                    tiles=[
                        Tile(mirror=False, invert=False, format=0, length=5, subtile_bytes=[
                            bytearray(b'\t\x0f\x02\x0e\x04\x1c\x08:\xe0\xe8@P\x00\x00\x00\x00\x00\x00\x11\x00#\x00F\x02\x18\x08\xb0\x10\x00\x00\x00\x00'),
                            bytearray(b'\x00\x08\x000\x00\x00\x00\x00\x00\x00\x00\x00\x00\x00\x00\x00\xf8\x08\xf00\x00\x00\x00\x00\x00\x00\x00\x00\x00\x00\x00\x00'),
                            None,
                            None,
                        ], is_16bit=False, y_plus=0, y_minus=0, x=135, y=115),
                        Tile(mirror=False, invert=False, format=0, length=5, subtile_bytes=[
                            bytearray(b'\x00\x00\x00\x00\x00\x00\x01\x03\x01\x03\x02\x01\x02\x05\x04\x07\x00\x00\x00\x00\x00\x00\x02\x02\x00\x00\x00\x00\x04\x04\x00\x00'),
                            bytearray(b'\x00\x00\x00\x00`\x80`\x90\x18\xf8x\xf8\xf0\xf0\xe0\xe0\x00\x00\x00\x00\x00\x00\x00\x00\x00\x00\x00\x00\x08\x00\x18\x00'),
                            None,
                            None,
                        ], is_16bit=False, y_plus=0, y_minus=0, x=136, y=107),
                        Tile(mirror=False, invert=False, format=0, length=4, subtile_bytes=[
                            bytearray(b'\x00\x00\x00\x00\x00\x00\x00\x00\x00\x00\x00\x00\x00\x00\x00\x00\x01\x01\x00\x00\x00\x00\x00\x00\x00\x00\x00\x00\x00\x00\x00\x00'),
                            None,
                            None,
                            None,
                        ], is_16bit=False, y_plus=0, y_minus=0, x=112, y=124),
                        Tile(mirror=False, invert=False, format=0, length=4, subtile_bytes=[
                            bytearray(b'\x00\x00\x00\x00\x00\x00\x80\x80\x80\x80\x80\x80\x00\x00\x00\x00\x00\x00\x00\x00\x00\x00\x80\x80\x80\x80\x80\x80\x00\x00\x00\x00'),
                            None,
                            None,
                            None,
                        ], is_16bit=False, y_plus=0, y_minus=0, x=136, y=124),
                        Tile(mirror=False, invert=False, format=0, length=5, subtile_bytes=[
                            bytearray(b'\x00\x00\x00\x00\x00\x01\x03\x00\x07\x04\x0f\x00\x1f\x00? \x00\x00\x00\x00\x00\x00\x00\x00\x00\x00\x10\x00\x00\x00\x00\x00'),
                            None,
                            bytearray(b'? 3<\x1f\\\x0e\x0f\x03C \x08 X`N\x00\x00@\x00`@p\x00|@\x7fH\x7fX/^'),
                            None,
                        ], is_16bit=False, y_plus=0, y_minus=0, x=117, y=108),
                        Tile(mirror=False, invert=False, format=0, length=5, subtile_bytes=[
                            bytearray(b'\x80\x8fxX\x12m\xce\xd7\xef\xe7\x7f\x7f\x01\x01\x00\x00\x0f\xff\xb8\xa7CC\xd9\xb9\xe7\x9f\x7f\x7f\x01\x01\x00\x00'),
                            bytearray(b'\xf2\x02\xcf\x06\xc7\xfb\xf0\xf0\xe0\x00hX\xdf\xafxx\xf1\x0c\x19\xf9\x07\xff\x08\xff\xe0\x1fx\xa7\xff\xd7xx'),
                            None,
                            None,
                        ], is_16bit=False, y_plus=0, y_minus=0, x=120, y=124),
                        Tile(mirror=False, invert=False, format=0, length=7, subtile_bytes=[
                            bytearray(b'\x02\x02\x04\x03\xc0/\xf0\x0f\xff\x00\xff\x00\xff\x00\xff\x00\x01\x00\x0b\x00\x1f\x00\x0f\x00\x00\x00\x00\x00\x00\x00\x00\x00'),
                            bytearray(b'\x00\x00\x80\x00\x80\x00\x80\x00\x80\x00\xc0\x00\x80@ \xe0\x00\x00\x80\x80\x80\x80\x80\x80@\x00\x00\x00 \x00\x00\x00'),
                            bytearray(b'\xff\x00\xff\x00\xff\x00\x0e\xf1\xbb\xff\xc3\xc3\x01\x01\x01\x06\x00\x00\x00\x00\x00\x00\x00\x00\x00\x00<\x00\xfe\x00\xff\x06'),
                            bytearray(b'\xa0`\xb0P\x10\xf0\xf0\xf0\xa0\xa0@P    \x00\x00\x00\x00\x00\x00\x00\x00P\x00\x900\x00\xc0\x00\xc0'),
                        ], is_16bit=False, y_plus=0, y_minus=0, x=125, y=108),
                    ]
                ),
                Mold(15, gridplane=False,
                    tiles=[
                        Tile(mirror=False, invert=False, format=0, length=7, subtile_bytes=[
                            bytearray(b'\x00\x00\x00\x00\x00\x00\x01\x03\x01\x03\x02\x01\x02\x05\x04\x07\x00\x00\x00\x00\x00\x00\x02\x02\x00\x00\x00\x00\x04\x04\x00\x00'),
                            bytearray(b'\x00\x00\x00\x00`\x80`\x90\x18\xf8x\xf8\xf0\xf0\xe0\xe0\x00\x00\x00\x00\x00\x00\x00\x00\x00\x00\x00\x00\x08\x00\x18\x00'),
                            bytearray(b'\t\x0f\x02\x0e\x04\x1c\x08:\xe0\xe8@P\x00\x00\x00\x00\x00\x00\x11\x00#\x00F\x02\x18\x08\xb0\x10\x00\x00\x00\x00'),
                            bytearray(b'\x00\x08\x000\x00\x00\x00\x00\x00\x00\x00\x00\x00\x00\x00\x00\xf8\x08\xf00\x00\x00\x00\x00\x00\x00\x00\x00\x00\x00\x00\x00'),
                        ], is_16bit=False, y_plus=0, y_minus=0, x=135, y=106),
                        Tile(mirror=False, invert=False, format=0, length=4, subtile_bytes=[
                            bytearray(b'\x00\x00\x00\x00\x00\x00\x00\x00\x00\x00\x00\x00\x00\x00\x00\x00\x01\x01\x00\x00\x00\x00\x00\x00\x00\x00\x00\x00\x00\x00\x00\x00'),
                            None,
                            None,
                            None,
                        ], is_16bit=False, y_plus=0, y_minus=0, x=112, y=124),
                        Tile(mirror=False, invert=False, format=0, length=4, subtile_bytes=[
                            bytearray(b'\x00\x00\x00\x00\x00\x00\x80\x80\x80\x80\x80\x80\x00\x00\x00\x00\x00\x00\x00\x00\x00\x00\x80\x80\x80\x80\x80\x80\x00\x00\x00\x00'),
                            None,
                            None,
                            None,
                        ], is_16bit=False, y_plus=0, y_minus=0, x=136, y=124),
                        Tile(mirror=False, invert=False, format=0, length=5, subtile_bytes=[
                            bytearray(b'\x00\x00\x00\x00\x00\x01\x03\x00\x07\x04\x0f\x00\x1f\x00? \x00\x00\x00\x00\x00\x00\x00\x00\x00\x00\x10\x00\x00\x00\x00\x00'),
                            None,
                            bytearray(b'? 3<\x1f\\\x0e\x0f\x03C \x08 X`N\x00\x00@\x00`@p\x00|@\x7fH\x7fX/^'),
                            None,
                        ], is_16bit=False, y_plus=0, y_minus=0, x=118, y=108),
                        Tile(mirror=False, invert=False, format=0, length=5, subtile_bytes=[
                            bytearray(b'\x80\x8fxX\x12m\xce\xd7\xef\xe7\x7f\x7f\x01\x01\x00\x00\x0f\xff\xb8\xa7CC\xd9\xb9\xe7\x9f\x7f\x7f\x01\x01\x00\x00'),
                            bytearray(b'\xf2\x02\xcf\x06\xc7\xfb\xf0\xf0\xe0\x00hX\xdf\xafxx\xf1\x0c\x19\xf9\x07\xff\x08\xff\xe0\x1fx\xa7\xff\xd7xx'),
                            None,
                            None,
                        ], is_16bit=False, y_plus=0, y_minus=0, x=120, y=124),
                        Tile(mirror=False, invert=False, format=0, length=7, subtile_bytes=[
                            bytearray(b'\x02\x02\x04\x03\xc0/\xf0\x0f\xff\x00\xff\x00\xff\x00\xff\x00\x01\x00\x0b\x00\x1f\x00\x0f\x00\x00\x00\x00\x00\x00\x00\x00\x00'),
                            bytearray(b'\x00\x00\x80\x00\x80\x00\x80\x00\x80\x00\xc0\x00\x80@ \xe0\x00\x00\x80\x80\x80\x80\x80\x80@\x00\x00\x00 \x00\x00\x00'),
                            bytearray(b'\xff\x00\xff\x00\xff\x00\x0e\xf1\xbb\xff\xc3\xc3\x01\x01\x01\x06\x00\x00\x00\x00\x00\x00\x00\x00\x00\x00<\x00\xfe\x00\xff\x06'),
                            bytearray(b'\xa0`\xb0P\x10\xf0\xf0\xf0\xa0\xa0@P    \x00\x00\x00\x00\x00\x00\x00\x00P\x00\x900\x00\xc0\x00\xc0'),
                        ], is_16bit=False, y_plus=0, y_minus=0, x=126, y=108),
                    ]
                ),
                Mold(16, gridplane=False,
                    tiles=[
                        Tile(mirror=False, invert=False, format=0, length=4, subtile_bytes=[
                            bytearray(b'\t\x0f\x02\x0e\x04\x1c\x08:\xe0\xe8@P\x00\x00\x00\x00\x00\x00\x11\x00#\x00F\x02\x18\x08\xb0\x10\x00\x00\x00\x00'),
                            None,
                            None,
                            None,
                        ], is_16bit=False, y_plus=0, y_minus=0, x=135, y=114),
                        Tile(mirror=False, invert=False, format=0, length=6, subtile_bytes=[
                            bytearray(b'\x00\x00\x00\x00\x00\x00\x01\x03\x01\x03\x02\x01\x02\x05\x04\x07\x00\x00\x00\x00\x00\x00\x02\x02\x00\x00\x00\x00\x04\x04\x00\x00'),
                            bytearray(b'\x00\x00\x00\x00`\x80`\x90\x18\xf8x\xf8\xf0\xf0\xe0\xe0\x00\x00\x00\x00\x00\x00\x00\x00\x00\x00\x00\x00\x08\x00\x18\x00'),
                            None,
                            bytearray(b'\x00\x08\x000\x00\x00\x00\x00\x00\x00\x00\x00\x00\x00\x00\x00\xf8\x08\xf00\x00\x00\x00\x00\x00\x00\x00\x00\x00\x00\x00\x00'),
                        ], is_16bit=False, y_plus=0, y_minus=0, x=134, y=106),
                        Tile(mirror=False, invert=False, format=0, length=4, subtile_bytes=[
                            bytearray(b'\x00\x00\x00\x00\x00\x00\x00\x00\x00\x00\x00\x00\x00\x00\x00\x00\x01\x01\x00\x00\x00\x00\x00\x00\x00\x00\x00\x00\x00\x00\x00\x00'),
                            None,
                            None,
                            None,
                        ], is_16bit=False, y_plus=0, y_minus=0, x=112, y=124),
                        Tile(mirror=False, invert=False, format=0, length=4, subtile_bytes=[
                            bytearray(b'\x00\x00\x00\x00\x00\x00\x80\x80\x80\x80\x80\x80\x00\x00\x00\x00\x00\x00\x00\x00\x00\x00\x80\x80\x80\x80\x80\x80\x00\x00\x00\x00'),
                            None,
                            None,
                            None,
                        ], is_16bit=False, y_plus=0, y_minus=0, x=136, y=124),
                        Tile(mirror=False, invert=False, format=0, length=5, subtile_bytes=[
                            bytearray(b'\x00\x00\x00\x00\x00\x01\x03\x00\x07\x04\x0f\x00\x1f\x00? \x00\x00\x00\x00\x00\x00\x00\x00\x00\x00\x10\x00\x00\x00\x00\x00'),
                            None,
                            bytearray(b'? 3<\x1f\\\x0e\x0f\x03C \x08 X`N\x00\x00@\x00`@p\x00|@\x7fH\x7fX/^'),
                            None,
                        ], is_16bit=False, y_plus=0, y_minus=0, x=118, y=108),
                        Tile(mirror=False, invert=False, format=0, length=5, subtile_bytes=[
                            bytearray(b'\x80\x8fxX\x12m\xce\xd7\xef\xe7\x7f\x7f\x01\x01\x00\x00\x0f\xff\xb8\xa7CC\xd9\xb9\xe7\x9f\x7f\x7f\x01\x01\x00\x00'),
                            bytearray(b'\xf2\x02\xcf\x06\xc7\xfb\xf0\xf0\xe0\x00hX\xdf\xafxx\xf1\x0c\x19\xf9\x07\xff\x08\xff\xe0\x1fx\xa7\xff\xd7xx'),
                            None,
                            None,
                        ], is_16bit=False, y_plus=0, y_minus=0, x=120, y=124),
                        Tile(mirror=False, invert=False, format=0, length=7, subtile_bytes=[
                            bytearray(b'\x02\x02\x04\x03\xc0/\xf0\x0f\xff\x00\xff\x00\xff\x00\xff\x00\x01\x00\x0b\x00\x1f\x00\x0f\x00\x00\x00\x00\x00\x00\x00\x00\x00'),
                            bytearray(b'\x00\x00\x80\x00\x80\x00\x80\x00\x80\x00\xc0\x00\x80@ \xe0\x00\x00\x80\x80\x80\x80\x80\x80@\x00\x00\x00 \x00\x00\x00'),
                            bytearray(b'\xff\x00\xff\x00\xff\x00\x0e\xf1\xbb\xff\xc3\xc3\x01\x01\x01\x06\x00\x00\x00\x00\x00\x00\x00\x00\x00\x00<\x00\xfe\x00\xff\x06'),
                            bytearray(b'\xa0`\xb0P\x10\xf0\xf0\xf0\xa0\xa0@P    \x00\x00\x00\x00\x00\x00\x00\x00P\x00\x900\x00\xc0\x00\xc0'),
                        ], is_16bit=False, y_plus=0, y_minus=0, x=126, y=108),
                    ]
                ),
                Mold(17, gridplane=False,
                    tiles=[
                        Tile(mirror=False, invert=False, format=0, length=6, subtile_bytes=[
                            None,
                            bytearray(b'\x00\x00\x00\x00\x00\x00\x00\x00n`\xd68\xb2|\xf0\xff\x00\x00\x00\x00\x00\x00\x00\x00\x00\x00\x00\x00\x00\x00\x00\x00'),
                            bytearray(b'\x01\x01\x04\x07!?\x08x`f\x80\xb0\x00@\x00\x00\x00\x00\x00\x00\x00\x00\x07\x00\x9e\x06p0@\xc0\x00\x00'),
                            bytearray(b'\xf8\xff|\xff\x06\x06\x00\x1c\x00\x00\x00\x00\x00\x00\x00\x00\x00\x00\x00\x00\xf8\x00\xfc\x1c\x00\x00\x00\x00\x00\x00\x00\x00'),
                        ], is_16bit=False, y_plus=0, y_minus=0, x=133, y=108),
                        Tile(mirror=False, invert=False, format=0, length=6, subtile_bytes=[
                            None,
                            bytearray(b'\x00\x00\x00\x00\x00\x00\x00\x00\x00\x00\x00\x00\x00\x00\x00\x00\x80\x00\x80\x00\x80\x00\x80\x00\x00\x00\x00\x00\x00\x00\x00\x00'),
                            bytearray(b'\xf2\x02\xcf\x06\xc7\xfb\xf0\xf0\xe0\x00hX\xdf\xafxx\xf1\x0c\x19\xf9\x07\xff\x08\xff\xe0\x1fx\xa7\xff\xd7xx'),
                            bytearray(b'\x00\x00\x00\x00\x00\x00\x80\x80\x80\x80\x80\x80\x00\x00\x00\x00\x00\x00\x00\x00\x00\x00\x80\x80\x80\x80\x80\x80\x00\x00\x00\x00'),
                        ], is_16bit=False, y_plus=0, y_minus=0, x=128, y=116),
                        Tile(mirror=False, invert=False, format=0, length=6, subtile_bytes=[
                            bytearray(b'\x00\x00\x01\x00\x04\x0f>#?\x01?@?\xc0\xdf`\x00\x00\x01\x01\x11\x00\x01\x00@\x00\x00\x00\x00\x00\x00\x00'),
                            bytearray(b'\x00\xf0\x08\xf8\x18\xf8\x10\xf0x\x80\xf8\x04\xfc\x02\xf2\x0c\xf0\x00\xf8\x00\xf8\x00\xe8\x00\x84\x00\x00\x00\x00\x00\x01\x00'),
                            None,
                            bytearray(b'\xe1\x1f\x02\xfd}\x83\xfb\x07/\xdf\xff\xfe{z4\x89\x00\x00\x00\x00\x00\x00\x00\x00\x00\x00\x00\x00\x84\x00\xfe\xb8'),
                        ], is_16bit=False, y_plus=0, y_minus=0, x=120, y=108),
                        Tile(mirror=False, invert=False, format=0, length=7, subtile_bytes=[
                            bytearray(b'\x00\x00\x00\x00\x00\x00\x00\x00\x00\x01\x00\x00\x00\x01\x01\x01\x00\x00\x00\x00\x01\x00\x01\x00\x01\x01\x01\x01\x01\x01\x00\x01'),
                            bytearray(b'\xafp\xc87=\xc3\xdf\xe00?\x9f\x1f\x87g\x808\x00\x00\x00\x00\x00\x00\x00\x00\xc0\x00\xe0\x00\xf8`\xbfx'),
                            bytearray(b'\x00\x00\x00\x00\x00\x00\x00\x00\x00\x00\x00\x00\x00\x00\x00\x00\x01\x01\x00\x00\x00\x00\x00\x00\x00\x00\x00\x00\x00\x00\x00\x00'),
                            bytearray(b'\x80\x8fxX\x12m\xce\xd7\xef\xe7\x7f\x7f\x01\x01\x00\x00\x0f\xff\xb8\xa7CC\xd9\xb9\xe7\x9f\x7f\x7f\x01\x01\x00\x00'),
                        ], is_16bit=False, y_plus=0, y_minus=0, x=112, y=116),
                        Tile(mirror=False, invert=False, format=0, length=5, subtile_bytes=[
                            bytearray(b'd\x1c\xf0\x90p\x1e0N\x10lXh040<\x00\x00\x0c\x00\x80\x00\x80\x00\x80\x00\x84\x00L\x04L\x0c'),
                            None,
                            bytearray(b'\x00\x0c\x00\x1e\x00\x1e\x00\x1e\x00\x0e\x00\x0e\x00\x0c\x00\x0c<\x0c>\x1e\x1e\x1e\x1e\x1e\x0e\x0e\x0e\x0e\x0c\x0c\x0c\x0c'),
                            None,
                        ], is_16bit=False, y_plus=0, y_minus=0, x=115, y=106),
                    ]
                ),
                Mold(18, gridplane=False,
                    tiles=[
                        Tile(mirror=False, invert=False, format=0, length=5, subtile_bytes=[
                            bytearray(b'\x00\x00\x00\x00\x00\x00\x00\x00n`\xd68\xb2|\xf0\xff\x00\x00\x00\x00\x00\x00\x00\x00\x00\x00\x00\x00\x00\x00\x00\x00'),
                            None,
                            bytearray(b'\xf8\xff|\xff\x06\x06\x00\x1c\x00\x00\x00\x00\x00\x00\x00\x00\x00\x00\x00\x00\xf8\x00\xfc\x1c\x00\x00\x00\x00\x00\x00\x00\x00'),
                            None,
                        ], is_16bit=False, y_plus=0, y_minus=0, x=140, y=108),
                        Tile(mirror=False, invert=False, format=0, length=4, subtile_bytes=[
                            bytearray(b'\x01\x01\x04\x07!?\x08x`f\x80\xb0\x00@\x00\x00\x00\x00\x00\x00\x00\x00\x07\x00\x9e\x06p0@\xc0\x00\x00'),
                            None,
                            None,
                            None,
                        ], is_16bit=False, y_plus=0, y_minus=0, x=133, y=116),
                        Tile(mirror=False, invert=False, format=0, length=6, subtile_bytes=[
                            None,
                            bytearray(b'\x00\x00\x00\x00\x00\x00\x00\x00\x00\x00\x00\x00\x00\x00\x00\x00\x80\x00\x80\x00\x80\x00\x80\x00\x00\x00\x00\x00\x00\x00\x00\x00'),
                            bytearray(b'\xf2\x02\xcf\x06\xc7\xfb\xf0\xf0\xe0\x00hX\xdf\xafxx\xf1\x0c\x19\xf9\x07\xff\x08\xff\xe0\x1fx\xa7\xff\xd7xx'),
                            bytearray(b'\x00\x00\x00\x00\x00\x00\x80\x80\x80\x80\x80\x80\x00\x00\x00\x00\x00\x00\x00\x00\x00\x00\x80\x80\x80\x80\x80\x80\x00\x00\x00\x00'),
                        ], is_16bit=False, y_plus=0, y_minus=0, x=128, y=116),
                        Tile(mirror=False, invert=False, format=0, length=6, subtile_bytes=[
                            bytearray(b'\x00\x00\x01\x00\x04\x0f>#?\x01?@?\xc0\xdf`\x00\x00\x01\x01\x11\x00\x01\x00@\x00\x00\x00\x00\x00\x00\x00'),
                            bytearray(b'\x00\xf0\x08\xf8\x18\xf8\x10\xf0x\x80\xf8\x04\xfc\x02\xf2\x0c\xf0\x00\xf8\x00\xf8\x00\xe8\x00\x84\x00\x00\x00\x00\x00\x01\x00'),
                            None,
                            bytearray(b'\xe1\x1f\x02\xfd}\x83\xfb\x07/\xdf\xff\xfe{z4\x89\x00\x00\x00\x00\x00\x00\x00\x00\x00\x00\x00\x00\x84\x00\xfe\xb8'),
                        ], is_16bit=False, y_plus=0, y_minus=0, x=120, y=108),
                        Tile(mirror=False, invert=False, format=0, length=7, subtile_bytes=[
                            bytearray(b'\x00\x00\x00\x00\x00\x00\x00\x00\x00\x01\x00\x00\x00\x01\x01\x01\x00\x00\x00\x00\x01\x00\x01\x00\x01\x01\x01\x01\x01\x01\x00\x01'),
                            bytearray(b'\xafp\xc87=\xc3\xdf\xe00?\x9f\x1f\x87g\x808\x00\x00\x00\x00\x00\x00\x00\x00\xc0\x00\xe0\x00\xf8`\xbfx'),
                            bytearray(b'\x00\x00\x00\x00\x00\x00\x00\x00\x00\x00\x00\x00\x00\x00\x00\x00\x01\x01\x00\x00\x00\x00\x00\x00\x00\x00\x00\x00\x00\x00\x00\x00'),
                            bytearray(b'\x80\x8fxX\x12m\xce\xd7\xef\xe7\x7f\x7f\x01\x01\x00\x00\x0f\xff\xb8\xa7CC\xd9\xb9\xe7\x9f\x7f\x7f\x01\x01\x00\x00'),
                        ], is_16bit=False, y_plus=0, y_minus=0, x=112, y=116),
                        Tile(mirror=False, invert=False, format=0, length=4, subtile_bytes=[
                            bytearray(b'\x00\x0c\x00\x1e\x00\x1e\x00\x1e\x00\x0e\x00\x0e\x00\x0c\x00\x0c<\x0c>\x1e\x1e\x1e\x1e\x1e\x0e\x0e\x0e\x0e\x0c\x0c\x0c\x0c'),
                            None,
                            None,
                            None,
                        ], is_16bit=False, y_plus=0, y_minus=0, x=115, y=114),
                        Tile(mirror=False, invert=False, format=0, length=4, subtile_bytes=[
                            bytearray(b'd\x1c\xf0\x90p\x1e0N\x10lXh040<\x00\x00\x0c\x00\x80\x00\x80\x00\x80\x00\x84\x00L\x04L\x0c'),
                            None,
                            None,
                            None,
                        ], is_16bit=False, y_plus=0, y_minus=0, x=116, y=106),
                    ]
                ),
                Mold(19, gridplane=True,
                    tiles=[
                        Tile(mirror=False, invert=False, format=2, length=13, subtile_bytes=[
                            bytearray(b'\x00\x00\x00\x00\x00\x00\x00\x00\x00\x00\x00\x00\x00\x01\x00\x01\x00\x00\x00\x00\x00\x00\x00\x00\x00\x00\x00\x00\x00\x00\x00\x00'),
                            bytearray(b"\x00\x03\x08\x0f\x19\x06\x10/\x17l\xf2\x0f\xef\x10\xc79\x07\x00\x07\x00\'\x01\x0f\x00\x07\x03\x10\x00+\x00\x00\x00"),
                            bytearray(b'\x80\x00\x00\x80 \xe0|\x80|\x82\xfc\x02\xfa\x06\xff\x06\x80\x80\x80\x00\xd8\x00\x80\x00\x00\x00\x00\x00\x01\x00\x80\x00'),
                            None,
                            bytearray(b'\x02\x03\t\r\x0c\x04\x10\x1f\x0c\x0b\x08\x07\x03\x01\x05\x03\x04\x00\x02\x00\x13\x00\x01\x03\x11\x01\x19\t\x1e\x03\x06\x03'),
                            bytearray(b'W\xb4\xe1\xe0\xc0\xc0\xefoo\xaf\xbeX|\x13\x81\xf8\x14\x08 \x1e\x00?\xaf\x90\xcc\xd0g\xe6o\xafA\xf6'),
                            bytearray(b'\xfd\x02\xfc\x03\xfa\x06\x0b\xfa\xf1\xf6\xc1\x9e>\xc3\xf6\x03\x00\x00\x00\x00\x01\x00\x04\x00\x0c\x04|\\\xf4\xc8\x04\xf8'),
                            bytearray(b'\x00\x00\x00\x00\x00\x00\x00\x00\x00\x80\xc0@@\xa0\xf0\x10\x80\x00\x80\x00\x80\x00\x80\x00\x00\x00\x00\x00\x00\x00\x00\x00'),
                            bytearray(b'\x00\x01\x00\x01\x02\x03\x02\x03\x01\x01\x00\x00\x00\x00\x00\x00\x01\x01\x01\x00\x03\x02\x03\x02\x01\x01\x00\x00\x00\x00\x00\x00'),
                            bytearray(b'@\xf8c\xbf\x0c\xd2?\xef\xfe\xff\x06\x07\x01\x01\x00\x00\x80\x9f\xc0A\xdf?\xef\x1e\xff\xfe\x07\x06\x01\x01\x00\x00'),
                            bytearray(b'\xb1:\x1c\xf3\x18\x06\xe0B\x14\xf1\x08\xe8\xf0\xf0\x00\x00\xc4p\x08\xf8\xf9\xe8\xe7\xba\xf5\t\xe8\x18\xf0\xf0\x00\x00'),
                            bytearray(b'\xf00@\xd0\x000\xa0\x80@\x80\x00\x00\x00\x00\x00\x00\x00\x000\x10\xf00`\x00\xc0\x80\x00\x00\x00\x00\x00\x00'),
                        ], is_16bit=False, y_plus=0, y_minus=0, x=0, y=0),
                    ]
                ),
                Mold(20, gridplane=True,
                    tiles=[
                        Tile(mirror=False, invert=False, format=2, length=13, subtile_bytes=[
                            bytearray(b'\x00\x00\x00\x00\x00\x00\x00\x00\x00\x00\x00\x00\x01\x00\x03\x02\x00\x00\x00\x00\x00\x00\x00\x00\x00\x00\x01\x00\x00\x00\x04\x00'),
                            bytearray(b'\x00\x03\x04\x03\x18\x1f>!qN\xef\x13\xc78\xee)\x03\x00\x07\x04\x07\x00G\x06\x01\x11\x03+\x00\x00(\x10'),
                            bytearray(b'\x00\x80 \xc0\x00\xe0\x08\xf8t\x8c\xfa\x06\xf8\x86\xfa\x06\xc0\x00\xe0 \xf8\x00\x84\x00\x00\x00\x00\x00\x80\x80\x00\x00'),
                            None,
                            bytearray(b'\x08\r\r\x05\x11\x1e\x0c\x0b\x08\x07\x02\x01\x05\x03\x01\x01\x02\x00\x12\x00\x01\x03\x11\x01\x19\t\x1f\x03\x06\x03\x00\x01'),
                            bytearray(b'\xdbB\x01\x81\x0f\x8f\xdf\xdf_\xdf\x9dQ|\x03\x81\xf8Z<\x01~\x0fp_ \x9e\xa0n\xcco\xafA\xf6'),
                            bytearray(b'\xfa\x06\xfb\x07\xf7\x8e\xc9\xba\xf1\xf6\x82\x9f>\xc3\xf1\n\x01\x00\x00\x00\x80\x00\x84\x00\x0c\x04|\x1c\xf4\xc8\x04\xf0'),
                            bytearray(b'\x00\x00\x00\x00\x00\x00\x00\x80\xc0@@\xa0\xf0\x10\xf00\x00\x00\x80\x00\x80\x00\x00\x00\x00\x00\x00\x00\x00\x00\x00\x00'),
                            bytearray(b'\x00\x01\x00\x01\x02\x03\x02\x03\x01\x01\x00\x00\x00\x00\x00\x00\x01\x01\x01\x00\x03\x02\x03\x02\x01\x01\x00\x00\x00\x00\x00\x00'),
                            bytearray(b'@\xf8c\xbf\x0c\xd2?\xef\xfe\xff\x06\x07\x01\x01\x00\x00\x80\x9f\xc0A\xdf?\xef\x1e\xff\xfe\x07\x06\x01\x01\x00\x00'),
                            bytearray(b'\xbc3\x18\xf6\x18\x02\xe4A\x14\xf0\x08\xe8\xf0\xf0\x00\x00\xc8x\t\xf8\xff\xe2\xe5\xb9\xf4\x08\xe8\x18\xf0\xf0\x00\x00'),
                            bytearray(b'@\xd0\x000\xa0\x80@\x80\x00\x00\x00\x00\x00\x00\x00\x000\x10\xf00`\x00\xc0\x80\x00\x00\x00\x00\x00\x00\x00\x00'),
                        ], is_16bit=False, y_plus=0, y_minus=0, x=0, y=0),
                    ]
                ),
                Mold(21, gridplane=True,
                    tiles=[
                        Tile(mirror=False, invert=False, format=2, length=13, subtile_bytes=[
                            None,
                            bytearray(b'\x02\x01\x02\x01\x02\x01\x06\x07?8?0?0gx\x03\x02\x03\x02\x03\x02\x01\x00 \x042\x020\x00`\x00'),
                            bytearray(b'\x00\xc0\x00\xc0\x18\xf8\x1e\xe2\x1e\xe0\xff\x00\xff\x00\xfe\x01\xc0\x00\xe0\x00\xe0\x00\xe0\x00\xe1\x00\x00\x00\x00\x00\x00\x00'),
                            bytearray(b'\x00\x00\x00\x00\x00\x00\x00\x00\x00\x00\x00\x00\x80\x80\x00\x80\x00\x00\x00\x00\x00\x00\x00\x00\x00\x00\x00\x00\x00\x00@\x00'),
                            bytearray(b'\x00\x00\x00\x00\x00\x00\x00\x00\x00\x00\x01\x01\x00\x01\x00\x03\x00\x00\x00\x00\x00\x00\x00\x00\x00\x00\x00\x00\x02\x00\x00\x00'),
                            bytearray(b'\xe7\x98\x8d\xfe\xd7\xefnq\xf7\xf8\xfc\x7f\xceN,\x91\x00\x00\x00\x00\x00\x00\x00\x00\x00\x00\x00\x001\x00\x7f\x1d'),
                            bytearray(b'\xff\x01\xfd\x03\xcb\xf7\xf3\xff\xect1\xf0\xc1\xc6\x01\x1c\x00\x00\x00\x00\x00\x00\x00\x00\x03\x00\x0f\x00?\x06\xfd\x1e'),
                            bytearray(b'\x00\x80@\xc0`\xe0\xa0\x908\x08H\xf8`@\x80\xf0@\x00 \x00\x00\x00` \xc0\x00\x80\xc0\xb8\xe0x\xf0'),
                            bytearray(b'\x06\x01\x0f\x08\x05\x06\x02\x03\x03\x0f\x03\x05\x00\x00\x00\x00\x00\x00\x00\x00\x08\x00\x0c\x00\x0c\x0c\x06\x06\x01\x00\x00\x00'),
                            bytearray(b'\x8f\xc0\xf3 \xa3_O\xcf\x87\x80\x96\xda{u\x1e\x1eOpX_ ?\x10?G8^e\xffk\x1e\x1e'),
                            bytearray(b'\x01\xf1\x1e\x1aH\xb6s\xeb\xf7\xe7\xfe\xfe\x80\x80\x00\x00\xf0\xff\x1d\xe5\xc2\xc2\x9b\x9d\xe7\xf9\xfe\xfe\x80\x80\x00\x00'),
                            bytearray(b'@8\x000\x00\x00\x00\x00\x00\x00\x00\x00\x00\x00\x00\x00\xf8\xb800\x00\x00\x00\x00\x00\x00\x00\x00\x00\x00\x00\x00'),
                        ], is_16bit=False, y_plus=0, y_minus=0, x=0, y=0),
                    ]
                ),
                Mold(22, gridplane=True,
                    tiles=[
                        Tile(mirror=False, invert=False, format=2, length=13, subtile_bytes=[
                            None,
                            bytearray(b'\x00\x00\x00\x00\x00\x00\x01\x02\x1b\x1c\x1d\x18\x1e\x19{t\x00\x00\x00\x00\x00\x00\x03\x03\x10\x00\x18\x03\x19\x01p\x00'),
                            bytearray(b'\x80`\x00\xf0\x08\xf0\x06\xf8\x07\xf8\x8fp\xf7\x18\xff\x00\xf0\x80\xf0\x00\xfc\x08y\x00x\x008\x08\x00\x00\x00\x00'),
                            bytearray(b'\x00\x00\x00\x00\x00\x00\x00\x00\x80\x80\x80\x00\xc0@\x80@\x00\x00\x00\x00\x00\x00\x00\x00\x00\x00\x00\x00\x00\x00\x00\x00'),
                            bytearray(b'\x00\x00\x00\x00\x00\x00\x00\x00\x01\x01\x00\x01\x00\x03\x06\x01\x00\x00\x00\x00\x00\x00\x00\x00\x00\x00\x02\x00\x00\x00\x00\x00'),
                            bytearray(b'\x13lE~6?\xdf\xd3\xd2}\xdc_\x0e\x9e\xac\xd1\x00\x00\x00\x00@\x00 \x00\x00\x00 \x00q\x10\x7f]'),
                            bytearray(b'\xff\x00\xff\x00<\xc3\xe1\xff\xfc\xfcy\xf8\xc1\xc6\x01\x1c\x00\x00\x00\x00\x00\x00\x00\x00\x03\x00\x07\x00?\x06\xfd\x1e'),
                            bytearray(b'@\xc0`\xe0@p8\x08H\xb8 \x00\x00\xf0\xc0\xb8 \x00\x00\x00\x80\x00\xc0\x00\xc0\xc0\xf8\xa0\xf8\xf0x\xb8'),
                            bytearray(b'\x0f\x08\x05\x06\x02\x03\x03\x0f\x03\x05\x00\x00\x00\x00\x00\x00\x00\x00\x08\x00\x0c\x00\x0c\x0c\x06\x06\x01\x00\x00\x00\x00\x00'),
                            bytearray(b'\xcf\x00\xb3`c\xdf\x8f\x8f\x87\xc0VZ{u\x1e\x1eOp\x18\x1f ?P?Gx\xdee\x7fk\x1e\x1e'),
                            bytearray(b'\x01\xf1\x1e\x1aH\xb6s\xeb\xf7\xe7\xfe\xfe\x80\x80\x00\x00\xf0\xff\x1d\xe5\xc2\xc2\x9b\x9d\xe7\xf9\xfe\xfe\x80\x80\x00\x00'),
                            bytearray(b'\x000\x00\x00\x00\x00\x00\x00\x00\x00\x00\x00\x00\x00\x00\x00\xb0\xb0\x00\x00\x00\x00\x00\x00\x00\x00\x00\x00\x00\x00\x00\x00'),
                        ], is_16bit=False, y_plus=0, y_minus=0, x=0, y=0),
                    ]
                ),
                Mold(23, gridplane=True,
                    tiles=[
                        Tile(mirror=False, invert=False, format=2, length=13, subtile_bytes=[
                            bytearray(b'\x00\x00\x00\x00\x00\x00\x08\x00\x00\x00\x00\x00\x00\x01\x00\x01\x00\x00\x00\x00\x00\x00\x00\x00\x00\x00\x00\x00\x00\x00\x00\x00'),
                            bytearray(b"\x00\x03\x08\x0f\x19\x06\x10/\x17l\xfa\x05\xf6\t\xc78\x07\x00\x07\x00\'\x01\x0f\x00\x07\x03\n\x002\x00\x01\x00"),
                            bytearray(b'\x80\x00\x00\x80 \xe0|\x80|\x82\xfc\x02\xfa\x06\xff\x06\x80\x80\x80\x00\xd8\x00\x80\x00\x00\x00\x00\x00\x01\x00\x80\x00'),
                            bytearray(b'\x00\x00\x00\x00\x00\x00\x00\x00\x00\x00\x10\x00\x00\x00\x00\x00\x00\x00\x00\x00\x00\x00\x00\x00\x00\x00\x00\x00\x00\x00\x00\x00'),
                            bytearray(b'\x02\x03\t\r\x0c\x04\x10\x1f\x0c\x0b\x08\x07\x03\x01\x05\x03\x04\x00\x02\x00\x13\x00\x01\x03\x11\x01\x19\t\x1e\x03\x06\x03'),
                            bytearray(b'\x7f\xbc\xc3\xc3\xc0\xc0\xe7g\x7f\xbf\xbeX|\x13\x81\xf8<\x00C<@?\xa7\x98\xdc\xc0g\xe6o\xafA\xf6'),
                            bytearray(b'\xfd\x02\xfc\x03\xfa\x06\x0b\xfa\xf1\xf6\xc1\x9e>\xc3\xf6\x03\x00\x00\x00\x00\x01\x00\x04\x00\x0c\x04|\\\xf4\xc8\x04\xf8'),
                            bytearray(b'\x00\x00\x00\x00\x00\x00\x00\x00\x00\x80\xc0@@\xa0\xf0\x10\x80\x00\x80\x00\x80\x00\x80\x00\x00\x00\x00\x00\x00\x00\x00\x00'),
                            bytearray(b'\x00\x01\x00\x01\x02\x03\x02\x03\x01\x01\x00\x00\x00\x00\x00\x00\x01\x01\x01\x00\x03\x02\x03\x02\x01\x01\x00\x00\x00\x00\x00\x00'),
                            bytearray(b'@\xf8c\xbf\x0c\xd2?\xef\xfe\xff\x06\x07\x01\x01\x00\x00\x80\x9f\xc0A\xdf?\xef\x1e\xff\xfe\x07\x06\x01\x01\x00\x00'),
                            bytearray(b'\xb1:\x1c\xf3\x18\x06\xe0B\x14\xf1\x08\xe8\xf0\xf0\x00\x00\xc4p\x08\xf8\xf9\xe8\xe7\xba\xf5\t\xe8\x18\xf0\xf0\x00\x00'),
                            bytearray(b'\xf00@\xd0\x000\xa0\x80@\x80\x00\x00\x00\x00\x00\x00\x00\x000\x10\xf00`\x00\xc0\x80\x00\x00\x00\x00\x00\x00'),
                        ], is_16bit=False, y_plus=0, y_minus=0, x=0, y=0),
                    ]
                ),
                Mold(24, gridplane=True,
                    tiles=[
                        Tile(mirror=False, invert=False, format=2, length=13, subtile_bytes=[
                            bytearray(b'\x00\x00\x00\x00\x00\x00\x00\x00@\x00\x00\x00\x01\x00\x03\x02\x00\x00\x00\x00\x00\x00\x00\x00\x00\x00\x01\x00\x00\x00\x04\x00'),
                            bytearray(b'\x80\x03\x04\x03\x18\x1f>!{F\xf7\n\xc79\xbey\x03\x00\x07\x04\x07\x00G\x06\x03\x0b\x022\x01\x018\x00'),
                            bytearray(b'\x00\x80 \xc0\x00\xe0\x08\xf8t\x8c\xfa\x06\xf8\x86\xfa\x06\xc0\x00\xe0 \xf8\x00\x84\x00\x00\x00\x00\x00\x80\x80\x00\x00'),
                            bytearray(b'\x00\x00\x00\x00\x00\x00 \x00\x00\x00\x00\x00\x00\x00\x00\x00\x00\x00\x00\x00\x00\x00\x00\x00\x00\x00\x00\x00\x00\x00\x00\x00'),
                            bytearray(b'\x08\r\r\x05\x11\x1e\x0c\x0b\x08\x07\x02\x01\x05\x03\x01\x01\x02\x00\x12\x00\x01\x03\x11\x01\x19\t\x1f\x03\x06\x03\x00\x01'),
                            bytearray(b'X\xc0\x80\x80\x83\x83\x8f\x8fss\x9d\x11|\x03\x81\xf8X?\x80\x7f\x83|\x8fp\xff\x00n\x8co\xafA\xf6'),
                            bytearray(b'\xfa\x06{\x07\xf7\xce\xc9\xfa\xf1\xf6\x82\x9f>\xc3\xf1\n\x01\x00\x00\x80\xc0\x00\xc4\x00\x8c\x04|\x1c\xf4\xc8\x04\xf0'),
                            bytearray(b'\x00\x00\x00\x00\x00\x00\x00\x80\xc0@@\xa0\xf0\x10\xf00\x00\x00\x80\x00\x80\x00\x00\x00\x00\x00\x00\x00\x00\x00\x00\x00'),
                            bytearray(b'\x00\x01\x00\x01\x02\x03\x02\x03\x01\x01\x00\x00\x00\x00\x00\x00\x01\x01\x01\x00\x03\x02\x03\x02\x01\x01\x00\x00\x00\x00\x00\x00'),
                            bytearray(b'@\xf8c\xbf\x0c\xd2?\xef\xfe\xff\x06\x07\x01\x01\x00\x00\x80\x9f\xc0A\xdf?\xef\x1e\xff\xfe\x07\x06\x01\x01\x00\x00'),
                            bytearray(b'\xbc3\x18\xf6\x18\x02\xe4A\x14\xf0\x08\xe8\xf0\xf0\x00\x00\xc8x\t\xf8\xff\xe2\xe5\xb9\xf4\x08\xe8\x18\xf0\xf0\x00\x00'),
                            bytearray(b'@\xd0\x000\xa0\x80@\x80\x00\x00\x00\x00\x00\x00\x00\x000\x10\xf00`\x00\xc0\x80\x00\x00\x00\x00\x00\x00\x00\x00'),
                        ], is_16bit=False, y_plus=0, y_minus=0, x=0, y=0),
                    ]
                ),
                Mold(25, gridplane=True,
                    tiles=[
                        Tile(mirror=False, invert=False, format=2, length=13, subtile_bytes=[
                            bytearray(b'\x00\x00\x00\x00\x00\x00\x00\x00\x04\x00\x00\x00\x00\x00\x00\x00\x00\x00\x00\x00\x00\x00\x00\x00\x00\x00\x00\x00\x00\x00\x00\x00'),
                            bytearray(b"\x02\x01\x02\x01\x02\x01\x06\x05?8?0?0\'8\x03\x02\x03\x02\x03\x02\x01\x02\x00\x04$\x04 \x00 \x00"),
                            bytearray(b'\x00\xc0\x00\xc0\x18\xf8\x1e\xe2\x1e\xe0\xff\x00\xff\x00\xfe\x01\xc0\x00\xe0\x00\xe0\x00\xe0\x00\xe1\x00\x00\x00\x00\x00\x00\x00'),
                            bytearray(b'\x00\x00\x00\x00@\x00\x00\x00\x00\x00\x00\x00\x80\x80\x00\x80\x00\x00\x00\x00\x00\x00\x00\x00\x00\x00\x00\x00\x00\x00@\x00'),
                            bytearray(b'\x00\x00\x00\x00\x00\x00\x00\x00\x00\x00\x01\x01\x00\x01\x00\x03\x00\x00\x00\x00\x00\x00\x00\x00\x00\x00\x00\x00\x02\x00\x00\x00'),
                            bytearray(b'\xe7\xf8\x8d\xfe\xd7\xefnq\xf7\xf8\xfc\x7f\xceN,\x91`\x00\x00\x00\x00\x00\x00\x00\x00\x00\x00\x001\x00\x7f\x1d'),
                            bytearray(b'\xff\x01\xfd\x03\xcb\xf7\xf3\xff\xect1\xf0\xc1\xc6\x01\x1c\x00\x00\x00\x00\x00\x00\x00\x00\x03\x00\x0f\x00?\x06\xfd\x1e'),
                            bytearray(b'\x00\x80@\xc0`\xe0\xa0\x908\x08H\xf8`@\x80\xf0@\x00 \x00\x00\x00` \xc0\x00\x80\xc0\xb8\xe0x\xf0'),
                            bytearray(b'\x06\x01\x0f\x08\x05\x06\x02\x03\x03\x0f\x03\x05\x00\x00\x00\x00\x00\x00\x00\x00\x08\x00\x0c\x00\x0c\x0c\x06\x06\x01\x00\x00\x00'),
                            bytearray(b'\x8f\xc0\xf3 \xa3_O\xcf\x87\x80\x96\xda{u\x1e\x1eOpX_ ?\x10?G8^e\xffk\x1e\x1e'),
                            bytearray(b'\x01\xf1\x1e\x1aH\xb6s\xeb\xf7\xe7\xfe\xfe\x80\x80\x00\x00\xf0\xff\x1d\xe5\xc2\xc2\x9b\x9d\xe7\xf9\xfe\xfe\x80\x80\x00\x00'),
                            bytearray(b'@8\x000\x00\x00\x00\x00\x00\x00\x00\x00\x00\x00\x00\x00\xf8\xb800\x00\x00\x00\x00\x00\x00\x00\x00\x00\x00\x00\x00'),
                        ], is_16bit=False, y_plus=0, y_minus=0, x=0, y=0),
                    ]
                ),
                Mold(26, gridplane=True,
                    tiles=[
                        Tile(mirror=False, invert=False, format=2, length=13, subtile_bytes=[
                            bytearray(b'\x00\x00\x00\x00\x01\x00\x00\x00\x00\x00\x00\x00\x10\x00\x00\x00\x00\x00\x00\x00\x00\x00\x00\x00\x00\x00\x00\x00\x00\x00\x00\x00'),
                            bytearray(b'\x00\x00\x00\x00\x00\x00\x03\x01\x1b\x1c\x1f\x18\x1f\x18+$\x00\x00\x00\x00\x00\x00\x02\x02\x10\x01\x10\x02\x10\x020\x00'),
                            bytearray(b'\x80`\x00\xf0\x08\xf0\x06\xf8\x87x\x8fp\xf7\x18\xff\x00\xf0\x80\xf0\x00\xfc\x08y\x00x\x808\x08\x00\x00\x00\x00'),
                            bytearray(b'\x00\x00\x00\x00\x00\x00\x00\x00\x88\x80\x80\x00\xc0@\x80@\x00\x00\x00\x00\x00\x00\x00\x00\x00\x00\x00\x00\x00\x00\x00\x00'),
                            bytearray(b'\x00\x00\x00\x00\x00\x00\x00\x00\x01\x01\x00\x01\x00\x03\x06\x01\x00\x00\x00\x00\x00\x00\x00\x00\x00\x00\x02\x00\x00\x00\x00\x00'),
                            bytearray(b'\xe3\xfcE~6?\xdf\xd3\xd2}\xdc_\x0e\x9e\xac\xd1`\x00\x80\x00@\x00 \x00\x00\x00 \x00q\x10\x7f]'),
                            bytearray(b'\xff\x00\xff\x00<\xc3\xe1\xff\xfc\xfcy\xf8\xc1\xc6\x01\x1c\x00\x00\x00\x00\x00\x00\x00\x00\x03\x00\x07\x00?\x06\xfd\x1e'),
                            bytearray(b'@\xc0`\xe0@p8\x08H\xb8 \x00\x00\xf0\xc0\xb8 \x00\x00\x00\x80\x00\xc0\x00\xc0\xc0\xf8\xa0\xf8\xf0x\xb8'),
                            bytearray(b'\x0f\x08\x05\x06\x02\x03\x03\x0f\x03\x05\x00\x00\x00\x00\x00\x00\x00\x00\x08\x00\x0c\x00\x0c\x0c\x06\x06\x01\x00\x00\x00\x00\x00'),
                            bytearray(b'\xcf\x00\xb3`c\xdf\x8f\x8f\x87\xc0VZ{u\x1e\x1eOp\x18\x1f ?P?Gx\xdee\x7fk\x1e\x1e'),
                            bytearray(b'\x01\xf1\x1e\x1aH\xb6s\xeb\xf7\xe7\xfe\xfe\x80\x80\x00\x00\xf0\xff\x1d\xe5\xc2\xc2\x9b\x9d\xe7\xf9\xfe\xfe\x80\x80\x00\x00'),
                            bytearray(b'\x000\x00\x00\x00\x00\x00\x00\x00\x00\x00\x00\x00\x00\x00\x00\xb0\xb0\x00\x00\x00\x00\x00\x00\x00\x00\x00\x00\x00\x00\x00\x00'),
                        ], is_16bit=False, y_plus=0, y_minus=0, x=0, y=0),
                    ]
                ),
                Mold(27, gridplane=True,
                    tiles=[
                        Tile(mirror=False, invert=False, format=2, length=13, subtile_bytes=[
                            None,
                            bytearray(b'\x00\x0f\x10\x1f\x18\x1f\x08\x0f\x1e\x01\x1f ?@O0\x0f\x00\x1f\x00\x1f\x00\x17\x00!\x00\x00\x00\x00\x00\x80\x00'),
                            bytearray(b'\x00\x00\x80\x00 \xf0|\xc4\xfc\x80\xfd\x03\xfc\x03\xfb\x06\x00\x00\x80\x80\x88\x00\x80\x00\x03\x00\x00\x00\x00\x00\x00\x00'),
                            bytearray(b'\x00\x00\x00\x00\x00\x00\x00\x00\xa0\xc0p\x80\xf8\x88\x08x\x00\x00\x00\x00\x00\x00\x00\x00\x10\x00\x88\x80\x00\x00\x80\x00'),
                            bytearray(b'\x00L\x88\xfe\xe0\x9e`\x9e!\xbf\x10_\n.\x04\x1dp@\x02\x02\x03\x02\x81\x80\xc0\x80`@1 \x1b\x19'),
                            bytearray(b'\x87\xf8@\xbf\xbe\xc1\x1f\xe04\xfb\x7f\x7f\x1e\x9e,\x11\x00\x00\x00\x00\x00\x00\x00\x00\x00\x00\x80\x00\xe1\x80?\xdd'),
                            bytearray(b'\xf5\x0e\x13\xec\xbc\xc3\xfb\x07\x0c\xfc\xf9\xf8\xe1\xe6\x01\x1c\x00\x00\x00\x00\x00\x00\x00\x00\x03\x00\x07\x00\x1f\x06\xfd\x1e'),
                            bytearray(b'\x10\xb0 \xb0\x00P\x00@\x00\xe0\x00\x00\x00\x80\x80\x80H\x00P\x10\xf0P\xe0@\xe0\xe0\x80\x80\x80\x80\x00\x80'),
                            bytearray(b'\x00\x00\x00\x00\x01\x01\x02\x02\x02\x02\x02\x02\x01\x01\x00\x00\x00\x00\x00\x00\x01\x01\x02\x03\x02\x03\x02\x03\x01\x01\x00\x00'),
                            bytearray(b'O@\xf3`\xa3\xdf//\x0f\x01-5\xf7\xeb<<\x8f0\x98\x9f\xa0\xbf0\xff\x0f\xf1=\xcb\xff\xd7<<'),
                            bytearray(b'\x01\xf1\x1e\x1aI\xb7u\xed\xfb\xf3??\x00\x00\x00\x00\xf0\xff\x1d\xe5\xc3\xc3\x9d\x9e\xf3\xfc??\x00\x00\x00\x00'),
                            bytearray(b'\x00\x00\x00\x00\x00\x00\x80\x80\x80\x80\x00\x00\x00\x00\x00\x00\x80\x80\x00\x00\x00\x00\x80\x80\x80\x80\x00\x00\x00\x00\x00\x00'),
                        ], is_16bit=False, y_plus=0, y_minus=0, x=0, y=0),
                    ]
                ),
                Mold(28, gridplane=False,
                    tiles=[
                        Tile(mirror=False, invert=False, format=1, length=5, subtile_bytes=[
                            bytearray(b'\x00\x00\x00\x00\x00\x00\x00\x00\x00\x00\x00\x00\x00\x00\x00\x00\x80\x80\x00\x00\x00\x00\x00\x00\x00\x00\x00\x00\x00\x00\x00\x00'),
                            None,
                            None,
                            None,
                        ], is_16bit=False, y_plus=0, y_minus=0, x=136, y=125),
                        Tile(mirror=False, invert=False, format=1, length=7, subtile_bytes=[
                            bytearray(b'\xcf@\xf3`\xa3\xdfoo10\x07\x07\x0e\r\x07\x07\x8f\xb0\x98\x9f\xa0\xbfp\x7f1>\x07\x08\x0f\n\x07\x07'),
                            bytearray(b'\x01\xf1\x1e\x1aH\xb6p\xe8\xfc<\xb8\xb8\xe0`\x80\x80\xf0\xff\x1d\xe5\xc2\xc2\x98\x9c\xfc$\xb8x\xe0\xe0\x80\x80'),
                            None,
                            None,
                        ], is_16bit=False, y_plus=0, y_minus=0, x=120, y=125),
                        Tile(mirror=False, invert=False, format=0, length=7, subtile_bytes=[
                            bytearray(b'\x00\x00\x01\x01\x00\x01@\xe1\xf8\x88\xf8\x00\xf8\x05\xf8\x04\x00\x00\x00\x00\x00\x00\x10\x00\x01\x00\x05\x00\x01\x01\x03\x00'),
                            bytearray(b'\x00\x00`\x00\xe0\x90\x10\xf0\x90\xf0 \xf0@\xc0@\xe0\xe0\x00\x90\x00\x08\x00\x08\x00\x08\x00\x10\x10 \x00  '),
                            bytearray(b'\xf6\x0e\xeb\x1e+\xd6{\x87\xfc\x0c\x11\xf2\xe1\xe6\x01\x1c\x01\x00\x00\x00\x00\x00\x00\x00\x03\x00\x0f\x02\x1f\x06\xfd\x1e'),
                            bytearray(b'\x00\xa0\x00@\x00@\x00\x00\x00\x80\x00\x00\x00\x80\x80\x80` \xc0@\xc0@\x80\x00\x80\x80\x80\x80\x80\x80\x00\x80'),
                        ], is_16bit=False, y_plus=0, y_minus=0, x=128, y=109),
                        Tile(mirror=False, invert=False, format=0, length=7, subtile_bytes=[
                            bytearray(b'\x00\x00\x00\x00\x00\x00\x00\x00\x10\x18\x98\xf0\xe8\x94`\x1c\x00\x00\x00\x00\x00\x00\x00\x00`\x00\x06\x00\x02\x00\x82\x00'),
                            bytearray(b'\x00\x00\x00\x1e!>0?\x10\x1f=\x03?@\x7f\x80\x00\x00\x1e\x00?\x01?\x00/\x00B\x00\x00\x00\x00\x00'),
                            bytearray(b'`~\x11\x9f\x08o\x03\x13\x00\x04\x00\x01\x00\x00\x00\x00\x81\x00\xe0\x80p`\x1c\x10\x07\x04\x01\x01\x00\x00\x00\x00'),
                            bytearray(b'\x9f`\x0fp\x80\xff\xfd\x83\xbf\xc0hw\x1e\x9e,\xd1\x00\x00\x80\x00\x00\x00\x00\x00\x00\x00\x80\x00\xe1\x80\xff\xdd'),
                        ], is_16bit=False, y_plus=0, y_minus=0, x=112, y=109),
                    ]
                ),
                Mold(29, gridplane=False,
                    tiles=[
                        Tile(mirror=False, invert=False, format=1, length=7, subtile_bytes=[
                            bytearray(b'\x01\xf1\x1e\x1aI\xb7v\xee\xf9\xf9<<\x1f\x1f\x00\x00\xf0\xff\x1d\xe5\xc3\xc3\x9e\x9f\xf9\xfe<;\x1f\x1f\x00\x00'),
                            bytearray(b'\x00\x00@@\xa0\xa0\xa0\xe0\xe0\xe0\xc0\xc0\x00\x00\x00\x00\x80\x80@\xc0\xa0`\xe0 \xe0 \xc0\xc0\x00\x00\x00\x00'),
                            None,
                            None,
                        ], is_16bit=False, y_plus=0, y_minus=0, x=128, y=125),
                        Tile(mirror=False, invert=False, format=1, length=7, subtile_bytes=[
                            bytearray(b'\x00\x00\x07\x07\t\t\x08\x08\t\t\x05\x05\x03\x03\x00\x00\x00\x00\x07\x07\t\x0f\x08\x0f\t\x0e\x05\x06\x03\x03\x00\x00'),
                            bytearray(b'\xcf@\xf3`\xa3\xdf//\x0f\x03\xb6\xd6\xdc\xac\xf0\xf0\x8f\xb0\x98\x9f\xa0\xbf0\xff?\xf3\xf6.\xfc\\\xf0\xf0'),
                            None,
                            None,
                        ], is_16bit=False, y_plus=0, y_minus=0, x=112, y=125),
                        Tile(mirror=False, invert=False, format=0, length=7, subtile_bytes=[
                            bytearray(b'\x00\x00\x01\x01\x00\x01@\xe1\xf8\x88\xf8\x00\xf8\x05\xf8\x04\x00\x00\x00\x00\x00\x00\x10\x00\x01\x00\x05\x00\x01\x01\x03\x00'),
                            bytearray(b'\x00\x00`\x00\xe0\x90\x10\xf0\x90\xf0 \xf0@\xc0@\xe0\xe0\x00\x90\x00\x08\x00\x08\x00\x08\x00\x10\x10 \x00  '),
                            bytearray(b'\xf6\x0e\xeb\x1e+\xd6{\x87\xfc\x0c\x11\xf2\xe1\xe6\x01\x1c\x01\x00\x00\x00\x00\x00\x00\x00\x03\x00\x0f\x02\x1f\x06\xfd\x1e'),
                            bytearray(b'\x00\xa0\x00@\x00@\x00\x00\x00\x80\x00\x00\x00\x80\x80\x80` \xc0@\xc0@\x80\x00\x80\x80\x80\x80\x80\x80\x00\x80'),
                        ], is_16bit=False, y_plus=0, y_minus=0, x=128, y=109),
                        Tile(mirror=False, invert=False, format=0, length=7, subtile_bytes=[
                            bytearray(b'\x00\x00\x00\x00\x00\x00\x00\x00\x10\x18\x98\xf0\xe8\x94`\x1c\x00\x00\x00\x00\x00\x00\x00\x00`\x00\x06\x00\x02\x00\x82\x00'),
                            bytearray(b'\x00\x00\x00\x1e!>0?\x10\x1f=\x03?@\x7f\x80\x00\x00\x1e\x00?\x01?\x00/\x00B\x00\x00\x00\x00\x00'),
                            bytearray(b'`~\x11\x9f\x08o\x03\x13\x00\x04\x00\x01\x00\x00\x00\x00\x81\x00\xe0\x80p`\x1c\x10\x07\x04\x01\x01\x00\x00\x00\x00'),
                            bytearray(b'\x9f`\x0fp\x80\xff\xfd\x83\xbf\xc0hw\x1e\x9e,\xd1\x00\x00\x80\x00\x00\x00\x00\x00\x00\x00\x80\x00\xe1\x80\xff\xdd'),
                        ], is_16bit=False, y_plus=0, y_minus=0, x=112, y=109),
                    ]
                ),
                Mold(30, gridplane=True,
                    tiles=[
                        Tile(mirror=False, invert=False, format=2, length=13, subtile_bytes=[
                            bytearray(b'\x00\x00\x00\x00\x00\x00\x00\x00\x10\x18\x98\xf0\xe8\x94`\x1c\x00\x00\x00\x00\x00\x00\x00\x00`\x00\x06\x00\x02\x00\x82\x00'),
                            bytearray(b'\x00\x00\x00\x1e!>0?\x10\x1f=\x03?@\x7f\x80\x00\x00\x1e\x00?\x01?\x00/\x00B\x00\x00\x00\x00\x00'),
                            bytearray(b'\x00\x00\x01\x01\x00\x01@\xe1\xf8\x88\xf8\x00\xf8\x05\xf8\x04\x00\x00\x00\x00\x00\x00\x10\x00\x01\x00\x05\x00\x01\x01\x03\x00'),
                            bytearray(b'\x00\x00`\x00\xe0\x90\x10\xf0\x90\xf0 \xf0@\xc0@\xe0\xe0\x00\x90\x00\x08\x00\x08\x00\x08\x00\x10\x10 \x00  '),
                            bytearray(b'`~\x11\x9f\x08o\x03\x13\x00\x04\x00\x01\x00\x00\x00\x00\x81\x00\xe0\x80p`\x1c\x10\x07\x04\x01\x01\x00\x00\x00\x00'),
                            bytearray(b'\x9f`\x0fp\x80\xff\xfd\x83\xbf\xc0hw\x1e\x9e,\xd1\x00\x00\x80\x00\x00\x00\x00\x00\x00\x00\x80\x00\xe1\x80\xff\xdd'),
                            bytearray(b'\xf6\x0e\xeb\x1e+\xd6{\x87\xfc\x0c\x11\xf2\xe1\xe6\x01\x1c\x01\x00\x00\x00\x00\x00\x00\x00\x03\x00\x0f\x02\x1f\x06\xfd\x1e'),
                            bytearray(b'\x00\xa0\x00@\x00@\x00\x00\x00\x80\x00\x00\x00\x80\x80\x80` \xc0@\xc0@\x80\x00\x80\x80\x80\x80\x80\x80\x00\x80'),
                            bytearray(b'\x00\x00\x00\x00\x01\x01\x02\x02\x02\x02\x02\x02\x01\x01\x00\x00\x00\x00\x00\x00\x01\x01\x02\x03\x02\x03\x02\x03\x01\x01\x00\x00'),
                            bytearray(b'O@\xf3`\xa3\xdf//\x0f\x01-5\xf7\xeb<<\x8f0\x98\x9f\xa0\xbf0\xff\x0f\xf1=\xcb\xff\xd7<<'),
                            bytearray(b'\x01\xf1\x1e\x1aI\xb7u\xed\xfb\xf3??\x00\x00\x00\x00\xf0\xff\x1d\xe5\xc3\xc3\x9d\x9e\xf3\xfc??\x00\x00\x00\x00'),
                            bytearray(b'\x00\x00\x00\x00\x00\x00\x80\x80\x80\x80\x00\x00\x00\x00\x00\x00\x80\x80\x00\x00\x00\x00\x80\x80\x80\x80\x00\x00\x00\x00\x00\x00'),
                        ], is_16bit=False, y_plus=0, y_minus=0, x=0, y=0),
                    ]
                ),
            ],
            sequences=[
                AnimationSequence(
                    frames=[
                        AnimationSequenceFrame(duration=4, mold_id=0),
                        AnimationSequenceFrame(duration=4, mold_id=1),
                        AnimationSequenceFrame(duration=2, mold_id=2),
                        AnimationSequenceFrame(duration=2, mold_id=3),
                        AnimationSequenceFrame(duration=6, mold_id=4),
                        AnimationSequenceFrame(duration=2, mold_id=5),
                        AnimationSequenceFrame(duration=2, mold_id=6),
                        AnimationSequenceFrame(duration=2, mold_id=7),
                        AnimationSequenceFrame(duration=4, mold_id=8),
                        AnimationSequenceFrame(duration=4, mold_id=9),
                        AnimationSequenceFrame(duration=4, mold_id=10),
                    ]
                ),
                AnimationSequence(
                    frames=[
                        AnimationSequenceFrame(duration=2, mold_id=2),
                        AnimationSequenceFrame(duration=2, mold_id=3),
                        AnimationSequenceFrame(duration=6, mold_id=4),
                        AnimationSequenceFrame(duration=2, mold_id=5),
                        AnimationSequenceFrame(duration=2, mold_id=6),
                        AnimationSequenceFrame(duration=2, mold_id=7),
                        AnimationSequenceFrame(duration=4, mold_id=8),
                        AnimationSequenceFrame(duration=4, mold_id=9),
                        AnimationSequenceFrame(duration=4, mold_id=10),
                    ]
                ),
                AnimationSequence(
                    frames=[
                        AnimationSequenceFrame(duration=2, mold_id=11),
                        AnimationSequenceFrame(duration=2, mold_id=12),
                        AnimationSequenceFrame(duration=8, mold_id=13),
                        AnimationSequenceFrame(duration=2, mold_id=14),
                        AnimationSequenceFrame(duration=2, mold_id=15),
                        AnimationSequenceFrame(duration=2, mold_id=16),
                        AnimationSequenceFrame(duration=2, mold_id=15),
                        AnimationSequenceFrame(duration=2, mold_id=16),
                        AnimationSequenceFrame(duration=2, mold_id=15),
                        AnimationSequenceFrame(duration=2, mold_id=16),
                        AnimationSequenceFrame(duration=2, mold_id=15),
                        AnimationSequenceFrame(duration=2, mold_id=16),
                    ]
                ),
                AnimationSequence(
                    frames=[
                        AnimationSequenceFrame(duration=2, mold_id=14),
                        AnimationSequenceFrame(duration=2, mold_id=13),
                        AnimationSequenceFrame(duration=2, mold_id=17),
                        AnimationSequenceFrame(duration=2, mold_id=18),
                        AnimationSequenceFrame(duration=2, mold_id=17),
                        AnimationSequenceFrame(duration=2, mold_id=18),
                        AnimationSequenceFrame(duration=2, mold_id=17),
                        AnimationSequenceFrame(duration=2, mold_id=18),
                        AnimationSequenceFrame(duration=2, mold_id=17),
                        AnimationSequenceFrame(duration=2, mold_id=18),
                    ]
                ),
                AnimationSequence(
                    frames=[
                        AnimationSequenceFrame(duration=8, mold_id=19),
                        AnimationSequenceFrame(duration=8, mold_id=20),
                    ]
                ),
                AnimationSequence(
                    frames=[
                        AnimationSequenceFrame(duration=8, mold_id=21),
                        AnimationSequenceFrame(duration=8, mold_id=22),
                    ]
                ),
                AnimationSequence(
                    frames=[
                        AnimationSequenceFrame(duration=8, mold_id=23),
                        AnimationSequenceFrame(duration=8, mold_id=24),
                    ]
                ),
                AnimationSequence(
                    frames=[
                        AnimationSequenceFrame(duration=8, mold_id=25),
                        AnimationSequenceFrame(duration=8, mold_id=26),
                    ]
                ),
                AnimationSequence(
                    frames=[
                        AnimationSequenceFrame(duration=8, mold_id=27),
                        AnimationSequenceFrame(duration=8, mold_id=28),
                        AnimationSequenceFrame(duration=8, mold_id=27),
                        AnimationSequenceFrame(duration=8, mold_id=29),
                    ]
                ),
            ]
        )
    ),
    palette_id=SPAL702_MALLOW_PUNCH,
    palette_offset=0,
    unknown_num=0
)
